{"sequenceList": [{"recordingName": "HI_S3_P_0.mp3", "isCorrect": false, "que_text": "नीतू के घर में गाय है। उसका रंग सफ़ेद है। गाय हरी घास खाती है। वह बहुत दूध देती है।", "noOfMistakes": "200", "que_id": "HI_S3_P_0"}, {"recordingName": "HI_S3_WD_0.mp3", "isCorrect": false, "que_text": "नाक", "noOfMistakes": "3", "que_id": "HI_S3_WD_0"}, {"recordingName": "HI_S3_WD_4.mp3", "isCorrect": false, "que_text": "मैना", "noOfMistakes": "3", "que_id": "HI_S3_WD_4"}, {"recordingName": "HI_S3_WD_8.mp3", "isCorrect": false, "que_text": "माला", "noOfMistakes": "3", "que_id": "HI_S3_WD_8"}, {"recordingName": "HI_S3_WD_7.mp3", "isCorrect": true, "que_text": "पीला", "noOfMistakes": "3", "que_id": "HI_S3_WD_7"}, {"recordingName": "HI_S3_WD_9.mp3", "isCorrect": true, "que_text": "दिन", "noOfMistakes": "3", "que_id": "HI_S3_WD_9"}, {"recordingName": "HI_S3_L_0.mp3", "isCorrect": true, "que_text": "द", "noOfMistakes": "0", "que_id": "HI_S3_L_0"}, {"recordingName": "HI_S3_L_4.mp3", "isCorrect": true, "que_text": "ल", "noOfMistakes": "0", "que_id": "HI_S3_L_4"}, {"recordingName": "HI_S3_L_7.mp3", "isCorrect": true, "que_text": "त", "noOfMistakes": "0", "que_id": "HI_S3_L_7"}, {"recordingName": "HI_S3_L_6.mp3", "isCorrect": true, "que_text": "ह", "noOfMistakes": "0", "que_id": "HI_S3_L_6"}, {"recordingName": "HI_S3_L_8.mp3", "isCorrect": true, "que_text": "म", "noOfMistakes": "0", "que_id": "HI_S3_L_8"}, {"answer": "12", "isCorrect": false, "que_text": "56 - 29", "noOfMistakes": "2", "que_id": "HI_S3_SB_0"}, {"answer": "71", "isCorrect": false, "que_text": "93 - 76", "noOfMistakes": "2", "que_id": "HI_S3_SB_4"}, {"recordingName": "HI_S3_DD_0.mp3", "isCorrect": true, "que_text": "52", "noOfMistakes": "4", "que_id": "HI_S3_DD_0"}, {"recordingName": "HI_S3_DD_3.mp3", "isCorrect": false, "que_text": "27", "noOfMistakes": "4", "que_id": "HI_S3_DD_3"}, {"recordingName": "HI_S3_DD_2.mp3", "isCorrect": false, "que_text": "37", "noOfMistakes": "4", "que_id": "HI_S3_DD_2"}, {"recordingName": "HI_S3_DD_6.mp3", "isCorrect": false, "que_text": "91", "noOfMistakes": "4", "que_id": "HI_S3_DD_6"}, {"recordingName": "HI_S3_DD_8.mp3", "isCorrect": false, "que_text": "36", "noOfMistakes": "4", "que_id": "HI_S3_DD_8"}, {"recordingName": "HI_S3_SD_0.mp3", "isCorrect": true, "que_text": "1", "noOfMistakes": "0", "que_id": "HI_S3_SD_0"}, {"recordingName": "HI_S3_SD_4.mp3", "isCorrect": true, "que_text": "6", "noOfMistakes": "0", "que_id": "HI_S3_SD_4"}, {"recordingName": "HI_S3_SD_1.mp3", "isCorrect": true, "que_text": "4", "noOfMistakes": "0", "que_id": "HI_S3_SD_1"}, {"recordingName": "HI_S3_SD_3.mp3", "isCorrect": true, "que_text": "3", "noOfMistakes": "0", "que_id": "HI_S3_SD_3"}, {"recordingName": "HI_S3_SD_7.mp3", "isCorrect": true, "que_text": "2", "noOfMistakes": "0", "que_id": "HI_S3_SD_7"}, {"recordingName": "HI_S3_CL_1.mp3", "isCorrect": true, "que_text": "K", "noOfMistakes": "0", "que_id": "HI_S3_CL_1"}, {"recordingName": "HI_S3_CL_4.mp3", "isCorrect": true, "que_text": "F", "noOfMistakes": "0", "que_id": "HI_S3_CL_4"}, {"recordingName": "HI_S3_CL_7.mp3", "isCorrect": true, "que_text": "Z", "noOfMistakes": "0", "que_id": "HI_S3_CL_7"}, {"recordingName": "HI_S3_CL_5.mp3", "isCorrect": true, "que_text": "W", "noOfMistakes": "0", "que_id": "HI_S3_CL_5"}, {"recordingName": "HI_S3_CL_3.mp3", "isCorrect": true, "que_text": "Q", "noOfMistakes": "0", "que_id": "HI_S3_CL_3"}, {"recordingName": "HI_S3_SL_3.mp3", "isCorrect": false, "que_text": "v", "noOfMistakes": "4", "que_id": "HI_S3_SL_3"}, {"recordingName": "HI_S3_SL_4.mp3", "isCorrect": true, "que_text": "e", "noOfMistakes": "4", "que_id": "HI_S3_SL_4"}, {"recordingName": "HI_S3_SL_5.mp3", "isCorrect": false, "que_text": "j", "noOfMistakes": "4", "que_id": "HI_S3_SL_5"}, {"recordingName": "HI_S3_SL_1.mp3", "isCorrect": false, "que_text": "p", "noOfMistakes": "4", "que_id": "HI_S3_SL_1"}, {"recordingName": "HI_S3_SL_2.mp3", "isCorrect": false, "que_text": "g", "noOfMistakes": "4", "que_id": "HI_S3_SL_2"}, {"recordingName": "HI_S3_W_3.mp3", "isCorrect": false, "que_text": "run", "noOfMistakes": "5", "que_id": "HI_S3_W_3"}, {"recordingName": "HI_S3_W_4.mp3", "isCorrect": false, "que_text": "fox", "noOfMistakes": "5", "que_id": "HI_S3_W_4"}, {"recordingName": "HI_S3_W_0.mp3", "isCorrect": false, "que_text": "hen", "noOfMistakes": "5", "que_id": "HI_S3_W_0"}, {"recordingName": "HI_S3_W_1.mp3", "isCorrect": false, "que_text": "old", "noOfMistakes": "5", "que_id": "HI_S3_W_1"}, {"recordingName": "HI_S3_W_2.mp3", "isCorrect": false, "que_text": "sit", "noOfMistakes": "5", "que_id": "HI_S3_W_2"}, {"recordingName": "HI_S3_S_0.mp3", "isCorrect": false, "que_text": "Where is your house?", "noOfMistakes": "200", "que_id": "HI_S3_S_0"}, {"recordingName": "HI_S3_S_1.mp3", "isCorrect": false, "que_text": "This is a big bus.", "noOfMistakes": "200", "que_id": "HI_S3_S_1"}, {"recordingName": "HI_S3_S_2.mp3", "isCorrect": false, "que_text": "I like to sing.", "noOfMistakes": "200", "que_id": "HI_S3_S_2"}, {"recordingName": "HI_S3_S_3.mp3", "isCorrect": false, "que_text": "I have a fat cat.", "noOfMistakes": "200", "que_id": "HI_S3_S_3"}], "englishProficiency": "Capital letter", "studClass": "2", "date": "Thu Sep 12 03:06:03 IST 2019", "mathematicsProficiency": "Single digit", "deviceID": "fb4cf2e5ef294f49", "ageGroup": "5-7 years", "nativeProficiency": "Letter"}