{"sequenceList": [{"recordingName": "MR_S3_P_0.mp3", "isCorrect": false, "que_text": "फुगेवाला आला. लाल, निळे, फुगे आणले. मुलांनी फुगे घेतले. हातातून ते सुटून गेले.", "noOfMistakes": "200", "que_id": "MR_S3_P_0"}, {"recordingName": "MR_S3_WD_1.mp3", "isCorrect": true, "que_text": "लाल", "noOfMistakes": "0", "que_id": "MR_S3_WD_1"}, {"recordingName": "MR_S3_WD_5.mp3", "isCorrect": true, "que_text": "दिवस", "noOfMistakes": "0", "que_id": "MR_S3_WD_5"}, {"recordingName": "MR_S3_WD_6.mp3", "isCorrect": true, "que_text": "गारा", "noOfMistakes": "0", "que_id": "MR_S3_WD_6"}, {"recordingName": "MR_S3_WD_8.mp3", "isCorrect": true, "que_text": "विमान", "noOfMistakes": "0", "que_id": "MR_S3_WD_8"}, {"recordingName": "MR_S3_WD_7.mp3", "isCorrect": true, "que_text": "जोर", "noOfMistakes": "0", "que_id": "MR_S3_WD_7"}, {"answer": "-", "isCorrect": false, "que_text": "25 - 17", "noOfMistakes": "1", "que_id": "MR_S3_SB_3"}, {"recordingName": "MR_S3_DD_1.mp3", "isCorrect": true, "que_text": "83", "noOfMistakes": "0", "que_id": "MR_S3_DD_1"}, {"recordingName": "MR_S3_DD_3.mp3", "isCorrect": true, "que_text": "27", "noOfMistakes": "0", "que_id": "MR_S3_DD_3"}, {"recordingName": "MR_S3_DD_4.mp3", "isCorrect": true, "que_text": "55", "noOfMistakes": "0", "que_id": "MR_S3_DD_4"}, {"recordingName": "MR_S3_DD_5.mp3", "isCorrect": true, "que_text": "28", "noOfMistakes": "0", "que_id": "MR_S3_DD_5"}, {"recordingName": "MR_S3_DD_2.mp3", "isCorrect": true, "que_text": "37", "noOfMistakes": "0", "que_id": "MR_S3_DD_2"}, {"recordingName": "MR_S3_CL_1.mp3", "isCorrect": true, "que_text": "K", "noOfMistakes": "0", "que_id": "MR_S3_CL_1"}, {"recordingName": "MR_S3_CL_5.mp3", "isCorrect": true, "que_text": "W", "noOfMistakes": "0", "que_id": "MR_S3_CL_5"}, {"recordingName": "MR_S3_CL_3.mp3", "isCorrect": true, "que_text": "Q", "noOfMistakes": "0", "que_id": "MR_S3_CL_3"}, {"recordingName": "MR_S3_CL_4.mp3", "isCorrect": true, "que_text": "F", "noOfMistakes": "0", "que_id": "MR_S3_CL_4"}, {"recordingName": "MR_S3_CL_7.mp3", "isCorrect": true, "que_text": "P", "noOfMistakes": "0", "que_id": "MR_S3_CL_7"}, {"recordingName": "MR_S3_SL_1.mp3", "isCorrect": true, "que_text": "p", "noOfMistakes": "0", "que_id": "MR_S3_SL_1"}, {"recordingName": "MR_S3_SL_2.mp3", "isCorrect": true, "que_text": "g", "noOfMistakes": "0", "que_id": "MR_S3_SL_2"}, {"recordingName": "MR_S3_SL_3.mp3", "isCorrect": true, "que_text": "v", "noOfMistakes": "0", "que_id": "MR_S3_SL_3"}, {"recordingName": "MR_S3_SL_5.mp3", "isCorrect": true, "que_text": "j", "noOfMistakes": "0", "que_id": "MR_S3_SL_5"}, {"recordingName": "MR_S3_SL_4.mp3", "isCorrect": true, "que_text": "e", "noOfMistakes": "0", "que_id": "MR_S3_SL_4"}, {"recordingName": "MR_S3_W_1.mp3", "isCorrect": true, "que_text": "old", "noOfMistakes": "3", "que_id": "MR_S3_W_1"}, {"recordingName": "MR_S3_W_2.mp3", "isCorrect": false, "que_text": "sit", "noOfMistakes": "3", "que_id": "MR_S3_W_2"}, {"recordingName": "MR_S3_W_3.mp3", "isCorrect": true, "que_text": "run", "noOfMistakes": "3", "que_id": "MR_S3_W_3"}, {"recordingName": "MR_S3_W_4.mp3", "isCorrect": false, "que_text": "rat", "noOfMistakes": "3", "que_id": "MR_S3_W_4"}, {"recordingName": "MR_S3_W_5.mp3", "isCorrect": false, "que_text": "bag", "noOfMistakes": "3", "que_id": "MR_S3_W_5"}], "englishProficiency": "Small letter", "studClass": "5", "date": "Wed Jul 17 17:40:39 GMT+05:30 2019", "mathematicsProficiency": "Double digit", "deviceID": "3ebaa9d14abd9a0f", "ageGroup": "10-12 years", "nativeProficiency": "Word"}