{"englishProficiency": "Beginner", "sequenceList": [{"que_text": " राधा के पास एक तोता है। उसकी चोंच लाल है। वह बहुत बोलता है। सब को हँसाता है।", "noOfMistakes": "0", "que_id": "HI_S1_P_0", "isCorrect": true, "recordingName": "HI_S1_P_0.mp3"}, {"que_text": "E", "noOfMistakes": "2", "que_id": "HI_S1_CL_4", "isCorrect": true, "recordingName": "HI_S1_CL_4.mp3"}, {"que_text": "O", "noOfMistakes": "2", "que_id": "HI_S1_CL_7", "isCorrect": true, "recordingName": "HI_S1_CL_7.mp3"}, {"que_text": "N", "noOfMistakes": "2", "que_id": "HI_S1_CL_6", "isCorrect": true, "recordingName": "HI_S1_CL_6.mp3"}, {"que_text": "R", "noOfMistakes": "2", "que_id": "HI_S1_CL_3", "isCorrect": false, "recordingName": "HI_S1_CL_3.mp3"}, {"que_text": "Y", "noOfMistakes": "2", "que_id": "HI_S1_CL_5", "isCorrect": false, "recordingName": "HI_S1_CL_5.mp3"}], "deviceID": "86077745e74e06a7", "ageGroup": "12-15 years", "studClass": "7", "nativeProficiency": "Story", "date": "Fri Sep 06 14:53:39 IST 2019"}