{"englishProficiency": "Capital letter", "sequenceList": [{"que_text": "रूपा बाहर खेल रही थी। खेलते-खेलते रात हो गई। वह अपने घर चली गई। रूपा खाना खाकर सो गई।", "noOfMistakes": "200", "que_id": "HI_S4_P_1", "isCorrect": false, "recordingName": "HI_S4_P_1.mp3"}, {"que_text": "आग", "noOfMistakes": "5", "que_id": "HI_S4_WD_0", "isCorrect": false, "recordingName": "HI_S4_WD_0.mp3"}, {"que_text": "चौकी", "noOfMistakes": "5", "que_id": "HI_S4_WD_5", "isCorrect": false, "recordingName": "HI_S4_WD_5.mp3"}, {"que_text": "ताला", "noOfMistakes": "5", "que_id": "HI_S4_WD_2", "isCorrect": false, "recordingName": "HI_S4_WD_2.mp3"}, {"que_text": "पानी", "noOfMistakes": "5", "que_id": "HI_S4_WD_4", "isCorrect": false, "recordingName": "HI_S4_WD_4.mp3"}, {"que_text": "सोच", "noOfMistakes": "5", "que_id": "HI_S4_WD_1", "isCorrect": false, "recordingName": "HI_S4_WD_1.mp3"}, {"que_text": "स", "noOfMistakes": "0", "que_id": "HI_S4_L_4", "isCorrect": true, "recordingName": "HI_S4_L_4.mp3"}, {"que_text": "म", "noOfMistakes": "0", "que_id": "HI_S4_L_2", "isCorrect": true, "recordingName": "HI_S4_L_2.mp3"}, {"que_text": "प", "noOfMistakes": "0", "que_id": "HI_S4_L_5", "isCorrect": true, "recordingName": "HI_S4_L_5.mp3"}, {"que_text": "र", "noOfMistakes": "0", "que_id": "HI_S4_L_1", "isCorrect": true, "recordingName": "HI_S4_L_1.mp3"}, {"que_text": "न", "noOfMistakes": "0", "que_id": "HI_S4_L_0", "isCorrect": true, "recordingName": "HI_S4_L_0.mp3"}, {"que_text": "L", "noOfMistakes": "0", "que_id": "HI_S4_CL_1", "isCorrect": true, "recordingName": "HI_S4_CL_1.mp3"}, {"que_text": "X", "noOfMistakes": "0", "que_id": "HI_S4_CL_5", "isCorrect": true, "recordingName": "HI_S4_CL_5.mp3"}, {"que_text": "T", "noOfMistakes": "0", "que_id": "HI_S4_CL_2", "isCorrect": true, "recordingName": "HI_S4_CL_2.mp3"}, {"que_text": "G", "noOfMistakes": "0", "que_id": "HI_S4_CL_4", "isCorrect": true, "recordingName": "HI_S4_CL_4.mp3"}, {"que_text": "N", "noOfMistakes": "0", "que_id": "HI_S4_CL_7", "isCorrect": true, "recordingName": "HI_S4_CL_7.mp3"}, {"que_text": "v", "noOfMistakes": "2", "que_id": "HI_S4_SL_4", "isCorrect": false, "recordingName": "HI_S4_SL_4.mp3"}, {"que_text": "i", "noOfMistakes": "2", "que_id": "HI_S4_SL_2", "isCorrect": true, "recordingName": "HI_S4_SL_2.mp3"}, {"que_text": "f", "noOfMistakes": "2", "que_id": "HI_S4_SL_1", "isCorrect": false, "recordingName": "HI_S4_SL_1.mp3"}, {"que_text": "m", "noOfMistakes": "2", "que_id": "HI_S4_SL_5", "isCorrect": true, "recordingName": "HI_S4_SL_5.mp3"}, {"que_text": "h", "noOfMistakes": "2", "que_id": "HI_S4_SL_7", "isCorrect": true, "recordingName": "HI_S4_SL_7.mp3"}], "deviceID": "7befc90f7d41bc35", "ageGroup": "5-7 years", "studClass": "2", "nativeProficiency": "Letter", "date": "Fri Sep 13 02:28:45 IST 2019"}