{"sequenceList": [{"recordingName": "HI_S4_L_0.mp3", "isCorrect": false, "que_text": "न", "noOfMistakes": "1", "que_id": "HI_S4_L_0"}, {"recordingName": "HI_S4_SD_0.mp3", "isCorrect": true, "que_text": "5", "noOfMistakes": "1", "que_id": "HI_S4_SD_0"}, {"recordingName": "HI_S4_SD_1.mp3", "isCorrect": false, "que_text": "7", "noOfMistakes": "1", "que_id": "HI_S4_SD_1"}], "englishProficiency": "Beginner", "studClass": "1", "date": "Mon Sep 09 16:23:58 IST 2019", "mathematicsProficiency": "Beginner", "deviceID": "948c48ee5598827a", "ageGroup": "less than 5 years", "nativeProficiency": "Beginner"}