{"sequenceList": [{"recordingName": "MR_S2_WD_1.mp3", "isCorrect": false, "que_text": "पतंग", "noOfMistakes": "2", "que_id": "MR_S2_WD_1"}, {"recordingName": "MR_S2_WD_5.mp3", "isCorrect": true, "que_text": "भाजी", "noOfMistakes": "2", "que_id": "MR_S2_WD_5"}, {"recordingName": "MR_S2_WD_6.mp3", "isCorrect": false, "que_text": "विहीर", "noOfMistakes": "2", "que_id": "MR_S2_WD_6"}, {"recordingName": "MH_S2_L_0.mp3", "isCorrect": true, "que_text": "ड", "noOfMistakes": "0", "que_id": "MH_S2_L_0"}, {"recordingName": "MH_S2_L_7.mp3", "isCorrect": true, "que_text": "छ", "noOfMistakes": "0", "que_id": "MH_S2_L_7"}, {"recordingName": "MH_S2_L_6.mp3", "isCorrect": true, "que_text": "व", "noOfMistakes": "0", "que_id": "MH_S2_L_6"}, {"recordingName": "MH_S2_L_8.mp3", "isCorrect": true, "que_text": "ल", "noOfMistakes": "0", "que_id": "MH_S2_L_8"}, {"recordingName": "MH_S2_L_4.mp3", "isCorrect": true, "que_text": "स", "noOfMistakes": "0", "que_id": "MH_S2_L_4"}, {"recordingName": "MR_S2_DD_1.mp3", "isCorrect": false, "que_text": "58", "noOfMistakes": "1", "que_id": "MR_S2_DD_1"}, {"recordingName": "MR_S2_SD_3.mp3", "isCorrect": false, "que_text": "5", "noOfMistakes": "2", "que_id": "MR_S2_SD_3"}, {"recordingName": "MR_S2_SD_7.mp3", "isCorrect": false, "que_text": "1", "noOfMistakes": "2", "que_id": "MR_S2_SD_7"}, {"recordingName": "MR_S2_CL_4.mp3", "isCorrect": false, "que_text": "V", "noOfMistakes": "2", "que_id": "MR_S2_CL_4"}, {"recordingName": "MR_S2_CL_3.mp3", "isCorrect": false, "que_text": "L", "noOfMistakes": "2", "que_id": "MR_S2_CL_3"}], "englishProficiency": "Beginner", "studClass": "2", "date": "Wed Aug 07 13:04:14 GMT+05:30 2019", "mathematicsProficiency": "Beginner", "deviceID": "3ebaa9d14abd9a0f", "ageGroup": "7-10 years", "nativeProficiency": "Beginner"}