{"englishProficiency": "Beginner", "sequenceList": [{"que_text": "पतंग", "noOfMistakes": "2", "que_id": "MR_S2_WD_1", "isCorrect": false, "recordingName": "MR_S2_WD_1.mp3"}, {"que_text": "भाजी", "noOfMistakes": "2", "que_id": "MR_S2_WD_5", "isCorrect": true, "recordingName": "MR_S2_WD_5.mp3"}, {"que_text": "विहीर", "noOfMistakes": "2", "que_id": "MR_S2_WD_6", "isCorrect": false, "recordingName": "MR_S2_WD_6.mp3"}, {"que_text": "ड", "noOfMistakes": "0", "que_id": "MH_S2_L_0", "isCorrect": true, "recordingName": "MH_S2_L_0.mp3"}, {"que_text": "छ", "noOfMistakes": "0", "que_id": "MH_S2_L_7", "isCorrect": true, "recordingName": "MH_S2_L_7.mp3"}, {"que_text": "व", "noOfMistakes": "0", "que_id": "MH_S2_L_6", "isCorrect": true, "recordingName": "MH_S2_L_6.mp3"}, {"que_text": "ल", "noOfMistakes": "0", "que_id": "MH_S2_L_8", "isCorrect": true, "recordingName": "MH_S2_L_8.mp3"}, {"que_text": "स", "noOfMistakes": "0", "que_id": "MH_S2_L_4", "isCorrect": true, "recordingName": "MH_S2_L_4.mp3"}, {"que_text": "V", "noOfMistakes": "2", "que_id": "MR_S2_CL_4", "isCorrect": false, "recordingName": "MR_S2_CL_4.mp3"}, {"que_text": "L", "noOfMistakes": "2", "que_id": "MR_S2_CL_3", "isCorrect": false, "recordingName": "MR_S2_CL_3.mp3"}], "deviceID": "3ebaa9d14abd9a0f", "ageGroup": "7-10 years", "studClass": "2", "nativeProficiency": "Beginner", "date": "Wed Aug 07 13:04:14 GMT+05:30 2019"}