{"sequenceList": [{"recordingName": "MR_S4_P_1.mp3", "isCorrect": false, "que_text": "आज रविवार आहे. शाळेला रजा आहे. सगळे मिळून खेळूया. आज खेळायचा दिवस आहे.", "noOfMistakes": "4", "que_id": "MR_S4_P_1"}, {"recordingName": "MR_S4_WD_4.mp3", "isCorrect": true, "que_text": "विमान", "noOfMistakes": "0", "que_id": "MR_S4_WD_4"}, {"recordingName": "MR_S4_WD_5.mp3", "isCorrect": true, "que_text": "लाल", "noOfMistakes": "0", "que_id": "MR_S4_WD_5"}, {"recordingName": "MR_S4_WD_7.mp3", "isCorrect": true, "que_text": "केळे", "noOfMistakes": "0", "que_id": "MR_S4_WD_7"}, {"recordingName": "MR_S4_WD_3.mp3", "isCorrect": true, "que_text": "पाऊस", "noOfMistakes": "0", "que_id": "MR_S4_WD_3"}, {"recordingName": "MR_S4_WD_1.mp3", "isCorrect": true, "que_text": "फेटा", "noOfMistakes": "0", "que_id": "MR_S4_WD_1"}, {"answer": "-", "isCorrect": false, "que_text": "61 - 35", "noOfMistakes": "1", "que_id": "MR_S4_SB_3"}, {"recordingName": "MR_S4_DD_0.mp3", "isCorrect": false, "que_text": "71", "noOfMistakes": "2", "que_id": "MR_S4_DD_0"}, {"recordingName": "MR_S4_DD_4.mp3", "isCorrect": true, "que_text": "23", "noOfMistakes": "2", "que_id": "MR_S4_DD_4"}, {"recordingName": "MR_S4_DD_5.mp3", "isCorrect": false, "que_text": "79", "noOfMistakes": "2", "que_id": "MR_S4_DD_5"}, {"recordingName": "MR_S4_DD_8.mp3", "isCorrect": true, "que_text": "58", "noOfMistakes": "2", "que_id": "MR_S4_DD_8"}, {"recordingName": "MR_S4_DD_3.mp3", "isCorrect": true, "que_text": "86", "noOfMistakes": "2", "que_id": "MR_S4_DD_3"}, {"recordingName": "MR_S4_CL_1.mp3", "isCorrect": true, "que_text": "L", "noOfMistakes": "1", "que_id": "MR_S4_CL_1"}, {"recordingName": "MR_S4_CL_5.mp3", "isCorrect": false, "que_text": "X", "noOfMistakes": "1", "que_id": "MR_S4_CL_5"}, {"recordingName": "MR_S4_CL_7.mp3", "isCorrect": true, "que_text": "N", "noOfMistakes": "1", "que_id": "MR_S4_CL_7"}, {"recordingName": "MR_S4_CL_4.mp3", "isCorrect": true, "que_text": "G", "noOfMistakes": "1", "que_id": "MR_S4_CL_4"}, {"recordingName": "MR_S4_CL_3.mp3", "isCorrect": true, "que_text": "K", "noOfMistakes": "1", "que_id": "MR_S4_CL_3"}, {"recordingName": "MR_S4_SL_0.mp3", "isCorrect": true, "que_text": "y", "noOfMistakes": "0", "que_id": "MR_S4_SL_0"}, {"recordingName": "MR_S4_SL_4.mp3", "isCorrect": true, "que_text": "v", "noOfMistakes": "0", "que_id": "MR_S4_SL_4"}, {"recordingName": "MR_S4_SL_7.mp3", "isCorrect": true, "que_text": "h", "noOfMistakes": "0", "que_id": "MR_S4_SL_7"}, {"recordingName": "MR_S4_SL_5.mp3", "isCorrect": true, "que_text": "m", "noOfMistakes": "0", "que_id": "MR_S4_SL_5"}, {"recordingName": "MR_S4_SL_3.mp3", "isCorrect": true, "que_text": "s", "noOfMistakes": "0", "que_id": "MR_S4_SL_3"}, {"recordingName": "MR_S4_W_0.mp3", "isCorrect": false, "que_text": "dog", "noOfMistakes": "2", "que_id": "MR_S4_W_0"}, {"recordingName": "MR_S4_W_1.mp3", "isCorrect": false, "que_text": "fat", "noOfMistakes": "2", "que_id": "MR_S4_W_1"}], "englishProficiency": "Small letter", "studClass": "2", "date": "Fri Jul 05 10:40:24 GMT+05:30 2019", "mathematicsProficiency": "Double digit", "deviceID": "3ebaa9d14abd9a0f", "ageGroup": "5-7 years", "nativeProficiency": "Word"}