{"englishProficiency": "Small letter", "sequenceList": [{"que_text": "आज रविवार आहे. शाळेला रजा आहे. सगळे मिळून खेळूया. आज खेळायचा दिवस आहे.", "noOfMistakes": "4", "que_id": "MR_S4_P_1", "isCorrect": false, "recordingName": "MR_S4_P_1.mp3"}, {"que_text": "विमान", "noOfMistakes": "0", "que_id": "MR_S4_WD_4", "isCorrect": true, "recordingName": "MR_S4_WD_4.mp3"}, {"que_text": "लाल", "noOfMistakes": "0", "que_id": "MR_S4_WD_5", "isCorrect": true, "recordingName": "MR_S4_WD_5.mp3"}, {"que_text": "केळे", "noOfMistakes": "0", "que_id": "MR_S4_WD_7", "isCorrect": true, "recordingName": "MR_S4_WD_7.mp3"}, {"que_text": "पाऊस", "noOfMistakes": "0", "que_id": "MR_S4_WD_3", "isCorrect": true, "recordingName": "MR_S4_WD_3.mp3"}, {"que_text": "फेटा", "noOfMistakes": "0", "que_id": "MR_S4_WD_1", "isCorrect": true, "recordingName": "MR_S4_WD_1.mp3"}, {"que_text": "L", "noOfMistakes": "1", "que_id": "MR_S4_CL_1", "isCorrect": true, "recordingName": "MR_S4_CL_1.mp3"}, {"que_text": "X", "noOfMistakes": "1", "que_id": "MR_S4_CL_5", "isCorrect": false, "recordingName": "MR_S4_CL_5.mp3"}, {"que_text": "N", "noOfMistakes": "1", "que_id": "MR_S4_CL_7", "isCorrect": true, "recordingName": "MR_S4_CL_7.mp3"}, {"que_text": "G", "noOfMistakes": "1", "que_id": "MR_S4_CL_4", "isCorrect": true, "recordingName": "MR_S4_CL_4.mp3"}, {"que_text": "K", "noOfMistakes": "1", "que_id": "MR_S4_CL_3", "isCorrect": true, "recordingName": "MR_S4_CL_3.mp3"}, {"que_text": "y", "noOfMistakes": "0", "que_id": "MR_S4_SL_0", "isCorrect": true, "recordingName": "MR_S4_SL_0.mp3"}, {"que_text": "v", "noOfMistakes": "0", "que_id": "MR_S4_SL_4", "isCorrect": true, "recordingName": "MR_S4_SL_4.mp3"}, {"que_text": "h", "noOfMistakes": "0", "que_id": "MR_S4_SL_7", "isCorrect": true, "recordingName": "MR_S4_SL_7.mp3"}, {"que_text": "m", "noOfMistakes": "0", "que_id": "MR_S4_SL_5", "isCorrect": true, "recordingName": "MR_S4_SL_5.mp3"}, {"que_text": "s", "noOfMistakes": "0", "que_id": "MR_S4_SL_3", "isCorrect": true, "recordingName": "MR_S4_SL_3.mp3"}, {"que_text": "dog", "noOfMistakes": "2", "que_id": "MR_S4_W_0", "isCorrect": false, "recordingName": "MR_S4_W_0.mp3"}, {"que_text": "fat", "noOfMistakes": "2", "que_id": "MR_S4_W_1", "isCorrect": false, "recordingName": "MR_S4_W_1.mp3"}], "deviceID": "3ebaa9d14abd9a0f", "ageGroup": "5-7 years", "studClass": "2", "nativeProficiency": "Word", "date": "Fri Jul 05 10:40:24 GMT+05:30 2019"}