{"sequenceList": [{"recordingName": "HI_S1_L_1.mp3", "isCorrect": true, "que_text": "र", "noOfMistakes": "0", "que_id": "HI_S1_L_1"}, {"recordingName": "HI_S1_L_2.mp3", "isCorrect": true, "que_text": "थ", "noOfMistakes": "0", "que_id": "HI_S1_L_2"}, {"recordingName": "HI_S1_L_5.mp3", "isCorrect": true, "que_text": "ल", "noOfMistakes": "0", "que_id": "HI_S1_L_5"}, {"recordingName": "HI_S1_L_0.mp3", "isCorrect": true, "que_text": "म", "noOfMistakes": "0", "que_id": "HI_S1_L_0"}, {"recordingName": "HI_S1_L_3.mp3", "isCorrect": true, "que_text": "ह", "noOfMistakes": "0", "que_id": "HI_S1_L_3"}, {"recordingName": "HI_S1_WD_0.mp3", "isCorrect": true, "que_text": "गाना", "noOfMistakes": "1", "que_id": "HI_S1_WD_0"}, {"recordingName": "HI_S1_WD_2.mp3", "isCorrect": true, "que_text": "मोती", "noOfMistakes": "1", "que_id": "HI_S1_WD_2"}, {"recordingName": "HI_S1_WD_4.mp3", "isCorrect": false, "que_text": "झोला", "noOfMistakes": "1", "que_id": "HI_S1_WD_4"}, {"recordingName": "HI_S1_WD_3.mp3", "isCorrect": true, "que_text": "पैर", "noOfMistakes": "1", "que_id": "HI_S1_WD_3"}, {"recordingName": "HI_S1_WD_5.mp3", "isCorrect": true, "que_text": "आलू", "noOfMistakes": "1", "que_id": "HI_S1_WD_5"}, {"recordingName": "HI_S1_P_0.mp3", "isCorrect": true, "que_text": " राधा के पास एक तोता है। उसकी चोंच लाल है। वह बहुत बोलता है। सब को हँसाता है।", "noOfMistakes": "0", "que_id": "HI_S1_P_0"}, {"recordingName": "HI_S1_ST_0.mp3", "isCorrect": true, "que_text": "बहुत दिनों से बारिश हो रही थी। गाँव में सभी जगह गंदा पानी भर गया था। सभी बारिश के रुकने की राह देख रहे थे। अचानक एक दिन बारिश रुक गई। सूरज निकल आया। सब लोग खुश हो गये। आसमान में चिड़ियाँ उड़ने लगीं। लोग अपने कपड़े सुखाने लगे। बच्चे भी घरों से बाहर निकलकर खेलने लगे।", "noOfMistakes": "3", "que_id": "HI_S1_ST_0"}, {"recordingName": "HI_S1_SD_1.mp3", "isCorrect": true, "que_text": "7", "noOfMistakes": "0", "que_id": "HI_S1_SD_1"}, {"recordingName": "HI_S1_SD_0.mp3", "isCorrect": true, "que_text": "3", "noOfMistakes": "0", "que_id": "HI_S1_SD_0"}, {"recordingName": "HI_S1_SD_2.mp3", "isCorrect": true, "que_text": "1", "noOfMistakes": "0", "que_id": "HI_S1_SD_2"}, {"recordingName": "HI_S1_SD_5.mp3", "isCorrect": true, "que_text": "9", "noOfMistakes": "0", "que_id": "HI_S1_SD_5"}, {"recordingName": "HI_S1_SD_4.mp3", "isCorrect": true, "que_text": "8", "noOfMistakes": "0", "que_id": "HI_S1_SD_4"}, {"recordingName": "HI_S1_DD_5.mp3", "isCorrect": true, "que_text": "72", "noOfMistakes": "0", "que_id": "HI_S1_DD_5"}, {"recordingName": "HI_S1_DD_2.mp3", "isCorrect": true, "que_text": "92", "noOfMistakes": "0", "que_id": "HI_S1_DD_2"}, {"recordingName": "HI_S1_DD_0.mp3", "isCorrect": true, "que_text": "65", "noOfMistakes": "0", "que_id": "HI_S1_DD_0"}, {"recordingName": "HI_S1_DD_9.mp3", "isCorrect": true, "que_text": "11", "noOfMistakes": "0", "que_id": "HI_S1_DD_9"}, {"recordingName": "HI_S1_DD_6.mp3", "isCorrect": true, "que_text": "56", "noOfMistakes": "0", "que_id": "HI_S1_DD_6"}, {"answer": "16", "isCorrect": true, "que_text": "51 - 35", "noOfMistakes": "0", "que_id": "HI_S1_SB_0"}, {"answer": "19", "isCorrect": true, "que_text": "67 - 48", "noOfMistakes": "0", "que_id": "HI_S1_SB_1"}, {"recordingName": "HI_S1_CL_0.mp3", "isCorrect": true, "que_text": "A", "noOfMistakes": "0", "que_id": "HI_S1_CL_0"}, {"recordingName": "HI_S1_CL_1.mp3", "isCorrect": true, "que_text": "J", "noOfMistakes": "0", "que_id": "HI_S1_CL_1"}, {"recordingName": "HI_S1_CL_3.mp3", "isCorrect": true, "que_text": "R", "noOfMistakes": "0", "que_id": "HI_S1_CL_3"}, {"recordingName": "HI_S1_CL_4.mp3", "isCorrect": true, "que_text": "E", "noOfMistakes": "0", "que_id": "HI_S1_CL_4"}, {"recordingName": "HI_S1_CL_2.mp3", "isCorrect": true, "que_text": "Q", "noOfMistakes": "0", "que_id": "HI_S1_CL_2"}, {"recordingName": "HI_S1_SL_4.mp3", "isCorrect": true, "que_text": "m", "noOfMistakes": "0", "que_id": "HI_S1_SL_4"}, {"recordingName": "HI_S1_SL_2.mp3", "isCorrect": true, "que_text": "x", "noOfMistakes": "0", "que_id": "HI_S1_SL_2"}, {"recordingName": "HI_S1_SL_1.mp3", "isCorrect": true, "que_text": "p", "noOfMistakes": "0", "que_id": "HI_S1_SL_1"}, {"recordingName": "HI_S1_SL_0.mp3", "isCorrect": true, "que_text": "h", "noOfMistakes": "0", "que_id": "HI_S1_SL_0"}, {"recordingName": "HI_S1_SL_3.mp3", "isCorrect": true, "que_text": "u", "noOfMistakes": "0", "que_id": "HI_S1_SL_3"}, {"recordingName": "HI_S1_W_1.mp3", "isCorrect": true, "que_text": "red", "noOfMistakes": "0", "que_id": "HI_S1_W_1"}, {"recordingName": "HI_S1_W_2.mp3", "isCorrect": true, "que_text": "sun", "noOfMistakes": "0", "que_id": "HI_S1_W_2"}], "englishProficiency": "word", "studClass": "8", "date": "Mon Sep 16 17:13:19 IST 2019", "mathematicsProficiency": "Single digit", "deviceID": "1d6d23280b3031d8", "ageGroup": "15-18years", "nativeProficiency": "Letter"}