{"englishProficiency": "word", "sequenceList": [{"que_text": "र", "noOfMistakes": "0", "que_id": "HI_S1_L_1", "isCorrect": true, "recordingName": "HI_S1_L_1.mp3"}, {"que_text": "थ", "noOfMistakes": "0", "que_id": "HI_S1_L_2", "isCorrect": true, "recordingName": "HI_S1_L_2.mp3"}, {"que_text": "ल", "noOfMistakes": "0", "que_id": "HI_S1_L_5", "isCorrect": true, "recordingName": "HI_S1_L_5.mp3"}, {"que_text": "म", "noOfMistakes": "0", "que_id": "HI_S1_L_0", "isCorrect": true, "recordingName": "HI_S1_L_0.mp3"}, {"que_text": "ह", "noOfMistakes": "0", "que_id": "HI_S1_L_3", "isCorrect": true, "recordingName": "HI_S1_L_3.mp3"}, {"que_text": "गाना", "noOfMistakes": "1", "que_id": "HI_S1_WD_0", "isCorrect": true, "recordingName": "HI_S1_WD_0.mp3"}, {"que_text": "मोती", "noOfMistakes": "1", "que_id": "HI_S1_WD_2", "isCorrect": true, "recordingName": "HI_S1_WD_2.mp3"}, {"que_text": "झोला", "noOfMistakes": "1", "que_id": "HI_S1_WD_4", "isCorrect": false, "recordingName": "HI_S1_WD_4.mp3"}, {"que_text": "पैर", "noOfMistakes": "1", "que_id": "HI_S1_WD_3", "isCorrect": true, "recordingName": "HI_S1_WD_3.mp3"}, {"que_text": "आलू", "noOfMistakes": "1", "que_id": "HI_S1_WD_5", "isCorrect": true, "recordingName": "HI_S1_WD_5.mp3"}, {"que_text": " राधा के पास एक तोता है। उसकी चोंच लाल है। वह बहुत बोलता है। सब को हँसाता है।", "noOfMistakes": "0", "que_id": "HI_S1_P_0", "isCorrect": true, "recordingName": "HI_S1_P_0.mp3"}, {"que_text": "बहुत दिनों से बारिश हो रही थी। गाँव में सभी जगह गंदा पानी भर गया था। सभी बारिश के रुकने की राह देख रहे थे। अचानक एक दिन बारिश रुक गई। सूरज निकल आया। सब लोग खुश हो गये। आसमान में चिड़ियाँ उड़ने लगीं। लोग अपने कपड़े सुखाने लगे। बच्चे भी घरों से बाहर निकलकर खेलने लगे।", "noOfMistakes": "3", "que_id": "HI_S1_ST_0", "isCorrect": true, "recordingName": "HI_S1_ST_0.mp3"}, {"que_text": "A", "noOfMistakes": "0", "que_id": "HI_S1_CL_0", "isCorrect": true, "recordingName": "HI_S1_CL_0.mp3"}, {"que_text": "J", "noOfMistakes": "0", "que_id": "HI_S1_CL_1", "isCorrect": true, "recordingName": "HI_S1_CL_1.mp3"}, {"que_text": "R", "noOfMistakes": "0", "que_id": "HI_S1_CL_3", "isCorrect": true, "recordingName": "HI_S1_CL_3.mp3"}, {"que_text": "E", "noOfMistakes": "0", "que_id": "HI_S1_CL_4", "isCorrect": true, "recordingName": "HI_S1_CL_4.mp3"}, {"que_text": "Q", "noOfMistakes": "0", "que_id": "HI_S1_CL_2", "isCorrect": true, "recordingName": "HI_S1_CL_2.mp3"}, {"que_text": "m", "noOfMistakes": "0", "que_id": "HI_S1_SL_4", "isCorrect": true, "recordingName": "HI_S1_SL_4.mp3"}, {"que_text": "x", "noOfMistakes": "0", "que_id": "HI_S1_SL_2", "isCorrect": true, "recordingName": "HI_S1_SL_2.mp3"}, {"que_text": "p", "noOfMistakes": "0", "que_id": "HI_S1_SL_1", "isCorrect": true, "recordingName": "HI_S1_SL_1.mp3"}, {"que_text": "h", "noOfMistakes": "0", "que_id": "HI_S1_SL_0", "isCorrect": true, "recordingName": "HI_S1_SL_0.mp3"}, {"que_text": "u", "noOfMistakes": "0", "que_id": "HI_S1_SL_3", "isCorrect": true, "recordingName": "HI_S1_SL_3.mp3"}, {"que_text": "red", "noOfMistakes": "0", "que_id": "HI_S1_W_1", "isCorrect": true, "recordingName": "HI_S1_W_1.mp3"}, {"que_text": "sun", "noOfMistakes": "0", "que_id": "HI_S1_W_2", "isCorrect": true, "recordingName": "HI_S1_W_2.mp3"}], "deviceID": "1d6d23280b3031d8", "ageGroup": "15-18years", "studClass": "8", "nativeProficiency": "Letter", "date": "Mon Sep 16 17:13:19 IST 2019"}