{"englishProficiency": "word", "sequenceList": [{"que_text": "नीतू के घर में गाय है। उसका रंग सफ़ेद है। गाय हरी घास खाती है। वह बहुत दूध देती है।", "noOfMistakes": "0", "que_id": "HI_S3_P_0", "isCorrect": true, "recordingName": "HI_S3_P_0.mp3"}, {"que_text": "Where is your house?", "noOfMistakes": "0", "que_id": "HI_S3_S_0", "isCorrect": true, "recordingName": "HI_S3_S_0.mp3"}, {"que_text": "This is a big bus.", "noOfMistakes": "0", "que_id": "HI_S3_S_1", "isCorrect": true, "recordingName": "HI_S3_S_1.mp3"}, {"que_text": "I like to sing.", "noOfMistakes": "0", "que_id": "HI_S3_S_2", "isCorrect": true, "recordingName": "HI_S3_S_2.mp3"}, {"que_text": "I have a fat cat.", "noOfMistakes": "0", "que_id": "HI_S3_S_3", "isCorrect": true, "recordingName": "HI_S3_S_3.mp3"}], "deviceID": "41b1ac846939d400", "ageGroup": "10-12 years", "studClass": "6", "nativeProficiency": "Story", "date": "Thu Sep 19 15:36:49 GMT+05:30 2019"}