{"nativeProficiency": "Word", "sequenceList": [{"que_text": "समई", "noOfMistakes": "0", "que_id": "MR_S1_WD_0", "isCorrect": true, "recordingName": "MR_S1_WD_0.mp3"}, {"que_text": "बस", "noOfMistakes": "0", "que_id": "MR_S1_WD_1", "isCorrect": true, "recordingName": "MR_S1_WD_1.mp3"}, {"que_text": "गरम", "noOfMistakes": "0", "que_id": "MR_S1_WD_2", "isCorrect": true, "recordingName": "MR_S1_WD_2.mp3"}, {"que_text": "कैरी", "noOfMistakes": "0", "que_id": "MR_S1_WD_3", "isCorrect": true, "recordingName": "MR_S1_WD_3.mp3"}, {"que_text": "दिवा", "noOfMistakes": "0", "que_id": "MR_S1_WD_4", "isCorrect": true, "recordingName": "MR_S1_WD_4.mp3"}], "deviceID": "ca60bf1a69c5bc6f", "ageGroup": "12-15 years", "studClass": "6", "date": "Thu Sep 19 14:27:57 GMT+05:30 2019"}