{"englishProficiency": "Beginner", "sequenceList": [{"que_text": "क", "noOfMistakes": "5", "que_id": "HI_S3_L_1", "isCorrect": false, "recordingName": "HI_S3_L_1.mp3"}, {"que_text": "ह", "noOfMistakes": "5", "que_id": "HI_S3_L_6", "isCorrect": false, "recordingName": "HI_S3_L_6.mp3"}, {"que_text": "त", "noOfMistakes": "5", "que_id": "HI_S3_L_7", "isCorrect": false, "recordingName": "HI_S3_L_7.mp3"}, {"que_text": "थ", "noOfMistakes": "5", "que_id": "HI_S3_L_5", "isCorrect": false, "recordingName": "HI_S3_L_5.mp3"}, {"que_text": "म", "noOfMistakes": "5", "que_id": "HI_S3_L_8", "isCorrect": false, "recordingName": "HI_S3_L_8.mp3"}, {"que_text": "K", "noOfMistakes": "5", "que_id": "HI_S3_CL_1", "isCorrect": false, "recordingName": "HI_S3_CL_1.mp3"}, {"que_text": "S", "noOfMistakes": "5", "que_id": "HI_S3_CL_2", "isCorrect": false, "recordingName": "HI_S3_CL_2.mp3"}, {"que_text": "W", "noOfMistakes": "5", "que_id": "HI_S3_CL_5", "isCorrect": false, "recordingName": "HI_S3_CL_5.mp3"}, {"que_text": "F", "noOfMistakes": "5", "que_id": "HI_S3_CL_4", "isCorrect": false, "recordingName": "HI_S3_CL_4.mp3"}, {"que_text": "Z", "noOfMistakes": "5", "que_id": "HI_S3_CL_7", "isCorrect": false, "recordingName": "HI_S3_CL_7.mp3"}], "deviceID": "c7fa8aadf993e5b6", "ageGroup": "5-7 years", "studClass": "1", "nativeProficiency": "Beginner", "date": "Mon Sep 23 14:29:51 IST 2019"}