{"sequenceList": [{"recordingName": "MR_S3_P_0.mp3", "isCorrect": false, "que_text": "फुगेवाला आला. लाल, निळे, फुगे आणले. मुलांनी फुगे घेतले. हातातून ते सुटून गेले.", "noOfMistakes": "200", "que_id": "MR_S3_P_0"}, {"recordingName": "MR_S3_WD_6.mp3", "isCorrect": true, "que_text": "गारा", "noOfMistakes": "0", "que_id": "MR_S3_WD_6"}, {"recordingName": "MR_S3_WD_7.mp3", "isCorrect": true, "que_text": "जोर", "noOfMistakes": "0", "que_id": "MR_S3_WD_7"}, {"recordingName": "MR_S3_WD_4.mp3", "isCorrect": true, "que_text": "मुळा", "noOfMistakes": "0", "que_id": "MR_S3_WD_4"}, {"recordingName": "MR_S3_WD_8.mp3", "isCorrect": true, "que_text": "विमान", "noOfMistakes": "0", "que_id": "MR_S3_WD_8"}, {"recordingName": "MR_S3_WD_1.mp3", "isCorrect": true, "que_text": "लाल", "noOfMistakes": "0", "que_id": "MR_S3_WD_1"}, {"answer": "-", "isCorrect": false, "que_text": "25 - 17", "noOfMistakes": "1", "que_id": "MR_S3_SB_3"}, {"recordingName": "MR_S3_DD_3.mp3", "isCorrect": true, "que_text": "27", "noOfMistakes": "3", "que_id": "MR_S3_DD_3"}, {"recordingName": "MR_S3_DD_8.mp3", "isCorrect": false, "que_text": "36", "noOfMistakes": "3", "que_id": "MR_S3_DD_8"}, {"recordingName": "MR_S3_DD_4.mp3", "isCorrect": false, "que_text": "55", "noOfMistakes": "3", "que_id": "MR_S3_DD_4"}, {"recordingName": "MR_S3_DD_5.mp3", "isCorrect": true, "que_text": "28", "noOfMistakes": "3", "que_id": "MR_S3_DD_5"}, {"recordingName": "MR_S3_DD_2.mp3", "isCorrect": false, "que_text": "37", "noOfMistakes": "3", "que_id": "MR_S3_DD_2"}, {"recordingName": "MR_S3_SD_0.mp3", "isCorrect": true, "que_text": "1", "noOfMistakes": "2", "que_id": "MR_S3_SD_0"}, {"recordingName": "MR_S3_SD_4.mp3", "isCorrect": false, "que_text": "6", "noOfMistakes": "2", "que_id": "MR_S3_SD_4"}, {"recordingName": "MR_S3_SD_7.mp3", "isCorrect": true, "que_text": "2", "noOfMistakes": "2", "que_id": "MR_S3_SD_7"}, {"recordingName": "MR_S3_SD_5.mp3", "isCorrect": true, "que_text": "9", "noOfMistakes": "2", "que_id": "MR_S3_SD_5"}, {"recordingName": "MR_S3_SD_2.mp3", "isCorrect": false, "que_text": "7", "noOfMistakes": "2", "que_id": "MR_S3_SD_2"}, {"recordingName": "MR_S3_CL_7.mp3", "isCorrect": true, "que_text": "P", "noOfMistakes": "2", "que_id": "MR_S3_CL_7"}, {"recordingName": "MR_S3_CL_6.mp3", "isCorrect": true, "que_text": "O", "noOfMistakes": "2", "que_id": "MR_S3_CL_6"}, {"recordingName": "MR_S3_CL_5.mp3", "isCorrect": true, "que_text": "W", "noOfMistakes": "2", "que_id": "MR_S3_CL_5"}, {"recordingName": "MR_S3_CL_2.mp3", "isCorrect": false, "que_text": "S", "noOfMistakes": "2", "que_id": "MR_S3_CL_2"}, {"recordingName": "MR_S3_CL_1.mp3", "isCorrect": false, "que_text": "K", "noOfMistakes": "2", "que_id": "MR_S3_CL_1"}], "englishProficiency": "Beginner", "studClass": "3", "date": "Thu Jul 11 13:52:04 GMT+05:30 2019", "mathematicsProficiency": "Beginner", "deviceID": "3ebaa9d14abd9a0f", "ageGroup": "7-10 years", "nativeProficiency": "Word"}