{"englishProficiency": "Beginner", "sequenceList": [{"que_text": "फुगेवाला आला. लाल, निळे, फुगे आणले. मुलांनी फुगे घेतले. हातातून ते सुटून गेले.", "noOfMistakes": "200", "que_id": "MR_S3_P_0", "isCorrect": false, "recordingName": "MR_S3_P_0.mp3"}, {"que_text": "गारा", "noOfMistakes": "0", "que_id": "MR_S3_WD_6", "isCorrect": true, "recordingName": "MR_S3_WD_6.mp3"}, {"que_text": "जोर", "noOfMistakes": "0", "que_id": "MR_S3_WD_7", "isCorrect": true, "recordingName": "MR_S3_WD_7.mp3"}, {"que_text": "मुळा", "noOfMistakes": "0", "que_id": "MR_S3_WD_4", "isCorrect": true, "recordingName": "MR_S3_WD_4.mp3"}, {"que_text": "विमान", "noOfMistakes": "0", "que_id": "MR_S3_WD_8", "isCorrect": true, "recordingName": "MR_S3_WD_8.mp3"}, {"que_text": "लाल", "noOfMistakes": "0", "que_id": "MR_S3_WD_1", "isCorrect": true, "recordingName": "MR_S3_WD_1.mp3"}, {"que_text": "P", "noOfMistakes": "2", "que_id": "MR_S3_CL_7", "isCorrect": true, "recordingName": "MR_S3_CL_7.mp3"}, {"que_text": "O", "noOfMistakes": "2", "que_id": "MR_S3_CL_6", "isCorrect": true, "recordingName": "MR_S3_CL_6.mp3"}, {"que_text": "W", "noOfMistakes": "2", "que_id": "MR_S3_CL_5", "isCorrect": true, "recordingName": "MR_S3_CL_5.mp3"}, {"que_text": "S", "noOfMistakes": "2", "que_id": "MR_S3_CL_2", "isCorrect": false, "recordingName": "MR_S3_CL_2.mp3"}, {"que_text": "K", "noOfMistakes": "2", "que_id": "MR_S3_CL_1", "isCorrect": false, "recordingName": "MR_S3_CL_1.mp3"}], "deviceID": "3ebaa9d14abd9a0f", "ageGroup": "7-10 years", "studClass": "3", "nativeProficiency": "Word", "date": "Thu Jul 11 13:52:04 GMT+05:30 2019"}