{"date": "Mon Sep 16 16:48:47 GMT+05:30 2019", "sequenceList": [{"recordingName": "HI_S4_ST_0.mp3", "isCorrect": false, "que_text": "रामपुर में कुछ ज़मीन ख़ाली थी। वहाँ कुछ नहीं उगता था। वहाँ कोई खेलने नहीं जाता था। एक दिन कुछ लोग आए। उन्होंने गाँव के लोगों को बुलाया। सबने मिलकर तय किया कि यहाँ बग़ीचा बनाया जाए। खाद मंगाकर हर तरह के पौधे लगाये गए। सही समय पर पानी दिया गया। आज वहाँ एक सुंदर बग़ीचा है। इसलिए वहाँ सब खेलने जाते हैं।", "noOfMistakes": "2", "que_id": "HI_S4_ST_0"}, {"answer": "29", "isCorrect": false, "que_text": "41 - 13", "noOfMistakes": "1", "que_id": "HI_S4_SB_1"}, {"answer": "36", "isCorrect": true, "que_text": "71 - 35", "noOfMistakes": "1", "que_id": "HI_S4_SB_3"}], "nativeProficiency": "Story", "studClass": "8", "deviceID": "dcb358780fdd9cca", "ageGroup": "12-15 years", "mathematicsProficiency": "Subtraction"}