{"englishProficiency": "Beginner", "sequenceList": [{"que_text": "द", "noOfMistakes": "2", "que_id": "HI_S3_L_0", "isCorrect": true, "recordingName": "HI_S3_L_0.mp3"}, {"que_text": "क", "noOfMistakes": "2", "que_id": "HI_S3_L_1", "isCorrect": true, "recordingName": "HI_S3_L_1.mp3"}, {"que_text": "च", "noOfMistakes": "2", "que_id": "HI_S3_L_2", "isCorrect": true, "recordingName": "HI_S3_L_2.mp3"}, {"que_text": "थ", "noOfMistakes": "2", "que_id": "HI_S3_L_5", "isCorrect": false, "recordingName": "HI_S3_L_5.mp3"}, {"que_text": "ल", "noOfMistakes": "2", "que_id": "HI_S3_L_4", "isCorrect": false, "recordingName": "HI_S3_L_4.mp3"}, {"que_text": "C", "noOfMistakes": "4", "que_id": "HI_S3_CL_0", "isCorrect": true, "recordingName": "HI_S3_CL_0.mp3"}, {"que_text": "K", "noOfMistakes": "4", "que_id": "HI_S3_CL_1", "isCorrect": false, "recordingName": "HI_S3_CL_1.mp3"}, {"que_text": "S", "noOfMistakes": "4", "que_id": "HI_S3_CL_2", "isCorrect": false, "recordingName": "HI_S3_CL_2.mp3"}, {"que_text": "Q", "noOfMistakes": "4", "que_id": "HI_S3_CL_3", "isCorrect": false, "recordingName": "HI_S3_CL_3.mp3"}, {"que_text": "F", "noOfMistakes": "4", "que_id": "HI_S3_CL_4", "isCorrect": false, "recordingName": "HI_S3_CL_4.mp3"}], "deviceID": "14c9917f6e6683b6", "ageGroup": "7-10 years", "studClass": "3", "nativeProficiency": "Beginner", "date": "Fri Sep 20 18:27:21 IST 2019"}