{"englishProficiency": "Capital letter", "sequenceList": [{"que_text": "गाना", "noOfMistakes": "1", "que_id": "HI_S1_WD_0", "isCorrect": true, "recordingName": "HI_S1_WD_0.mp3"}, {"que_text": "आलू", "noOfMistakes": "1", "que_id": "HI_S1_WD_5", "isCorrect": true, "recordingName": "HI_S1_WD_5.mp3"}, {"que_text": "किला", "noOfMistakes": "1", "que_id": "HI_S1_WD_7", "isCorrect": true, "recordingName": "HI_S1_WD_7.mp3"}, {"que_text": "आग", "noOfMistakes": "1", "que_id": "HI_S1_WD_8", "isCorrect": true, "recordingName": "HI_S1_WD_8.mp3"}, {"que_text": "मोर", "noOfMistakes": "1", "que_id": "HI_S1_WD_9", "isCorrect": false, "recordingName": "HI_S1_WD_9.mp3"}, {"que_text": "A", "noOfMistakes": "1", "que_id": "HI_S1_CL_0", "isCorrect": true, "recordingName": "HI_S1_CL_0.mp3"}, {"que_text": "R", "noOfMistakes": "1", "que_id": "HI_S1_CL_3", "isCorrect": true, "recordingName": "HI_S1_CL_3.mp3"}, {"que_text": "Y", "noOfMistakes": "1", "que_id": "HI_S1_CL_5", "isCorrect": false, "recordingName": "HI_S1_CL_5.mp3"}, {"que_text": "E", "noOfMistakes": "1", "que_id": "HI_S1_CL_4", "isCorrect": true, "recordingName": "HI_S1_CL_4.mp3"}, {"que_text": "O", "noOfMistakes": "1", "que_id": "HI_S1_CL_7", "isCorrect": true, "recordingName": "HI_S1_CL_7.mp3"}], "deviceID": "1ed21de3dcb4d468", "ageGroup": "5-7 years", "studClass": "2", "nativeProficiency": "Word", "date": "Tue Sep 17 16:22:17 GMT+05:30 2019"}