{"englishProficiency": "Small letter", "sequenceList": [{"que_text": "सोनी के पास एक माला है। उसमें बहुत सारे मोती हैं। मोती पीले रंग के हैं। सोनी उसे पहनती है।", "noOfMistakes": "200", "que_id": "HI_S2_P_0", "isCorrect": false, "recordingName": "HI_S2_P_0.mp3"}, {"que_text": "हीरा", "noOfMistakes": "2", "que_id": "HI_S1_WD_0", "isCorrect": false, "recordingName": "HI_S1_WD_0.mp3"}, {"que_text": "कैसा", "noOfMistakes": "2", "que_id": "HI_S1_WD_1", "isCorrect": false, "recordingName": "HI_S1_WD_1.mp3"}, {"que_text": "शेर", "noOfMistakes": "2", "que_id": "HI_S1_WD_2", "isCorrect": true, "recordingName": "HI_S1_WD_2.mp3"}, {"que_text": "नानी", "noOfMistakes": "2", "que_id": "HI_S1_WD_3", "isCorrect": true, "recordingName": "HI_S1_WD_3.mp3"}, {"que_text": "भालू", "noOfMistakes": "2", "que_id": "HI_S1_WD_4", "isCorrect": true, "recordingName": "HI_S1_WD_4.mp3"}, {"que_text": "द", "noOfMistakes": "0", "que_id": "HI_S2_L_0", "isCorrect": true, "recordingName": "HI_S2_L_0.mp3"}, {"que_text": "च", "noOfMistakes": "0", "que_id": "HI_S2_L_2", "isCorrect": true, "recordingName": "HI_S2_L_2.mp3"}, {"que_text": "क", "noOfMistakes": "0", "que_id": "HI_S2_L_1", "isCorrect": true, "recordingName": "HI_S2_L_1.mp3"}, {"que_text": "ब", "noOfMistakes": "0", "que_id": "HI_S2_L_3", "isCorrect": true, "recordingName": "HI_S2_L_3.mp3"}, {"que_text": "ल", "noOfMistakes": "0", "que_id": "HI_S2_L_4", "isCorrect": true, "recordingName": "HI_S2_L_4.mp3"}, {"que_text": "B", "noOfMistakes": "0", "que_id": "HI_S2_CL_0", "isCorrect": true, "recordingName": "HI_S2_CL_0.mp3"}, {"que_text": "H", "noOfMistakes": "0", "que_id": "HI_S2_CL_1", "isCorrect": true, "recordingName": "HI_S2_CL_1.mp3"}, {"que_text": "R", "noOfMistakes": "0", "que_id": "HI_S2_CL_2", "isCorrect": true, "recordingName": "HI_S2_CL_2.mp3"}, {"que_text": "L", "noOfMistakes": "0", "que_id": "HI_S2_CL_3", "isCorrect": true, "recordingName": "HI_S2_CL_3.mp3"}, {"que_text": "V", "noOfMistakes": "0", "que_id": "HI_S2_CL_4", "isCorrect": true, "recordingName": "HI_S2_CL_4.mp3"}, {"que_text": "z", "noOfMistakes": "0", "que_id": "HI_S2_SL_0", "isCorrect": true, "recordingName": "HI_S2_SL_0.mp3"}, {"que_text": "j", "noOfMistakes": "0", "que_id": "HI_S2_SL_1", "isCorrect": true, "recordingName": "HI_S2_SL_1.mp3"}, {"que_text": "o", "noOfMistakes": "0", "que_id": "HI_S2_SL_2", "isCorrect": true, "recordingName": "HI_S2_SL_2.mp3"}, {"que_text": "w", "noOfMistakes": "0", "que_id": "HI_S2_SL_3", "isCorrect": true, "recordingName": "HI_S2_SL_3.mp3"}, {"que_text": "g", "noOfMistakes": "0", "que_id": "HI_S2_SL_4", "isCorrect": true, "recordingName": "HI_S2_SL_4.mp3"}, {"que_text": "rat", "noOfMistakes": "4", "que_id": "HI_S2_W_0", "isCorrect": true, "recordingName": "HI_S2_W_0.mp3"}, {"que_text": "hot", "noOfMistakes": "4", "que_id": "HI_S2_W_1", "isCorrect": false, "recordingName": "HI_S2_W_1.mp3"}, {"que_text": "big", "noOfMistakes": "4", "que_id": "HI_S2_W_2", "isCorrect": false, "recordingName": "HI_S2_W_2.mp3"}, {"que_text": "cow", "noOfMistakes": "4", "que_id": "HI_S2_W_3", "isCorrect": false, "recordingName": "HI_S2_W_3.mp3"}, {"que_text": "man", "noOfMistakes": "4", "que_id": "HI_S2_W_4", "isCorrect": false, "recordingName": "HI_S2_W_4.mp3"}], "deviceID": "d77c539dd056811a", "ageGroup": "7-10 years", "studClass": "5", "nativeProficiency": "Letter", "date": "Mon Sep 16 17:48:22 GMT+05:30 2019"}