{"englishProficiency": "Capital letter", "sequenceList": [{"que_text": "ड", "noOfMistakes": "1", "que_id": "MR_S2_L_0", "isCorrect": true, "recordingName": "MR_S2_L_0.mp3"}, {"que_text": "त", "noOfMistakes": "1", "que_id": "MR_S2_L_1", "isCorrect": true, "recordingName": "MR_S2_L_1.mp3"}, {"que_text": "स", "noOfMistakes": "1", "que_id": "MR_S2_L_4", "isCorrect": true, "recordingName": "MR_S2_L_4.mp3"}, {"que_text": "ण", "noOfMistakes": "1", "que_id": "MR_S2_L_3", "isCorrect": true, "recordingName": "MR_S2_L_3.mp3"}, {"que_text": "म", "noOfMistakes": "1", "que_id": "MR_S2_L_2", "isCorrect": false, "recordingName": "MR_S2_L_2.mp3"}, {"que_text": "खडू", "noOfMistakes": "0", "que_id": "MR_S2_WD_0", "isCorrect": true, "recordingName": "MR_S2_WD_0.mp3"}, {"que_text": "B", "noOfMistakes": "1", "que_id": "MR_S2_CL_0", "isCorrect": true, "recordingName": "MR_S2_CL_0.mp3"}, {"que_text": "H", "noOfMistakes": "1", "que_id": "MR_S2_CL_1", "isCorrect": false, "recordingName": "MR_S2_CL_1.mp3"}], "deviceID": "543e07a8bf02ff8", "ageGroup": "7-10 years", "studClass": "3", "date": "Thu Sep 05 17:34:11 IST 2019", "nativeProficiency": "Letter"}