{"englishProficiency": "Capital letter", "sequenceList": [{"que_text": "काले बादल छाए हैं। तेज़ बारिश हो रही है। मोर भी नाच रहा है। सब नाच देख रहे हैं।", "noOfMistakes": "200", "que_id": "HI_S3_P_1", "isCorrect": false, "recordingName": "HI_S3_P_1.mp3"}, {"que_text": "धुन", "noOfMistakes": "1", "que_id": "HI_S3_WD_3", "isCorrect": false, "recordingName": "HI_S3_WD_3.mp3"}, {"que_text": "क", "noOfMistakes": "4", "que_id": "HI_S3_L_1", "isCorrect": true, "recordingName": "HI_S3_L_1.mp3"}, {"que_text": "च", "noOfMistakes": "4", "que_id": "HI_S3_L_2", "isCorrect": false, "recordingName": "HI_S3_L_2.mp3"}, {"que_text": "थ", "noOfMistakes": "4", "que_id": "HI_S3_L_5", "isCorrect": false, "recordingName": "HI_S3_L_5.mp3"}, {"que_text": "म", "noOfMistakes": "4", "que_id": "HI_S3_L_8", "isCorrect": false, "recordingName": "HI_S3_L_8.mp3"}, {"que_text": "ह", "noOfMistakes": "4", "que_id": "HI_S3_L_6", "isCorrect": false, "recordingName": "HI_S3_L_6.mp3"}, {"que_text": "C", "noOfMistakes": "0", "que_id": "HI_S3_CL_0", "isCorrect": true, "recordingName": "HI_S3_CL_0.mp3"}, {"que_text": "O", "noOfMistakes": "0", "que_id": "HI_S3_CL_6", "isCorrect": true, "recordingName": "HI_S3_CL_6.mp3"}, {"que_text": "Z", "noOfMistakes": "0", "que_id": "HI_S3_CL_7", "isCorrect": true, "recordingName": "HI_S3_CL_7.mp3"}, {"que_text": "S", "noOfMistakes": "0", "que_id": "HI_S3_CL_2", "isCorrect": true, "recordingName": "HI_S3_CL_2.mp3"}, {"que_text": "F", "noOfMistakes": "0", "que_id": "HI_S3_CL_4", "isCorrect": true, "recordingName": "HI_S3_CL_4.mp3"}, {"que_text": "j", "noOfMistakes": "1", "que_id": "HI_S3_SL_5", "isCorrect": false, "recordingName": "HI_S3_SL_5.mp3"}], "deviceID": "ebaa26065aba20e5", "ageGroup": "10-12 years", "studClass": "5", "nativeProficiency": "Beginner", "date": "Mon Aug 26 14:26:38 GMT+05:30 2019"}