{"englishProficiency": "Capital letter", "sequenceList": [{"que_text": "त", "noOfMistakes": "0", "que_id": "MR_S1_L_8", "isCorrect": true, "recordingName": "MR_S1_L_8.mp3"}, {"que_text": "प", "noOfMistakes": "0", "que_id": "MR_S1_L_1", "isCorrect": true, "recordingName": "MR_S1_L_1.mp3"}, {"que_text": "ह", "noOfMistakes": "0", "que_id": "MR_S1_L_7", "isCorrect": true, "recordingName": "MR_S1_L_7.mp3"}, {"que_text": "म", "noOfMistakes": "0", "que_id": "MR_S1_L_9", "isCorrect": true, "recordingName": "MR_S1_L_9.mp3"}, {"que_text": "स", "noOfMistakes": "0", "que_id": "MR_S1_L_2", "isCorrect": true, "recordingName": "MR_S1_L_2.mp3"}, {"que_text": "R", "noOfMistakes": "1", "que_id": "MR_S1_CL_3", "isCorrect": true, "recordingName": "MR_S1_CL_3.mp3"}, {"que_text": "N", "noOfMistakes": "1", "que_id": "MR_S1_CL_6", "isCorrect": false, "recordingName": "MR_S1_CL_6.mp3"}, {"que_text": "A", "noOfMistakes": "1", "que_id": "MR_S1_CL_0", "isCorrect": true, "recordingName": "MR_S1_CL_0.mp3"}, {"que_text": "O", "noOfMistakes": "1", "que_id": "MR_S1_CL_7", "isCorrect": true, "recordingName": "MR_S1_CL_7.mp3"}, {"que_text": "E", "noOfMistakes": "1", "que_id": "MR_S1_CL_4", "isCorrect": true, "recordingName": "MR_S1_CL_4.mp3"}], "deviceID": "d0c4e016866279b1", "ageGroup": "5-7 years", "studClass": "1", "date": "Mon Sep 02 18:48:32 IST 2019", "nativeProficiency": "Letter"}