{"date": "Mon Sep 02 18:48:32 IST 2019", "sequenceList": [{"recordingName": "MR_S1_L_8.mp3", "isCorrect": true, "que_text": "त", "noOfMistakes": "0", "que_id": "MR_S1_L_8"}, {"recordingName": "MR_S1_L_1.mp3", "isCorrect": true, "que_text": "प", "noOfMistakes": "0", "que_id": "MR_S1_L_1"}, {"recordingName": "MR_S1_L_7.mp3", "isCorrect": true, "que_text": "ह", "noOfMistakes": "0", "que_id": "MR_S1_L_7"}, {"recordingName": "MR_S1_L_9.mp3", "isCorrect": true, "que_text": "म", "noOfMistakes": "0", "que_id": "MR_S1_L_9"}, {"recordingName": "MR_S1_L_2.mp3", "isCorrect": true, "que_text": "स", "noOfMistakes": "0", "que_id": "MR_S1_L_2"}, {"recordingName": "MR_S1_CL_3.mp3", "isCorrect": true, "que_text": "R", "noOfMistakes": "1", "que_id": "MR_S1_CL_3"}, {"recordingName": "MR_S1_CL_6.mp3", "isCorrect": false, "que_text": "N", "noOfMistakes": "1", "que_id": "MR_S1_CL_6"}, {"recordingName": "MR_S1_CL_0.mp3", "isCorrect": true, "que_text": "A", "noOfMistakes": "1", "que_id": "MR_S1_CL_0"}, {"recordingName": "MR_S1_CL_7.mp3", "isCorrect": true, "que_text": "O", "noOfMistakes": "1", "que_id": "MR_S1_CL_7"}, {"recordingName": "MR_S1_CL_4.mp3", "isCorrect": true, "que_text": "E", "noOfMistakes": "1", "que_id": "MR_S1_CL_4"}], "englishProficiency": "Capital letter", "studClass": "1", "deviceID": "d0c4e016866279b1", "ageGroup": "5-7 years", "nativeProficiency": "Letter"}