{"englishProficiency": "Small letter", "sequenceList": [{"que_text": "रूपा बाहर खेल रही थी। खेलते-खेलते रात हो गई। वह अपने घर चली गई। रूपा खाना खाकर सो गई।", "noOfMistakes": "200", "que_id": "HI_S4_P_1", "isCorrect": false, "recordingName": "HI_S4_P_1.mp3"}, {"que_text": "प", "noOfMistakes": "0", "que_id": "HI_S4_L_5", "isCorrect": true, "recordingName": "HI_S4_L_5.mp3"}, {"que_text": "ल", "noOfMistakes": "0", "que_id": "HI_S4_L_8", "isCorrect": true, "recordingName": "HI_S4_L_8.mp3"}, {"que_text": "च", "noOfMistakes": "0", "que_id": "HI_S4_L_3", "isCorrect": true, "recordingName": "HI_S4_L_3.mp3"}, {"que_text": "न", "noOfMistakes": "0", "que_id": "HI_S4_L_0", "isCorrect": true, "recordingName": "HI_S4_L_0.mp3"}, {"que_text": "म", "noOfMistakes": "0", "que_id": "HI_S4_L_2", "isCorrect": true, "recordingName": "HI_S4_L_2.mp3"}, {"que_text": "D", "noOfMistakes": "0", "que_id": "HI_S4_CL_0", "isCorrect": true, "recordingName": "HI_S4_CL_0.mp3"}, {"que_text": "L", "noOfMistakes": "0", "que_id": "HI_S4_CL_1", "isCorrect": true, "recordingName": "HI_S4_CL_1.mp3"}, {"que_text": "T", "noOfMistakes": "0", "que_id": "HI_S4_CL_2", "isCorrect": true, "recordingName": "HI_S4_CL_2.mp3"}, {"que_text": "P", "noOfMistakes": "0", "que_id": "HI_S4_CL_6", "isCorrect": true, "recordingName": "HI_S4_CL_6.mp3"}, {"que_text": "X", "noOfMistakes": "0", "que_id": "HI_S4_CL_5", "isCorrect": true, "recordingName": "HI_S4_CL_5.mp3"}, {"que_text": "y", "noOfMistakes": "0", "que_id": "HI_S4_SL_0", "isCorrect": true, "recordingName": "HI_S4_SL_0.mp3"}, {"que_text": "f", "noOfMistakes": "0", "que_id": "HI_S4_SL_1", "isCorrect": true, "recordingName": "HI_S4_SL_1.mp3"}, {"que_text": "m", "noOfMistakes": "0", "que_id": "HI_S4_SL_5", "isCorrect": true, "recordingName": "HI_S4_SL_5.mp3"}, {"que_text": "h", "noOfMistakes": "0", "que_id": "HI_S4_SL_7", "isCorrect": true, "recordingName": "HI_S4_SL_7.mp3"}, {"que_text": "a", "noOfMistakes": "0", "que_id": "HI_S4_SL_6", "isCorrect": true, "recordingName": "HI_S4_SL_6.mp3"}, {"que_text": "dog", "noOfMistakes": "5", "que_id": "HI_S4_W_0", "isCorrect": false, "recordingName": "HI_S4_W_0.mp3"}, {"que_text": "man", "noOfMistakes": "5", "que_id": "HI_S4_W_4", "isCorrect": false, "recordingName": "HI_S4_W_4.mp3"}, {"que_text": "fat", "noOfMistakes": "5", "que_id": "HI_S4_W_1", "isCorrect": false, "recordingName": "HI_S4_W_1.mp3"}, {"que_text": "cup", "noOfMistakes": "5", "que_id": "HI_S4_W_2", "isCorrect": false, "recordingName": "HI_S4_W_2.mp3"}, {"que_text": "box", "noOfMistakes": "5", "que_id": "HI_S4_W_5", "isCorrect": false, "recordingName": "HI_S4_W_5.mp3"}], "deviceID": "c66208a6b7100eb2", "ageGroup": "5-7 years", "studClass": "1", "nativeProficiency": "Letter", "date": "Sun Jul 14 17:14:48 IST 2019"}