{"englishProficiency": "Beginner", "sequenceList": [{"que_text": "म", "noOfMistakes": "5", "que_id": "HI_S1_L_0", "isCorrect": false, "recordingName": "HI_S1_L_0.mp3"}, {"que_text": "र", "noOfMistakes": "5", "que_id": "HI_S1_L_1", "isCorrect": false, "recordingName": "HI_S1_L_1.mp3"}, {"que_text": "श", "noOfMistakes": "5", "que_id": "HI_S1_L_4", "isCorrect": false, "recordingName": "HI_S1_L_4.mp3"}, {"que_text": "ब", "noOfMistakes": "5", "que_id": "HI_S1_L_6", "isCorrect": false, "recordingName": "HI_S1_L_6.mp3"}, {"que_text": "ह", "noOfMistakes": "5", "que_id": "HI_S1_L_3", "isCorrect": false, "recordingName": "HI_S1_L_3.mp3"}, {"que_text": "A", "noOfMistakes": "3", "que_id": "HI_S1_CL_0", "isCorrect": true, "recordingName": "HI_S1_CL_0.mp3"}, {"que_text": "R", "noOfMistakes": "3", "que_id": "HI_S1_CL_3", "isCorrect": false, "recordingName": "HI_S1_CL_3.mp3"}, {"que_text": "E", "noOfMistakes": "3", "que_id": "HI_S1_CL_4", "isCorrect": false, "recordingName": "HI_S1_CL_4.mp3"}, {"que_text": "O", "noOfMistakes": "3", "que_id": "HI_S1_CL_7", "isCorrect": true, "recordingName": "HI_S1_CL_7.mp3"}, {"que_text": "N", "noOfMistakes": "3", "que_id": "HI_S1_CL_6", "isCorrect": false, "recordingName": "HI_S1_CL_6.mp3"}], "deviceID": "c66208a6b7100eb2", "ageGroup": "5-7 years", "studClass": "2", "nativeProficiency": "Beginner", "date": "Tue Aug 27 16:56:27 IST 2019"}