{"englishProficiency": "Small letter", "sequenceList": [{"que_text": "फुगेवाला आला. लाल, निळे, फुगे आणले. मुलांनी फुगे घेतले. हातातून ते सुटून गेले.", "noOfMistakes": "2", "que_id": "MR_S3_P_0", "isCorrect": true, "recordingName": "MR_S3_P_0.mp3"}, {"que_text": "लाल", "noOfMistakes": "1", "que_id": "MR_S3_WD_1", "isCorrect": true, "recordingName": "MR_S3_WD_1.mp3"}, {"que_text": "गारा", "noOfMistakes": "1", "que_id": "MR_S3_WD_6", "isCorrect": false, "recordingName": "MR_S3_WD_6.mp3"}, {"que_text": "विमान", "noOfMistakes": "1", "que_id": "MR_S3_WD_8", "isCorrect": true, "recordingName": "MR_S3_WD_8.mp3"}, {"que_text": "पूर", "noOfMistakes": "1", "que_id": "MR_S3_WD_2", "isCorrect": true, "recordingName": "MR_S3_WD_2.mp3"}, {"que_text": "जोर", "noOfMistakes": "1", "que_id": "MR_S3_WD_7", "isCorrect": true, "recordingName": "MR_S3_WD_7.mp3"}, {"que_text": "n", "noOfMistakes": "1", "que_id": "MR_S3_SL_0", "isCorrect": true, "recordingName": "MR_S3_SL_0.mp3"}, {"que_text": "e", "noOfMistakes": "1", "que_id": "MR_S3_SL_4", "isCorrect": true, "recordingName": "MR_S3_SL_4.mp3"}, {"que_text": "r", "noOfMistakes": "1", "que_id": "MR_S3_SL_6", "isCorrect": true, "recordingName": "MR_S3_SL_6.mp3"}, {"que_text": "g", "noOfMistakes": "1", "que_id": "MR_S3_SL_2", "isCorrect": true, "recordingName": "MR_S3_SL_2.mp3"}, {"que_text": "v", "noOfMistakes": "1", "que_id": "MR_S3_SL_3", "isCorrect": false, "recordingName": "MR_S3_SL_3.mp3"}], "deviceID": "fa698d33d358ac32", "ageGroup": "10-12 years", "studClass": "6", "date": "Wed Sep 04 13:28:10 IST 2019", "nativeProficiency": "Word"}