{"sequenceList": [{"recordingName": "HI_S4_L_0.mp3", "isCorrect": true, "que_text": "न", "noOfMistakes": "0", "que_id": "HI_S4_L_0"}, {"recordingName": "HI_S4_L_1.mp3", "isCorrect": true, "que_text": "र", "noOfMistakes": "0", "que_id": "HI_S4_L_1"}, {"recordingName": "HI_S4_L_2.mp3", "isCorrect": true, "que_text": "म", "noOfMistakes": "0", "que_id": "HI_S4_L_2"}, {"recordingName": "HI_S4_L_4.mp3", "isCorrect": true, "que_text": "स", "noOfMistakes": "0", "que_id": "HI_S4_L_4"}, {"recordingName": "HI_S4_L_5.mp3", "isCorrect": true, "que_text": "प", "noOfMistakes": "0", "que_id": "HI_S4_L_5"}, {"recordingName": "HI_S4_SD_7.mp3", "isCorrect": true, "que_text": "1", "noOfMistakes": "0", "que_id": "HI_S4_SD_7"}, {"recordingName": "HI_S4_SD_6.mp3", "isCorrect": true, "que_text": "3", "noOfMistakes": "0", "que_id": "HI_S4_SD_6"}, {"recordingName": "HI_S4_SD_4.mp3", "isCorrect": true, "que_text": "2", "noOfMistakes": "0", "que_id": "HI_S4_SD_4"}, {"recordingName": "HI_S4_SD_3.mp3", "isCorrect": true, "que_text": "4", "noOfMistakes": "0", "que_id": "HI_S4_SD_3"}, {"recordingName": "HI_S4_SD_0.mp3", "isCorrect": true, "que_text": "5", "noOfMistakes": "0", "que_id": "HI_S4_SD_0"}, {"recordingName": "HI_S4_CL_0.mp3", "isCorrect": false, "que_text": "D", "noOfMistakes": "2", "que_id": "HI_S4_CL_0"}, {"recordingName": "HI_S4_CL_1.mp3", "isCorrect": true, "que_text": "L", "noOfMistakes": "2", "que_id": "HI_S4_CL_1"}, {"recordingName": "HI_S4_CL_3.mp3", "isCorrect": false, "que_text": "K", "noOfMistakes": "2", "que_id": "HI_S4_CL_3"}, {"recordingName": "HI_S4_CL_7.mp3", "isCorrect": true, "que_text": "N", "noOfMistakes": "2", "que_id": "HI_S4_CL_7"}, {"recordingName": "HI_S4_CL_2.mp3", "isCorrect": true, "que_text": "T", "noOfMistakes": "2", "que_id": "HI_S4_CL_2"}], "englishProficiency": "Beginner", "studClass": "4", "date": "Sat Sep 21 13:35:19 IST 2019", "mathematicsProficiency": "Single digit", "deviceID": "b9f711817ce7affe", "ageGroup": "7-10 years", "nativeProficiency": "Letter"}