{"englishProficiency": "Capital letter", "sequenceList": [{"que_text": "झाडू", "noOfMistakes": "1", "que_id": "MR_S4_WD_2", "isCorrect": true, "recordingName": "MR_S4_WD_2.mp3"}, {"que_text": "विमान", "noOfMistakes": "1", "que_id": "MR_S4_WD_4", "isCorrect": true, "recordingName": "MR_S4_WD_4.mp3"}, {"que_text": "लाल", "noOfMistakes": "1", "que_id": "MR_S4_WD_5", "isCorrect": true, "recordingName": "MR_S4_WD_5.mp3"}, {"que_text": "पूर", "noOfMistakes": "1", "que_id": "MR_S4_WD_8", "isCorrect": true, "recordingName": "MR_S4_WD_8.mp3"}, {"que_text": "केळे", "noOfMistakes": "1", "que_id": "MR_S4_WD_7", "isCorrect": false, "recordingName": "MR_S4_WD_7.mp3"}, {"que_text": "L", "noOfMistakes": "0", "que_id": "MR_S4_CL_1", "isCorrect": true, "recordingName": "MR_S4_CL_1.mp3"}, {"que_text": "G", "noOfMistakes": "0", "que_id": "MR_S4_CL_4", "isCorrect": true, "recordingName": "MR_S4_CL_4.mp3"}, {"que_text": "K", "noOfMistakes": "0", "que_id": "MR_S4_CL_3", "isCorrect": true, "recordingName": "MR_S4_CL_3.mp3"}, {"que_text": "N", "noOfMistakes": "0", "que_id": "MR_S4_CL_7", "isCorrect": true, "recordingName": "MR_S4_CL_7.mp3"}, {"que_text": "X", "noOfMistakes": "0", "que_id": "MR_S4_CL_5", "isCorrect": true, "recordingName": "MR_S4_CL_5.mp3"}], "deviceID": "5b150edd580a5183", "ageGroup": "15-18years", "studClass": "8", "date": "Sat Sep 07 16:22:39 IST 2019", "nativeProficiency": "Word"}