{"sequenceList": [{"recordingName": "MR_S4_L_4.mp3", "isCorrect": false, "que_text": "फ", "noOfMistakes": "2", "que_id": "MR_S4_L_4"}, {"recordingName": "MR_S4_L_5.mp3", "isCorrect": false, "que_text": "ड", "noOfMistakes": "2", "que_id": "MR_S4_L_5"}, {"recordingName": "MR_S4_SD_7.mp3", "isCorrect": true, "que_text": "1", "noOfMistakes": "2", "que_id": "MR_S4_SD_7"}, {"recordingName": "MR_S4_SD_4.mp3", "isCorrect": true, "que_text": "2", "noOfMistakes": "2", "que_id": "MR_S4_SD_4"}, {"recordingName": "MR_S4_SD_5.mp3", "isCorrect": false, "que_text": "9", "noOfMistakes": "2", "que_id": "MR_S4_SD_5"}, {"recordingName": "MR_S4_SD_3.mp3", "isCorrect": false, "que_text": "4", "noOfMistakes": "2", "que_id": "MR_S4_SD_3"}, {"recordingName": "MR_S4_CL_5.mp3", "isCorrect": false, "que_text": "X", "noOfMistakes": "2", "que_id": "MR_S4_CL_5"}, {"recordingName": "MR_S4_CL_4.mp3", "isCorrect": false, "que_text": "G", "noOfMistakes": "2", "que_id": "MR_S4_CL_4"}], "englishProficiency": "Beginner", "studClass": "1", "date": "Thu Aug 22 16:28:28 GMT+05:30 2019", "mathematicsProficiency": "Beginner", "deviceID": "3ebaa9d14abd9a0f", "ageGroup": "5-7 years", "nativeProficiency": "Beginner"}