{"englishProficiency": "Beginner", "sequenceList": [{"que_text": " राधा के पास एक तोता है। उसकी चोंच लाल है। वह बहुत बोलता है। सब को हँसाता है।", "noOfMistakes": "200", "que_id": "HI_S1_P_0", "isCorrect": false, "recordingName": "HI_S1_P_0.mp3"}, {"que_text": "खुश", "noOfMistakes": "5", "que_id": "HI_S1_WD_1", "isCorrect": false, "recordingName": "HI_S1_WD_1.mp3"}, {"que_text": "झोला", "noOfMistakes": "5", "que_id": "HI_S1_WD_4", "isCorrect": false, "recordingName": "HI_S1_WD_4.mp3"}, {"que_text": "गाना", "noOfMistakes": "5", "que_id": "HI_S1_WD_0", "isCorrect": false, "recordingName": "HI_S1_WD_0.mp3"}, {"que_text": "आलू", "noOfMistakes": "5", "que_id": "HI_S1_WD_5", "isCorrect": false, "recordingName": "HI_S1_WD_5.mp3"}, {"que_text": "पैर", "noOfMistakes": "5", "que_id": "HI_S1_WD_3", "isCorrect": false, "recordingName": "HI_S1_WD_3.mp3"}, {"que_text": "म", "noOfMistakes": "4", "que_id": "HI_S1_L_0", "isCorrect": false, "recordingName": "HI_S1_L_0.mp3"}, {"que_text": "र", "noOfMistakes": "4", "que_id": "HI_S1_L_1", "isCorrect": false, "recordingName": "HI_S1_L_1.mp3"}, {"que_text": "ल", "noOfMistakes": "4", "que_id": "HI_S1_L_5", "isCorrect": true, "recordingName": "HI_S1_L_5.mp3"}, {"que_text": "श", "noOfMistakes": "4", "que_id": "HI_S1_L_4", "isCorrect": false, "recordingName": "HI_S1_L_4.mp3"}, {"que_text": "ह", "noOfMistakes": "4", "que_id": "HI_S1_L_3", "isCorrect": false, "recordingName": "HI_S1_L_3.mp3"}, {"que_text": "A", "noOfMistakes": "4", "que_id": "HI_S1_CL_0", "isCorrect": false, "recordingName": "HI_S1_CL_0.mp3"}, {"que_text": "J", "noOfMistakes": "4", "que_id": "HI_S1_CL_1", "isCorrect": false, "recordingName": "HI_S1_CL_1.mp3"}, {"que_text": "E", "noOfMistakes": "4", "que_id": "HI_S1_CL_4", "isCorrect": false, "recordingName": "HI_S1_CL_4.mp3"}, {"que_text": "O", "noOfMistakes": "4", "que_id": "HI_S1_CL_7", "isCorrect": true, "recordingName": "HI_S1_CL_7.mp3"}, {"que_text": "N", "noOfMistakes": "4", "que_id": "HI_S1_CL_6", "isCorrect": false, "recordingName": "HI_S1_CL_6.mp3"}], "deviceID": "c66208a6b7100eb2", "ageGroup": "5-7 years", "studClass": "1", "nativeProficiency": "Beginner", "date": "Fri Aug 30 17:57:29 IST 2019"}