{"englishProficiency": "Beginner", "sequenceList": [{"que_text": "पावसाळा सुरु झाला. आईने नवी तुळस लावली. तुळस भरभर वाढली. छान दिसू लागली.", "noOfMistakes": "200", "que_id": "MR_S2_P_1", "isCorrect": false, "recordingName": "MR_S2_P_1.mp3"}, {"que_text": "रवी", "noOfMistakes": "1", "que_id": "MR_S2_WD_4", "isCorrect": false, "recordingName": "MR_S2_WD_4.mp3"}, {"que_text": "ण", "noOfMistakes": "2", "que_id": "MH_S2_L_3", "isCorrect": false, "recordingName": "MH_S2_L_3.mp3"}, {"que_text": "त", "noOfMistakes": "2", "que_id": "MH_S2_L_1", "isCorrect": false, "recordingName": "MH_S2_L_1.mp3"}, {"que_text": "B", "noOfMistakes": "2", "que_id": "MR_S2_CL_0", "isCorrect": false, "recordingName": "MR_S2_CL_0.mp3"}, {"que_text": "V", "noOfMistakes": "2", "que_id": "MR_S2_CL_4", "isCorrect": false, "recordingName": "MR_S2_CL_4.mp3"}], "deviceID": "3ebaa9d14abd9a0f", "ageGroup": "5-7 years", "studClass": "1", "nativeProficiency": "Beginner", "date": "Fri Jul 12 15:54:44 GMT+05:30 2019"}