{"englishProficiency": "Test was not complete", "sequenceList": [{"que_text": "Where is your house?", "noOfMistakes": "1", "que_id": "HI_S1_S_0", "isCorrect": true, "recordingName": "HI_S1_S_0.mp3"}, {"que_text": "This is a small bag.", "noOfMistakes": "1", "que_id": "HI_S1_S_1", "isCorrect": false, "recordingName": "HI_S1_S_1.mp3"}, {"que_text": "I like to read.", "noOfMistakes": "0", "que_id": "HI_S1_S_2", "isCorrect": true, "recordingName": "HI_S1_S_2.mp3"}, {"que_text": "I have a fat  dog .", "noOfMistakes": "0", "que_id": "HI_S1_S_3", "isCorrect": true, "recordingName": "HI_S1_S_3.mp3"}], "deviceID": "17b1282ff4cdac0a", "ageGroup": "10-12 years", "studClass": "7", "date": "Thu Sep 05 15:32:02 IST 2019", "nativeProficiency": "Test was not complete"}