{"date": "Mon Sep 09 16:50:35 GMT+06:30 2019", "sequenceList": [{"recordingName": "HI_S4_P_1.mp3", "isCorrect": true, "que_text": "रूपा बाहर खेल रही थी। खेलते-खेलते रात हो गई। वह अपने घर चली गई। रूपा खाना खाकर सो गई।", "noOfMistakes": "0", "que_id": "HI_S4_P_1"}], "studClass": "8", "deviceID": "85b866ae30edb571", "ageGroup": "12-15 years", "nativeProficiency": "Paragraph"}