{"englishProficiency": "Capital letter", "sequenceList": [{"que_text": "आग", "noOfMistakes": "2", "que_id": "HI_S4_WD_0", "isCorrect": true, "recordingName": "HI_S4_WD_0.mp3"}, {"que_text": "सोच", "noOfMistakes": "2", "que_id": "HI_S4_WD_1", "isCorrect": false, "recordingName": "HI_S4_WD_1.mp3"}, {"que_text": "ताला", "noOfMistakes": "2", "que_id": "HI_S4_WD_2", "isCorrect": true, "recordingName": "HI_S4_WD_2.mp3"}, {"que_text": "गिर", "noOfMistakes": "2", "que_id": "HI_S4_WD_3", "isCorrect": false, "recordingName": "HI_S4_WD_3.mp3"}, {"que_text": "पानी", "noOfMistakes": "2", "que_id": "HI_S4_WD_4", "isCorrect": true, "recordingName": "HI_S4_WD_4.mp3"}, {"que_text": "D", "noOfMistakes": "0", "que_id": "HI_S4_CL_0", "isCorrect": true, "recordingName": "HI_S4_CL_0.mp3"}, {"que_text": "L", "noOfMistakes": "0", "que_id": "HI_S4_CL_1", "isCorrect": true, "recordingName": "HI_S4_CL_1.mp3"}, {"que_text": "T", "noOfMistakes": "0", "que_id": "HI_S4_CL_2", "isCorrect": true, "recordingName": "HI_S4_CL_2.mp3"}, {"que_text": "K", "noOfMistakes": "0", "que_id": "HI_S4_CL_3", "isCorrect": true, "recordingName": "HI_S4_CL_3.mp3"}, {"que_text": "G", "noOfMistakes": "0", "que_id": "HI_S4_CL_4", "isCorrect": true, "recordingName": "HI_S4_CL_4.mp3"}], "deviceID": "e8af865b4ad01dff", "ageGroup": "10-12 years", "studClass": "3", "nativeProficiency": "Letter", "date": "Fri Sep 13 15:59:24 GMT+05:30 2019"}