{"sequenceList": [{"recordingName": "HI_S1_P_1.mp3", "isCorrect": true, "que_text": " माँ ने हलवा बनाया। वह बहुत मीठा था। उसे सोनी ने खाया। खाने के बाद वह सो गई।", "noOfMistakes": "0", "que_id": "HI_S1_P_1"}, {"recordingName": "HI_S1_ST_0.mp3", "isCorrect": true, "que_text": "बहुत दिनों से बारिश हो रही थी। गाँव में सभी जगह गंदा पानी भर गया था। सभी बारिश के रुकने की राह देख रहे थे। अचानक एक दिन बारिश रुक गई। सूरज निकल आया। सब लोग खुश हो गये। आसमान में चिड़ियाँ उड़ने लगीं। लोग अपने कपड़े सुखाने लगे। बच्चे भी घरों से बाहर निकलकर खेलने लगे।", "noOfMistakes": "1", "que_id": "HI_S1_ST_0"}, {"answer": "19", "isCorrect": true, "que_text": "43 - 24", "noOfMistakes": "0", "que_id": "HI_S1_SB_7"}, {"answer": "27", "isCorrect": true, "que_text": "45 -18", "noOfMistakes": "0", "que_id": "HI_S1_SB_6"}, {"noOfMistakes": "1", "que_id": "HI_S1_D_1", "answer": "13", "remainder": "126", "isCorrect": false, "que_text": "769 / 6"}, {"recordingName": "HI_S1_CL_4.mp3", "isCorrect": true, "que_text": "E", "noOfMistakes": "0", "que_id": "HI_S1_CL_4"}, {"recordingName": "HI_S1_CL_7.mp3", "isCorrect": true, "que_text": "O", "noOfMistakes": "0", "que_id": "HI_S1_CL_7"}, {"recordingName": "HI_S1_CL_5.mp3", "isCorrect": true, "que_text": "Y", "noOfMistakes": "0", "que_id": "HI_S1_CL_5"}, {"recordingName": "HI_S1_CL_6.mp3", "isCorrect": true, "que_text": "N", "noOfMistakes": "0", "que_id": "HI_S1_CL_6"}, {"recordingName": "HI_S1_SL_7.mp3", "isCorrect": true, "que_text": "t", "noOfMistakes": "0", "que_id": "HI_S1_SL_7"}, {"recordingName": "HI_S1_SL_4.mp3", "isCorrect": true, "que_text": "m", "noOfMistakes": "0", "que_id": "HI_S1_SL_4"}, {"recordingName": "HI_S1_SL_6.mp3", "isCorrect": true, "que_text": "g", "noOfMistakes": "0", "que_id": "HI_S1_SL_6"}, {"recordingName": "HI_S1_SL_5.mp3", "isCorrect": true, "que_text": "d", "noOfMistakes": "0", "que_id": "HI_S1_SL_5"}, {"recordingName": "HI_S1_W_2.mp3", "isCorrect": true, "que_text": "sun", "noOfMistakes": "0", "que_id": "HI_S1_W_2"}, {"recordingName": "HI_S1_W_4.mp3", "isCorrect": true, "que_text": "fan", "noOfMistakes": "0", "que_id": "HI_S1_W_4"}, {"recordingName": "HI_S1_W_5.mp3", "isCorrect": true, "que_text": "bus", "noOfMistakes": "0", "que_id": "HI_S1_W_5"}, {"recordingName": "HI_S1_W_3.mp3", "isCorrect": true, "que_text": "lip", "noOfMistakes": "0", "que_id": "HI_S1_W_3"}, {"recordingName": "HI_S1_S_3.mp3", "isCorrect": true, "que_text": "I have a fat  dog .", "noOfMistakes": "0", "que_id": "HI_S1_S_3"}], "englishProficiency": "Sentence", "studClass": "8", "date": "Mon Sep 16 14:38:10 IST 2019", "mathematicsProficiency": "Subtraction", "deviceID": "fc386428b61a243e", "ageGroup": "12-15 years", "nativeProficiency": "Story"}