{"englishProficiency": "Beginner", "sequenceList": [{"que_text": "क", "noOfMistakes": "0", "que_id": "HI_S2_L_1", "isCorrect": true, "recordingName": "HI_S2_L_1.mp3"}, {"que_text": "त", "noOfMistakes": "0", "que_id": "HI_S2_L_7", "isCorrect": true, "recordingName": "HI_S2_L_7.mp3"}, {"que_text": "ब", "noOfMistakes": "0", "que_id": "HI_S2_L_3", "isCorrect": true, "recordingName": "HI_S2_L_3.mp3"}, {"que_text": "थ", "noOfMistakes": "0", "que_id": "HI_S2_L_5", "isCorrect": true, "recordingName": "HI_S2_L_5.mp3"}, {"que_text": "द", "noOfMistakes": "0", "que_id": "HI_S2_L_0", "isCorrect": true, "recordingName": "HI_S2_L_0.mp3"}, {"que_text": "कैसा", "noOfMistakes": "5", "que_id": "HI_S1_WD_1", "isCorrect": false, "recordingName": "HI_S1_WD_1.mp3"}, {"que_text": "पीला", "noOfMistakes": "5", "que_id": "HI_S1_WD_6", "isCorrect": false, "recordingName": "HI_S1_WD_6.mp3"}, {"que_text": "दिन", "noOfMistakes": "5", "que_id": "HI_S1_WD_8", "isCorrect": false, "recordingName": "HI_S1_WD_8.mp3"}, {"que_text": "काम", "noOfMistakes": "5", "que_id": "HI_S1_WD_5", "isCorrect": false, "recordingName": "HI_S1_WD_5.mp3"}, {"que_text": "मोर", "noOfMistakes": "5", "que_id": "HI_S1_WD_9", "isCorrect": false, "recordingName": "HI_S1_WD_9.mp3"}, {"que_text": "V", "noOfMistakes": "4", "que_id": "HI_S2_CL_4", "isCorrect": false, "recordingName": "HI_S2_CL_4.mp3"}, {"que_text": "B", "noOfMistakes": "4", "que_id": "HI_S2_CL_0", "isCorrect": true, "recordingName": "HI_S2_CL_0.mp3"}, {"que_text": "P", "noOfMistakes": "4", "que_id": "HI_S2_CL_6", "isCorrect": false, "recordingName": "HI_S2_CL_6.mp3"}, {"que_text": "M", "noOfMistakes": "4", "que_id": "HI_S2_CL_5", "isCorrect": false, "recordingName": "HI_S2_CL_5.mp3"}, {"que_text": "H", "noOfMistakes": "4", "que_id": "HI_S2_CL_1", "isCorrect": false, "recordingName": "HI_S2_CL_1.mp3"}, {"que_text": "z", "noOfMistakes": "4", "que_id": "HI_S2_SL_0", "isCorrect": true, "recordingName": "HI_S2_SL_0.mp3"}, {"que_text": "k", "noOfMistakes": "4", "que_id": "HI_S2_SL_7", "isCorrect": false, "recordingName": "HI_S2_SL_7.mp3"}, {"que_text": "o", "noOfMistakes": "4", "que_id": "HI_S2_SL_2", "isCorrect": false, "recordingName": "HI_S2_SL_2.mp3"}, {"que_text": "u", "noOfMistakes": "4", "que_id": "HI_S2_SL_5", "isCorrect": false, "recordingName": "HI_S2_SL_5.mp3"}, {"que_text": "s", "noOfMistakes": "4", "que_id": "HI_S2_SL_6", "isCorrect": false, "recordingName": "HI_S2_SL_6.mp3"}], "deviceID": "f80dd2f1223bdfc1", "ageGroup": "7-10 years", "studClass": "4", "nativeProficiency": "Letter", "date": "Fri Sep 06 15:58:57 IST 2019"}