{"sequenceList": [{"recordingName": "MR_S3_P_1.mp3", "isCorrect": false, "que_text": "अंगणात चिमणी येते. मी तिला दाणे टाकते. चिमणी दाणे खाते. खाऊन उडून जाते.", "noOfMistakes": "200", "que_id": "MR_S3_P_1"}, {"recordingName": "MR_S3_WD_1.mp3", "isCorrect": true, "que_text": "लाल", "noOfMistakes": "2", "que_id": "MR_S3_WD_1"}, {"recordingName": "MR_S3_WD_4.mp3", "isCorrect": false, "que_text": "मुळा", "noOfMistakes": "2", "que_id": "MR_S3_WD_4"}, {"recordingName": "MR_S3_WD_5.mp3", "isCorrect": true, "que_text": "दिवस", "noOfMistakes": "2", "que_id": "MR_S3_WD_5"}, {"recordingName": "MR_S3_WD_7.mp3", "isCorrect": false, "que_text": "जोर", "noOfMistakes": "2", "que_id": "MR_S3_WD_7"}, {"recordingName": "MH_S3_L_1.mp3", "isCorrect": true, "que_text": "स", "noOfMistakes": "0", "que_id": "MH_S3_L_1"}, {"recordingName": "MH_S3_L_4.mp3", "isCorrect": true, "que_text": "न", "noOfMistakes": "0", "que_id": "MH_S3_L_4"}, {"recordingName": "MH_S3_L_3.mp3", "isCorrect": true, "que_text": "ल", "noOfMistakes": "0", "que_id": "MH_S3_L_3"}, {"recordingName": "MH_S3_L_5.mp3", "isCorrect": true, "que_text": "द", "noOfMistakes": "0", "que_id": "MH_S3_L_5"}, {"recordingName": "MH_S3_L_8.mp3", "isCorrect": true, "que_text": "म", "noOfMistakes": "0", "que_id": "MH_S3_L_8"}, {"recordingName": "MR_S3_DD_1.mp3", "isCorrect": true, "que_text": "83", "noOfMistakes": "0", "que_id": "MR_S3_DD_1"}, {"recordingName": "MR_S3_DD_5.mp3", "isCorrect": true, "que_text": "28", "noOfMistakes": "0", "que_id": "MR_S3_DD_5"}, {"recordingName": "MR_S3_DD_4.mp3", "isCorrect": true, "que_text": "55", "noOfMistakes": "0", "que_id": "MR_S3_DD_4"}, {"recordingName": "MR_S3_DD_3.mp3", "isCorrect": true, "que_text": "27", "noOfMistakes": "0", "que_id": "MR_S3_DD_3"}, {"recordingName": "MR_S3_DD_8.mp3", "isCorrect": true, "que_text": "36", "noOfMistakes": "0", "que_id": "MR_S3_DD_8"}, {"recordingName": "MR_S3_CL_0.mp3", "isCorrect": true, "que_text": "C", "noOfMistakes": "2", "que_id": "MR_S3_CL_0"}, {"recordingName": "MR_S3_CL_4.mp3", "isCorrect": true, "que_text": "F", "noOfMistakes": "2", "que_id": "MR_S3_CL_4"}, {"recordingName": "MR_S3_CL_3.mp3", "isCorrect": false, "que_text": "Q", "noOfMistakes": "2", "que_id": "MR_S3_CL_3"}, {"recordingName": "MR_S3_CL_5.mp3", "isCorrect": false, "que_text": "W", "noOfMistakes": "2", "que_id": "MR_S3_CL_5"}, {"recordingName": "MR_S3_CL_7.mp3", "isCorrect": true, "que_text": "P", "noOfMistakes": "2", "que_id": "MR_S3_CL_7"}], "englishProficiency": "Beginner", "studClass": "2", "date": "Fri Aug 02 17:09:14 GMT+05:30 2019", "mathematicsProficiency": "Double digit", "deviceID": "3ebaa9d14abd9a0f", "ageGroup": "7-10 years", "nativeProficiency": "Letter"}