{"englishProficiency": "Beginner", "sequenceList": [{"que_text": "अंगणात चिमणी येते. मी तिला दाणे टाकते. चिमणी दाणे खाते. खाऊन उडून जाते.", "noOfMistakes": "200", "que_id": "MR_S3_P_1", "isCorrect": false, "recordingName": "MR_S3_P_1.mp3"}, {"que_text": "लाल", "noOfMistakes": "2", "que_id": "MR_S3_WD_1", "isCorrect": true, "recordingName": "MR_S3_WD_1.mp3"}, {"que_text": "मुळा", "noOfMistakes": "2", "que_id": "MR_S3_WD_4", "isCorrect": false, "recordingName": "MR_S3_WD_4.mp3"}, {"que_text": "दिवस", "noOfMistakes": "2", "que_id": "MR_S3_WD_5", "isCorrect": true, "recordingName": "MR_S3_WD_5.mp3"}, {"que_text": "जोर", "noOfMistakes": "2", "que_id": "MR_S3_WD_7", "isCorrect": false, "recordingName": "MR_S3_WD_7.mp3"}, {"que_text": "स", "noOfMistakes": "0", "que_id": "MH_S3_L_1", "isCorrect": true, "recordingName": "MH_S3_L_1.mp3"}, {"que_text": "न", "noOfMistakes": "0", "que_id": "MH_S3_L_4", "isCorrect": true, "recordingName": "MH_S3_L_4.mp3"}, {"que_text": "ल", "noOfMistakes": "0", "que_id": "MH_S3_L_3", "isCorrect": true, "recordingName": "MH_S3_L_3.mp3"}, {"que_text": "द", "noOfMistakes": "0", "que_id": "MH_S3_L_5", "isCorrect": true, "recordingName": "MH_S3_L_5.mp3"}, {"que_text": "म", "noOfMistakes": "0", "que_id": "MH_S3_L_8", "isCorrect": true, "recordingName": "MH_S3_L_8.mp3"}, {"que_text": "C", "noOfMistakes": "2", "que_id": "MR_S3_CL_0", "isCorrect": true, "recordingName": "MR_S3_CL_0.mp3"}, {"que_text": "F", "noOfMistakes": "2", "que_id": "MR_S3_CL_4", "isCorrect": true, "recordingName": "MR_S3_CL_4.mp3"}, {"que_text": "Q", "noOfMistakes": "2", "que_id": "MR_S3_CL_3", "isCorrect": false, "recordingName": "MR_S3_CL_3.mp3"}, {"que_text": "W", "noOfMistakes": "2", "que_id": "MR_S3_CL_5", "isCorrect": false, "recordingName": "MR_S3_CL_5.mp3"}, {"que_text": "P", "noOfMistakes": "2", "que_id": "MR_S3_CL_7", "isCorrect": true, "recordingName": "MR_S3_CL_7.mp3"}], "deviceID": "3ebaa9d14abd9a0f", "ageGroup": "7-10 years", "studClass": "2", "nativeProficiency": "Letter", "date": "Fri Aug 02 17:09:14 GMT+05:30 2019"}