{"sequenceList": [{"recordingName": "HI_S1_P_0.mp3", "isCorrect": true, "que_text": " राधा के पास एक तोता है। उसकी चोंच लाल है। वह बहुत बोलता है। सब को हँसाता है।", "noOfMistakes": "0", "que_id": "HI_S1_P_0"}, {"recordingName": "HI_S1_ST_0.mp3", "isCorrect": true, "que_text": "बहुत दिनों से बारिश हो रही थी। गाँव में सभी जगह गंदा पानी भर गया था। सभी बारिश के रुकने की राह देख रहे थे। अचानक एक दिन बारिश रुक गई। सूरज निकल आया। सब लोग खुश हो गये। आसमान में चिड़ियाँ उड़ने लगीं। लोग अपने कपड़े सुखाने लगे। बच्चे भी घरों से बाहर निकलकर खेलने लगे।", "noOfMistakes": "0", "que_id": "HI_S1_ST_0"}, {"answer": "19", "isCorrect": true, "que_text": "56 - 37", "noOfMistakes": "0", "que_id": "HI_S1_SB_4"}, {"answer": "35", "isCorrect": true, "que_text": "84 - 49", "noOfMistakes": "0", "que_id": "HI_S1_SB_2"}, {"noOfMistakes": "0", "que_id": "HI_S1_D_1", "answer": "1", "remainder": "128", "isCorrect": true, "que_text": "769 / 6"}, {"recordingName": "HI_S1_CL_0.mp3", "isCorrect": true, "que_text": "A", "noOfMistakes": "0", "que_id": "HI_S1_CL_0"}, {"recordingName": "HI_S1_CL_1.mp3", "isCorrect": true, "que_text": "J", "noOfMistakes": "0", "que_id": "HI_S1_CL_1"}, {"recordingName": "HI_S1_CL_2.mp3", "isCorrect": true, "que_text": "Q", "noOfMistakes": "0", "que_id": "HI_S1_CL_2"}, {"recordingName": "HI_S1_CL_3.mp3", "isCorrect": true, "que_text": "R", "noOfMistakes": "0", "que_id": "HI_S1_CL_3"}, {"recordingName": "HI_S1_CL_4.mp3", "isCorrect": true, "que_text": "E", "noOfMistakes": "0", "que_id": "HI_S1_CL_4"}, {"recordingName": "HI_S1_SL_0.mp3", "isCorrect": true, "que_text": "h", "noOfMistakes": "0", "que_id": "HI_S1_SL_0"}, {"recordingName": "HI_S1_SL_1.mp3", "isCorrect": true, "que_text": "p", "noOfMistakes": "0", "que_id": "HI_S1_SL_1"}, {"recordingName": "HI_S1_SL_2.mp3", "isCorrect": true, "que_text": "x", "noOfMistakes": "0", "que_id": "HI_S1_SL_2"}, {"recordingName": "HI_S1_SL_3.mp3", "isCorrect": true, "que_text": "u", "noOfMistakes": "0", "que_id": "HI_S1_SL_3"}, {"recordingName": "HI_S1_SL_4.mp3", "isCorrect": true, "que_text": "m", "noOfMistakes": "0", "que_id": "HI_S1_SL_4"}, {"recordingName": "HI_S1_W_0.mp3", "isCorrect": true, "que_text": "cat", "noOfMistakes": "1", "que_id": "HI_S1_W_0"}, {"recordingName": "HI_S1_W_1.mp3", "isCorrect": true, "que_text": "red", "noOfMistakes": "1", "que_id": "HI_S1_W_1"}, {"recordingName": "HI_S1_W_2.mp3", "isCorrect": true, "que_text": "sun", "noOfMistakes": "1", "que_id": "HI_S1_W_2"}, {"recordingName": "HI_S1_W_3.mp3", "isCorrect": false, "que_text": "lip", "noOfMistakes": "1", "que_id": "HI_S1_W_3"}, {"recordingName": "HI_S1_W_4.mp3", "isCorrect": true, "que_text": "fan", "noOfMistakes": "1", "que_id": "HI_S1_W_4"}, {"recordingName": "HI_S1_S_0.mp3", "isCorrect": false, "que_text": "Where is your house?", "noOfMistakes": "200", "que_id": "HI_S1_S_0"}], "englishProficiency": "word", "studClass": "5", "date": "Wed Sep 11 16:14:00 IST 2019", "mathematicsProficiency": "Division", "deviceID": "3f4f2e087203bd32", "ageGroup": "10-12 years", "nativeProficiency": "Story"}