{"date": "Tue Sep 03 16:39:35 IST 2019", "sequenceList": [{"recordingName": "MR_S3_P_0.mp3", "isCorrect": false, "que_text": "फुगेवाला आला. लाल, निळे, फुगे आणले. मुलांनी फुगे घेतले. हातातून ते सुटून गेले.", "noOfMistakes": "200", "que_id": "MR_S3_P_0"}, {"recordingName": "MR_S3_WD_1.mp3", "isCorrect": false, "que_text": "लाल", "noOfMistakes": "4", "que_id": "MR_S3_WD_1"}, {"recordingName": "MR_S3_WD_2.mp3", "isCorrect": false, "que_text": "पूर", "noOfMistakes": "4", "que_id": "MR_S3_WD_2"}, {"recordingName": "MR_S3_WD_3.mp3", "isCorrect": false, "que_text": "फेटा", "noOfMistakes": "4", "que_id": "MR_S3_WD_3"}, {"recordingName": "MR_S3_WD_4.mp3", "isCorrect": false, "que_text": "मुळा", "noOfMistakes": "4", "que_id": "MR_S3_WD_4"}, {"recordingName": "MR_S3_L_0.mp3", "isCorrect": true, "que_text": "क", "noOfMistakes": "0", "que_id": "MR_S3_L_0"}, {"recordingName": "MR_S3_L_4.mp3", "isCorrect": true, "que_text": "न", "noOfMistakes": "0", "que_id": "MR_S3_L_4"}, {"recordingName": "MR_S3_L_5.mp3", "isCorrect": true, "que_text": "द", "noOfMistakes": "0", "que_id": "MR_S3_L_5"}, {"recordingName": "MR_S3_L_7.mp3", "isCorrect": true, "que_text": "र", "noOfMistakes": "0", "que_id": "MR_S3_L_7"}, {"recordingName": "MR_S3_L_8.mp3", "isCorrect": true, "que_text": "म", "noOfMistakes": "0", "que_id": "MR_S3_L_8"}, {"recordingName": "MR_S3_CL_0.mp3", "isCorrect": true, "que_text": "C", "noOfMistakes": "0", "que_id": "MR_S3_CL_0"}, {"recordingName": "MR_S3_CL_4.mp3", "isCorrect": true, "que_text": "F", "noOfMistakes": "0", "que_id": "MR_S3_CL_4"}, {"recordingName": "MR_S3_CL_5.mp3", "isCorrect": true, "que_text": "W", "noOfMistakes": "0", "que_id": "MR_S3_CL_5"}, {"recordingName": "MR_S3_CL_6.mp3", "isCorrect": true, "que_text": "O", "noOfMistakes": "0", "que_id": "MR_S3_CL_6"}, {"recordingName": "MR_S3_CL_7.mp3", "isCorrect": true, "que_text": "P", "noOfMistakes": "0", "que_id": "MR_S3_CL_7"}, {"recordingName": "MR_S3_SL_1.mp3", "isCorrect": true, "que_text": "p", "noOfMistakes": "0", "que_id": "MR_S3_SL_1"}, {"recordingName": "MR_S3_SL_5.mp3", "isCorrect": true, "que_text": "j", "noOfMistakes": "0", "que_id": "MR_S3_SL_5"}, {"recordingName": "MR_S3_SL_2.mp3", "isCorrect": true, "que_text": "g", "noOfMistakes": "0", "que_id": "MR_S3_SL_2"}, {"recordingName": "MR_S3_SL_7.mp3", "isCorrect": true, "que_text": "b", "noOfMistakes": "0", "que_id": "MR_S3_SL_7"}, {"recordingName": "MR_S3_SL_4.mp3", "isCorrect": true, "que_text": "e", "noOfMistakes": "0", "que_id": "MR_S3_SL_4"}, {"recordingName": "MR_S3_W_0.mp3", "isCorrect": false, "que_text": "day", "noOfMistakes": "3", "que_id": "MR_S3_W_0"}, {"recordingName": "MR_S3_W_4.mp3", "isCorrect": false, "que_text": "rat", "noOfMistakes": "3", "que_id": "MR_S3_W_4"}, {"recordingName": "MR_S3_W_2.mp3", "isCorrect": false, "que_text": "sit", "noOfMistakes": "3", "que_id": "MR_S3_W_2"}], "englishProficiency": "Small letter", "studClass": "3", "deviceID": "2a595d8d0d2c5a1b", "ageGroup": "7-10 years", "nativeProficiency": "Letter"}