{"sequenceList": [{"recordingName": "MR_S4_P_1.mp3", "isCorrect": false, "que_text": "आज रविवार आहे. शाळेला रजा आहे. सगळे मिळून खेळूया. आज खेळायचा दिवस आहे.", "noOfMistakes": "200", "que_id": "MR_S4_P_1"}, {"recordingName": "MR_S4_WD_4.mp3", "isCorrect": true, "que_text": "विमान", "noOfMistakes": "1", "que_id": "MR_S4_WD_4"}, {"recordingName": "MR_S4_WD_5.mp3", "isCorrect": true, "que_text": "लाल", "noOfMistakes": "1", "que_id": "MR_S4_WD_5"}, {"recordingName": "MR_S4_WD_3.mp3", "isCorrect": true, "que_text": "पाऊस", "noOfMistakes": "1", "que_id": "MR_S4_WD_3"}, {"recordingName": "MR_S4_WD_7.mp3", "isCorrect": true, "que_text": "केळे", "noOfMistakes": "1", "que_id": "MR_S4_WD_7"}, {"recordingName": "MR_S4_WD_1.mp3", "isCorrect": false, "que_text": "फेटा", "noOfMistakes": "1", "que_id": "MR_S4_WD_1"}, {"answer": "-", "isCorrect": false, "que_text": "43 - 26", "noOfMistakes": "1", "que_id": "MR_S4_SB_1"}, {"recordingName": "MR_S4_DD_1.mp3", "isCorrect": true, "que_text": "24", "noOfMistakes": "1", "que_id": "MR_S4_DD_1"}, {"recordingName": "MR_S4_DD_4.mp3", "isCorrect": true, "que_text": "23", "noOfMistakes": "1", "que_id": "MR_S4_DD_4"}, {"recordingName": "MR_S4_DD_7.mp3", "isCorrect": true, "que_text": "61", "noOfMistakes": "1", "que_id": "MR_S4_DD_7"}, {"recordingName": "MR_S4_DD_2.mp3", "isCorrect": false, "que_text": "92", "noOfMistakes": "1", "que_id": "MR_S4_DD_2"}, {"recordingName": "MR_S4_DD_0.mp3", "isCorrect": true, "que_text": "71", "noOfMistakes": "1", "que_id": "MR_S4_DD_0"}, {"recordingName": "MR_S4_CL_0.mp3", "isCorrect": true, "que_text": "D", "noOfMistakes": "1", "que_id": "MR_S4_CL_0"}, {"recordingName": "MR_S4_CL_4.mp3", "isCorrect": true, "que_text": "G", "noOfMistakes": "1", "que_id": "MR_S4_CL_4"}, {"recordingName": "MR_S4_CL_5.mp3", "isCorrect": false, "que_text": "X", "noOfMistakes": "1", "que_id": "MR_S4_CL_5"}, {"recordingName": "MR_S4_CL_3.mp3", "isCorrect": true, "que_text": "K", "noOfMistakes": "1", "que_id": "MR_S4_CL_3"}, {"recordingName": "MR_S4_CL_1.mp3", "isCorrect": true, "que_text": "L", "noOfMistakes": "1", "que_id": "MR_S4_CL_1"}, {"recordingName": "MR_S4_SL_0.mp3", "isCorrect": true, "que_text": "y", "noOfMistakes": "1", "que_id": "MR_S4_SL_0"}, {"recordingName": "MR_S4_SL_4.mp3", "isCorrect": false, "que_text": "v", "noOfMistakes": "1", "que_id": "MR_S4_SL_4"}, {"recordingName": "MR_S4_SL_3.mp3", "isCorrect": true, "que_text": "s", "noOfMistakes": "1", "que_id": "MR_S4_SL_3"}, {"recordingName": "MR_S4_SL_7.mp3", "isCorrect": true, "que_text": "h", "noOfMistakes": "1", "que_id": "MR_S4_SL_7"}, {"recordingName": "MR_S4_SL_5.mp3", "isCorrect": true, "que_text": "m", "noOfMistakes": "1", "que_id": "MR_S4_SL_5"}, {"recordingName": "MR_S4_W_1.mp3", "isCorrect": false, "que_text": "fat", "noOfMistakes": "1", "que_id": "MR_S4_W_1"}], "englishProficiency": "Small letter", "studClass": "5", "date": "Sat Jul 13 12:33:10 GMT+05:30 2019", "mathematicsProficiency": "Double digit", "deviceID": "3ebaa9d14abd9a0f", "ageGroup": "10-12 years", "nativeProficiency": "Word"}