{"englishProficiency": "Small letter", "sequenceList": [{"que_text": "गीता बागेत आली. तिकडे तिला मंजू भेटली. दोघींनी जोरात झोका घेतला. आज खूपच मजा आली.", "noOfMistakes": "5", "que_id": "MR_S4_P_0", "isCorrect": false, "recordingName": "MR_S4_P_0.mp3"}, {"que_text": "फेटा", "noOfMistakes": "1", "que_id": "MR_S4_WD_1", "isCorrect": false, "recordingName": "MR_S4_WD_1.mp3"}, {"que_text": "विमान", "noOfMistakes": "1", "que_id": "MR_S4_WD_4", "isCorrect": true, "recordingName": "MR_S4_WD_4.mp3"}, {"que_text": "केळे", "noOfMistakes": "1", "que_id": "MR_S4_WD_7", "isCorrect": true, "recordingName": "MR_S4_WD_7.mp3"}, {"que_text": "लाल", "noOfMistakes": "1", "que_id": "MR_S4_WD_5", "isCorrect": true, "recordingName": "MR_S4_WD_5.mp3"}, {"que_text": "पूर", "noOfMistakes": "1", "que_id": "MR_S4_WD_8", "isCorrect": true, "recordingName": "MR_S4_WD_8.mp3"}, {"que_text": "D", "noOfMistakes": "0", "que_id": "MR_S4_CL_0", "isCorrect": true, "recordingName": "MR_S4_CL_0.mp3"}, {"que_text": "G", "noOfMistakes": "0", "que_id": "MR_S4_CL_4", "isCorrect": true, "recordingName": "MR_S4_CL_4.mp3"}, {"que_text": "N", "noOfMistakes": "0", "que_id": "MR_S4_CL_7", "isCorrect": true, "recordingName": "MR_S4_CL_7.mp3"}, {"que_text": "X", "noOfMistakes": "0", "que_id": "MR_S4_CL_5", "isCorrect": true, "recordingName": "MR_S4_CL_5.mp3"}, {"que_text": "L", "noOfMistakes": "0", "que_id": "MR_S4_CL_1", "isCorrect": true, "recordingName": "MR_S4_CL_1.mp3"}, {"que_text": "y", "noOfMistakes": "0", "que_id": "MR_S4_SL_0", "isCorrect": true, "recordingName": "MR_S4_SL_0.mp3"}, {"que_text": "v", "noOfMistakes": "0", "que_id": "MR_S4_SL_4", "isCorrect": true, "recordingName": "MR_S4_SL_4.mp3"}, {"que_text": "h", "noOfMistakes": "0", "que_id": "MR_S4_SL_7", "isCorrect": true, "recordingName": "MR_S4_SL_7.mp3"}, {"que_text": "m", "noOfMistakes": "0", "que_id": "MR_S4_SL_5", "isCorrect": true, "recordingName": "MR_S4_SL_5.mp3"}, {"que_text": "f", "noOfMistakes": "0", "que_id": "MR_S4_SL_1", "isCorrect": true, "recordingName": "MR_S4_SL_1.mp3"}, {"que_text": "fat", "noOfMistakes": "4", "que_id": "MR_S4_W_1", "isCorrect": true, "recordingName": "MR_S4_W_1.mp3"}, {"que_text": "out", "noOfMistakes": "4", "que_id": "MR_S4_W_4", "isCorrect": false, "recordingName": "MR_S4_W_4.mp3"}, {"que_text": "box", "noOfMistakes": "4", "que_id": "MR_S4_W_5", "isCorrect": false, "recordingName": "MR_S4_W_5.mp3"}, {"que_text": "cup", "noOfMistakes": "4", "que_id": "MR_S4_W_2", "isCorrect": false, "recordingName": "MR_S4_W_2.mp3"}, {"que_text": "boy", "noOfMistakes": "4", "que_id": "MR_S4_W_3", "isCorrect": false, "recordingName": "MR_S4_W_3.mp3"}], "deviceID": "3ebaa9d14abd9a0f", "ageGroup": "12-15 years", "studClass": "7", "nativeProficiency": "Word", "date": "Mon Jul 01 15:08:57 GMT+05:30 2019"}