{"englishProficiency": "Beginner", "sequenceList": [{"que_text": "ह", "noOfMistakes": "0", "que_id": "HI_S2_L_6", "isCorrect": true, "recordingName": "HI_S2_L_6.mp3"}, {"que_text": "च", "noOfMistakes": "0", "que_id": "HI_S2_L_2", "isCorrect": true, "recordingName": "HI_S2_L_2.mp3"}, {"que_text": "क", "noOfMistakes": "0", "que_id": "HI_S2_L_1", "isCorrect": true, "recordingName": "HI_S2_L_1.mp3"}, {"que_text": "ब", "noOfMistakes": "0", "que_id": "HI_S2_L_3", "isCorrect": true, "recordingName": "HI_S2_L_3.mp3"}, {"que_text": "थ", "noOfMistakes": "0", "que_id": "HI_S2_L_5", "isCorrect": true, "recordingName": "HI_S2_L_5.mp3"}, {"que_text": "B", "noOfMistakes": "3", "que_id": "HI_S2_CL_0", "isCorrect": false, "recordingName": "HI_S2_CL_0.mp3"}, {"que_text": "H", "noOfMistakes": "3", "que_id": "HI_S2_CL_1", "isCorrect": false, "recordingName": "HI_S2_CL_1.mp3"}, {"que_text": "M", "noOfMistakes": "3", "que_id": "HI_S2_CL_5", "isCorrect": true, "recordingName": "HI_S2_CL_5.mp3"}, {"que_text": "R", "noOfMistakes": "3", "que_id": "HI_S2_CL_2", "isCorrect": false, "recordingName": "HI_S2_CL_2.mp3"}, {"que_text": "L", "noOfMistakes": "3", "que_id": "HI_S2_CL_3", "isCorrect": true, "recordingName": "HI_S2_CL_3.mp3"}], "deviceID": "6e525a9711d8a22a", "ageGroup": "7-10 years", "studClass": "2", "nativeProficiency": "Letter", "date": "Tue Sep 17 13:10:15 IST 2019"}