{"sequenceList": [{"recordingName": "HI_S2_P_0.mp3", "isCorrect": false, "que_text": "सोनी के पास एक माला है। उसमें बहुत सारे मोती हैं। मोती पीले रंग के हैं। सोनी उसे पहनती है।", "noOfMistakes": "200", "que_id": "HI_S2_P_0"}, {"recordingName": "HI_S1_WD_0.mp3", "isCorrect": false, "que_text": "हीरा", "noOfMistakes": "5", "que_id": "HI_S1_WD_0"}, {"recordingName": "HI_S1_WD_1.mp3", "isCorrect": false, "que_text": "कैसा", "noOfMistakes": "5", "que_id": "HI_S1_WD_1"}, {"recordingName": "HI_S1_WD_2.mp3", "isCorrect": false, "que_text": "शेर", "noOfMistakes": "5", "que_id": "HI_S1_WD_2"}, {"recordingName": "HI_S1_WD_3.mp3", "isCorrect": false, "que_text": "नानी", "noOfMistakes": "5", "que_id": "HI_S1_WD_3"}, {"recordingName": "HI_S1_WD_4.mp3", "isCorrect": false, "que_text": "भालू", "noOfMistakes": "5", "que_id": "HI_S1_WD_4"}, {"recordingName": "HI_S2_L_3.mp3", "isCorrect": true, "que_text": "ब", "noOfMistakes": "1", "que_id": "HI_S2_L_3"}, {"recordingName": "HI_S2_L_1.mp3", "isCorrect": true, "que_text": "क", "noOfMistakes": "1", "que_id": "HI_S2_L_1"}, {"recordingName": "HI_S2_L_0.mp3", "isCorrect": false, "que_text": "द", "noOfMistakes": "1", "que_id": "HI_S2_L_0"}, {"recordingName": "HI_S2_L_2.mp3", "isCorrect": true, "que_text": "च", "noOfMistakes": "1", "que_id": "HI_S2_L_2"}, {"recordingName": "HI_S2_L_4.mp3", "isCorrect": true, "que_text": "ल", "noOfMistakes": "1", "que_id": "HI_S2_L_4"}, {"answer": "-", "isCorrect": false, "que_text": "47-29", "noOfMistakes": "2", "que_id": "HI_S2_SB_2"}, {"answer": "-", "isCorrect": false, "que_text": "41-15", "noOfMistakes": "2", "que_id": "HI_S2_SB_4"}, {"recordingName": "HI_S2_DD_0.mp3", "isCorrect": false, "que_text": "76", "noOfMistakes": "5", "que_id": "HI_S2_DD_0"}, {"recordingName": "HI_S2_DD_1.mp3", "isCorrect": false, "que_text": "58", "noOfMistakes": "5", "que_id": "HI_S2_DD_1"}, {"recordingName": "HI_S2_DD_2.mp3", "isCorrect": false, "que_text": "69", "noOfMistakes": "5", "que_id": "HI_S2_DD_2"}, {"recordingName": "HI_S2_DD_3.mp3", "isCorrect": false, "que_text": "99", "noOfMistakes": "5", "que_id": "HI_S2_DD_3"}, {"recordingName": "HI_S2_DD_4.mp3", "isCorrect": false, "que_text": "34", "noOfMistakes": "5", "que_id": "HI_S2_DD_4"}, {"recordingName": "HI_S2_SD_0.mp3", "isCorrect": true, "que_text": "2", "noOfMistakes": "0", "que_id": "HI_S2_SD_0"}, {"recordingName": "HI_S2_SD_1.mp3", "isCorrect": true, "que_text": "7", "noOfMistakes": "0", "que_id": "HI_S2_SD_1"}, {"recordingName": "HI_S2_SD_7.mp3", "isCorrect": true, "que_text": "1", "noOfMistakes": "0", "que_id": "HI_S2_SD_7"}, {"recordingName": "HI_S2_SD_6.mp3", "isCorrect": true, "que_text": "4", "noOfMistakes": "0", "que_id": "HI_S2_SD_6"}, {"recordingName": "HI_S2_SD_5.mp3", "isCorrect": true, "que_text": "8", "noOfMistakes": "0", "que_id": "HI_S2_SD_5"}, {"recordingName": "HI_S2_CL_0.mp3", "isCorrect": false, "que_text": "B", "noOfMistakes": "2", "que_id": "HI_S2_CL_0"}, {"recordingName": "HI_S2_CL_4.mp3", "isCorrect": true, "que_text": "V", "noOfMistakes": "2", "que_id": "HI_S2_CL_4"}, {"recordingName": "HI_S2_CL_5.mp3", "isCorrect": true, "que_text": "M", "noOfMistakes": "2", "que_id": "HI_S2_CL_5"}, {"recordingName": "HI_S2_CL_2.mp3", "isCorrect": false, "que_text": "R", "noOfMistakes": "2", "que_id": "HI_S2_CL_2"}, {"recordingName": "HI_S2_CL_3.mp3", "isCorrect": true, "que_text": "L", "noOfMistakes": "2", "que_id": "HI_S2_CL_3"}], "englishProficiency": "Beginner", "studClass": "2", "date": "Fri Aug 23 16:21:47 IST 2019", "mathematicsProficiency": "Single digit", "deviceID": "c66208a6b7100eb2", "ageGroup": "5-7 years", "nativeProficiency": "Letter"}