{"englishProficiency": "Beginner", "sequenceList": [{"que_text": "ल", "noOfMistakes": "2", "que_id": "MH_S3_L_3", "isCorrect": false, "recordingName": "MH_S3_L_3.mp3"}, {"que_text": "न", "noOfMistakes": "2", "que_id": "MH_S3_L_4", "isCorrect": false, "recordingName": "MH_S3_L_4.mp3"}, {"que_text": "Q", "noOfMistakes": "2", "que_id": "MR_S3_CL_3", "isCorrect": false, "recordingName": "MR_S3_CL_3.mp3"}, {"que_text": "P", "noOfMistakes": "2", "que_id": "MR_S3_CL_7", "isCorrect": false, "recordingName": "MR_S3_CL_7.mp3"}], "deviceID": "3ebaa9d14abd9a0f", "ageGroup": "7-10 years", "studClass": "2", "nativeProficiency": "Beginner", "date": "Wed Aug 07 17:07:47 GMT+05:30 2019"}