{"sequenceList": [{"recordingName": "MR_S4_L_0.mp3", "isCorrect": true, "que_text": "ख", "noOfMistakes": "0", "que_id": "MR_S4_L_0"}, {"recordingName": "MR_S4_L_6.mp3", "isCorrect": true, "que_text": "भ", "noOfMistakes": "0", "que_id": "MR_S4_L_6"}, {"recordingName": "MR_S4_L_7.mp3", "isCorrect": true, "que_text": "ण", "noOfMistakes": "0", "que_id": "MR_S4_L_7"}, {"recordingName": "MR_S4_L_9.mp3", "isCorrect": true, "que_text": "व", "noOfMistakes": "0", "que_id": "MR_S4_L_9"}, {"recordingName": "MR_S4_L_8.mp3", "isCorrect": true, "que_text": "ढ", "noOfMistakes": "0", "que_id": "MR_S4_L_8"}, {"answer": "26", "isCorrect": true, "que_text": "61 - 35", "noOfMistakes": "0", "que_id": "MR_S4_SB_3"}, {"answer": "08", "isCorrect": true, "que_text": "26 - 18", "noOfMistakes": "0", "que_id": "MR_S4_SB_7"}, {"recordingName": "MR_S4_CL_0.mp3", "isCorrect": true, "que_text": "D", "noOfMistakes": "1", "que_id": "MR_S4_CL_0"}, {"recordingName": "MR_S4_CL_6.mp3", "isCorrect": true, "que_text": "P", "noOfMistakes": "1", "que_id": "MR_S4_CL_6"}, {"recordingName": "MR_S4_CL_7.mp3", "isCorrect": true, "que_text": "N", "noOfMistakes": "1", "que_id": "MR_S4_CL_7"}, {"recordingName": "MR_S4_CL_3.mp3", "isCorrect": false, "que_text": "K", "noOfMistakes": "1", "que_id": "MR_S4_CL_3"}, {"recordingName": "MR_S4_CL_5.mp3", "isCorrect": true, "que_text": "X", "noOfMistakes": "1", "que_id": "MR_S4_CL_5"}, {"recordingName": "MR_S4_SL_0.mp3", "isCorrect": true, "que_text": "y", "noOfMistakes": "0", "que_id": "MR_S4_SL_0"}, {"recordingName": "MR_S4_SL_6.mp3", "isCorrect": true, "que_text": "a", "noOfMistakes": "0", "que_id": "MR_S4_SL_6"}, {"recordingName": "MR_S4_SL_7.mp3", "isCorrect": true, "que_text": "h", "noOfMistakes": "0", "que_id": "MR_S4_SL_7"}, {"recordingName": "MR_S4_SL_3.mp3", "isCorrect": true, "que_text": "s", "noOfMistakes": "0", "que_id": "MR_S4_SL_3"}, {"recordingName": "MR_S4_SL_5.mp3", "isCorrect": true, "que_text": "m", "noOfMistakes": "0", "que_id": "MR_S4_SL_5"}], "englishProficiency": "Small letter", "studClass": "4", "date": "Thu Sep 05 16:34:04 IST 2019", "mathematicsProficiency": "Subtraction", "deviceID": "2a4ca791bd63d9c4", "ageGroup": "7-10 years", "nativeProficiency": "Letter"}