{"sequenceList": [{"recordingName": "HI_S4_P_0.mp3", "isCorrect": false, "que_text": "बग़ीचे में पेड़ हैं। पेड़ पर एक तोता रहता है। तोते का रंग हरा है। वह लाल टमाटर खाता है।", "noOfMistakes": "200", "que_id": "HI_S4_P_0"}, {"recordingName": "HI_S4_WD_0.mp3", "isCorrect": false, "que_text": "आग", "noOfMistakes": "5", "que_id": "HI_S4_WD_0"}, {"recordingName": "HI_S4_WD_4.mp3", "isCorrect": false, "que_text": "पानी", "noOfMistakes": "5", "que_id": "HI_S4_WD_4"}, {"recordingName": "HI_S4_WD_5.mp3", "isCorrect": false, "que_text": "चौकी", "noOfMistakes": "5", "que_id": "HI_S4_WD_5"}, {"recordingName": "HI_S4_WD_1.mp3", "isCorrect": false, "que_text": "सोच", "noOfMistakes": "5", "que_id": "HI_S4_WD_1"}, {"recordingName": "HI_S4_WD_2.mp3", "isCorrect": false, "que_text": "ताला", "noOfMistakes": "5", "que_id": "HI_S4_WD_2"}, {"recordingName": "HI_S4_L_2.mp3", "isCorrect": true, "que_text": "म", "noOfMistakes": "0", "que_id": "HI_S4_L_2"}, {"recordingName": "HI_S4_L_8.mp3", "isCorrect": true, "que_text": "ल", "noOfMistakes": "0", "que_id": "HI_S4_L_8"}, {"recordingName": "HI_S4_L_5.mp3", "isCorrect": true, "que_text": "प", "noOfMistakes": "0", "que_id": "HI_S4_L_5"}, {"recordingName": "HI_S4_L_3.mp3", "isCorrect": true, "que_text": "च", "noOfMistakes": "0", "que_id": "HI_S4_L_3"}, {"recordingName": "HI_S4_L_0.mp3", "isCorrect": true, "que_text": "न", "noOfMistakes": "0", "que_id": "HI_S4_L_0"}, {"answer": "-", "isCorrect": false, "que_text": "41 - 13", "noOfMistakes": "2", "que_id": "HI_S4_SB_1"}, {"answer": "-", "isCorrect": false, "que_text": "63 - 44", "noOfMistakes": "2", "que_id": "HI_S4_SB_0"}, {"recordingName": "HI_S4_DD_1.mp3", "isCorrect": true, "que_text": "24", "noOfMistakes": "2", "que_id": "HI_S4_DD_1"}, {"recordingName": "HI_S4_DD_9.mp3", "isCorrect": true, "que_text": "14", "noOfMistakes": "2", "que_id": "HI_S4_DD_9"}, {"recordingName": "HI_S4_DD_2.mp3", "isCorrect": false, "que_text": "92", "noOfMistakes": "2", "que_id": "HI_S4_DD_2"}, {"recordingName": "HI_S4_DD_4.mp3", "isCorrect": true, "que_text": "23", "noOfMistakes": "2", "que_id": "HI_S4_DD_4"}, {"recordingName": "HI_S4_DD_5.mp3", "isCorrect": false, "que_text": "79", "noOfMistakes": "2", "que_id": "HI_S4_DD_5"}, {"recordingName": "HI_S4_SD_1.mp3", "isCorrect": true, "que_text": "7", "noOfMistakes": "0", "que_id": "HI_S4_SD_1"}, {"recordingName": "HI_S4_SD_2.mp3", "isCorrect": true, "que_text": "8", "noOfMistakes": "0", "que_id": "HI_S4_SD_2"}, {"recordingName": "HI_S4_SD_4.mp3", "isCorrect": true, "que_text": "2", "noOfMistakes": "0", "que_id": "HI_S4_SD_4"}, {"recordingName": "HI_S4_SD_5.mp3", "isCorrect": true, "que_text": "9", "noOfMistakes": "0", "que_id": "HI_S4_SD_5"}, {"recordingName": "HI_S4_SD_3.mp3", "isCorrect": true, "que_text": "4", "noOfMistakes": "0", "que_id": "HI_S4_SD_3"}, {"recordingName": "HI_S4_CL_1.mp3", "isCorrect": true, "que_text": "L", "noOfMistakes": "0", "que_id": "HI_S4_CL_1"}, {"recordingName": "HI_S4_CL_4.mp3", "isCorrect": true, "que_text": "G", "noOfMistakes": "0", "que_id": "HI_S4_CL_4"}, {"recordingName": "HI_S4_CL_7.mp3", "isCorrect": true, "que_text": "N", "noOfMistakes": "0", "que_id": "HI_S4_CL_7"}, {"recordingName": "HI_S4_CL_2.mp3", "isCorrect": true, "que_text": "T", "noOfMistakes": "0", "que_id": "HI_S4_CL_2"}, {"recordingName": "HI_S4_CL_5.mp3", "isCorrect": true, "que_text": "X", "noOfMistakes": "0", "que_id": "HI_S4_CL_5"}, {"recordingName": "HI_S4_SL_1.mp3", "isCorrect": true, "que_text": "f", "noOfMistakes": "1", "que_id": "HI_S4_SL_1"}, {"recordingName": "HI_S4_SL_5.mp3", "isCorrect": true, "que_text": "m", "noOfMistakes": "1", "que_id": "HI_S4_SL_5"}, {"recordingName": "HI_S4_SL_4.mp3", "isCorrect": true, "que_text": "v", "noOfMistakes": "1", "que_id": "HI_S4_SL_4"}, {"recordingName": "HI_S4_SL_0.mp3", "isCorrect": false, "que_text": "y", "noOfMistakes": "1", "que_id": "HI_S4_SL_0"}, {"recordingName": "HI_S4_SL_7.mp3", "isCorrect": true, "que_text": "h", "noOfMistakes": "1", "que_id": "HI_S4_SL_7"}, {"recordingName": "HI_S4_W_0.mp3", "isCorrect": false, "que_text": "dog", "noOfMistakes": "5", "que_id": "HI_S4_W_0"}, {"recordingName": "HI_S4_W_4.mp3", "isCorrect": false, "que_text": "man", "noOfMistakes": "5", "que_id": "HI_S4_W_4"}, {"recordingName": "HI_S4_W_2.mp3", "isCorrect": false, "que_text": "cup", "noOfMistakes": "5", "que_id": "HI_S4_W_2"}, {"recordingName": "HI_S4_W_1.mp3", "isCorrect": false, "que_text": "fat", "noOfMistakes": "5", "que_id": "HI_S4_W_1"}, {"recordingName": "HI_S4_W_5.mp3", "isCorrect": false, "que_text": "box", "noOfMistakes": "5", "que_id": "HI_S4_W_5"}], "englishProficiency": "Small letter", "studClass": "1", "date": "Thu Jul 11 14:45:26 IST 2019", "mathematicsProficiency": "Single digit", "deviceID": "c66208a6b7100eb2", "ageGroup": "7-10 years", "nativeProficiency": "Letter"}