{"sequenceList": [{"recordingName": "HI_S2_P_1.mp3", "isCorrect": false, "que_text": "मीना पढ़ने जाती है। राजू भी साथ जाता है। दोनों शाम को लौटकर आते हैं। घर आकर खाना खाते हैं।", "noOfMistakes": "200", "que_id": "HI_S2_P_1"}, {"recordingName": "HI_S2_L_1.mp3", "isCorrect": true, "que_text": "क", "noOfMistakes": "4", "que_id": "HI_S2_L_1"}, {"recordingName": "HI_S2_L_7.mp3", "isCorrect": false, "que_text": "त", "noOfMistakes": "4", "que_id": "HI_S2_L_7"}, {"recordingName": "HI_S2_L_8.mp3", "isCorrect": false, "que_text": "म", "noOfMistakes": "4", "que_id": "HI_S2_L_8"}, {"recordingName": "HI_S2_L_5.mp3", "isCorrect": false, "que_text": "थ", "noOfMistakes": "4", "que_id": "HI_S2_L_5"}, {"recordingName": "HI_S2_L_4.mp3", "isCorrect": false, "que_text": "ल", "noOfMistakes": "4", "que_id": "HI_S2_L_4"}, {"answer": "-", "isCorrect": false, "que_text": "41-15", "noOfMistakes": "2", "que_id": "HI_S2_SB_4"}, {"answer": "-", "isCorrect": false, "que_text": "32-15", "noOfMistakes": "2", "que_id": "HI_S2_SB_5"}, {"recordingName": "HI_S2_SD_0.mp3", "isCorrect": true, "que_text": "2", "noOfMistakes": "1", "que_id": "HI_S2_SD_0"}, {"recordingName": "HI_S2_SD_4.mp3", "isCorrect": false, "que_text": "9", "noOfMistakes": "1", "que_id": "HI_S2_SD_4"}, {"recordingName": "HI_S2_SD_7.mp3", "isCorrect": true, "que_text": "1", "noOfMistakes": "1", "que_id": "HI_S2_SD_7"}, {"recordingName": "HI_S2_SD_2.mp3", "isCorrect": true, "que_text": "3", "noOfMistakes": "1", "que_id": "HI_S2_SD_2"}, {"recordingName": "HI_S2_SD_6.mp3", "isCorrect": true, "que_text": "4", "noOfMistakes": "1", "que_id": "HI_S2_SD_6"}, {"recordingName": "HI_S2_CL_2.mp3", "isCorrect": false, "que_text": "R", "noOfMistakes": "5", "que_id": "HI_S2_CL_2"}, {"recordingName": "HI_S2_CL_5.mp3", "isCorrect": false, "que_text": "M", "noOfMistakes": "5", "que_id": "HI_S2_CL_5"}, {"recordingName": "HI_S2_CL_4.mp3", "isCorrect": false, "que_text": "V", "noOfMistakes": "5", "que_id": "HI_S2_CL_4"}, {"recordingName": "HI_S2_CL_1.mp3", "isCorrect": false, "que_text": "H", "noOfMistakes": "5", "que_id": "HI_S2_CL_1"}, {"recordingName": "HI_S2_CL_0.mp3", "isCorrect": false, "que_text": "B", "noOfMistakes": "5", "que_id": "HI_S2_CL_0"}], "englishProficiency": "Beginner", "studClass": "1", "date": "Sat Aug 24 14:01:03 IST 2019", "mathematicsProficiency": "Single digit", "deviceID": "c66208a6b7100eb2", "ageGroup": "5-7 years", "nativeProficiency": "Beginner"}