{"englishProficiency": "Beginner", "sequenceList": [{"que_text": "आज रविवार आहे. शाळेला रजा आहे. तरी आज सकाळी मला लवकर जाग आली.", "noOfMistakes": "200", "que_id": "MR_S1_P_1", "isCorrect": false, "recordingName": "MR_S1_P_1.mp3"}, {"que_text": "बस", "noOfMistakes": "1", "que_id": "MR_S1_WD_1", "isCorrect": true, "recordingName": "MR_S1_WD_1.mp3"}, {"que_text": "मोती", "noOfMistakes": "1", "que_id": "MR_S1_WD_5", "isCorrect": false, "recordingName": "MR_S1_WD_5.mp3"}, {"que_text": "दिवा", "noOfMistakes": "1", "que_id": "MR_S1_WD_4", "isCorrect": true, "recordingName": "MR_S1_WD_4.mp3"}, {"que_text": "तूप", "noOfMistakes": "1", "que_id": "MR_S1_WD_8", "isCorrect": true, "recordingName": "MR_S1_WD_8.mp3"}, {"que_text": "चिमटा", "noOfMistakes": "1", "que_id": "MR_S1_WD_7", "isCorrect": true, "recordingName": "MR_S1_WD_7.mp3"}, {"que_text": "A", "noOfMistakes": "2", "que_id": "MR_S1_CL_0", "isCorrect": true, "recordingName": "MR_S1_CL_0.mp3"}, {"que_text": "E", "noOfMistakes": "2", "que_id": "MR_S1_CL_4", "isCorrect": false, "recordingName": "MR_S1_CL_4.mp3"}, {"que_text": "O", "noOfMistakes": "2", "que_id": "MR_S1_CL_7", "isCorrect": true, "recordingName": "MR_S1_CL_7.mp3"}, {"que_text": "R", "noOfMistakes": "2", "que_id": "MR_S1_CL_3", "isCorrect": true, "recordingName": "MR_S1_CL_3.mp3"}, {"que_text": "N", "noOfMistakes": "2", "que_id": "MR_S1_CL_6", "isCorrect": false, "recordingName": "MR_S1_CL_6.mp3"}], "deviceID": "59a39d49e1146fa5", "ageGroup": "7-10 years", "studClass": "2", "nativeProficiency": "Word", "date": "Fri Sep 13 15:56:12 GMT+05:30 2019"}