{"sequenceList": [{"recordingName": "MR_S1_P_1.mp3", "isCorrect": false, "que_text": "आज रविवार आहे. शाळेला रजा आहे. तरी आज सकाळी मला लवकर जाग आली.", "noOfMistakes": "200", "que_id": "MR_S1_P_1"}, {"recordingName": "MR_S1_WD_1.mp3", "isCorrect": true, "que_text": "बस", "noOfMistakes": "1", "que_id": "MR_S1_WD_1"}, {"recordingName": "MR_S1_WD_5.mp3", "isCorrect": false, "que_text": "मोती", "noOfMistakes": "1", "que_id": "MR_S1_WD_5"}, {"recordingName": "MR_S1_WD_4.mp3", "isCorrect": true, "que_text": "दिवा", "noOfMistakes": "1", "que_id": "MR_S1_WD_4"}, {"recordingName": "MR_S1_WD_8.mp3", "isCorrect": true, "que_text": "तूप", "noOfMistakes": "1", "que_id": "MR_S1_WD_8"}, {"recordingName": "MR_S1_WD_7.mp3", "isCorrect": true, "que_text": "चिमटा", "noOfMistakes": "1", "que_id": "MR_S1_WD_7"}, {"recordingName": "MR_S1_DD_1.mp3", "isCorrect": true, "que_text": "58", "noOfMistakes": "2", "que_id": "MR_S1_DD_1"}, {"recordingName": "MR_S1_DD_4.mp3", "isCorrect": true, "que_text": "34", "noOfMistakes": "2", "que_id": "MR_S1_DD_4"}, {"recordingName": "MR_S1_DD_8.mp3", "isCorrect": true, "que_text": "25", "noOfMistakes": "2", "que_id": "MR_S1_DD_8"}, {"recordingName": "MR_S1_DD_3.mp3", "isCorrect": false, "que_text": "99", "noOfMistakes": "2", "que_id": "MR_S1_DD_3"}, {"recordingName": "MR_S1_DD_2.mp3", "isCorrect": false, "que_text": "69", "noOfMistakes": "2", "que_id": "MR_S1_DD_2"}, {"recordingName": "MR_S1_SD_1.mp3", "isCorrect": false, "que_text": "7", "noOfMistakes": "1", "que_id": "MR_S1_SD_1"}, {"recordingName": "MR_S1_SD_4.mp3", "isCorrect": true, "que_text": "9", "noOfMistakes": "1", "que_id": "MR_S1_SD_4"}, {"recordingName": "MR_S1_SD_7.mp3", "isCorrect": true, "que_text": "1", "noOfMistakes": "1", "que_id": "MR_S1_SD_7"}, {"recordingName": "MR_S1_SD_3.mp3", "isCorrect": true, "que_text": "5", "noOfMistakes": "1", "que_id": "MR_S1_SD_3"}, {"recordingName": "MR_S1_SD_5.mp3", "isCorrect": true, "que_text": "8", "noOfMistakes": "1", "que_id": "MR_S1_SD_5"}, {"recordingName": "MR_S1_CL_0.mp3", "isCorrect": true, "que_text": "A", "noOfMistakes": "2", "que_id": "MR_S1_CL_0"}, {"recordingName": "MR_S1_CL_4.mp3", "isCorrect": false, "que_text": "E", "noOfMistakes": "2", "que_id": "MR_S1_CL_4"}, {"recordingName": "MR_S1_CL_7.mp3", "isCorrect": true, "que_text": "O", "noOfMistakes": "2", "que_id": "MR_S1_CL_7"}, {"recordingName": "MR_S1_CL_3.mp3", "isCorrect": true, "que_text": "R", "noOfMistakes": "2", "que_id": "MR_S1_CL_3"}, {"recordingName": "MR_S1_CL_6.mp3", "isCorrect": false, "que_text": "N", "noOfMistakes": "2", "que_id": "MR_S1_CL_6"}], "englishProficiency": "Beginner", "studClass": "2", "date": "Fri Sep 13 15:56:12 GMT+05:30 2019", "mathematicsProficiency": "Single digit", "deviceID": "59a39d49e1146fa5", "ageGroup": "7-10 years", "nativeProficiency": "Word"}