{"date": "Mon Sep 09 17:01:20 IST 2019", "sequenceList": [{"recordingName": "HI_S2_P_0.mp3", "isCorrect": true, "que_text": "सोनी के पास एक माला है। उसमें बहुत सारे मोती हैं। मोती पीले रंग के हैं। सोनी उसे पहनती है।", "noOfMistakes": "280", "que_id": "HI_S2_P_0"}], "studClass": "6", "deviceID": "f48de9cec804d735", "ageGroup": "less than 5 years", "nativeProficiency": "Story"}