{"englishProficiency": "Beginner", "sequenceList": [{"que_text": "गिर", "noOfMistakes": "1", "que_id": "HI_S4_WD_3", "isCorrect": true, "recordingName": "HI_S4_WD_3.mp3"}, {"que_text": "पानी", "noOfMistakes": "1", "que_id": "HI_S4_WD_4", "isCorrect": true, "recordingName": "HI_S4_WD_4.mp3"}, {"que_text": "आग", "noOfMistakes": "1", "que_id": "HI_S4_WD_0", "isCorrect": true, "recordingName": "HI_S4_WD_0.mp3"}, {"que_text": "ताला", "noOfMistakes": "1", "que_id": "HI_S4_WD_2", "isCorrect": true, "recordingName": "HI_S4_WD_2.mp3"}, {"que_text": "चौकी", "noOfMistakes": "1", "que_id": "HI_S4_WD_5", "isCorrect": false, "recordingName": "HI_S4_WD_5.mp3"}, {"que_text": "D", "noOfMistakes": "3", "que_id": "HI_S4_CL_0", "isCorrect": true, "recordingName": "HI_S4_CL_0.mp3"}, {"que_text": "L", "noOfMistakes": "3", "que_id": "HI_S4_CL_1", "isCorrect": false, "recordingName": "HI_S4_CL_1.mp3"}, {"que_text": "T", "noOfMistakes": "3", "que_id": "HI_S4_CL_2", "isCorrect": false, "recordingName": "HI_S4_CL_2.mp3"}, {"que_text": "N", "noOfMistakes": "3", "que_id": "HI_S4_CL_7", "isCorrect": true, "recordingName": "HI_S4_CL_7.mp3"}, {"que_text": "X", "noOfMistakes": "3", "que_id": "HI_S4_CL_5", "isCorrect": false, "recordingName": "HI_S4_CL_5.mp3"}], "deviceID": "c66208a6b7100eb2", "ageGroup": "7-10 years", "studClass": "2", "nativeProficiency": "Word", "date": "Mon Jul 08 11:52:04 IST 2019"}