{"englishProficiency": "Small letter", "sequenceList": [{"que_text": "झाडू", "noOfMistakes": "5", "que_id": "MR_S4_WD_2", "isCorrect": false, "recordingName": "MR_S4_WD_2.mp3"}, {"que_text": "लाल", "noOfMistakes": "5", "que_id": "MR_S4_WD_5", "isCorrect": false, "recordingName": "MR_S4_WD_5.mp3"}, {"que_text": "केळे", "noOfMistakes": "5", "que_id": "MR_S4_WD_7", "isCorrect": false, "recordingName": "MR_S4_WD_7.mp3"}, {"que_text": "सैल", "noOfMistakes": "5", "que_id": "MR_S4_WD_0", "isCorrect": false, "recordingName": "MR_S4_WD_0.mp3"}, {"que_text": "गाडी", "noOfMistakes": "5", "que_id": "MR_S4_WD_9", "isCorrect": false, "recordingName": "MR_S4_WD_9.mp3"}, {"que_text": "ख", "noOfMistakes": "1", "que_id": "MR_S4_L_0", "isCorrect": true, "recordingName": "MR_S4_L_0.mp3"}, {"que_text": "फ", "noOfMistakes": "1", "que_id": "MR_S4_L_4", "isCorrect": false, "recordingName": "MR_S4_L_4.mp3"}, {"que_text": "ण", "noOfMistakes": "1", "que_id": "MR_S4_L_7", "isCorrect": true, "recordingName": "MR_S4_L_7.mp3"}, {"que_text": "भ", "noOfMistakes": "1", "que_id": "MR_S4_L_6", "isCorrect": true, "recordingName": "MR_S4_L_6.mp3"}, {"que_text": "ल", "noOfMistakes": "1", "que_id": "MR_S4_L_2", "isCorrect": true, "recordingName": "MR_S4_L_2.mp3"}, {"que_text": "P", "noOfMistakes": "1", "que_id": "MR_S4_CL_6", "isCorrect": true, "recordingName": "MR_S4_CL_6.mp3"}, {"que_text": "G", "noOfMistakes": "1", "que_id": "MR_S4_CL_4", "isCorrect": false, "recordingName": "MR_S4_CL_4.mp3"}, {"que_text": "L", "noOfMistakes": "1", "que_id": "MR_S4_CL_1", "isCorrect": true, "recordingName": "MR_S4_CL_1.mp3"}, {"que_text": "N", "noOfMistakes": "1", "que_id": "MR_S4_CL_7", "isCorrect": true, "recordingName": "MR_S4_CL_7.mp3"}, {"que_text": "T", "noOfMistakes": "1", "que_id": "MR_S4_CL_2", "isCorrect": true, "recordingName": "MR_S4_CL_2.mp3"}, {"que_text": "i", "noOfMistakes": "0", "que_id": "MR_S4_SL_2", "isCorrect": true, "recordingName": "MR_S4_SL_2.mp3"}, {"que_text": "v", "noOfMistakes": "0", "que_id": "MR_S4_SL_4", "isCorrect": true, "recordingName": "MR_S4_SL_4.mp3"}, {"que_text": "s", "noOfMistakes": "0", "que_id": "MR_S4_SL_3", "isCorrect": true, "recordingName": "MR_S4_SL_3.mp3"}, {"que_text": "y", "noOfMistakes": "0", "que_id": "MR_S4_SL_0", "isCorrect": true, "recordingName": "MR_S4_SL_0.mp3"}, {"que_text": "m", "noOfMistakes": "0", "que_id": "MR_S4_SL_5", "isCorrect": true, "recordingName": "MR_S4_SL_5.mp3"}], "deviceID": "9152084fbfecfc39", "ageGroup": "5-7 years", "studClass": "1", "date": "Sat Sep 07 15:22:19 IST 2019", "nativeProficiency": "Letter"}