{"date": "Sat Sep 07 15:22:19 IST 2019", "sequenceList": [{"recordingName": "MR_S4_WD_2.mp3", "isCorrect": false, "que_text": "झाडू", "noOfMistakes": "5", "que_id": "MR_S4_WD_2"}, {"recordingName": "MR_S4_WD_5.mp3", "isCorrect": false, "que_text": "लाल", "noOfMistakes": "5", "que_id": "MR_S4_WD_5"}, {"recordingName": "MR_S4_WD_7.mp3", "isCorrect": false, "que_text": "केळे", "noOfMistakes": "5", "que_id": "MR_S4_WD_7"}, {"recordingName": "MR_S4_WD_0.mp3", "isCorrect": false, "que_text": "सैल", "noOfMistakes": "5", "que_id": "MR_S4_WD_0"}, {"recordingName": "MR_S4_WD_9.mp3", "isCorrect": false, "que_text": "गाडी", "noOfMistakes": "5", "que_id": "MR_S4_WD_9"}, {"recordingName": "MR_S4_L_0.mp3", "isCorrect": true, "que_text": "ख", "noOfMistakes": "1", "que_id": "MR_S4_L_0"}, {"recordingName": "MR_S4_L_4.mp3", "isCorrect": false, "que_text": "फ", "noOfMistakes": "1", "que_id": "MR_S4_L_4"}, {"recordingName": "MR_S4_L_7.mp3", "isCorrect": true, "que_text": "ण", "noOfMistakes": "1", "que_id": "MR_S4_L_7"}, {"recordingName": "MR_S4_L_6.mp3", "isCorrect": true, "que_text": "भ", "noOfMistakes": "1", "que_id": "MR_S4_L_6"}, {"recordingName": "MR_S4_L_2.mp3", "isCorrect": true, "que_text": "ल", "noOfMistakes": "1", "que_id": "MR_S4_L_2"}, {"recordingName": "MR_S4_CL_6.mp3", "isCorrect": true, "que_text": "P", "noOfMistakes": "1", "que_id": "MR_S4_CL_6"}, {"recordingName": "MR_S4_CL_4.mp3", "isCorrect": false, "que_text": "G", "noOfMistakes": "1", "que_id": "MR_S4_CL_4"}, {"recordingName": "MR_S4_CL_1.mp3", "isCorrect": true, "que_text": "L", "noOfMistakes": "1", "que_id": "MR_S4_CL_1"}, {"recordingName": "MR_S4_CL_7.mp3", "isCorrect": true, "que_text": "N", "noOfMistakes": "1", "que_id": "MR_S4_CL_7"}, {"recordingName": "MR_S4_CL_2.mp3", "isCorrect": true, "que_text": "T", "noOfMistakes": "1", "que_id": "MR_S4_CL_2"}, {"recordingName": "MR_S4_SL_2.mp3", "isCorrect": true, "que_text": "i", "noOfMistakes": "0", "que_id": "MR_S4_SL_2"}, {"recordingName": "MR_S4_SL_4.mp3", "isCorrect": true, "que_text": "v", "noOfMistakes": "0", "que_id": "MR_S4_SL_4"}, {"recordingName": "MR_S4_SL_3.mp3", "isCorrect": true, "que_text": "s", "noOfMistakes": "0", "que_id": "MR_S4_SL_3"}, {"recordingName": "MR_S4_SL_0.mp3", "isCorrect": true, "que_text": "y", "noOfMistakes": "0", "que_id": "MR_S4_SL_0"}, {"recordingName": "MR_S4_SL_5.mp3", "isCorrect": true, "que_text": "m", "noOfMistakes": "0", "que_id": "MR_S4_SL_5"}], "englishProficiency": "Small letter", "studClass": "1", "deviceID": "9152084fbfecfc39", "ageGroup": "5-7 years", "nativeProficiency": "Letter"}