{"date": "Fri Sep 06 14:23:03 IST 2019", "sequenceList": [{"recordingName": "MR_S1_P_1.mp3", "isCorrect": false, "que_text": "आज रविवार आहे. शाळेला रजा आहे. तरी आज सकाळी मला लवकर जाग आली.", "noOfMistakes": "1", "que_id": "MR_S1_P_1"}, {"recordingName": "MR_S1_WD_1.mp3", "isCorrect": true, "que_text": "बस", "noOfMistakes": "0", "que_id": "MR_S1_WD_1"}, {"recordingName": "MR_S1_WD_2.mp3", "isCorrect": true, "que_text": "गरम", "noOfMistakes": "0", "que_id": "MR_S1_WD_2"}, {"recordingName": "MR_S1_WD_4.mp3", "isCorrect": true, "que_text": "दिवा", "noOfMistakes": "0", "que_id": "MR_S1_WD_4"}, {"recordingName": "MR_S1_WD_6.mp3", "isCorrect": true, "que_text": "किरण", "noOfMistakes": "0", "que_id": "MR_S1_WD_6"}, {"recordingName": "MR_S1_WD_7.mp3", "isCorrect": true, "que_text": "चिमटा", "noOfMistakes": "0", "que_id": "MR_S1_WD_7"}, {"recordingName": "MR_S1_CL_0.mp3", "isCorrect": true, "que_text": "A", "noOfMistakes": "4", "que_id": "MR_S1_CL_0"}, {"recordingName": "MR_S1_Cl_5.mp3", "isCorrect": false, "que_text": "Y", "noOfMistakes": "4", "que_id": "MR_S1_Cl_5"}, {"recordingName": "MR_S1_CL_7.mp3", "isCorrect": false, "que_text": "O", "noOfMistakes": "4", "que_id": "MR_S1_CL_7"}, {"recordingName": "MR_S1_CL_6.mp3", "isCorrect": false, "que_text": "N", "noOfMistakes": "4", "que_id": "MR_S1_CL_6"}, {"recordingName": "MR_S1_CL_1.mp3", "isCorrect": false, "que_text": "J", "noOfMistakes": "4", "que_id": "MR_S1_CL_1"}], "englishProficiency": "Beginner", "studClass": "3", "deviceID": "4ef210ea40deb34c", "ageGroup": "7-10 years", "nativeProficiency": "Word"}