{"nativeProficiency": "Test was not complete", "sequenceList": [{"que_text": "आज गावाहून मामा आला. मला खाऊ व फुगे घेऊन आला. ताईला बाहुली घेऊन आला. आईला छान साडी आणली.", "noOfMistakes": "0", "que_id": "MR_S1_P_0", "isCorrect": true, "recordingName": "MR_S1_P_0.mp3"}], "deviceID": "7b46251fd9e69d80", "ageGroup": "10-12 years", "studClass": "5", "date": "Tue Sep 03 11:50:17 IST 2019"}