{"sequenceList": [{"recordingName": "HI_S1_P_0.mp3", "isCorrect": true, "que_text": " राधा के पास एक तोता है। उसकी चोंच लाल है। वह बहुत बोलता है। सब को हँसाता है।", "noOfMistakes": "0", "que_id": "HI_S1_P_0"}, {"recordingName": "HI_S1_ST_0.mp3", "isCorrect": true, "que_text": "बहुत दिनों से बारिश हो रही थी। गाँव में सभी जगह गंदा पानी भर गया था। सभी बारिश के रुकने की राह देख रहे थे। अचानक एक दिन बारिश रुक गई। सूरज निकल आया। सब लोग खुश हो गये। आसमान में चिड़ियाँ उड़ने लगीं। लोग अपने कपड़े सुखाने लगे। बच्चे भी घरों से बाहर निकलकर खेलने लगे।", "noOfMistakes": "1", "que_id": "HI_S1_ST_0"}, {"answer": "16", "isCorrect": true, "que_text": "51 - 35", "noOfMistakes": "0", "que_id": "HI_S1_SB_0"}, {"answer": "18", "isCorrect": true, "que_text": "31 - 13", "noOfMistakes": "0", "que_id": "HI_S1_SB_5"}, {"noOfMistakes": "0", "que_id": "HI_S1_D_3", "answer": "128", "remainder": "1", "isCorrect": true, "que_text": "513 / 4"}, {"recordingName": "HI_S1_CL_0.mp3", "isCorrect": true, "que_text": "A", "noOfMistakes": "0", "que_id": "HI_S1_CL_0"}, {"recordingName": "HI_S1_CL_3.mp3", "isCorrect": true, "que_text": "R", "noOfMistakes": "0", "que_id": "HI_S1_CL_3"}, {"recordingName": "HI_S1_CL_7.mp3", "isCorrect": true, "que_text": "O", "noOfMistakes": "0", "que_id": "HI_S1_CL_7"}, {"recordingName": "HI_S1_CL_2.mp3", "isCorrect": true, "que_text": "Q", "noOfMistakes": "0", "que_id": "HI_S1_CL_2"}, {"recordingName": "HI_S1_CL_4.mp3", "isCorrect": true, "que_text": "E", "noOfMistakes": "0", "que_id": "HI_S1_CL_4"}, {"recordingName": "HI_S1_SL_0.mp3", "isCorrect": true, "que_text": "h", "noOfMistakes": "0", "que_id": "HI_S1_SL_0"}, {"recordingName": "HI_S1_SL_7.mp3", "isCorrect": true, "que_text": "t", "noOfMistakes": "0", "que_id": "HI_S1_SL_7"}, {"recordingName": "HI_S1_SL_5.mp3", "isCorrect": true, "que_text": "d", "noOfMistakes": "0", "que_id": "HI_S1_SL_5"}, {"recordingName": "HI_S1_SL_3.mp3", "isCorrect": true, "que_text": "u", "noOfMistakes": "0", "que_id": "HI_S1_SL_3"}, {"recordingName": "HI_S1_SL_2.mp3", "isCorrect": true, "que_text": "x", "noOfMistakes": "0", "que_id": "HI_S1_SL_2"}, {"recordingName": "HI_S1_W_1.mp3", "isCorrect": false, "que_text": "red", "noOfMistakes": "2", "que_id": "HI_S1_W_1"}, {"recordingName": "HI_S1_W_2.mp3", "isCorrect": true, "que_text": "sun", "noOfMistakes": "2", "que_id": "HI_S1_W_2"}, {"recordingName": "HI_S1_W_0.mp3", "isCorrect": true, "que_text": "cat", "noOfMistakes": "2", "que_id": "HI_S1_W_0"}, {"recordingName": "HI_S1_W_3.mp3", "isCorrect": true, "que_text": "lip", "noOfMistakes": "2", "que_id": "HI_S1_W_3"}, {"recordingName": "HI_S1_W_4.mp3", "isCorrect": false, "que_text": "fan", "noOfMistakes": "2", "que_id": "HI_S1_W_4"}], "englishProficiency": "word", "studClass": "7", "date": "Mon Sep 16 15:02:58 IST 2019", "mathematicsProficiency": "Subtraction", "deviceID": "829d23b26d529c1f", "ageGroup": "12-15 years", "nativeProficiency": "Story"}