{"englishProficiency": "Sentence", "sequenceList": [{"que_text": "What is the time?", "noOfMistakes": "0", "que_id": "HI_S2_S_0", "isCorrect": true, "recordingName": "HI_S2_S_0.mp3"}, {"que_text": "This is a red ball.", "noOfMistakes": "0", "que_id": "HI_S2_S_1", "isCorrect": true, "recordingName": "HI_S2_S_1.mp3"}, {"que_text": "I like to play.", "noOfMistakes": "0", "que_id": "HI_S2_S_2", "isCorrect": true, "recordingName": "HI_S2_S_2.mp3"}, {"que_text": "I have a small house.", "noOfMistakes": "0", "que_id": "HI_S2_S_3", "isCorrect": true, "recordingName": "HI_S2_S_3.mp3"}], "deviceID": "dddf94d5bc3e8d07", "ageGroup": "10-12 years", "studClass": "7", "nativeProficiency": "Story", "date": "Sat Sep 21 17:25:10 GMT+05:30 2019"}