{"englishProficiency": "Beginner", "sequenceList": [{"que_text": "गीता बागेत आली. तिकडे तिला मंजू भेटली. दोघींनी जोरात झोका घेतला. आज खूपच मजा आली.", "noOfMistakes": "200", "que_id": "MR_S4_P_0", "isCorrect": false, "recordingName": "MR_S4_P_0.mp3"}, {"que_text": "फेटा", "noOfMistakes": "1", "que_id": "MR_S4_WD_1", "isCorrect": false, "recordingName": "MR_S4_WD_1.mp3"}, {"que_text": "ब", "noOfMistakes": "3", "que_id": "MR_S4_L_1", "isCorrect": false, "recordingName": "MR_S4_L_1.mp3"}, {"que_text": "ण", "noOfMistakes": "3", "que_id": "MR_S4_L_7", "isCorrect": false, "recordingName": "MR_S4_L_7.mp3"}, {"que_text": "ड", "noOfMistakes": "3", "que_id": "MR_S4_L_5", "isCorrect": false, "recordingName": "MR_S4_L_5.mp3"}, {"que_text": "D", "noOfMistakes": "4", "que_id": "MR_S4_CL_0", "isCorrect": false, "recordingName": "MR_S4_CL_0.mp3"}, {"que_text": "K", "noOfMistakes": "4", "que_id": "MR_S4_CL_3", "isCorrect": false, "recordingName": "MR_S4_CL_3.mp3"}, {"que_text": "P", "noOfMistakes": "4", "que_id": "MR_S4_CL_6", "isCorrect": false, "recordingName": "MR_S4_CL_6.mp3"}, {"que_text": "N", "noOfMistakes": "4", "que_id": "MR_S4_CL_7", "isCorrect": false, "recordingName": "MR_S4_CL_7.mp3"}], "deviceID": "3ebaa9d14abd9a0f", "ageGroup": "5-7 years", "studClass": "1", "nativeProficiency": "Beginner", "date": "Mon Jul 22 12:21:52 GMT+05:30 2019"}