{"sequenceList": [{"recordingName": "MR_S4_P_0.mp3", "isCorrect": false, "que_text": "गीता बागेत आली. तिकडे तिला मंजू भेटली. दोघींनी जोरात झोका घेतला. आज खूपच मजा आली.", "noOfMistakes": "200", "que_id": "MR_S4_P_0"}, {"recordingName": "MR_S4_WD_1.mp3", "isCorrect": false, "que_text": "फेटा", "noOfMistakes": "1", "que_id": "MR_S4_WD_1"}, {"recordingName": "MR_S4_L_1.mp3", "isCorrect": false, "que_text": "ब", "noOfMistakes": "3", "que_id": "MR_S4_L_1"}, {"recordingName": "MR_S4_L_7.mp3", "isCorrect": false, "que_text": "ण", "noOfMistakes": "3", "que_id": "MR_S4_L_7"}, {"recordingName": "MR_S4_L_5.mp3", "isCorrect": false, "que_text": "ड", "noOfMistakes": "3", "que_id": "MR_S4_L_5"}, {"recordingName": "MR_S4_SD_0.mp3", "isCorrect": false, "que_text": "5", "noOfMistakes": "2", "que_id": "MR_S4_SD_0"}, {"recordingName": "MR_S4_SD_4.mp3", "isCorrect": false, "que_text": "2", "noOfMistakes": "2", "que_id": "MR_S4_SD_4"}, {"recordingName": "MR_S4_CL_0.mp3", "isCorrect": false, "que_text": "D", "noOfMistakes": "4", "que_id": "MR_S4_CL_0"}, {"recordingName": "MR_S4_CL_3.mp3", "isCorrect": false, "que_text": "K", "noOfMistakes": "4", "que_id": "MR_S4_CL_3"}, {"recordingName": "MR_S4_CL_6.mp3", "isCorrect": false, "que_text": "P", "noOfMistakes": "4", "que_id": "MR_S4_CL_6"}, {"recordingName": "MR_S4_CL_7.mp3", "isCorrect": false, "que_text": "N", "noOfMistakes": "4", "que_id": "MR_S4_CL_7"}], "englishProficiency": "Beginner", "studClass": "1", "date": "Mon Jul 22 12:21:52 GMT+05:30 2019", "mathematicsProficiency": "Beginner", "deviceID": "3ebaa9d14abd9a0f", "ageGroup": "5-7 years", "nativeProficiency": "Beginner"}