{"englishProficiency": "Capital letter", "sequenceList": [{"que_text": "नीतू के घर में गाय है। उसका रंग सफ़ेद है। गाय हरी घास खाती है। वह बहुत दूध देती है।", "noOfMistakes": "200", "que_id": "HI_S3_P_0", "isCorrect": true, "recordingName": "HI_S3_P_0.mp3"}, {"que_text": "द", "noOfMistakes": "0", "que_id": "HI_S3_L_0", "isCorrect": true, "recordingName": "HI_S3_L_0.mp3"}, {"que_text": "ल", "noOfMistakes": "0", "que_id": "HI_S3_L_4", "isCorrect": true, "recordingName": "HI_S3_L_4.mp3"}, {"que_text": "त", "noOfMistakes": "0", "que_id": "HI_S3_L_7", "isCorrect": true, "recordingName": "HI_S3_L_7.mp3"}, {"que_text": "ह", "noOfMistakes": "0", "que_id": "HI_S3_L_6", "isCorrect": true, "recordingName": "HI_S3_L_6.mp3"}, {"que_text": "देर", "noOfMistakes": "2", "que_id": "HI_S3_WD_5", "isCorrect": false, "recordingName": "HI_S3_WD_5.mp3"}, {"que_text": "माला", "noOfMistakes": "2", "que_id": "HI_S3_WD_8", "isCorrect": true, "recordingName": "HI_S3_WD_8.mp3"}, {"que_text": "नाक", "noOfMistakes": "2", "que_id": "HI_S3_WD_0", "isCorrect": true, "recordingName": "HI_S3_WD_0.mp3"}, {"que_text": "पीला", "noOfMistakes": "2", "que_id": "HI_S3_WD_7", "isCorrect": false, "recordingName": "HI_S3_WD_7.mp3"}, {"que_text": "C", "noOfMistakes": "0", "que_id": "HI_S3_CL_0", "isCorrect": true, "recordingName": "HI_S3_CL_0.mp3"}, {"que_text": "Z", "noOfMistakes": "0", "que_id": "HI_S3_CL_7", "isCorrect": true, "recordingName": "HI_S3_CL_7.mp3"}, {"que_text": "F", "noOfMistakes": "0", "que_id": "HI_S3_CL_4", "isCorrect": true, "recordingName": "HI_S3_CL_4.mp3"}, {"que_text": "O", "noOfMistakes": "0", "que_id": "HI_S3_CL_6", "isCorrect": true, "recordingName": "HI_S3_CL_6.mp3"}, {"que_text": "p", "noOfMistakes": "2", "que_id": "HI_S3_SL_1", "isCorrect": true, "recordingName": "HI_S3_SL_1.mp3"}, {"que_text": "b", "noOfMistakes": "2", "que_id": "HI_S3_SL_7", "isCorrect": false, "recordingName": "HI_S3_SL_7.mp3"}, {"que_text": "v", "noOfMistakes": "2", "que_id": "HI_S3_SL_3", "isCorrect": true, "recordingName": "HI_S3_SL_3.mp3"}, {"que_text": "j", "noOfMistakes": "2", "que_id": "HI_S3_SL_5", "isCorrect": true, "recordingName": "HI_S3_SL_5.mp3"}, {"que_text": "n", "noOfMistakes": "2", "que_id": "HI_S3_SL_0", "isCorrect": false, "recordingName": "HI_S3_SL_0.mp3"}], "deviceID": "f80dd2f1223bdfc1", "ageGroup": "7-10 years", "studClass": "4", "nativeProficiency": "Letter", "date": "Fri Sep 13 11:24:45 IST 2019"}