{"date": "Sat Sep 07 15:31:06 IST 2019", "sequenceList": [{"recordingName": "MR_S1_P_0.mp3", "isCorrect": false, "que_text": "आज गावाहून मामा आला. मला खाऊ व फुगे घेऊन आला. ताईला बाहुली घेऊन आला. आईला छान साडी आणली.", "noOfMistakes": "200", "que_id": "MR_S1_P_0"}, {"recordingName": "MR_S1_WD_1.mp3", "isCorrect": true, "que_text": "बस", "noOfMistakes": "1", "que_id": "MR_S1_WD_1"}, {"recordingName": "MR_S1_WD_2.mp3", "isCorrect": true, "que_text": "गरम", "noOfMistakes": "1", "que_id": "MR_S1_WD_2"}, {"recordingName": "MR_S1_WD_0.mp3", "isCorrect": true, "que_text": "समई", "noOfMistakes": "1", "que_id": "MR_S1_WD_0"}, {"recordingName": "MR_S1_WD_3.mp3", "isCorrect": false, "que_text": "कैरी", "noOfMistakes": "1", "que_id": "MR_S1_WD_3"}, {"recordingName": "MR_S1_WD_4.mp3", "isCorrect": true, "que_text": "दिवा", "noOfMistakes": "1", "que_id": "MR_S1_WD_4"}, {"recordingName": "MR_S1_CL_0.mp3", "isCorrect": true, "que_text": "A", "noOfMistakes": "0", "que_id": "MR_S1_CL_0"}, {"recordingName": "MR_S1_CL_1.mp3", "isCorrect": true, "que_text": "J", "noOfMistakes": "0", "que_id": "MR_S1_CL_1"}, {"recordingName": "MR_S1_CL_2.mp3", "isCorrect": true, "que_text": "Q", "noOfMistakes": "0", "que_id": "MR_S1_CL_2"}, {"recordingName": "MR_S1_CL_3.mp3", "isCorrect": true, "que_text": "R", "noOfMistakes": "0", "que_id": "MR_S1_CL_3"}, {"recordingName": "MR_S1_CL_4.mp3", "isCorrect": true, "que_text": "E", "noOfMistakes": "0", "que_id": "MR_S1_CL_4"}, {"recordingName": "MR_S1_SL_0.mp3", "isCorrect": true, "que_text": "h", "noOfMistakes": "0", "que_id": "MR_S1_SL_0"}, {"recordingName": "MR_S1_SL_1.mp3", "isCorrect": true, "que_text": "p", "noOfMistakes": "0", "que_id": "MR_S1_SL_1"}, {"recordingName": "MR_S1_SL_2.mp3", "isCorrect": true, "que_text": "x", "noOfMistakes": "0", "que_id": "MR_S1_SL_2"}, {"recordingName": "MR_S1_SL_3.mp3", "isCorrect": true, "que_text": "u", "noOfMistakes": "0", "que_id": "MR_S1_SL_3"}, {"recordingName": "MR_S1_SL_4.mp3", "isCorrect": true, "que_text": "m", "noOfMistakes": "0", "que_id": "MR_S1_SL_4"}, {"recordingName": "MR_S1_W_0.mp3", "isCorrect": true, "que_text": "cat", "noOfMistakes": "3", "que_id": "MR_S1_W_0"}, {"recordingName": "MR_S1_W_1.mp3", "isCorrect": false, "que_text": "red", "noOfMistakes": "3", "que_id": "MR_S1_W_1"}, {"recordingName": "MR_S1_W_2.mp3", "isCorrect": true, "que_text": "sun", "noOfMistakes": "3", "que_id": "MR_S1_W_2"}, {"recordingName": "MR_S1_W_3.mp3", "isCorrect": false, "que_text": "new", "noOfMistakes": "3", "que_id": "MR_S1_W_3"}, {"recordingName": "MR_S1_W_4.mp3", "isCorrect": false, "que_text": "fan", "noOfMistakes": "3", "que_id": "MR_S1_W_4"}], "englishProficiency": "Small letter", "studClass": "1", "deviceID": "d0e0fbc20a5d9802", "ageGroup": "5-7 years", "nativeProficiency": "Word"}