{"date": "Sat Sep 07 16:27:26 IST 2019", "sequenceList": [{"recordingName": "MR_S1_WD_1.mp3", "isCorrect": true, "que_text": "बस", "noOfMistakes": "1", "que_id": "MR_S1_WD_1"}, {"recordingName": "MR_S1_WD_2.mp3", "isCorrect": true, "que_text": "गरम", "noOfMistakes": "1", "que_id": "MR_S1_WD_2"}, {"recordingName": "MR_S1_WD_4.mp3", "isCorrect": true, "que_text": "दिवा", "noOfMistakes": "1", "que_id": "MR_S1_WD_4"}, {"recordingName": "MR_S1_WD_5.mp3", "isCorrect": false, "que_text": "मोती", "noOfMistakes": "1", "que_id": "MR_S1_WD_5"}, {"recordingName": "MR_S1_WD_7.mp3", "isCorrect": true, "que_text": "चिमटा", "noOfMistakes": "1", "que_id": "MR_S1_WD_7"}, {"recordingName": "MR_S1_CL_3.mp3", "isCorrect": true, "que_text": "R", "noOfMistakes": "3", "que_id": "MR_S1_CL_3"}, {"recordingName": "MR_S1_CL_1.mp3", "isCorrect": false, "que_text": "J", "noOfMistakes": "3", "que_id": "MR_S1_CL_1"}, {"recordingName": "MR_S1_CL_4.mp3", "isCorrect": false, "que_text": "E", "noOfMistakes": "3", "que_id": "MR_S1_CL_4"}, {"recordingName": "MR_S1_Cl_5.mp3", "isCorrect": true, "que_text": "Y", "noOfMistakes": "3", "que_id": "MR_S1_Cl_5"}, {"recordingName": "MR_S1_CL_2.mp3", "isCorrect": false, "que_text": "Q", "noOfMistakes": "3", "que_id": "MR_S1_CL_2"}], "englishProficiency": "Capital letter", "studClass": "6", "deviceID": "5b150edd580a5183", "ageGroup": "10-12 years", "nativeProficiency": "Word"}