{"englishProficiency": "Capital letter", "sequenceList": [{"que_text": "मीना पढ़ने जाती है। राजू भी साथ जाता है। दोनों शाम को लौटकर आते हैं। घर आकर खाना खाते हैं।", "noOfMistakes": "200", "que_id": "HI_S2_P_1", "recordingName": "HI_S2_P_1.mp3", "isCorrect": false}, {"que_text": "हीरा", "noOfMistakes": "5", "que_id": "HI_S1_WD_0", "recordingName": "HI_S1_WD_0.mp3", "isCorrect": false}, {"que_text": "कैसा", "noOfMistakes": "5", "que_id": "HI_S1_WD_1", "recordingName": "HI_S1_WD_1.mp3", "isCorrect": false}, {"que_text": "शेर", "noOfMistakes": "5", "que_id": "HI_S1_WD_2", "recordingName": "HI_S1_WD_2.mp3", "isCorrect": false}, {"que_text": "नानी", "noOfMistakes": "5", "que_id": "HI_S1_WD_3", "recordingName": "HI_S1_WD_3.mp3", "isCorrect": false}, {"que_text": "भालू", "noOfMistakes": "5", "que_id": "HI_S1_WD_4", "recordingName": "HI_S1_WD_4.mp3", "isCorrect": false}, {"que_text": "क", "noOfMistakes": "4", "que_id": "HI_S2_L_1", "recordingName": "HI_S2_L_1.mp3", "isCorrect": false}, {"que_text": "च", "noOfMistakes": "4", "que_id": "HI_S2_L_2", "recordingName": "HI_S2_L_2.mp3", "isCorrect": false}, {"que_text": "ल", "noOfMistakes": "4", "que_id": "HI_S2_L_4", "recordingName": "HI_S2_L_4.mp3", "isCorrect": true}, {"que_text": "थ", "noOfMistakes": "4", "que_id": "HI_S2_L_5", "recordingName": "HI_S2_L_5.mp3", "isCorrect": false}, {"que_text": "म", "noOfMistakes": "4", "que_id": "HI_S2_L_8", "recordingName": "HI_S2_L_8.mp3", "isCorrect": false}, {"que_text": "B", "noOfMistakes": "1", "que_id": "HI_S2_CL_0", "recordingName": "HI_S2_CL_0.mp3", "isCorrect": true}, {"que_text": "H", "noOfMistakes": "1", "que_id": "HI_S2_CL_1", "recordingName": "HI_S2_CL_1.mp3", "isCorrect": true}, {"que_text": "R", "noOfMistakes": "1", "que_id": "HI_S2_CL_2", "recordingName": "HI_S2_CL_2.mp3", "isCorrect": true}, {"que_text": "L", "noOfMistakes": "1", "que_id": "HI_S2_CL_3", "recordingName": "HI_S2_CL_3.mp3", "isCorrect": true}, {"que_text": "V", "noOfMistakes": "1", "que_id": "HI_S2_CL_4", "recordingName": "HI_S2_CL_4.mp3", "isCorrect": false}, {"que_text": "z", "noOfMistakes": "2", "que_id": "HI_S2_SL_0", "recordingName": "HI_S2_SL_0.mp3", "isCorrect": true}, {"que_text": "j", "noOfMistakes": "2", "que_id": "HI_S2_SL_1", "recordingName": "HI_S2_SL_1.mp3", "isCorrect": false}, {"que_text": "o", "noOfMistakes": "2", "que_id": "HI_S2_SL_2", "recordingName": "HI_S2_SL_2.mp3", "isCorrect": true}, {"que_text": "w", "noOfMistakes": "2", "que_id": "HI_S2_SL_3", "recordingName": "HI_S2_SL_3.mp3", "isCorrect": true}, {"que_text": "g", "noOfMistakes": "2", "que_id": "HI_S2_SL_4", "recordingName": "HI_S2_SL_4.mp3", "isCorrect": false}], "deviceID": "73b0919e383f08da", "ageGroup": "7-10 years", "studClass": "3", "date": "Sat Sep 07 15:39:17 IST 2019", "nativeProficiency": "Beginner"}