{"sequenceList": [{"recordingName": "HI_S2_L_2.mp3", "isCorrect": true, "que_text": "च", "noOfMistakes": "0", "que_id": "HI_S2_L_2"}, {"recordingName": "HI_S2_L_3.mp3", "isCorrect": true, "que_text": "ब", "noOfMistakes": "0", "que_id": "HI_S2_L_3"}, {"recordingName": "HI_S2_L_4.mp3", "isCorrect": true, "que_text": "ल", "noOfMistakes": "0", "que_id": "HI_S2_L_4"}, {"recordingName": "HI_S2_L_0.mp3", "isCorrect": true, "que_text": "द", "noOfMistakes": "0", "que_id": "HI_S2_L_0"}, {"recordingName": "HI_S2_L_1.mp3", "isCorrect": true, "que_text": "क", "noOfMistakes": "0", "que_id": "HI_S2_L_1"}, {"recordingName": "HI_S1_WD_0.mp3", "isCorrect": false, "que_text": "हीरा", "noOfMistakes": "5", "que_id": "HI_S1_WD_0"}, {"recordingName": "HI_S1_WD_1.mp3", "isCorrect": false, "que_text": "कैसा", "noOfMistakes": "5", "que_id": "HI_S1_WD_1"}, {"recordingName": "HI_S1_WD_2.mp3", "isCorrect": false, "que_text": "शेर", "noOfMistakes": "5", "que_id": "HI_S1_WD_2"}, {"recordingName": "HI_S1_WD_3.mp3", "isCorrect": false, "que_text": "नानी", "noOfMistakes": "5", "que_id": "HI_S1_WD_3"}, {"recordingName": "HI_S1_WD_4.mp3", "isCorrect": false, "que_text": "भालू", "noOfMistakes": "5", "que_id": "HI_S1_WD_4"}, {"recordingName": "HI_S2_SD_0.mp3", "isCorrect": true, "que_text": "2", "noOfMistakes": "0", "que_id": "HI_S2_SD_0"}, {"recordingName": "HI_S2_SD_1.mp3", "isCorrect": true, "que_text": "7", "noOfMistakes": "0", "que_id": "HI_S2_SD_1"}, {"recordingName": "HI_S2_SD_2.mp3", "isCorrect": true, "que_text": "3", "noOfMistakes": "0", "que_id": "HI_S2_SD_2"}, {"recordingName": "HI_S2_SD_3.mp3", "isCorrect": true, "que_text": "5", "noOfMistakes": "0", "que_id": "HI_S2_SD_3"}, {"recordingName": "HI_S2_SD_4.mp3", "isCorrect": true, "que_text": "9", "noOfMistakes": "0", "que_id": "HI_S2_SD_4"}, {"recordingName": "HI_S2_CL_0.mp3", "isCorrect": true, "que_text": "B", "noOfMistakes": "2", "que_id": "HI_S2_CL_0"}, {"recordingName": "HI_S2_CL_1.mp3", "isCorrect": true, "que_text": "H", "noOfMistakes": "2", "que_id": "HI_S2_CL_1"}, {"recordingName": "HI_S2_CL_2.mp3", "isCorrect": true, "que_text": "R", "noOfMistakes": "2", "que_id": "HI_S2_CL_2"}, {"recordingName": "HI_S2_CL_3.mp3", "isCorrect": false, "que_text": "L", "noOfMistakes": "2", "que_id": "HI_S2_CL_3"}, {"recordingName": "HI_S2_CL_7.mp3", "isCorrect": false, "que_text": "F", "noOfMistakes": "2", "que_id": "HI_S2_CL_7"}], "englishProficiency": "Beginner", "studClass": "9", "date": "Mon Sep 16 13:24:17 IST 2019", "mathematicsProficiency": "Single digit", "deviceID": "d24bcdb4ec66566d", "ageGroup": "7-10 years", "nativeProficiency": "Letter"}