{"englishProficiency": "Small letter", "sequenceList": [{"que_text": " राधा के पास एक तोता है। उसकी चोंच लाल है। वह बहुत बोलता है। सब को हँसाता है।", "noOfMistakes": "200", "que_id": "HI_S1_P_0", "isCorrect": false, "recordingName": "HI_S1_P_0.mp3"}, {"que_text": "गाना", "noOfMistakes": "5", "que_id": "HI_S1_WD_0", "isCorrect": false, "recordingName": "HI_S1_WD_0.mp3"}, {"que_text": "खुश", "noOfMistakes": "5", "que_id": "HI_S1_WD_1", "isCorrect": false, "recordingName": "HI_S1_WD_1.mp3"}, {"que_text": "मोती", "noOfMistakes": "5", "que_id": "HI_S1_WD_2", "isCorrect": false, "recordingName": "HI_S1_WD_2.mp3"}, {"que_text": "झोला", "noOfMistakes": "5", "que_id": "HI_S1_WD_4", "isCorrect": false, "recordingName": "HI_S1_WD_4.mp3"}, {"que_text": "किला", "noOfMistakes": "5", "que_id": "HI_S1_WD_7", "isCorrect": false, "recordingName": "HI_S1_WD_7.mp3"}, {"que_text": "म", "noOfMistakes": "1", "que_id": "HI_S1_L_0", "isCorrect": true, "recordingName": "HI_S1_L_0.mp3"}, {"que_text": "र", "noOfMistakes": "1", "que_id": "HI_S1_L_1", "isCorrect": true, "recordingName": "HI_S1_L_1.mp3"}, {"que_text": "ह", "noOfMistakes": "1", "que_id": "HI_S1_L_3", "isCorrect": true, "recordingName": "HI_S1_L_3.mp3"}, {"que_text": "थ", "noOfMistakes": "1", "que_id": "HI_S1_L_2", "isCorrect": false, "recordingName": "HI_S1_L_2.mp3"}, {"que_text": "श", "noOfMistakes": "1", "que_id": "HI_S1_L_4", "isCorrect": true, "recordingName": "HI_S1_L_4.mp3"}, {"que_text": "A", "noOfMistakes": "0", "que_id": "HI_S1_CL_0", "isCorrect": true, "recordingName": "HI_S1_CL_0.mp3"}, {"que_text": "J", "noOfMistakes": "0", "que_id": "HI_S1_CL_1", "isCorrect": true, "recordingName": "HI_S1_CL_1.mp3"}, {"que_text": "Q", "noOfMistakes": "0", "que_id": "HI_S1_CL_2", "isCorrect": true, "recordingName": "HI_S1_CL_2.mp3"}, {"que_text": "R", "noOfMistakes": "0", "que_id": "HI_S1_CL_3", "isCorrect": true, "recordingName": "HI_S1_CL_3.mp3"}, {"que_text": "E", "noOfMistakes": "0", "que_id": "HI_S1_CL_4", "isCorrect": true, "recordingName": "HI_S1_CL_4.mp3"}, {"que_text": "h", "noOfMistakes": "0", "que_id": "HI_S1_SL_0", "isCorrect": true, "recordingName": "HI_S1_SL_0.mp3"}, {"que_text": "p", "noOfMistakes": "0", "que_id": "HI_S1_SL_1", "isCorrect": true, "recordingName": "HI_S1_SL_1.mp3"}, {"que_text": "x", "noOfMistakes": "0", "que_id": "HI_S1_SL_2", "isCorrect": true, "recordingName": "HI_S1_SL_2.mp3"}, {"que_text": "u", "noOfMistakes": "0", "que_id": "HI_S1_SL_3", "isCorrect": true, "recordingName": "HI_S1_SL_3.mp3"}, {"que_text": "m", "noOfMistakes": "0", "que_id": "HI_S1_SL_4", "isCorrect": true, "recordingName": "HI_S1_SL_4.mp3"}, {"que_text": "cat", "noOfMistakes": "3", "que_id": "HI_S1_W_0", "isCorrect": true, "recordingName": "HI_S1_W_0.mp3"}, {"que_text": "red", "noOfMistakes": "3", "que_id": "HI_S1_W_1", "isCorrect": true, "recordingName": "HI_S1_W_1.mp3"}, {"que_text": "sun", "noOfMistakes": "3", "que_id": "HI_S1_W_2", "isCorrect": false, "recordingName": "HI_S1_W_2.mp3"}, {"que_text": "lip", "noOfMistakes": "3", "que_id": "HI_S1_W_3", "isCorrect": false, "recordingName": "HI_S1_W_3.mp3"}, {"que_text": "fan", "noOfMistakes": "3", "que_id": "HI_S1_W_4", "isCorrect": false, "recordingName": "HI_S1_W_4.mp3"}], "deviceID": "d9731a1c335a3394", "ageGroup": "12-15 years", "studClass": "5", "nativeProficiency": "Letter", "date": "Sat Sep 21 13:23:20 GMT+05:30 2019"}