{"sequenceList": [{"recordingName": "HI_S1_P_0.mp3", "isCorrect": false, "que_text": " राधा के पास एक तोता है। उसकी चोंच लाल है। वह बहुत बोलता है। सब को हँसाता है।", "noOfMistakes": "200", "que_id": "HI_S1_P_0"}, {"recordingName": "HI_S1_WD_0.mp3", "isCorrect": false, "que_text": "गाना", "noOfMistakes": "5", "que_id": "HI_S1_WD_0"}, {"recordingName": "HI_S1_WD_1.mp3", "isCorrect": false, "que_text": "खुश", "noOfMistakes": "5", "que_id": "HI_S1_WD_1"}, {"recordingName": "HI_S1_WD_2.mp3", "isCorrect": false, "que_text": "मोती", "noOfMistakes": "5", "que_id": "HI_S1_WD_2"}, {"recordingName": "HI_S1_WD_4.mp3", "isCorrect": false, "que_text": "झोला", "noOfMistakes": "5", "que_id": "HI_S1_WD_4"}, {"recordingName": "HI_S1_WD_7.mp3", "isCorrect": false, "que_text": "किला", "noOfMistakes": "5", "que_id": "HI_S1_WD_7"}, {"recordingName": "HI_S1_L_0.mp3", "isCorrect": true, "que_text": "म", "noOfMistakes": "1", "que_id": "HI_S1_L_0"}, {"recordingName": "HI_S1_L_1.mp3", "isCorrect": true, "que_text": "र", "noOfMistakes": "1", "que_id": "HI_S1_L_1"}, {"recordingName": "HI_S1_L_3.mp3", "isCorrect": true, "que_text": "ह", "noOfMistakes": "1", "que_id": "HI_S1_L_3"}, {"recordingName": "HI_S1_L_2.mp3", "isCorrect": false, "que_text": "थ", "noOfMistakes": "1", "que_id": "HI_S1_L_2"}, {"recordingName": "HI_S1_L_4.mp3", "isCorrect": true, "que_text": "श", "noOfMistakes": "1", "que_id": "HI_S1_L_4"}, {"answer": "06", "isCorrect": false, "que_text": "51 - 35", "noOfMistakes": "1", "que_id": "HI_S1_SB_0"}, {"answer": "19", "isCorrect": true, "que_text": "67 - 48", "noOfMistakes": "1", "que_id": "HI_S1_SB_1"}, {"recordingName": "HI_S1_DD_0.mp3", "isCorrect": true, "que_text": "65", "noOfMistakes": "1", "que_id": "HI_S1_DD_0"}, {"recordingName": "HI_S1_DD_1.mp3", "isCorrect": false, "que_text": "38", "noOfMistakes": "1", "que_id": "HI_S1_DD_1"}, {"recordingName": "HI_S1_DD_2.mp3", "isCorrect": true, "que_text": "92", "noOfMistakes": "1", "que_id": "HI_S1_DD_2"}, {"recordingName": "HI_S1_DD_3.mp3", "isCorrect": true, "que_text": "23", "noOfMistakes": "1", "que_id": "HI_S1_DD_3"}, {"recordingName": "HI_S1_DD_4.mp3", "isCorrect": true, "que_text": "47", "noOfMistakes": "1", "que_id": "HI_S1_DD_4"}, {"recordingName": "HI_S1_CL_0.mp3", "isCorrect": true, "que_text": "A", "noOfMistakes": "0", "que_id": "HI_S1_CL_0"}, {"recordingName": "HI_S1_CL_1.mp3", "isCorrect": true, "que_text": "J", "noOfMistakes": "0", "que_id": "HI_S1_CL_1"}, {"recordingName": "HI_S1_CL_2.mp3", "isCorrect": true, "que_text": "Q", "noOfMistakes": "0", "que_id": "HI_S1_CL_2"}, {"recordingName": "HI_S1_CL_3.mp3", "isCorrect": true, "que_text": "R", "noOfMistakes": "0", "que_id": "HI_S1_CL_3"}, {"recordingName": "HI_S1_CL_4.mp3", "isCorrect": true, "que_text": "E", "noOfMistakes": "0", "que_id": "HI_S1_CL_4"}, {"recordingName": "HI_S1_SL_0.mp3", "isCorrect": true, "que_text": "h", "noOfMistakes": "0", "que_id": "HI_S1_SL_0"}, {"recordingName": "HI_S1_SL_1.mp3", "isCorrect": true, "que_text": "p", "noOfMistakes": "0", "que_id": "HI_S1_SL_1"}, {"recordingName": "HI_S1_SL_2.mp3", "isCorrect": true, "que_text": "x", "noOfMistakes": "0", "que_id": "HI_S1_SL_2"}, {"recordingName": "HI_S1_SL_3.mp3", "isCorrect": true, "que_text": "u", "noOfMistakes": "0", "que_id": "HI_S1_SL_3"}, {"recordingName": "HI_S1_SL_4.mp3", "isCorrect": true, "que_text": "m", "noOfMistakes": "0", "que_id": "HI_S1_SL_4"}, {"recordingName": "HI_S1_W_0.mp3", "isCorrect": true, "que_text": "cat", "noOfMistakes": "3", "que_id": "HI_S1_W_0"}, {"recordingName": "HI_S1_W_1.mp3", "isCorrect": true, "que_text": "red", "noOfMistakes": "3", "que_id": "HI_S1_W_1"}, {"recordingName": "HI_S1_W_2.mp3", "isCorrect": false, "que_text": "sun", "noOfMistakes": "3", "que_id": "HI_S1_W_2"}, {"recordingName": "HI_S1_W_3.mp3", "isCorrect": false, "que_text": "lip", "noOfMistakes": "3", "que_id": "HI_S1_W_3"}, {"recordingName": "HI_S1_W_4.mp3", "isCorrect": false, "que_text": "fan", "noOfMistakes": "3", "que_id": "HI_S1_W_4"}], "englishProficiency": "Small letter", "studClass": "5", "date": "Sat Sep 21 13:23:20 GMT+05:30 2019", "mathematicsProficiency": "Double digit", "deviceID": "d9731a1c335a3394", "ageGroup": "12-15 years", "nativeProficiency": "Letter"}