{"englishProficiency": "Beginner", "sequenceList": [{"que_text": "आज रविवार आहे. शाळेला रजा आहे. सगळे मिळून खेळूया. आज खेळायचा दिवस आहे.", "noOfMistakes": "200", "que_id": "MR_S4_P_1", "isCorrect": false, "recordingName": "MR_S4_P_1.mp3"}, {"que_text": "लाल", "noOfMistakes": "2", "que_id": "MR_S4_WD_5", "isCorrect": false, "recordingName": "MR_S4_WD_5.mp3"}, {"que_text": "विमान", "noOfMistakes": "2", "que_id": "MR_S4_WD_4", "isCorrect": true, "recordingName": "MR_S4_WD_4.mp3"}, {"que_text": "पाऊस", "noOfMistakes": "2", "que_id": "MR_S4_WD_3", "isCorrect": true, "recordingName": "MR_S4_WD_3.mp3"}, {"que_text": "फेटा", "noOfMistakes": "2", "que_id": "MR_S4_WD_1", "isCorrect": false, "recordingName": "MR_S4_WD_1.mp3"}, {"que_text": "केळे", "noOfMistakes": "2", "que_id": "MR_S4_WD_7", "isCorrect": true, "recordingName": "MR_S4_WD_7.mp3"}, {"que_text": "ब", "noOfMistakes": "0", "que_id": "MR_S4_L_1", "isCorrect": true, "recordingName": "MR_S4_L_1.mp3"}, {"que_text": "ण", "noOfMistakes": "0", "que_id": "MR_S4_L_7", "isCorrect": true, "recordingName": "MR_S4_L_7.mp3"}, {"que_text": "फ", "noOfMistakes": "0", "que_id": "MR_S4_L_4", "isCorrect": true, "recordingName": "MR_S4_L_4.mp3"}, {"que_text": "ढ", "noOfMistakes": "0", "que_id": "MR_S4_L_8", "isCorrect": true, "recordingName": "MR_S4_L_8.mp3"}, {"que_text": "ग", "noOfMistakes": "0", "que_id": "MR_S4_L_3", "isCorrect": true, "recordingName": "MR_S4_L_3.mp3"}, {"que_text": "D", "noOfMistakes": "3", "que_id": "MR_S4_CL_0", "isCorrect": false, "recordingName": "MR_S4_CL_0.mp3"}, {"que_text": "N", "noOfMistakes": "3", "que_id": "MR_S4_CL_7", "isCorrect": false, "recordingName": "MR_S4_CL_7.mp3"}, {"que_text": "G", "noOfMistakes": "3", "que_id": "MR_S4_CL_4", "isCorrect": false, "recordingName": "MR_S4_CL_4.mp3"}], "deviceID": "3ebaa9d14abd9a0f", "ageGroup": "7-10 years", "studClass": "3", "nativeProficiency": "Letter", "date": "Thu Jul 11 14:03:45 GMT+05:30 2019"}