{"englishProficiency": "Sentence", "sequenceList": [{"que_text": " माँ ने हलवा बनाया। वह बहुत मीठा था। उसे सोनी ने खाया। खाने के बाद वह सो गई।", "noOfMistakes": "0", "que_id": "HI_S1_P_1", "isCorrect": true, "recordingName": "HI_S1_P_1.mp3"}, {"que_text": "बहुत दिनों से बारिश हो रही थी। गाँव में सभी जगह गंदा पानी भर गया था। सभी बारिश के रुकने की राह देख रहे थे। अचानक एक दिन बारिश रुक गई। सूरज निकल आया। सब लोग खुश हो गये। आसमान में चिड़ियाँ उड़ने लगीं। लोग अपने कपड़े सुखाने लगे। बच्चे भी घरों से बाहर निकलकर खेलने लगे।", "noOfMistakes": "1", "que_id": "HI_S1_ST_0", "isCorrect": true, "recordingName": "HI_S1_ST_0.mp3"}, {"que_text": "J", "noOfMistakes": "0", "que_id": "HI_S1_CL_1", "isCorrect": true, "recordingName": "HI_S1_CL_1.mp3"}, {"que_text": "E", "noOfMistakes": "0", "que_id": "HI_S1_CL_4", "isCorrect": true, "recordingName": "HI_S1_CL_4.mp3"}, {"que_text": "N", "noOfMistakes": "0", "que_id": "HI_S1_CL_6", "isCorrect": true, "recordingName": "HI_S1_CL_6.mp3"}, {"que_text": "O", "noOfMistakes": "0", "que_id": "HI_S1_CL_7", "isCorrect": true, "recordingName": "HI_S1_CL_7.mp3"}, {"que_text": "Y", "noOfMistakes": "0", "que_id": "HI_S1_CL_5", "isCorrect": true, "recordingName": "HI_S1_CL_5.mp3"}, {"que_text": "h", "noOfMistakes": "0", "que_id": "HI_S1_SL_0", "isCorrect": true, "recordingName": "HI_S1_SL_0.mp3"}, {"que_text": "m", "noOfMistakes": "0", "que_id": "HI_S1_SL_4", "isCorrect": true, "recordingName": "HI_S1_SL_4.mp3"}, {"que_text": "t", "noOfMistakes": "0", "que_id": "HI_S1_SL_7", "isCorrect": true, "recordingName": "HI_S1_SL_7.mp3"}, {"que_text": "d", "noOfMistakes": "0", "que_id": "HI_S1_SL_5", "isCorrect": true, "recordingName": "HI_S1_SL_5.mp3"}, {"que_text": "u", "noOfMistakes": "0", "que_id": "HI_S1_SL_3", "isCorrect": true, "recordingName": "HI_S1_SL_3.mp3"}, {"que_text": "red", "noOfMistakes": "1", "que_id": "HI_S1_W_1", "isCorrect": false, "recordingName": "HI_S1_W_1.mp3"}, {"que_text": "fan", "noOfMistakes": "1", "que_id": "HI_S1_W_4", "isCorrect": true, "recordingName": "HI_S1_W_4.mp3"}, {"que_text": "bus", "noOfMistakes": "1", "que_id": "HI_S1_W_5", "isCorrect": true, "recordingName": "HI_S1_W_5.mp3"}, {"que_text": "lip", "noOfMistakes": "1", "que_id": "HI_S1_W_3", "isCorrect": true, "recordingName": "HI_S1_W_3.mp3"}, {"que_text": "cat", "noOfMistakes": "1", "que_id": "HI_S1_W_0", "isCorrect": true, "recordingName": "HI_S1_W_0.mp3"}, {"que_text": "I like to read.", "noOfMistakes": "0", "que_id": "HI_S1_S_2", "isCorrect": true, "recordingName": "HI_S1_S_2.mp3"}, {"que_text": "This is a small bag.", "noOfMistakes": "1", "que_id": "HI_S1_S_1", "isCorrect": true, "recordingName": "HI_S1_S_1.mp3"}, {"que_text": "I have a fat  dog .", "noOfMistakes": "0", "que_id": "HI_S1_S_3", "isCorrect": true, "recordingName": "HI_S1_S_3.mp3"}], "deviceID": "8be11d6e385005b0", "ageGroup": "12-15 years", "studClass": "7", "nativeProficiency": "Story", "date": "Tue Oct 01 16:59:49 GMT+05:30 2019"}