{"englishProficiency": "Beginner", "sequenceList": [{"que_text": "नीतू के घर में गाय है। उसका रंग सफ़ेद है। गाय हरी घास खाती है। वह बहुत दूध देती है।", "noOfMistakes": "200", "que_id": "HI_S3_P_0", "isCorrect": false, "recordingName": "HI_S3_P_0.mp3"}, {"que_text": "क", "noOfMistakes": "4", "que_id": "HI_S3_L_1", "isCorrect": true, "recordingName": "HI_S3_L_1.mp3"}, {"que_text": "च", "noOfMistakes": "4", "que_id": "HI_S3_L_2", "isCorrect": false, "recordingName": "HI_S3_L_2.mp3"}, {"que_text": "ल", "noOfMistakes": "4", "que_id": "HI_S3_L_4", "isCorrect": false, "recordingName": "HI_S3_L_4.mp3"}, {"que_text": "थ", "noOfMistakes": "4", "que_id": "HI_S3_L_5", "isCorrect": false, "recordingName": "HI_S3_L_5.mp3"}, {"que_text": "ब", "noOfMistakes": "4", "que_id": "HI_S3_L_3", "isCorrect": false, "recordingName": "HI_S3_L_3.mp3"}, {"que_text": "C", "noOfMistakes": "4", "que_id": "HI_S3_CL_0", "isCorrect": true, "recordingName": "HI_S3_CL_0.mp3"}, {"que_text": "K", "noOfMistakes": "4", "que_id": "HI_S3_CL_1", "isCorrect": false, "recordingName": "HI_S3_CL_1.mp3"}, {"que_text": "S", "noOfMistakes": "4", "que_id": "HI_S3_CL_2", "isCorrect": false, "recordingName": "HI_S3_CL_2.mp3"}, {"que_text": "F", "noOfMistakes": "4", "que_id": "HI_S3_CL_4", "isCorrect": false, "recordingName": "HI_S3_CL_4.mp3"}, {"que_text": "W", "noOfMistakes": "4", "que_id": "HI_S3_CL_5", "isCorrect": false, "recordingName": "HI_S3_CL_5.mp3"}], "deviceID": "c66208a6b7100eb2", "ageGroup": "less than 5 years", "studClass": "1", "nativeProficiency": "Beginner", "date": "Mon Aug 19 17:24:34 IST 2019"}