{"englishProficiency": "word", "sequenceList": [{"que_text": "फुगेवाला आला. लाल, निळे, फुगे आणले. मुलांनी फुगे घेतले. हातातून ते सुटून गेले.", "noOfMistakes": "1", "que_id": "MR_S3_P_0", "isCorrect": true, "recordingName": "MR_S3_P_0.mp3"}, {"que_text": "C", "noOfMistakes": "1", "que_id": "MR_S3_CL_0", "isCorrect": true, "recordingName": "MR_S3_CL_0.mp3"}, {"que_text": "K", "noOfMistakes": "1", "que_id": "MR_S3_CL_1", "isCorrect": true, "recordingName": "MR_S3_CL_1.mp3"}, {"que_text": "S", "noOfMistakes": "1", "que_id": "MR_S3_CL_2", "isCorrect": true, "recordingName": "MR_S3_CL_2.mp3"}, {"que_text": "Q", "noOfMistakes": "1", "que_id": "MR_S3_CL_3", "isCorrect": false, "recordingName": "MR_S3_CL_3.mp3"}, {"que_text": "F", "noOfMistakes": "1", "que_id": "MR_S3_CL_4", "isCorrect": true, "recordingName": "MR_S3_CL_4.mp3"}, {"que_text": "n", "noOfMistakes": "0", "que_id": "MR_S3_SL_0", "isCorrect": true, "recordingName": "MR_S3_SL_0.mp3"}, {"que_text": "p", "noOfMistakes": "0", "que_id": "MR_S3_SL_1", "isCorrect": true, "recordingName": "MR_S3_SL_1.mp3"}, {"que_text": "g", "noOfMistakes": "0", "que_id": "MR_S3_SL_2", "isCorrect": true, "recordingName": "MR_S3_SL_2.mp3"}, {"que_text": "v", "noOfMistakes": "0", "que_id": "MR_S3_SL_3", "isCorrect": true, "recordingName": "MR_S3_SL_3.mp3"}, {"que_text": "e", "noOfMistakes": "0", "que_id": "MR_S3_SL_4", "isCorrect": true, "recordingName": "MR_S3_SL_4.mp3"}, {"que_text": "day", "noOfMistakes": "0", "que_id": "MR_S3_W_0", "isCorrect": true, "recordingName": "MR_S3_W_0.mp3"}, {"que_text": "old", "noOfMistakes": "0", "que_id": "MR_S3_W_1", "isCorrect": true, "recordingName": "MR_S3_W_1.mp3"}, {"que_text": "sit", "noOfMistakes": "0", "que_id": "MR_S3_W_2", "isCorrect": true, "recordingName": "MR_S3_W_2.mp3"}, {"que_text": "run", "noOfMistakes": "0", "que_id": "MR_S3_W_3", "isCorrect": true, "recordingName": "MR_S3_W_3.mp3"}, {"que_text": "rat", "noOfMistakes": "0", "que_id": "MR_S3_W_4", "isCorrect": true, "recordingName": "MR_S3_W_4.mp3"}], "deviceID": "39ba11b269f1f93d", "ageGroup": "5-7 years", "studClass": "2", "date": "Mon Sep 09 08:24:13 IST 2019", "nativeProficiency": "Paragraph"}