{"sequenceList": [{"recordingName": "HI_S2_P_0.mp3", "isCorrect": false, "que_text": "सोनी के पास एक माला है। उसमें बहुत सारे मोती हैं। मोती पीले रंग के हैं। सोनी उसे पहनती है।", "noOfMistakes": "200", "que_id": "HI_S2_P_0"}, {"recordingName": "HI_S1_WD_3.mp3", "isCorrect": true, "que_text": "नानी", "noOfMistakes": "0", "que_id": "HI_S1_WD_3"}, {"recordingName": "HI_S1_WD_6.mp3", "isCorrect": true, "que_text": "पीला", "noOfMistakes": "0", "que_id": "HI_S1_WD_6"}, {"recordingName": "HI_S1_WD_7.mp3", "isCorrect": true, "que_text": "फूल", "noOfMistakes": "0", "que_id": "HI_S1_WD_7"}, {"recordingName": "HI_S1_WD_8.mp3", "isCorrect": true, "que_text": "दिन", "noOfMistakes": "0", "que_id": "HI_S1_WD_8"}, {"recordingName": "HI_S1_WD_5.mp3", "isCorrect": true, "que_text": "काम", "noOfMistakes": "0", "que_id": "HI_S1_WD_5"}, {"answer": "16", "isCorrect": true, "que_text": "51-35", "noOfMistakes": "0", "que_id": "HI_S1_SB_0"}, {"answer": "26", "isCorrect": true, "que_text": "41-15", "noOfMistakes": "0", "que_id": "HI_S2_SB_4"}, {"noOfMistakes": "0", "que_id": "HI_S2_D_3", "answer": "164", "remainder": "2", "isCorrect": true, "que_text": "658/4"}, {"recordingName": "HI_S2_CL_0.mp3", "isCorrect": true, "que_text": "B", "noOfMistakes": "0", "que_id": "HI_S2_CL_0"}, {"recordingName": "HI_S2_CL_3.mp3", "isCorrect": true, "que_text": "L", "noOfMistakes": "0", "que_id": "HI_S2_CL_3"}, {"recordingName": "HI_S2_CL_1.mp3", "isCorrect": true, "que_text": "H", "noOfMistakes": "0", "que_id": "HI_S2_CL_1"}, {"recordingName": "HI_S2_CL_2.mp3", "isCorrect": true, "que_text": "R", "noOfMistakes": "0", "que_id": "HI_S2_CL_2"}, {"recordingName": "HI_S2_CL_4.mp3", "isCorrect": true, "que_text": "V", "noOfMistakes": "0", "que_id": "HI_S2_CL_4"}, {"recordingName": "HI_S2_SL_0.mp3", "isCorrect": true, "que_text": "z", "noOfMistakes": "0", "que_id": "HI_S2_SL_0"}, {"recordingName": "HI_S2_SL_1.mp3", "isCorrect": true, "que_text": "j", "noOfMistakes": "0", "que_id": "HI_S2_SL_1"}, {"recordingName": "HI_S2_SL_2.mp3", "isCorrect": true, "que_text": "o", "noOfMistakes": "0", "que_id": "HI_S2_SL_2"}, {"recordingName": "HI_S2_SL_3.mp3", "isCorrect": true, "que_text": "w", "noOfMistakes": "0", "que_id": "HI_S2_SL_3"}, {"recordingName": "HI_S2_SL_4.mp3", "isCorrect": true, "que_text": "g", "noOfMistakes": "0", "que_id": "HI_S2_SL_4"}, {"recordingName": "HI_S2_W_1.mp3", "isCorrect": true, "que_text": "hot", "noOfMistakes": "0", "que_id": "HI_S2_W_1"}, {"recordingName": "HI_S2_W_3.mp3", "isCorrect": true, "que_text": "cow", "noOfMistakes": "0", "que_id": "HI_S2_W_3"}, {"recordingName": "HI_S2_W_4.mp3", "isCorrect": true, "que_text": "man", "noOfMistakes": "0", "que_id": "HI_S2_W_4"}, {"recordingName": "HI_S2_W_5.mp3", "isCorrect": true, "que_text": "pen", "noOfMistakes": "0", "que_id": "HI_S2_W_5"}, {"recordingName": "HI_S2_W_2.mp3", "isCorrect": true, "que_text": "big", "noOfMistakes": "0", "que_id": "HI_S2_W_2"}, {"recordingName": "HI_S2_S_2.mp3", "isCorrect": true, "que_text": "I like to play.", "noOfMistakes": "0", "que_id": "HI_S2_S_2"}, {"recordingName": "HI_S2_S_1.mp3", "isCorrect": true, "que_text": "This is a red ball.", "noOfMistakes": "0", "que_id": "HI_S2_S_1"}], "englishProficiency": "Sentence", "studClass": "1", "date": "Thu Sep 19 15:26:35 GMT+05:30 2019", "mathematicsProficiency": "Division", "deviceID": "5ee7a78ed47563c0", "ageGroup": "5-7 years", "nativeProficiency": "Word"}