{"englishProficiency": "Small letter", "sequenceList": [{"que_text": "बग़ीचे में पेड़ हैं। पेड़ पर एक तोता रहता है। तोते का रंग हरा है। वह लाल टमाटर खाता है।", "noOfMistakes": "200", "que_id": "HI_S4_P_0", "isCorrect": true, "recordingName": "HI_S4_P_0.mp3"}, {"que_text": "आग", "noOfMistakes": "5", "que_id": "HI_S4_WD_0", "isCorrect": false, "recordingName": "HI_S4_WD_0.mp3"}, {"que_text": "देश", "noOfMistakes": "5", "que_id": "HI_S4_WD_7", "isCorrect": false, "recordingName": "HI_S4_WD_7.mp3"}, {"que_text": "धुन", "noOfMistakes": "5", "que_id": "HI_S4_WD_6", "isCorrect": false, "recordingName": "HI_S4_WD_6.mp3"}, {"que_text": "बूढ़ा", "noOfMistakes": "5", "que_id": "HI_S4_WD_9", "isCorrect": false, "recordingName": "HI_S4_WD_9.mp3"}, {"que_text": "चौकी", "noOfMistakes": "5", "que_id": "HI_S4_WD_5", "isCorrect": false, "recordingName": "HI_S4_WD_5.mp3"}, {"que_text": "र", "noOfMistakes": "2", "que_id": "HI_S4_L_1", "isCorrect": true, "recordingName": "HI_S4_L_1.mp3"}, {"que_text": "न", "noOfMistakes": "2", "que_id": "HI_S4_L_0", "isCorrect": true, "recordingName": "HI_S4_L_0.mp3"}, {"que_text": "ल", "noOfMistakes": "2", "que_id": "HI_S4_L_8", "isCorrect": false, "recordingName": "HI_S4_L_8.mp3"}, {"que_text": "ग", "noOfMistakes": "2", "que_id": "HI_S4_L_6", "isCorrect": true, "recordingName": "HI_S4_L_6.mp3"}, {"que_text": "प", "noOfMistakes": "2", "que_id": "HI_S4_L_5", "isCorrect": false, "recordingName": "HI_S4_L_5.mp3"}, {"que_text": "D", "noOfMistakes": "0", "que_id": "HI_S4_CL_0", "isCorrect": true, "recordingName": "HI_S4_CL_0.mp3"}, {"que_text": "G", "noOfMistakes": "0", "que_id": "HI_S4_CL_4", "isCorrect": true, "recordingName": "HI_S4_CL_4.mp3"}, {"que_text": "X", "noOfMistakes": "0", "que_id": "HI_S4_CL_5", "isCorrect": true, "recordingName": "HI_S4_CL_5.mp3"}, {"que_text": "N", "noOfMistakes": "0", "que_id": "HI_S4_CL_7", "isCorrect": true, "recordingName": "HI_S4_CL_7.mp3"}, {"que_text": "P", "noOfMistakes": "0", "que_id": "HI_S4_CL_6", "isCorrect": true, "recordingName": "HI_S4_CL_6.mp3"}, {"que_text": "m", "noOfMistakes": "0", "que_id": "HI_S4_SL_5", "isCorrect": true, "recordingName": "HI_S4_SL_5.mp3"}, {"que_text": "h", "noOfMistakes": "0", "que_id": "HI_S4_SL_7", "isCorrect": true, "recordingName": "HI_S4_SL_7.mp3"}, {"que_text": "a", "noOfMistakes": "0", "que_id": "HI_S4_SL_6", "isCorrect": true, "recordingName": "HI_S4_SL_6.mp3"}, {"que_text": "s", "noOfMistakes": "0", "que_id": "HI_S4_SL_3", "isCorrect": true, "recordingName": "HI_S4_SL_3.mp3"}, {"que_text": "i", "noOfMistakes": "0", "que_id": "HI_S4_SL_2", "isCorrect": true, "recordingName": "HI_S4_SL_2.mp3"}, {"que_text": "dog", "noOfMistakes": "5", "que_id": "HI_S4_W_0", "isCorrect": false, "recordingName": "HI_S4_W_0.mp3"}, {"que_text": "boy", "noOfMistakes": "5", "que_id": "HI_S4_W_3", "isCorrect": false, "recordingName": "HI_S4_W_3.mp3"}, {"que_text": "box", "noOfMistakes": "5", "que_id": "HI_S4_W_5", "isCorrect": false, "recordingName": "HI_S4_W_5.mp3"}, {"que_text": "man", "noOfMistakes": "5", "que_id": "HI_S4_W_4", "isCorrect": false, "recordingName": "HI_S4_W_4.mp3"}, {"que_text": "cup", "noOfMistakes": "5", "que_id": "HI_S4_W_2", "isCorrect": false, "recordingName": "HI_S4_W_2.mp3"}], "deviceID": "85b866ae30edb571", "ageGroup": "7-10 years", "studClass": "1", "nativeProficiency": "Beginner", "date": "Fri Sep 13 10:42:36 GMT+02:00 2019"}