{"englishProficiency": "Beginner", "sequenceList": [{"que_text": "फुगेवाला आला. लाल, निळे, फुगे आणले. मुलांनी फुगे घेतले. हातातून ते सुटून गेले.", "noOfMistakes": "200", "que_id": "MR_S3_P_0", "isCorrect": false, "recordingName": "MR_S3_P_0.mp3"}, {"que_text": "न", "noOfMistakes": "2", "que_id": "MH_S3_L_4", "isCorrect": false, "recordingName": "MH_S3_L_4.mp3"}, {"que_text": "द", "noOfMistakes": "2", "que_id": "MH_S3_L_5", "isCorrect": false, "recordingName": "MH_S3_L_5.mp3"}, {"que_text": "F", "noOfMistakes": "3", "que_id": "MR_S3_CL_4", "isCorrect": false, "recordingName": "MR_S3_CL_4.mp3"}, {"que_text": "K", "noOfMistakes": "3", "que_id": "MR_S3_CL_1", "isCorrect": false, "recordingName": "MR_S3_CL_1.mp3"}, {"que_text": "W", "noOfMistakes": "3", "que_id": "MR_S3_CL_5", "isCorrect": false, "recordingName": "MR_S3_CL_5.mp3"}], "deviceID": "3ebaa9d14abd9a0f", "ageGroup": "5-7 years", "studClass": "1", "nativeProficiency": "Beginner", "date": "Sun Jul 07 13:13:53 GMT+05:30 2019"}