{"sequenceList": [{"recordingName": "MR_S3_P_0.mp3", "isCorrect": false, "que_text": "फुगेवाला आला. लाल, निळे, फुगे आणले. मुलांनी फुगे घेतले. हातातून ते सुटून गेले.", "noOfMistakes": "200", "que_id": "MR_S3_P_0"}, {"recordingName": "MH_S3_L_4.mp3", "isCorrect": false, "que_text": "न", "noOfMistakes": "2", "que_id": "MH_S3_L_4"}, {"recordingName": "MH_S3_L_5.mp3", "isCorrect": false, "que_text": "द", "noOfMistakes": "2", "que_id": "MH_S3_L_5"}, {"recordingName": "MR_S3_SD_0.mp3", "isCorrect": false, "que_text": "1", "noOfMistakes": "3", "que_id": "MR_S3_SD_0"}, {"recordingName": "MR_S3_SD_7.mp3", "isCorrect": false, "que_text": "2", "noOfMistakes": "3", "que_id": "MR_S3_SD_7"}, {"recordingName": "MR_S3_SD_4.mp3", "isCorrect": false, "que_text": "6", "noOfMistakes": "3", "que_id": "MR_S3_SD_4"}, {"recordingName": "MR_S3_CL_4.mp3", "isCorrect": false, "que_text": "F", "noOfMistakes": "3", "que_id": "MR_S3_CL_4"}, {"recordingName": "MR_S3_CL_1.mp3", "isCorrect": false, "que_text": "K", "noOfMistakes": "3", "que_id": "MR_S3_CL_1"}, {"recordingName": "MR_S3_CL_5.mp3", "isCorrect": false, "que_text": "W", "noOfMistakes": "3", "que_id": "MR_S3_CL_5"}], "englishProficiency": "Beginner", "studClass": "1", "date": "Sun Jul 07 13:13:53 GMT+05:30 2019", "mathematicsProficiency": "Beginner", "deviceID": "3ebaa9d14abd9a0f", "ageGroup": "5-7 years", "nativeProficiency": "Beginner"}