{"nativeProficiency": "Test was not complete", "sequenceList": [{"que_text": "गीता बागेत आली. तिकडे तिला मंजू भेटली. दोघींनी जोरात झोका घेतला. आज खूपच मजा आली.", "noOfMistakes": "1", "que_id": "MR_S4_P_0", "isCorrect": false, "recordingName": "MR_S4_P_0.mp3"}], "deviceID": "ca512e3b0fc2c4f9", "ageGroup": "12-15 years", "studClass": "8", "date": "Sat Sep 07 15:44:31 GMT+05:30 2019"}