{"englishProficiency": "Beginner", "sequenceList": [{"que_text": "खुश", "noOfMistakes": "1", "que_id": "HI_S1_WD_1", "isCorrect": false, "recordingName": "HI_S1_WD_1.mp3"}, {"que_text": "र", "noOfMistakes": "1", "que_id": "HI_S1_L_1", "isCorrect": true, "recordingName": "HI_S1_L_1.mp3"}, {"que_text": "क", "noOfMistakes": "1", "que_id": "HI_S1_L_8", "isCorrect": true, "recordingName": "HI_S1_L_8.mp3"}, {"que_text": "म", "noOfMistakes": "1", "que_id": "HI_S1_L_0", "isCorrect": true, "recordingName": "HI_S1_L_0.mp3"}, {"que_text": "श", "noOfMistakes": "1", "que_id": "HI_S1_L_4", "isCorrect": false, "recordingName": "HI_S1_L_4.mp3"}, {"que_text": "घ", "noOfMistakes": "1", "que_id": "HI_S1_L_9", "isCorrect": true, "recordingName": "HI_S1_L_9.mp3"}, {"que_text": "N", "noOfMistakes": "4", "que_id": "HI_S1_CL_6", "isCorrect": false, "recordingName": "HI_S1_CL_6.mp3"}, {"que_text": "A", "noOfMistakes": "4", "que_id": "HI_S1_CL_0", "isCorrect": true, "recordingName": "HI_S1_CL_0.mp3"}, {"que_text": "Y", "noOfMistakes": "4", "que_id": "HI_S1_CL_5", "isCorrect": false, "recordingName": "HI_S1_CL_5.mp3"}, {"que_text": "J", "noOfMistakes": "4", "que_id": "HI_S1_CL_1", "isCorrect": false, "recordingName": "HI_S1_CL_1.mp3"}, {"que_text": "Q", "noOfMistakes": "4", "que_id": "HI_S1_CL_2", "isCorrect": false, "recordingName": "HI_S1_CL_2.mp3"}], "deviceID": "ebaa26065aba20e5", "ageGroup": "10-12 years", "studClass": "1", "nativeProficiency": "Letter", "date": "Mon Aug 19 15:14:00 GMT+05:30 2019"}