{"sequenceList": [{"answer": "37", "isCorrect": true, "que_text": "52 - 15", "noOfMistakes": "0", "que_id": "MR_S3_SB_6"}, {"recordingName": "MR_S3_CL_4.mp3", "isCorrect": true, "que_text": "F", "noOfMistakes": "1", "que_id": "MR_S3_CL_4"}, {"recordingName": "MR_S3_CL_5.mp3", "isCorrect": true, "que_text": "W", "noOfMistakes": "1", "que_id": "MR_S3_CL_5"}, {"recordingName": "MR_S3_CL_2.mp3", "isCorrect": true, "que_text": "S", "noOfMistakes": "1", "que_id": "MR_S3_CL_2"}, {"recordingName": "MR_S3_CL_1.mp3", "isCorrect": true, "que_text": "K", "noOfMistakes": "1", "que_id": "MR_S3_CL_1"}, {"recordingName": "MR_S3_CL_3.mp3", "isCorrect": false, "que_text": "Q", "noOfMistakes": "1", "que_id": "MR_S3_CL_3"}], "englishProficiency": "Capital letter", "studClass": "3", "date": "Wed Sep 04 17:54:36 IST 2019", "mathematicsProficiency": "Subtraction", "deviceID": "5b150edd580a5183", "ageGroup": "7-10 years", "nativeProficiency": "Paragraph"}