{"englishProficiency": "Capital letter", "sequenceList": [{"que_text": "F", "noOfMistakes": "1", "que_id": "MR_S3_CL_4", "isCorrect": true, "recordingName": "MR_S3_CL_4.mp3"}, {"que_text": "W", "noOfMistakes": "1", "que_id": "MR_S3_CL_5", "isCorrect": true, "recordingName": "MR_S3_CL_5.mp3"}, {"que_text": "S", "noOfMistakes": "1", "que_id": "MR_S3_CL_2", "isCorrect": true, "recordingName": "MR_S3_CL_2.mp3"}, {"que_text": "K", "noOfMistakes": "1", "que_id": "MR_S3_CL_1", "isCorrect": true, "recordingName": "MR_S3_CL_1.mp3"}, {"que_text": "Q", "noOfMistakes": "1", "que_id": "MR_S3_CL_3", "isCorrect": false, "recordingName": "MR_S3_CL_3.mp3"}], "deviceID": "5b150edd580a5183", "ageGroup": "7-10 years", "studClass": "3", "nativeProficiency": "Paragraph", "date": "Wed Sep 04 17:54:36 IST 2019"}