{"englishProficiency": "Capital letter", "sequenceList": [{"que_text": " राधा के पास एक तोता है। उसकी चोंच लाल है। वह बहुत बोलता है। सब को हँसाता है।", "noOfMistakes": "1", "que_id": "HI_S1_P_0", "isCorrect": true, "recordingName": "HI_S1_P_0.mp3"}, {"que_text": "गाना", "noOfMistakes": "3", "que_id": "HI_S1_WD_0", "isCorrect": true, "recordingName": "HI_S1_WD_0.mp3"}, {"que_text": "आग", "noOfMistakes": "3", "que_id": "HI_S1_WD_8", "isCorrect": true, "recordingName": "HI_S1_WD_8.mp3"}, {"que_text": "मोती", "noOfMistakes": "3", "que_id": "HI_S1_WD_2", "isCorrect": false, "recordingName": "HI_S1_WD_2.mp3"}, {"que_text": "किला", "noOfMistakes": "3", "que_id": "HI_S1_WD_7", "isCorrect": false, "recordingName": "HI_S1_WD_7.mp3"}, {"que_text": "खुश", "noOfMistakes": "3", "que_id": "HI_S1_WD_1", "isCorrect": false, "recordingName": "HI_S1_WD_1.mp3"}, {"que_text": "A", "noOfMistakes": "1", "que_id": "HI_S1_CL_0", "isCorrect": true, "recordingName": "HI_S1_CL_0.mp3"}, {"que_text": "R", "noOfMistakes": "1", "que_id": "HI_S1_CL_3", "isCorrect": true, "recordingName": "HI_S1_CL_3.mp3"}, {"que_text": "N", "noOfMistakes": "1", "que_id": "HI_S1_CL_6", "isCorrect": false, "recordingName": "HI_S1_CL_6.mp3"}, {"que_text": "E", "noOfMistakes": "1", "que_id": "HI_S1_CL_4", "isCorrect": true, "recordingName": "HI_S1_CL_4.mp3"}, {"que_text": "O", "noOfMistakes": "1", "que_id": "HI_S1_CL_7", "isCorrect": true, "recordingName": "HI_S1_CL_7.mp3"}, {"que_text": "u", "noOfMistakes": "1", "que_id": "HI_S1_SL_3", "isCorrect": false, "recordingName": "HI_S1_SL_3.mp3"}], "deviceID": "ebaa26065aba20e5", "ageGroup": "10-12 years", "studClass": "4", "nativeProficiency": "Paragraph", "date": "Mon Aug 19 13:51:10 GMT+05:30 2019"}