{"sequenceList": [{"recordingName": "HI_S1_P_0.mp3", "isCorrect": true, "que_text": " राधा के पास एक तोता है। उसकी चोंच लाल है। वह बहुत बोलता है। सब को हँसाता है।", "noOfMistakes": "1", "que_id": "HI_S1_P_0"}, {"recordingName": "HI_S1_WD_0.mp3", "isCorrect": true, "que_text": "गाना", "noOfMistakes": "3", "que_id": "HI_S1_WD_0"}, {"recordingName": "HI_S1_WD_8.mp3", "isCorrect": true, "que_text": "आग", "noOfMistakes": "3", "que_id": "HI_S1_WD_8"}, {"recordingName": "HI_S1_WD_2.mp3", "isCorrect": false, "que_text": "मोती", "noOfMistakes": "3", "que_id": "HI_S1_WD_2"}, {"recordingName": "HI_S1_WD_7.mp3", "isCorrect": false, "que_text": "किला", "noOfMistakes": "3", "que_id": "HI_S1_WD_7"}, {"recordingName": "HI_S1_WD_1.mp3", "isCorrect": false, "que_text": "खुश", "noOfMistakes": "3", "que_id": "HI_S1_WD_1"}, {"answer": "12", "isCorrect": false, "que_text": "67 - 48", "noOfMistakes": "2", "que_id": "HI_S1_SB_1"}, {"answer": "68", "isCorrect": false, "que_text": "51 - 35", "noOfMistakes": "2", "que_id": "HI_S1_SB_0"}, {"recordingName": "HI_S1_DD_9.mp3", "isCorrect": true, "que_text": "11", "noOfMistakes": "0", "que_id": "HI_S1_DD_9"}, {"recordingName": "HI_S1_DD_8.mp3", "isCorrect": true, "que_text": "29", "noOfMistakes": "0", "que_id": "HI_S1_DD_8"}, {"recordingName": "HI_S1_DD_3.mp3", "isCorrect": true, "que_text": "23", "noOfMistakes": "0", "que_id": "HI_S1_DD_3"}, {"recordingName": "HI_S1_DD_1.mp3", "isCorrect": true, "que_text": "38", "noOfMistakes": "0", "que_id": "HI_S1_DD_1"}, {"recordingName": "HI_S1_DD_7.mp3", "isCorrect": true, "que_text": "87", "noOfMistakes": "0", "que_id": "HI_S1_DD_7"}, {"recordingName": "HI_S1_CL_0.mp3", "isCorrect": true, "que_text": "A", "noOfMistakes": "1", "que_id": "HI_S1_CL_0"}, {"recordingName": "HI_S1_CL_3.mp3", "isCorrect": true, "que_text": "R", "noOfMistakes": "1", "que_id": "HI_S1_CL_3"}, {"recordingName": "HI_S1_CL_6.mp3", "isCorrect": false, "que_text": "N", "noOfMistakes": "1", "que_id": "HI_S1_CL_6"}, {"recordingName": "HI_S1_CL_4.mp3", "isCorrect": true, "que_text": "E", "noOfMistakes": "1", "que_id": "HI_S1_CL_4"}, {"recordingName": "HI_S1_CL_7.mp3", "isCorrect": true, "que_text": "O", "noOfMistakes": "1", "que_id": "HI_S1_CL_7"}, {"recordingName": "HI_S1_SL_3.mp3", "isCorrect": false, "que_text": "u", "noOfMistakes": "1", "que_id": "HI_S1_SL_3"}], "englishProficiency": "Capital letter", "studClass": "4", "date": "Mon Aug 19 13:51:10 GMT+05:30 2019", "mathematicsProficiency": "Double digit", "deviceID": "ebaa26065aba20e5", "ageGroup": "10-12 years", "nativeProficiency": "Paragraph"}