{"sequenceList": [{"recordingName": "MR_S4_P_1.mp3", "isCorrect": false, "que_text": "आज रविवार आहे. शाळेला रजा आहे. सगळे मिळून खेळूया. आज खेळायचा दिवस आहे.", "noOfMistakes": "4", "que_id": "MR_S4_P_1"}, {"recordingName": "MR_S4_WD_3.mp3", "isCorrect": true, "que_text": "पाऊस", "noOfMistakes": "2", "que_id": "MR_S4_WD_3"}, {"recordingName": "MR_S4_WD_4.mp3", "isCorrect": false, "que_text": "विमान", "noOfMistakes": "2", "que_id": "MR_S4_WD_4"}, {"recordingName": "MR_S4_WD_7.mp3", "isCorrect": false, "que_text": "केळे", "noOfMistakes": "2", "que_id": "MR_S4_WD_7"}, {"recordingName": "MR_S4_WD_1.mp3", "isCorrect": true, "que_text": "फेटा", "noOfMistakes": "2", "que_id": "MR_S4_WD_1"}, {"recordingName": "MR_S4_L_0.mp3", "isCorrect": true, "que_text": "ख", "noOfMistakes": "1", "que_id": "MR_S4_L_0"}, {"recordingName": "MR_S4_L_4.mp3", "isCorrect": true, "que_text": "फ", "noOfMistakes": "1", "que_id": "MR_S4_L_4"}, {"recordingName": "MR_S4_L_5.mp3", "isCorrect": false, "que_text": "ड", "noOfMistakes": "1", "que_id": "MR_S4_L_5"}, {"recordingName": "MR_S4_L_3.mp3", "isCorrect": true, "que_text": "ग", "noOfMistakes": "1", "que_id": "MR_S4_L_3"}, {"recordingName": "MR_S4_L_7.mp3", "isCorrect": true, "que_text": "ण", "noOfMistakes": "1", "que_id": "MR_S4_L_7"}, {"answer": "-", "isCorrect": false, "que_text": "43 - 26", "noOfMistakes": "1", "que_id": "MR_S4_SB_1"}, {"recordingName": "MR_S4_DD_0.mp3", "isCorrect": false, "que_text": "71", "noOfMistakes": "2", "que_id": "MR_S4_DD_0"}, {"recordingName": "MR_S4_DD_4.mp3", "isCorrect": false, "que_text": "23", "noOfMistakes": "2", "que_id": "MR_S4_DD_4"}, {"recordingName": "MR_S4_SD_4.mp3", "isCorrect": true, "que_text": "2", "noOfMistakes": "0", "que_id": "MR_S4_SD_4"}, {"recordingName": "MR_S4_SD_5.mp3", "isCorrect": true, "que_text": "9", "noOfMistakes": "0", "que_id": "MR_S4_SD_5"}, {"recordingName": "MR_S4_SD_3.mp3", "isCorrect": true, "que_text": "4", "noOfMistakes": "0", "que_id": "MR_S4_SD_3"}, {"recordingName": "MR_S4_SD_2.mp3", "isCorrect": true, "que_text": "8", "noOfMistakes": "0", "que_id": "MR_S4_SD_2"}, {"recordingName": "MR_S4_SD_7.mp3", "isCorrect": true, "que_text": "1", "noOfMistakes": "0", "que_id": "MR_S4_SD_7"}, {"recordingName": "MR_S4_CL_1.mp3", "isCorrect": false, "que_text": "L", "noOfMistakes": "3", "que_id": "MR_S4_CL_1"}, {"recordingName": "MR_S4_CL_4.mp3", "isCorrect": true, "que_text": "G", "noOfMistakes": "3", "que_id": "MR_S4_CL_4"}, {"recordingName": "MR_S4_CL_2.mp3", "isCorrect": true, "que_text": "T", "noOfMistakes": "3", "que_id": "MR_S4_CL_2"}, {"recordingName": "MR_S4_CL_0.mp3", "isCorrect": false, "que_text": "D", "noOfMistakes": "3", "que_id": "MR_S4_CL_0"}, {"recordingName": "MR_S4_CL_7.mp3", "isCorrect": false, "que_text": "N", "noOfMistakes": "3", "que_id": "MR_S4_CL_7"}], "englishProficiency": "Beginner", "studClass": "2", "date": "Thu Jul 04 12:14:55 GMT+05:30 2019", "mathematicsProficiency": "Single digit", "deviceID": "3ebaa9d14abd9a0f", "ageGroup": "5-7 years", "nativeProficiency": "Letter"}