{"date": "Thu Sep 05 17:18:06 GMT+05:30 2019", "sequenceList": [{"recordingName": "MR_S1_P_0.mp3", "isCorrect": true, "que_text": "आज गावाहून मामा आला. मला खाऊ व फुगे घेऊन आला. ताईला बाहुली घेऊन आला. आईला छान साडी आणली.", "noOfMistakes": "200", "que_id": "MR_S1_P_0"}, {"recordingName": "MR_S1_WD_0.mp3", "isCorrect": true, "que_text": "समई", "noOfMistakes": "0", "que_id": "MR_S1_WD_0"}, {"recordingName": "MR_S1_WD_1.mp3", "isCorrect": true, "que_text": "बस", "noOfMistakes": "0", "que_id": "MR_S1_WD_1"}, {"recordingName": "MR_S1_WD_2.mp3", "isCorrect": true, "que_text": "गरम", "noOfMistakes": "0", "que_id": "MR_S1_WD_2"}, {"recordingName": "MR_S1_WD_3.mp3", "isCorrect": true, "que_text": "कैरी", "noOfMistakes": "0", "que_id": "MR_S1_WD_3"}, {"recordingName": "MR_S1_WD_4.mp3", "isCorrect": true, "que_text": "दिवा", "noOfMistakes": "0", "que_id": "MR_S1_WD_4"}, {"recordingName": "MR_S1_W_0.mp3", "isCorrect": true, "que_text": "cat", "noOfMistakes": "3", "que_id": "MR_S1_W_0"}, {"recordingName": "MR_S1_W_1.mp3", "isCorrect": false, "que_text": "red", "noOfMistakes": "3", "que_id": "MR_S1_W_1"}, {"recordingName": "MR_S1_W_2.mp3", "isCorrect": false, "que_text": "sun", "noOfMistakes": "3", "que_id": "MR_S1_W_2"}, {"recordingName": "MR_S1_W_3.mp3", "isCorrect": false, "que_text": "new", "noOfMistakes": "3", "que_id": "MR_S1_W_3"}, {"recordingName": "MR_S1_SL_0.mp3", "isCorrect": false, "que_text": "h", "noOfMistakes": "4", "que_id": "MR_S1_SL_0"}, {"recordingName": "MR_S1_SL_1.mp3", "isCorrect": true, "que_text": "p", "noOfMistakes": "4", "que_id": "MR_S1_SL_1"}, {"recordingName": "MR_S1_SL_2.mp3", "isCorrect": false, "que_text": "x", "noOfMistakes": "4", "que_id": "MR_S1_SL_2"}, {"recordingName": "MR_S1_SL_4.mp3", "isCorrect": false, "que_text": "m", "noOfMistakes": "4", "que_id": "MR_S1_SL_4"}, {"recordingName": "MR_S1_SL_5.mp3", "isCorrect": false, "que_text": "d", "noOfMistakes": "4", "que_id": "MR_S1_SL_5"}, {"recordingName": "MR_S1_CL_0.mp3", "isCorrect": true, "que_text": "A", "noOfMistakes": "1", "que_id": "MR_S1_CL_0"}, {"recordingName": "MR_S1_CL_1.mp3", "isCorrect": false, "que_text": "J", "noOfMistakes": "1", "que_id": "MR_S1_CL_1"}, {"recordingName": "MR_S1_CL_3.mp3", "isCorrect": true, "que_text": "R", "noOfMistakes": "1", "que_id": "MR_S1_CL_3"}, {"recordingName": "MR_S1_CL_7.mp3", "isCorrect": true, "que_text": "O", "noOfMistakes": "1", "que_id": "MR_S1_CL_7"}, {"recordingName": "MR_S1_Cl_5.mp3", "isCorrect": true, "que_text": "Y", "noOfMistakes": "1", "que_id": "MR_S1_Cl_5"}], "englishProficiency": "Capital letter", "studClass": "6", "deviceID": "48f827eddd8b0f3d", "ageGroup": "7-10 years", "nativeProficiency": "Word"}