{"englishProficiency": "Capital letter", "sequenceList": [{"que_text": "आज रविवार आहे. शाळेला रजा आहे. तरी आज सकाळी मला लवकर जाग आली.", "noOfMistakes": "2", "que_id": "MR_S1_P_1", "isCorrect": true, "recordingName": "MR_S1_P_1.mp3"}, {"que_text": "समई", "noOfMistakes": "0", "que_id": "MR_S1_WD_0", "isCorrect": true, "recordingName": "MR_S1_WD_0.mp3"}, {"que_text": "गरम", "noOfMistakes": "0", "que_id": "MR_S1_WD_2", "isCorrect": true, "recordingName": "MR_S1_WD_2.mp3"}, {"que_text": "दिवा", "noOfMistakes": "0", "que_id": "MR_S1_WD_4", "isCorrect": true, "recordingName": "MR_S1_WD_4.mp3"}, {"que_text": "किरण", "noOfMistakes": "0", "que_id": "MR_S1_WD_6", "isCorrect": true, "recordingName": "MR_S1_WD_6.mp3"}, {"que_text": "बस", "noOfMistakes": "0", "que_id": "MR_S1_WD_1", "isCorrect": true, "recordingName": "MR_S1_WD_1.mp3"}, {"que_text": "A", "noOfMistakes": "1", "que_id": "MR_S1_CL_0", "isCorrect": true, "recordingName": "MR_S1_CL_0.mp3"}, {"que_text": "J", "noOfMistakes": "1", "que_id": "MR_S1_CL_1", "isCorrect": true, "recordingName": "MR_S1_CL_1.mp3"}, {"que_text": "Q", "noOfMistakes": "1", "que_id": "MR_S1_CL_2", "isCorrect": false, "recordingName": "MR_S1_CL_2.mp3"}, {"que_text": "R", "noOfMistakes": "1", "que_id": "MR_S1_CL_3", "isCorrect": true, "recordingName": "MR_S1_CL_3.mp3"}, {"que_text": "E", "noOfMistakes": "1", "que_id": "MR_S1_CL_4", "isCorrect": true, "recordingName": "MR_S1_CL_4.mp3"}], "deviceID": "1486e5dad35b4dc1", "ageGroup": "7-10 years", "studClass": "3", "date": "Sat Sep 07 16:25:00 GMT+05:30 2019", "nativeProficiency": "Paragraph"}