{"englishProficiency": "Small letter", "sequenceList": [{"que_text": "फुगेवाला आला. लाल, निळे, फुगे आणले. मुलांनी फुगे घेतले. हातातून ते सुटून गेले.", "noOfMistakes": "200", "que_id": "MR_S3_P_0", "isCorrect": true, "recordingName": "MR_S3_P_0.mp3"}, {"que_text": "फेटा", "noOfMistakes": "1", "que_id": "MR_S3_WD_3", "isCorrect": true, "recordingName": "MR_S3_WD_3.mp3"}, {"que_text": "दिवस", "noOfMistakes": "1", "que_id": "MR_S3_WD_5", "isCorrect": true, "recordingName": "MR_S3_WD_5.mp3"}, {"que_text": "गारा", "noOfMistakes": "1", "que_id": "MR_S3_WD_6", "isCorrect": false, "recordingName": "MR_S3_WD_6.mp3"}, {"que_text": "मुळा", "noOfMistakes": "1", "que_id": "MR_S3_WD_4", "isCorrect": true, "recordingName": "MR_S3_WD_4.mp3"}, {"que_text": "लाल", "noOfMistakes": "1", "que_id": "MR_S3_WD_1", "isCorrect": true, "recordingName": "MR_S3_WD_1.mp3"}, {"que_text": "C", "noOfMistakes": "0", "que_id": "MR_S3_CL_0", "isCorrect": true, "recordingName": "MR_S3_CL_0.mp3"}, {"que_text": "K", "noOfMistakes": "0", "que_id": "MR_S3_CL_1", "isCorrect": true, "recordingName": "MR_S3_CL_1.mp3"}, {"que_text": "S", "noOfMistakes": "0", "que_id": "MR_S3_CL_2", "isCorrect": true, "recordingName": "MR_S3_CL_2.mp3"}, {"que_text": "P", "noOfMistakes": "0", "que_id": "MR_S3_CL_7", "isCorrect": true, "recordingName": "MR_S3_CL_7.mp3"}, {"que_text": "O", "noOfMistakes": "0", "que_id": "MR_S3_CL_6", "isCorrect": true, "recordingName": "MR_S3_CL_6.mp3"}, {"que_text": "e", "noOfMistakes": "0", "que_id": "MR_S3_SL_4", "isCorrect": true, "recordingName": "MR_S3_SL_4.mp3"}, {"que_text": "j", "noOfMistakes": "0", "que_id": "MR_S3_SL_5", "isCorrect": true, "recordingName": "MR_S3_SL_5.mp3"}, {"que_text": "g", "noOfMistakes": "0", "que_id": "MR_S3_SL_2", "isCorrect": true, "recordingName": "MR_S3_SL_2.mp3"}, {"que_text": "b", "noOfMistakes": "0", "que_id": "MR_S3_SL_7", "isCorrect": true, "recordingName": "MR_S3_SL_7.mp3"}, {"que_text": "n", "noOfMistakes": "0", "que_id": "MR_S3_SL_0", "isCorrect": true, "recordingName": "MR_S3_SL_0.mp3"}], "deviceID": "9152084fbfecfc39", "ageGroup": "5-7 years", "studClass": "2", "date": "Sat Sep 07 17:32:48 IST 2019", "nativeProficiency": "Word"}