{"sequenceList": [{"recordingName": "HI_S3_P_0.mp3", "isCorrect": false, "que_text": "नीतू के घर में गाय है। उसका रंग सफ़ेद है। गाय हरी घास खाती है। वह बहुत दूध देती है।", "noOfMistakes": "200", "que_id": "HI_S3_P_0"}, {"recordingName": "HI_S3_WD_0.mp3", "isCorrect": false, "que_text": "नाक", "noOfMistakes": "5", "que_id": "HI_S3_WD_0"}, {"recordingName": "HI_S3_WD_7.mp3", "isCorrect": false, "que_text": "पीला", "noOfMistakes": "5", "que_id": "HI_S3_WD_7"}, {"recordingName": "HI_S3_WD_2.mp3", "isCorrect": false, "que_text": "चूहा", "noOfMistakes": "5", "que_id": "HI_S3_WD_2"}, {"recordingName": "HI_S3_WD_4.mp3", "isCorrect": false, "que_text": "मैना", "noOfMistakes": "5", "que_id": "HI_S3_WD_4"}, {"recordingName": "HI_S3_WD_9.mp3", "isCorrect": false, "que_text": "दिन", "noOfMistakes": "5", "que_id": "HI_S3_WD_9"}, {"recordingName": "HI_S3_L_2.mp3", "isCorrect": true, "que_text": "च", "noOfMistakes": "1", "que_id": "HI_S3_L_2"}, {"recordingName": "HI_S3_L_4.mp3", "isCorrect": true, "que_text": "ल", "noOfMistakes": "1", "que_id": "HI_S3_L_4"}, {"recordingName": "HI_S3_L_8.mp3", "isCorrect": true, "que_text": "म", "noOfMistakes": "1", "que_id": "HI_S3_L_8"}, {"recordingName": "HI_S3_L_6.mp3", "isCorrect": true, "que_text": "ह", "noOfMistakes": "1", "que_id": "HI_S3_L_6"}, {"recordingName": "HI_S3_L_0.mp3", "isCorrect": false, "que_text": "द", "noOfMistakes": "1", "que_id": "HI_S3_L_0"}, {"answer": "-", "isCorrect": false, "que_text": "56 - 29", "noOfMistakes": "2", "que_id": "HI_S3_SB_0"}, {"answer": "-", "isCorrect": false, "que_text": "75 - 57", "noOfMistakes": "2", "que_id": "HI_S3_SB_5"}, {"recordingName": "HI_S3_DD_3.mp3", "isCorrect": true, "que_text": "27", "noOfMistakes": "3", "que_id": "HI_S3_DD_3"}, {"recordingName": "HI_S3_DD_5.mp3", "isCorrect": true, "que_text": "28", "noOfMistakes": "3", "que_id": "HI_S3_DD_5"}, {"recordingName": "HI_S3_DD_0.mp3", "isCorrect": false, "que_text": "52", "noOfMistakes": "3", "que_id": "HI_S3_DD_0"}, {"recordingName": "HI_S3_DD_4.mp3", "isCorrect": false, "que_text": "55", "noOfMistakes": "3", "que_id": "HI_S3_DD_4"}, {"recordingName": "HI_S3_DD_9.mp3", "isCorrect": false, "que_text": "43", "noOfMistakes": "3", "que_id": "HI_S3_DD_9"}, {"recordingName": "HI_S3_SD_2.mp3", "isCorrect": true, "que_text": "7", "noOfMistakes": "0", "que_id": "HI_S3_SD_2"}, {"recordingName": "HI_S3_SD_7.mp3", "isCorrect": true, "que_text": "2", "noOfMistakes": "0", "que_id": "HI_S3_SD_7"}, {"recordingName": "HI_S3_SD_5.mp3", "isCorrect": true, "que_text": "9", "noOfMistakes": "0", "que_id": "HI_S3_SD_5"}, {"recordingName": "HI_S3_SD_6.mp3", "isCorrect": true, "que_text": "5", "noOfMistakes": "0", "que_id": "HI_S3_SD_6"}, {"recordingName": "HI_S3_SD_1.mp3", "isCorrect": true, "que_text": "4", "noOfMistakes": "0", "que_id": "HI_S3_SD_1"}, {"recordingName": "HI_S3_CL_0.mp3", "isCorrect": true, "que_text": "C", "noOfMistakes": "1", "que_id": "HI_S3_CL_0"}, {"recordingName": "HI_S3_CL_6.mp3", "isCorrect": false, "que_text": "O", "noOfMistakes": "1", "que_id": "HI_S3_CL_6"}, {"recordingName": "HI_S3_CL_4.mp3", "isCorrect": true, "que_text": "F", "noOfMistakes": "1", "que_id": "HI_S3_CL_4"}, {"recordingName": "HI_S3_CL_7.mp3", "isCorrect": true, "que_text": "Z", "noOfMistakes": "1", "que_id": "HI_S3_CL_7"}, {"recordingName": "HI_S3_CL_5.mp3", "isCorrect": true, "que_text": "W", "noOfMistakes": "1", "que_id": "HI_S3_CL_5"}, {"recordingName": "HI_S3_SL_0.mp3", "isCorrect": false, "que_text": "n", "noOfMistakes": "5", "que_id": "HI_S3_SL_0"}, {"recordingName": "HI_S3_SL_1.mp3", "isCorrect": false, "que_text": "p", "noOfMistakes": "5", "que_id": "HI_S3_SL_1"}, {"recordingName": "HI_S3_SL_7.mp3", "isCorrect": false, "que_text": "b", "noOfMistakes": "5", "que_id": "HI_S3_SL_7"}, {"recordingName": "HI_S3_SL_6.mp3", "isCorrect": false, "que_text": "r", "noOfMistakes": "5", "que_id": "HI_S3_SL_6"}, {"recordingName": "HI_S3_SL_5.mp3", "isCorrect": false, "que_text": "j", "noOfMistakes": "5", "que_id": "HI_S3_SL_5"}], "englishProficiency": "Capital letter", "studClass": "2", "date": "Fri Sep 06 15:23:43 IST 2019", "mathematicsProficiency": "Single digit", "deviceID": "1febb73a4b70883e", "ageGroup": "5-7 years", "nativeProficiency": "Letter"}