{"sequenceList": [{"recordingName": "HI_S1_P_0.mp3", "isCorrect": true, "que_text": " राधा के पास एक तोता है। उसकी चोंच लाल है। वह बहुत बोलता है। सब को हँसाता है।", "noOfMistakes": "1", "que_id": "HI_S1_P_0"}, {"answer": "16", "isCorrect": true, "que_text": "51 - 35", "noOfMistakes": "0", "que_id": "HI_S1_SB_0"}, {"answer": "28", "isCorrect": true, "que_text": "67 - 48", "noOfMistakes": "0", "que_id": "HI_S1_SB_1"}, {"recordingName": "HI_S1_W_0.mp3", "isCorrect": false, "que_text": "cat", "noOfMistakes": "4", "que_id": "HI_S1_W_0"}, {"recordingName": "HI_S1_W_1.mp3", "isCorrect": false, "que_text": "red", "noOfMistakes": "4", "que_id": "HI_S1_W_1"}, {"recordingName": "HI_S1_W_2.mp3", "isCorrect": false, "que_text": "sun", "noOfMistakes": "4", "que_id": "HI_S1_W_2"}, {"recordingName": "HI_S1_W_3.mp3", "isCorrect": true, "que_text": "lip", "noOfMistakes": "4", "que_id": "HI_S1_W_3"}, {"recordingName": "HI_S1_W_4.mp3", "isCorrect": false, "que_text": "fan", "noOfMistakes": "4", "que_id": "HI_S1_W_4"}, {"recordingName": "HI_S1_SL_0.mp3", "isCorrect": true, "que_text": "h", "noOfMistakes": "0", "que_id": "HI_S1_SL_0"}, {"recordingName": "HI_S1_SL_1.mp3", "isCorrect": true, "que_text": "p", "noOfMistakes": "0", "que_id": "HI_S1_SL_1"}, {"recordingName": "HI_S1_SL_2.mp3", "isCorrect": true, "que_text": "x", "noOfMistakes": "0", "que_id": "HI_S1_SL_2"}, {"recordingName": "HI_S1_SL_3.mp3", "isCorrect": true, "que_text": "u", "noOfMistakes": "0", "que_id": "HI_S1_SL_3"}, {"recordingName": "HI_S1_SL_4.mp3", "isCorrect": true, "que_text": "m", "noOfMistakes": "0", "que_id": "HI_S1_SL_4"}], "englishProficiency": "Small letter", "studClass": "8", "date": "Thu Sep 12 18:45:20 GMT+05:30 2019", "mathematicsProficiency": "Subtraction", "deviceID": "e761b1a8171c2ef7", "ageGroup": "12-15 years", "nativeProficiency": "Paragraph"}