{"englishProficiency": "Capital letter", "sequenceList": [{"que_text": "मीना पढ़ने जाती है। राजू भी साथ जाता है। दोनों शाम को लौटकर आते हैं। घर आकर खाना खाते हैं।", "noOfMistakes": "200", "que_id": "HI_S2_P_1", "isCorrect": false, "recordingName": "HI_S2_P_1.mp3"}, {"que_text": "हीरा", "noOfMistakes": "2", "que_id": "HI_S1_WD_0", "isCorrect": false, "recordingName": "HI_S1_WD_0.mp3"}, {"que_text": "कैसा", "noOfMistakes": "2", "que_id": "HI_S1_WD_1", "isCorrect": true, "recordingName": "HI_S1_WD_1.mp3"}, {"que_text": "शेर", "noOfMistakes": "2", "que_id": "HI_S1_WD_2", "isCorrect": true, "recordingName": "HI_S1_WD_2.mp3"}, {"que_text": "नानी", "noOfMistakes": "2", "que_id": "HI_S1_WD_3", "isCorrect": true, "recordingName": "HI_S1_WD_3.mp3"}, {"que_text": "भालू", "noOfMistakes": "2", "que_id": "HI_S1_WD_4", "isCorrect": false, "recordingName": "HI_S1_WD_4.mp3"}, {"que_text": "द", "noOfMistakes": "0", "que_id": "HI_S2_L_0", "isCorrect": true, "recordingName": "HI_S2_L_0.mp3"}, {"que_text": "क", "noOfMistakes": "0", "que_id": "HI_S2_L_1", "isCorrect": true, "recordingName": "HI_S2_L_1.mp3"}, {"que_text": "च", "noOfMistakes": "0", "que_id": "HI_S2_L_2", "isCorrect": true, "recordingName": "HI_S2_L_2.mp3"}, {"que_text": "ब", "noOfMistakes": "0", "que_id": "HI_S2_L_3", "isCorrect": true, "recordingName": "HI_S2_L_3.mp3"}, {"que_text": "ल", "noOfMistakes": "0", "que_id": "HI_S2_L_4", "isCorrect": true, "recordingName": "HI_S2_L_4.mp3"}, {"que_text": "B", "noOfMistakes": "1", "que_id": "HI_S2_CL_0", "isCorrect": true, "recordingName": "HI_S2_CL_0.mp3"}, {"que_text": "H", "noOfMistakes": "1", "que_id": "HI_S2_CL_1", "isCorrect": false, "recordingName": "HI_S2_CL_1.mp3"}, {"que_text": "R", "noOfMistakes": "1", "que_id": "HI_S2_CL_2", "isCorrect": true, "recordingName": "HI_S2_CL_2.mp3"}, {"que_text": "L", "noOfMistakes": "1", "que_id": "HI_S2_CL_3", "isCorrect": true, "recordingName": "HI_S2_CL_3.mp3"}, {"que_text": "V", "noOfMistakes": "1", "que_id": "HI_S2_CL_4", "isCorrect": true, "recordingName": "HI_S2_CL_4.mp3"}, {"que_text": "z", "noOfMistakes": "2", "que_id": "HI_S2_SL_0", "isCorrect": true, "recordingName": "HI_S2_SL_0.mp3"}, {"que_text": "j", "noOfMistakes": "2", "que_id": "HI_S2_SL_1", "isCorrect": false, "recordingName": "HI_S2_SL_1.mp3"}, {"que_text": "o", "noOfMistakes": "2", "que_id": "HI_S2_SL_2", "isCorrect": true, "recordingName": "HI_S2_SL_2.mp3"}, {"que_text": "w", "noOfMistakes": "2", "que_id": "HI_S2_SL_3", "isCorrect": true, "recordingName": "HI_S2_SL_3.mp3"}, {"que_text": "g", "noOfMistakes": "2", "que_id": "HI_S2_SL_4", "isCorrect": false, "recordingName": "HI_S2_SL_4.mp3"}], "deviceID": "3f4f2e087203bd32", "ageGroup": "10-12 years", "studClass": "6", "nativeProficiency": "Letter", "date": "Wed Sep 11 16:59:18 IST 2019"}