{"englishProficiency": "Capital letter", "sequenceList": [{"que_text": "म", "noOfMistakes": "0", "que_id": "HI_S3_L_8", "isCorrect": true, "recordingName": "HI_S3_L_8.mp3"}, {"que_text": "ख", "noOfMistakes": "0", "que_id": "HI_S3_L_9", "isCorrect": true, "recordingName": "HI_S3_L_9.mp3"}, {"que_text": "ह", "noOfMistakes": "0", "que_id": "HI_S3_L_6", "isCorrect": true, "recordingName": "HI_S3_L_6.mp3"}, {"que_text": "च", "noOfMistakes": "0", "que_id": "HI_S3_L_2", "isCorrect": true, "recordingName": "HI_S3_L_2.mp3"}, {"que_text": "क", "noOfMistakes": "0", "que_id": "HI_S3_L_1", "isCorrect": true, "recordingName": "HI_S3_L_1.mp3"}, {"que_text": "S", "noOfMistakes": "1", "que_id": "HI_S3_CL_2", "isCorrect": false, "recordingName": "HI_S3_CL_2.mp3"}, {"que_text": "F", "noOfMistakes": "1", "que_id": "HI_S3_CL_4", "isCorrect": true, "recordingName": "HI_S3_CL_4.mp3"}, {"que_text": "O", "noOfMistakes": "1", "que_id": "HI_S3_CL_6", "isCorrect": true, "recordingName": "HI_S3_CL_6.mp3"}, {"que_text": "W", "noOfMistakes": "1", "que_id": "HI_S3_CL_5", "isCorrect": true, "recordingName": "HI_S3_CL_5.mp3"}, {"que_text": "Q", "noOfMistakes": "1", "que_id": "HI_S3_CL_3", "isCorrect": true, "recordingName": "HI_S3_CL_3.mp3"}], "deviceID": "829d23b26d529c1f", "ageGroup": "7-10 years", "studClass": "4", "date": "Fri Sep 20 14:49:58 IST 2019", "nativeProficiency": "Test was not complete"}