{"date": "Mon Sep 16 16:06:50 IST 2019", "sequenceList": [{"recordingName": "HI_S3_P_0.mp3", "isCorrect": true, "que_text": "नीतू के घर में गाय है। उसका रंग सफ़ेद है। गाय हरी घास खाती है। वह बहुत दूध देती है।", "noOfMistakes": "200", "que_id": "HI_S3_P_0"}, {"recordingName": "HI_S3_WD_0.mp3", "isCorrect": true, "que_text": "नाक", "noOfMistakes": "2", "que_id": "HI_S3_WD_0"}, {"recordingName": "HI_S3_WD_1.mp3", "isCorrect": true, "que_text": "तोता", "noOfMistakes": "2", "que_id": "HI_S3_WD_1"}, {"recordingName": "HI_S3_WD_2.mp3", "isCorrect": true, "que_text": "चूहा", "noOfMistakes": "2", "que_id": "HI_S3_WD_2"}, {"recordingName": "HI_S3_WD_3.mp3", "isCorrect": false, "que_text": "धुन", "noOfMistakes": "2", "que_id": "HI_S3_WD_3"}, {"recordingName": "HI_S3_WD_4.mp3", "isCorrect": false, "que_text": "मैना", "noOfMistakes": "2", "que_id": "HI_S3_WD_4"}, {"answer": "72", "isCorrect": false, "que_text": "56 - 29", "noOfMistakes": "2", "que_id": "HI_S3_SB_0"}, {"answer": "35", "isCorrect": false, "que_text": "64 - 39", "noOfMistakes": "2", "que_id": "HI_S3_SB_1"}, {"recordingName": "HI_S3_DD_0.mp3", "isCorrect": false, "que_text": "52", "noOfMistakes": "2", "que_id": "HI_S3_DD_0"}, {"recordingName": "HI_S3_DD_1.mp3", "isCorrect": false, "que_text": "83", "noOfMistakes": "2", "que_id": "HI_S3_DD_1"}, {"recordingName": "HI_S3_DD_2.mp3", "isCorrect": true, "que_text": "37", "noOfMistakes": "2", "que_id": "HI_S3_DD_2"}, {"recordingName": "HI_S3_DD_3.mp3", "isCorrect": true, "que_text": "27", "noOfMistakes": "2", "que_id": "HI_S3_DD_3"}, {"recordingName": "HI_S3_DD_4.mp3", "isCorrect": true, "que_text": "55", "noOfMistakes": "2", "que_id": "HI_S3_DD_4"}], "nativeProficiency": "Test was not complete", "studClass": "2", "deviceID": "f48de9cec804d735", "ageGroup": "7-10 years", "mathematicsProficiency": "Single digit"}