{"sequenceList": [{"recordingName": "HI_S3_L_1.mp3", "isCorrect": true, "que_text": "क", "noOfMistakes": "0", "que_id": "HI_S3_L_1"}, {"recordingName": "HI_S3_L_4.mp3", "isCorrect": true, "que_text": "ल", "noOfMistakes": "0", "que_id": "HI_S3_L_4"}, {"recordingName": "HI_S3_L_3.mp3", "isCorrect": true, "que_text": "ब", "noOfMistakes": "0", "que_id": "HI_S3_L_3"}, {"recordingName": "HI_S3_L_5.mp3", "isCorrect": true, "que_text": "थ", "noOfMistakes": "0", "que_id": "HI_S3_L_5"}, {"recordingName": "HI_S3_L_2.mp3", "isCorrect": true, "que_text": "च", "noOfMistakes": "0", "que_id": "HI_S3_L_2"}, {"recordingName": "HI_S3_DD_4.mp3", "isCorrect": true, "que_text": "55", "noOfMistakes": "0", "que_id": "HI_S3_DD_4"}, {"recordingName": "HI_S3_DD_3.mp3", "isCorrect": true, "que_text": "27", "noOfMistakes": "0", "que_id": "HI_S3_DD_3"}, {"recordingName": "HI_S3_DD_0.mp3", "isCorrect": true, "que_text": "52", "noOfMistakes": "0", "que_id": "HI_S3_DD_0"}, {"recordingName": "HI_S3_DD_1.mp3", "isCorrect": true, "que_text": "83", "noOfMistakes": "0", "que_id": "HI_S3_DD_1"}, {"recordingName": "HI_S3_DD_2.mp3", "isCorrect": true, "que_text": "37", "noOfMistakes": "0", "que_id": "HI_S3_DD_2"}, {"recordingName": "HI_S3_CL_4.mp3", "isCorrect": true, "que_text": "F", "noOfMistakes": "0", "que_id": "HI_S3_CL_4"}, {"recordingName": "HI_S3_CL_1.mp3", "isCorrect": true, "que_text": "K", "noOfMistakes": "0", "que_id": "HI_S3_CL_1"}, {"recordingName": "HI_S3_CL_0.mp3", "isCorrect": true, "que_text": "C", "noOfMistakes": "0", "que_id": "HI_S3_CL_0"}, {"recordingName": "HI_S3_CL_3.mp3", "isCorrect": true, "que_text": "Q", "noOfMistakes": "0", "que_id": "HI_S3_CL_3"}, {"recordingName": "HI_S3_CL_2.mp3", "isCorrect": true, "que_text": "S", "noOfMistakes": "0", "que_id": "HI_S3_CL_2"}], "englishProficiency": "Capital letter", "studClass": "3", "date": "Tue Sep 17 17:01:07 IST 2019", "mathematicsProficiency": "Double digit", "deviceID": "6e525a9711d8a22a", "ageGroup": "7-10 years", "nativeProficiency": "Letter"}