{"englishProficiency": "Small letter", "sequenceList": [{"que_text": "मीना पढ़ने जाती है। राजू भी साथ जाता है। दोनों शाम को लौटकर आते हैं। घर आकर खाना खाते हैं।", "noOfMistakes": "0", "que_id": "HI_S2_P_1", "isCorrect": true, "recordingName": "HI_S2_P_1.mp3"}, {"que_text": "नानी", "noOfMistakes": "0", "que_id": "HI_S1_WD_3", "isCorrect": true, "recordingName": "HI_S1_WD_3.mp3"}, {"que_text": "काम", "noOfMistakes": "0", "que_id": "HI_S1_WD_5", "isCorrect": true, "recordingName": "HI_S1_WD_5.mp3"}, {"que_text": "भालू", "noOfMistakes": "0", "que_id": "HI_S1_WD_4", "isCorrect": true, "recordingName": "HI_S1_WD_4.mp3"}, {"que_text": "फूल", "noOfMistakes": "0", "que_id": "HI_S1_WD_7", "isCorrect": true, "recordingName": "HI_S1_WD_7.mp3"}, {"que_text": "शेर", "noOfMistakes": "0", "que_id": "HI_S1_WD_2", "isCorrect": true, "recordingName": "HI_S1_WD_2.mp3"}, {"que_text": "R", "noOfMistakes": "1", "que_id": "HI_S2_CL_2", "isCorrect": true, "recordingName": "HI_S2_CL_2.mp3"}, {"que_text": "M", "noOfMistakes": "1", "que_id": "HI_S2_CL_5", "isCorrect": true, "recordingName": "HI_S2_CL_5.mp3"}, {"que_text": "V", "noOfMistakes": "1", "que_id": "HI_S2_CL_4", "isCorrect": true, "recordingName": "HI_S2_CL_4.mp3"}, {"que_text": "H", "noOfMistakes": "1", "que_id": "HI_S2_CL_1", "isCorrect": true, "recordingName": "HI_S2_CL_1.mp3"}, {"que_text": "L", "noOfMistakes": "1", "que_id": "HI_S2_CL_3", "isCorrect": false, "recordingName": "HI_S2_CL_3.mp3"}, {"que_text": "j", "noOfMistakes": "0", "que_id": "HI_S2_SL_1", "isCorrect": true, "recordingName": "HI_S2_SL_1.mp3"}, {"que_text": "o", "noOfMistakes": "0", "que_id": "HI_S2_SL_2", "isCorrect": true, "recordingName": "HI_S2_SL_2.mp3"}, {"que_text": "u", "noOfMistakes": "0", "que_id": "HI_S2_SL_5", "isCorrect": true, "recordingName": "HI_S2_SL_5.mp3"}, {"que_text": "k", "noOfMistakes": "0", "que_id": "HI_S2_SL_7", "isCorrect": true, "recordingName": "HI_S2_SL_7.mp3"}, {"que_text": "z", "noOfMistakes": "0", "que_id": "HI_S2_SL_0", "isCorrect": true, "recordingName": "HI_S2_SL_0.mp3"}, {"que_text": "rat", "noOfMistakes": "5", "que_id": "HI_S2_W_0", "isCorrect": false, "recordingName": "HI_S2_W_0.mp3"}, {"que_text": "cow", "noOfMistakes": "5", "que_id": "HI_S2_W_3", "isCorrect": false, "recordingName": "HI_S2_W_3.mp3"}, {"que_text": "pen", "noOfMistakes": "5", "que_id": "HI_S2_W_5", "isCorrect": false, "recordingName": "HI_S2_W_5.mp3"}, {"que_text": "hot", "noOfMistakes": "5", "que_id": "HI_S2_W_1", "isCorrect": false, "recordingName": "HI_S2_W_1.mp3"}, {"que_text": "big", "noOfMistakes": "5", "que_id": "HI_S2_W_2", "isCorrect": false, "recordingName": "HI_S2_W_2.mp3"}], "deviceID": "c66208a6b7100eb2", "ageGroup": "7-10 years", "studClass": "2", "nativeProficiency": "Paragraph", "date": "Sun Jul 07 14:56:22 IST 2019"}