{"englishProficiency": "Small letter", "sequenceList": [{"que_text": "काले बादल छाए हैं। तेज़ बारिश हो रही है। मोर भी नाच रहा है। सब नाच देख रहे हैं।", "noOfMistakes": "1", "que_id": "HI_S3_P_1", "isCorrect": true, "recordingName": "HI_S3_P_1.mp3"}, {"que_text": "तोता", "noOfMistakes": "0", "que_id": "HI_S3_WD_1", "isCorrect": true, "recordingName": "HI_S3_WD_1.mp3"}, {"que_text": "चूहा", "noOfMistakes": "0", "que_id": "HI_S3_WD_2", "isCorrect": true, "recordingName": "HI_S3_WD_2.mp3"}, {"que_text": "रोटी", "noOfMistakes": "0", "que_id": "HI_S3_WD_6", "isCorrect": true, "recordingName": "HI_S3_WD_6.mp3"}, {"que_text": "धुन", "noOfMistakes": "0", "que_id": "HI_S3_WD_3", "isCorrect": true, "recordingName": "HI_S3_WD_3.mp3"}, {"que_text": "माला", "noOfMistakes": "0", "que_id": "HI_S3_WD_8", "isCorrect": true, "recordingName": "HI_S3_WD_8.mp3"}, {"que_text": "Z", "noOfMistakes": "0", "que_id": "HI_S3_CL_7", "isCorrect": true, "recordingName": "HI_S3_CL_7.mp3"}, {"que_text": "K", "noOfMistakes": "0", "que_id": "HI_S3_CL_1", "isCorrect": true, "recordingName": "HI_S3_CL_1.mp3"}, {"que_text": "O", "noOfMistakes": "0", "que_id": "HI_S3_CL_6", "isCorrect": true, "recordingName": "HI_S3_CL_6.mp3"}, {"que_text": "C", "noOfMistakes": "0", "que_id": "HI_S3_CL_0", "isCorrect": true, "recordingName": "HI_S3_CL_0.mp3"}, {"que_text": "F", "noOfMistakes": "0", "que_id": "HI_S3_CL_4", "isCorrect": true, "recordingName": "HI_S3_CL_4.mp3"}, {"que_text": "p", "noOfMistakes": "1", "que_id": "HI_S3_SL_1", "isCorrect": false, "recordingName": "HI_S3_SL_1.mp3"}, {"que_text": "e", "noOfMistakes": "1", "que_id": "HI_S3_SL_4", "isCorrect": true, "recordingName": "HI_S3_SL_4.mp3"}, {"que_text": "b", "noOfMistakes": "1", "que_id": "HI_S3_SL_7", "isCorrect": true, "recordingName": "HI_S3_SL_7.mp3"}, {"que_text": "v", "noOfMistakes": "1", "que_id": "HI_S3_SL_3", "isCorrect": true, "recordingName": "HI_S3_SL_3.mp3"}, {"que_text": "r", "noOfMistakes": "1", "que_id": "HI_S3_SL_6", "isCorrect": true, "recordingName": "HI_S3_SL_6.mp3"}], "deviceID": "c66208a6b7100eb2", "ageGroup": "7-10 years", "studClass": "2", "nativeProficiency": "Word", "date": "Fri Jul 05 16:07:22 IST 2019"}