{"englishProficiency": "Beginner", "sequenceList": [{"que_text": "नीतू के घर में गाय है। उसका रंग सफ़ेद है। गाय हरी घास खाती है। वह बहुत दूध देती है।", "noOfMistakes": "200", "que_id": "HI_S3_P_0", "recordingName": "HI_S3_P_0.mp3", "isCorrect": false}, {"que_text": "क", "noOfMistakes": "0", "que_id": "HI_S3_L_1", "recordingName": "HI_S3_L_1.mp3", "isCorrect": true}, {"que_text": "च", "noOfMistakes": "0", "que_id": "HI_S3_L_2", "recordingName": "HI_S3_L_2.mp3", "isCorrect": true}, {"que_text": "थ", "noOfMistakes": "0", "que_id": "HI_S3_L_5", "recordingName": "HI_S3_L_5.mp3", "isCorrect": true}, {"que_text": "ल", "noOfMistakes": "0", "que_id": "HI_S3_L_4", "recordingName": "HI_S3_L_4.mp3", "isCorrect": true}, {"que_text": "त", "noOfMistakes": "0", "que_id": "HI_S3_L_7", "recordingName": "HI_S3_L_7.mp3", "isCorrect": true}, {"que_text": "नाक", "noOfMistakes": "0", "que_id": "HI_S3_WD_0", "recordingName": "HI_S3_WD_0.mp3", "isCorrect": true}, {"que_text": "चूहा", "noOfMistakes": "0", "que_id": "HI_S3_WD_2", "recordingName": "HI_S3_WD_2.mp3", "isCorrect": true}, {"que_text": "माला", "noOfMistakes": "0", "que_id": "HI_S3_WD_8", "recordingName": "HI_S3_WD_8.mp3", "isCorrect": true}, {"que_text": "मैना", "noOfMistakes": "0", "que_id": "HI_S3_WD_4", "recordingName": "HI_S3_WD_4.mp3", "isCorrect": true}, {"que_text": "रोटी", "noOfMistakes": "0", "que_id": "HI_S3_WD_6", "recordingName": "HI_S3_WD_6.mp3", "isCorrect": true}, {"que_text": "C", "noOfMistakes": "0", "que_id": "HI_S3_CL_0", "recordingName": "HI_S3_CL_0.mp3", "isCorrect": true}, {"que_text": "S", "noOfMistakes": "0", "que_id": "HI_S3_CL_2", "recordingName": "HI_S3_CL_2.mp3", "isCorrect": true}, {"que_text": "K", "noOfMistakes": "0", "que_id": "HI_S3_CL_1", "recordingName": "HI_S3_CL_1.mp3", "isCorrect": true}, {"que_text": "W", "noOfMistakes": "0", "que_id": "HI_S3_CL_5", "recordingName": "HI_S3_CL_5.mp3", "isCorrect": true}, {"que_text": "F", "noOfMistakes": "0", "que_id": "HI_S3_CL_4", "recordingName": "HI_S3_CL_4.mp3", "isCorrect": true}, {"que_text": "p", "noOfMistakes": "3", "que_id": "HI_S3_SL_1", "recordingName": "HI_S3_SL_1.mp3", "isCorrect": false}, {"que_text": "g", "noOfMistakes": "3", "que_id": "HI_S3_SL_2", "recordingName": "HI_S3_SL_2.mp3", "isCorrect": false}, {"que_text": "j", "noOfMistakes": "3", "que_id": "HI_S3_SL_5", "recordingName": "HI_S3_SL_5.mp3", "isCorrect": true}, {"que_text": "e", "noOfMistakes": "3", "que_id": "HI_S3_SL_4", "recordingName": "HI_S3_SL_4.mp3", "isCorrect": true}, {"que_text": "b", "noOfMistakes": "3", "que_id": "HI_S3_SL_7", "recordingName": "HI_S3_SL_7.mp3", "isCorrect": false}], "deviceID": "c66208a6b7100eb2", "ageGroup": "7-10 years", "studClass": "2", "date": "Wed Jul 17 16:43:50 IST 2019", "nativeProficiency": "Paragraph"}