{"sequenceList": [{"recordingName": "MR_S3_P_1.mp3", "isCorrect": false, "que_text": "अंगणात चिमणी येते. मी तिला दाणे टाकते. चिमणी दाणे खाते. खाऊन उडून जाते.", "noOfMistakes": "200", "que_id": "MR_S3_P_1"}, {"recordingName": "MR_S3_WD_1.mp3", "isCorrect": true, "que_text": "लाल", "noOfMistakes": "0", "que_id": "MR_S3_WD_1"}, {"recordingName": "MR_S3_WD_4.mp3", "isCorrect": true, "que_text": "मुळा", "noOfMistakes": "0", "que_id": "MR_S3_WD_4"}, {"recordingName": "MR_S3_WD_5.mp3", "isCorrect": true, "que_text": "दिवस", "noOfMistakes": "0", "que_id": "MR_S3_WD_5"}, {"recordingName": "MR_S3_WD_8.mp3", "isCorrect": true, "que_text": "विमान", "noOfMistakes": "0", "que_id": "MR_S3_WD_8"}, {"recordingName": "MR_S3_WD_7.mp3", "isCorrect": true, "que_text": "जोर", "noOfMistakes": "0", "que_id": "MR_S3_WD_7"}, {"answer": "9", "isCorrect": false, "que_text": "93 - 76", "noOfMistakes": "1", "que_id": "MR_S3_SB_4"}, {"recordingName": "MR_S3_DD_4.mp3", "isCorrect": false, "que_text": "55", "noOfMistakes": "2", "que_id": "MR_S3_DD_4"}, {"recordingName": "MR_S3_DD_7.mp3", "isCorrect": true, "que_text": "65", "noOfMistakes": "2", "que_id": "MR_S3_DD_7"}, {"recordingName": "MR_S3_DD_5.mp3", "isCorrect": true, "que_text": "28", "noOfMistakes": "2", "que_id": "MR_S3_DD_5"}, {"recordingName": "MR_S3_DD_3.mp3", "isCorrect": true, "que_text": "27", "noOfMistakes": "2", "que_id": "MR_S3_DD_3"}, {"recordingName": "MR_S3_DD_2.mp3", "isCorrect": false, "que_text": "37", "noOfMistakes": "2", "que_id": "MR_S3_DD_2"}, {"recordingName": "MR_S3_SD_1.mp3", "isCorrect": true, "que_text": "4", "noOfMistakes": "0", "que_id": "MR_S3_SD_1"}, {"recordingName": "MR_S3_SD_5.mp3", "isCorrect": true, "que_text": "9", "noOfMistakes": "0", "que_id": "MR_S3_SD_5"}, {"recordingName": "MR_S3_SD_4.mp3", "isCorrect": true, "que_text": "6", "noOfMistakes": "0", "que_id": "MR_S3_SD_4"}, {"recordingName": "MR_S3_SD_7.mp3", "isCorrect": true, "que_text": "2", "noOfMistakes": "0", "que_id": "MR_S3_SD_7"}, {"recordingName": "MR_S3_SD_3.mp3", "isCorrect": true, "que_text": "3", "noOfMistakes": "0", "que_id": "MR_S3_SD_3"}, {"recordingName": "MR_S3_CL_4.mp3", "isCorrect": true, "que_text": "F", "noOfMistakes": "0", "que_id": "MR_S3_CL_4"}, {"recordingName": "MR_S3_CL_5.mp3", "isCorrect": true, "que_text": "W", "noOfMistakes": "0", "que_id": "MR_S3_CL_5"}, {"recordingName": "MR_S3_CL_7.mp3", "isCorrect": true, "que_text": "P", "noOfMistakes": "0", "que_id": "MR_S3_CL_7"}, {"recordingName": "MR_S3_CL_6.mp3", "isCorrect": true, "que_text": "O", "noOfMistakes": "0", "que_id": "MR_S3_CL_6"}, {"recordingName": "MR_S3_CL_1.mp3", "isCorrect": true, "que_text": "K", "noOfMistakes": "0", "que_id": "MR_S3_CL_1"}, {"recordingName": "MR_S3_SL_0.mp3", "isCorrect": true, "que_text": "n", "noOfMistakes": "0", "que_id": "MR_S3_SL_0"}, {"recordingName": "MR_S3_SL_4.mp3", "isCorrect": true, "que_text": "e", "noOfMistakes": "0", "que_id": "MR_S3_SL_4"}, {"recordingName": "MR_S3_SL_5.mp3", "isCorrect": true, "que_text": "j", "noOfMistakes": "0", "que_id": "MR_S3_SL_5"}, {"recordingName": "MR_S3_SL_3.mp3", "isCorrect": true, "que_text": "v", "noOfMistakes": "0", "que_id": "MR_S3_SL_3"}, {"recordingName": "MR_S3_SL_7.mp3", "isCorrect": true, "que_text": "b", "noOfMistakes": "0", "que_id": "MR_S3_SL_7"}, {"recordingName": "MR_S3_W_0.mp3", "isCorrect": false, "que_text": "day", "noOfMistakes": "3", "que_id": "MR_S3_W_0"}, {"recordingName": "MR_S3_W_4.mp3", "isCorrect": false, "que_text": "rat", "noOfMistakes": "3", "que_id": "MR_S3_W_4"}, {"recordingName": "MR_S3_W_5.mp3", "isCorrect": false, "que_text": "bag", "noOfMistakes": "3", "que_id": "MR_S3_W_5"}], "englishProficiency": "Small letter", "studClass": "4", "date": "Thu Jul 11 14:48:32 GMT+05:30 2019", "mathematicsProficiency": "Single digit", "deviceID": "3ebaa9d14abd9a0f", "ageGroup": "7-10 years", "nativeProficiency": "Word"}