{"date": "Thu Sep 19 14:08:25 GMT+05:30 2019", "sequenceList": [{"recordingName": "HI_S1_P_0.mp3", "isCorrect": true, "que_text": " राधा के पास एक तोता है। उसकी चोंच लाल है। वह बहुत बोलता है। सब को हँसाता है।", "noOfMistakes": "0", "que_id": "HI_S1_P_0"}, {"answer": "16", "isCorrect": true, "que_text": "51 - 35", "noOfMistakes": "0", "que_id": "HI_S1_SB_0"}, {"answer": "18", "isCorrect": true, "que_text": "31 - 13", "noOfMistakes": "0", "que_id": "HI_S1_SB_5"}], "nativeProficiency": "Paragraph", "studClass": "6", "deviceID": "ca60bf1a69c5bc6f", "ageGroup": "10-12 years", "mathematicsProficiency": "Subtraction"}