{"date": "Thu Sep 05 19:26:41 IST 2019", "sequenceList": [{"recordingName": "MR_S4_CL_0.mp3", "isCorrect": true, "que_text": "D", "noOfMistakes": "0", "que_id": "MR_S4_CL_0"}, {"recordingName": "MR_S4_CL_4.mp3", "isCorrect": true, "que_text": "G", "noOfMistakes": "0", "que_id": "MR_S4_CL_4"}, {"recordingName": "MR_S4_CL_5.mp3", "isCorrect": true, "que_text": "X", "noOfMistakes": "0", "que_id": "MR_S4_CL_5"}, {"recordingName": "MR_S4_CL_2.mp3", "isCorrect": true, "que_text": "T", "noOfMistakes": "0", "que_id": "MR_S4_CL_2"}, {"recordingName": "MR_S4_CL_6.mp3", "isCorrect": true, "que_text": "P", "noOfMistakes": "0", "que_id": "MR_S4_CL_6"}, {"recordingName": "MR_S4_SL_0.mp3", "isCorrect": true, "que_text": "y", "noOfMistakes": "0", "que_id": "MR_S4_SL_0"}, {"recordingName": "MR_S4_SL_1.mp3", "isCorrect": true, "que_text": "f", "noOfMistakes": "0", "que_id": "MR_S4_SL_1"}, {"recordingName": "MR_S4_SL_2.mp3", "isCorrect": true, "que_text": "i", "noOfMistakes": "0", "que_id": "MR_S4_SL_2"}, {"recordingName": "MR_S4_SL_7.mp3", "isCorrect": true, "que_text": "h", "noOfMistakes": "0", "que_id": "MR_S4_SL_7"}, {"recordingName": "MR_S4_SL_5.mp3", "isCorrect": true, "que_text": "m", "noOfMistakes": "0", "que_id": "MR_S4_SL_5"}, {"recordingName": "MR_S4_W_1.mp3", "isCorrect": true, "que_text": "fat", "noOfMistakes": "0", "que_id": "MR_S4_W_1"}, {"recordingName": "MR_S4_W_2.mp3", "isCorrect": true, "que_text": "cup", "noOfMistakes": "0", "que_id": "MR_S4_W_2"}, {"recordingName": "MR_S4_W_4.mp3", "isCorrect": true, "que_text": "out", "noOfMistakes": "0", "que_id": "MR_S4_W_4"}, {"recordingName": "MR_S4_W_3.mp3", "isCorrect": true, "que_text": "boy", "noOfMistakes": "0", "que_id": "MR_S4_W_3"}, {"recordingName": "MR_S4_W_5.mp3", "isCorrect": true, "que_text": "box", "noOfMistakes": "0", "que_id": "MR_S4_W_5"}, {"recordingName": "MR_S4_S_2.mp3", "isCorrect": true, "que_text": "I like to sleep.", "noOfMistakes": "0", "que_id": "MR_S4_S_2"}, {"recordingName": "MR_S4_S_1.mp3", "isCorrect": true, "que_text": "This is a small door.", "noOfMistakes": "0", "que_id": "MR_S4_S_1"}], "englishProficiency": "Sentence", "studClass": "4", "deviceID": "2ac89765ea5b7085", "ageGroup": "7-10 years", "nativeProficiency": "Story"}