{"englishProficiency": "Capital letter", "sequenceList": [{"que_text": "बग़ीचे में पेड़ हैं। पेड़ पर एक तोता रहता है। तोते का रंग हरा है। वह लाल टमाटर खाता है।", "noOfMistakes": "200", "que_id": "HI_S4_P_0", "isCorrect": false, "recordingName": "HI_S4_P_0.mp3"}, {"que_text": "पानी", "noOfMistakes": "0", "que_id": "HI_S4_WD_4", "isCorrect": true, "recordingName": "HI_S4_WD_4.mp3"}, {"que_text": "ताला", "noOfMistakes": "0", "que_id": "HI_S4_WD_2", "isCorrect": true, "recordingName": "HI_S4_WD_2.mp3"}, {"que_text": "सोच", "noOfMistakes": "0", "que_id": "HI_S4_WD_1", "isCorrect": true, "recordingName": "HI_S4_WD_1.mp3"}, {"que_text": "चौकी", "noOfMistakes": "0", "que_id": "HI_S4_WD_5", "isCorrect": true, "recordingName": "HI_S4_WD_5.mp3"}, {"que_text": "पैसा", "noOfMistakes": "0", "que_id": "HI_S4_WD_8", "isCorrect": true, "recordingName": "HI_S4_WD_8.mp3"}, {"que_text": "D", "noOfMistakes": "1", "que_id": "HI_S4_CL_0", "isCorrect": true, "recordingName": "HI_S4_CL_0.mp3"}, {"que_text": "T", "noOfMistakes": "1", "que_id": "HI_S4_CL_2", "isCorrect": true, "recordingName": "HI_S4_CL_2.mp3"}, {"que_text": "G", "noOfMistakes": "1", "que_id": "HI_S4_CL_4", "isCorrect": true, "recordingName": "HI_S4_CL_4.mp3"}, {"que_text": "X", "noOfMistakes": "1", "que_id": "HI_S4_CL_5", "isCorrect": false, "recordingName": "HI_S4_CL_5.mp3"}, {"que_text": "L", "noOfMistakes": "1", "que_id": "HI_S4_CL_1", "isCorrect": true, "recordingName": "HI_S4_CL_1.mp3"}, {"que_text": "y", "noOfMistakes": "5", "que_id": "HI_S4_SL_0", "isCorrect": false, "recordingName": "HI_S4_SL_0.mp3"}, {"que_text": "i", "noOfMistakes": "5", "que_id": "HI_S4_SL_2", "isCorrect": false, "recordingName": "HI_S4_SL_2.mp3"}, {"que_text": "m", "noOfMistakes": "5", "que_id": "HI_S4_SL_5", "isCorrect": false, "recordingName": "HI_S4_SL_5.mp3"}, {"que_text": "v", "noOfMistakes": "5", "que_id": "HI_S4_SL_4", "isCorrect": false, "recordingName": "HI_S4_SL_4.mp3"}, {"que_text": "f", "noOfMistakes": "5", "que_id": "HI_S4_SL_1", "isCorrect": false, "recordingName": "HI_S4_SL_1.mp3"}], "deviceID": "c66208a6b7100eb2", "ageGroup": "7-10 years", "studClass": "2", "nativeProficiency": "Word", "date": "Fri Jul 19 17:00:37 IST 2019"}