{"sequenceList": [{"recordingName": "HI_S1_L_1.mp3", "isCorrect": true, "que_text": "र", "noOfMistakes": "0", "que_id": "HI_S1_L_1"}, {"recordingName": "HI_S1_L_8.mp3", "isCorrect": true, "que_text": "क", "noOfMistakes": "0", "que_id": "HI_S1_L_8"}, {"recordingName": "HI_S1_L_7.mp3", "isCorrect": true, "que_text": "न", "noOfMistakes": "0", "que_id": "HI_S1_L_7"}], "englishProficiency": "Beginner", "studClass": "1", "date": "Sat Sep 07 14:45:51 IST 2019", "mathematicsProficiency": "Beginner", "deviceID": "c000bc6529c79e65", "ageGroup": "5-7 years", "nativeProficiency": "Beginner"}