{"englishProficiency": "Capital letter", "sequenceList": [{"que_text": "श", "noOfMistakes": "1", "que_id": "MR_S1_L_0", "isCorrect": true, "recordingName": "MR_S1_L_0.mp3"}, {"que_text": "ड", "noOfMistakes": "1", "que_id": "MR_S1_L_3", "isCorrect": false, "recordingName": "MR_S1_L_3.mp3"}, {"que_text": "स", "noOfMistakes": "1", "que_id": "MR_S1_L_2", "isCorrect": true, "recordingName": "MR_S1_L_2.mp3"}, {"que_text": "म", "noOfMistakes": "1", "que_id": "MR_S1_L_9", "isCorrect": true, "recordingName": "MR_S1_L_9.mp3"}, {"que_text": "त", "noOfMistakes": "1", "que_id": "MR_S1_L_8", "isCorrect": true, "recordingName": "MR_S1_L_8.mp3"}, {"que_text": "किरण", "noOfMistakes": "5", "que_id": "MR_S1_WD_6", "isCorrect": false, "recordingName": "MR_S1_WD_6.mp3"}, {"que_text": "चिमटा", "noOfMistakes": "5", "que_id": "MR_S1_WD_7", "isCorrect": false, "recordingName": "MR_S1_WD_7.mp3"}, {"que_text": "तूप", "noOfMistakes": "5", "que_id": "MR_S1_WD_8", "isCorrect": false, "recordingName": "MR_S1_WD_8.mp3"}, {"que_text": "मोती", "noOfMistakes": "5", "que_id": "MR_S1_WD_5", "isCorrect": false, "recordingName": "MR_S1_WD_5.mp3"}, {"que_text": "कैरी", "noOfMistakes": "5", "que_id": "MR_S1_WD_3", "isCorrect": false, "recordingName": "MR_S1_WD_3.mp3"}, {"que_text": "A", "noOfMistakes": "1", "que_id": "MR_S1_CL_0", "isCorrect": true, "recordingName": "MR_S1_CL_0.mp3"}, {"que_text": "R", "noOfMistakes": "1", "que_id": "MR_S1_CL_3", "isCorrect": true, "recordingName": "MR_S1_CL_3.mp3"}, {"que_text": "Y", "noOfMistakes": "1", "que_id": "MR_S1_Cl_5", "isCorrect": false, "recordingName": "MR_S1_Cl_5.mp3"}, {"que_text": "J", "noOfMistakes": "1", "que_id": "MR_S1_CL_1", "isCorrect": true, "recordingName": "MR_S1_CL_1.mp3"}, {"que_text": "E", "noOfMistakes": "1", "que_id": "MR_S1_CL_4", "isCorrect": true, "recordingName": "MR_S1_CL_4.mp3"}, {"que_text": "p", "noOfMistakes": "5", "que_id": "MR_S1_SL_1", "isCorrect": false, "recordingName": "MR_S1_SL_1.mp3"}, {"que_text": "u", "noOfMistakes": "5", "que_id": "MR_S1_SL_3", "isCorrect": false, "recordingName": "MR_S1_SL_3.mp3"}, {"que_text": "x", "noOfMistakes": "5", "que_id": "MR_S1_SL_2", "isCorrect": false, "recordingName": "MR_S1_SL_2.mp3"}, {"que_text": "t", "noOfMistakes": "5", "que_id": "MR_S1_SL_7", "isCorrect": false, "recordingName": "MR_S1_SL_7.mp3"}, {"que_text": "d", "noOfMistakes": "5", "que_id": "MR_S1_SL_5", "isCorrect": false, "recordingName": "MR_S1_SL_5.mp3"}], "deviceID": "a171e372907c33e3", "ageGroup": "12-15 years", "studClass": "7", "date": "Fri Sep 06 16:48:38 GMT+05:30 2019", "nativeProficiency": "Letter"}