{"date": "Thu Sep 05 17:58:24 IST 2019", "sequenceList": [{"recordingName": "HI_S1_P_0.mp3", "isCorrect": false, "que_text": " राधा के पास एक तोता है। उसकी चोंच लाल है। वह बहुत बोलता है। सब को हँसाता है।", "noOfMistakes": "200", "que_id": "HI_S1_P_0"}, {"recordingName": "HI_S1_WD_0.mp3", "isCorrect": false, "que_text": "गाना", "noOfMistakes": "5", "que_id": "HI_S1_WD_0"}, {"recordingName": "HI_S1_WD_1.mp3", "isCorrect": false, "que_text": "खुश", "noOfMistakes": "5", "que_id": "HI_S1_WD_1"}, {"recordingName": "HI_S1_WD_2.mp3", "isCorrect": false, "que_text": "मोती", "noOfMistakes": "5", "que_id": "HI_S1_WD_2"}, {"recordingName": "HI_S1_WD_3.mp3", "isCorrect": false, "que_text": "पैर", "noOfMistakes": "5", "que_id": "HI_S1_WD_3"}, {"recordingName": "HI_S1_WD_4.mp3", "isCorrect": false, "que_text": "झोला", "noOfMistakes": "5", "que_id": "HI_S1_WD_4"}, {"recordingName": "HI_S1_L_0.mp3", "isCorrect": false, "que_text": "म", "noOfMistakes": "5", "que_id": "HI_S1_L_0"}, {"recordingName": "HI_S1_L_1.mp3", "isCorrect": false, "que_text": "र", "noOfMistakes": "5", "que_id": "HI_S1_L_1"}, {"recordingName": "HI_S1_L_2.mp3", "isCorrect": false, "que_text": "थ", "noOfMistakes": "5", "que_id": "HI_S1_L_2"}, {"recordingName": "HI_S1_L_3.mp3", "isCorrect": false, "que_text": "ह", "noOfMistakes": "5", "que_id": "HI_S1_L_3"}, {"recordingName": "HI_S1_L_4.mp3", "isCorrect": false, "que_text": "श", "noOfMistakes": "5", "que_id": "HI_S1_L_4"}, {"answer": "-", "isCorrect": false, "que_text": "51 - 35", "noOfMistakes": "2", "que_id": "HI_S1_SB_0"}, {"answer": "-", "isCorrect": false, "que_text": "67 - 48", "noOfMistakes": "2", "que_id": "HI_S1_SB_1"}, {"recordingName": "HI_S1_DD_0.mp3", "isCorrect": false, "que_text": "65", "noOfMistakes": "5", "que_id": "HI_S1_DD_0"}, {"recordingName": "HI_S1_DD_1.mp3", "isCorrect": false, "que_text": "38", "noOfMistakes": "5", "que_id": "HI_S1_DD_1"}, {"recordingName": "HI_S1_DD_2.mp3", "isCorrect": false, "que_text": "92", "noOfMistakes": "5", "que_id": "HI_S1_DD_2"}, {"recordingName": "HI_S1_DD_3.mp3", "isCorrect": false, "que_text": "23", "noOfMistakes": "5", "que_id": "HI_S1_DD_3"}, {"recordingName": "HI_S1_DD_4.mp3", "isCorrect": false, "que_text": "47", "noOfMistakes": "5", "que_id": "HI_S1_DD_4"}, {"recordingName": "HI_S1_SD_0.mp3", "isCorrect": true, "que_text": "3", "noOfMistakes": "0", "que_id": "HI_S1_SD_0"}, {"recordingName": "HI_S1_SD_1.mp3", "isCorrect": true, "que_text": "7", "noOfMistakes": "0", "que_id": "HI_S1_SD_1"}, {"recordingName": "HI_S1_SD_2.mp3", "isCorrect": true, "que_text": "1", "noOfMistakes": "0", "que_id": "HI_S1_SD_2"}, {"recordingName": "HI_S1_SD_3.mp3", "isCorrect": true, "que_text": "4", "noOfMistakes": "0", "que_id": "HI_S1_SD_3"}, {"recordingName": "HI_S1_SD_4.mp3", "isCorrect": true, "que_text": "8", "noOfMistakes": "0", "que_id": "HI_S1_SD_4"}], "nativeProficiency": "Beginner", "studClass": "8", "deviceID": "3f4f2e087203bd32", "ageGroup": "7-10 years", "mathematicsProficiency": "Single digit"}