{"englishProficiency": "Small letter", "sequenceList": [{"que_text": "नीतू के घर में गाय है। उसका रंग सफ़ेद है। गाय हरी घास खाती है। वह बहुत दूध देती है।", "noOfMistakes": "200", "que_id": "HI_S3_P_0", "isCorrect": false, "recordingName": "HI_S3_P_0.mp3"}, {"que_text": "पीला", "noOfMistakes": "1", "que_id": "HI_S3_WD_7", "isCorrect": false, "recordingName": "HI_S3_WD_7.mp3"}, {"que_text": "ब", "noOfMistakes": "0", "que_id": "HI_S3_L_3", "isCorrect": true, "recordingName": "HI_S3_L_3.mp3"}, {"que_text": "क", "noOfMistakes": "0", "que_id": "HI_S3_L_1", "isCorrect": true, "recordingName": "HI_S3_L_1.mp3"}, {"que_text": "म", "noOfMistakes": "0", "que_id": "HI_S3_L_8", "isCorrect": true, "recordingName": "HI_S3_L_8.mp3"}, {"que_text": "त", "noOfMistakes": "0", "que_id": "HI_S3_L_7", "isCorrect": true, "recordingName": "HI_S3_L_7.mp3"}, {"que_text": "थ", "noOfMistakes": "0", "que_id": "HI_S3_L_5", "isCorrect": true, "recordingName": "HI_S3_L_5.mp3"}, {"que_text": "C", "noOfMistakes": "1", "que_id": "HI_S3_CL_0", "isCorrect": true, "recordingName": "HI_S3_CL_0.mp3"}, {"que_text": "O", "noOfMistakes": "1", "que_id": "HI_S3_CL_6", "isCorrect": true, "recordingName": "HI_S3_CL_6.mp3"}, {"que_text": "F", "noOfMistakes": "1", "que_id": "HI_S3_CL_4", "isCorrect": false, "recordingName": "HI_S3_CL_4.mp3"}, {"que_text": "S", "noOfMistakes": "1", "que_id": "HI_S3_CL_2", "isCorrect": true, "recordingName": "HI_S3_CL_2.mp3"}, {"que_text": "W", "noOfMistakes": "1", "que_id": "HI_S3_CL_5", "isCorrect": true, "recordingName": "HI_S3_CL_5.mp3"}, {"que_text": "p", "noOfMistakes": "2", "que_id": "HI_S3_SL_1", "isCorrect": true, "recordingName": "HI_S3_SL_1.mp3"}, {"que_text": "e", "noOfMistakes": "2", "que_id": "HI_S3_SL_4", "isCorrect": true, "recordingName": "HI_S3_SL_4.mp3"}, {"que_text": "g", "noOfMistakes": "2", "que_id": "HI_S3_SL_2", "isCorrect": false, "recordingName": "HI_S3_SL_2.mp3"}, {"que_text": "v", "noOfMistakes": "2", "que_id": "HI_S3_SL_3", "isCorrect": true, "recordingName": "HI_S3_SL_3.mp3"}, {"que_text": "j", "noOfMistakes": "2", "que_id": "HI_S3_SL_5", "isCorrect": false, "recordingName": "HI_S3_SL_5.mp3"}], "deviceID": "ebaa26065aba20e5", "ageGroup": "12-15 years", "studClass": "6", "nativeProficiency": "Letter", "date": "Thu Aug 22 16:23:11 GMT+05:30 2019"}