{"englishProficiency": "Beginner", "sequenceList": [{"que_text": "र", "noOfMistakes": "3", "que_id": "HI_S4_L_1", "isCorrect": false, "recordingName": "HI_S4_L_1.mp3"}, {"que_text": "प", "noOfMistakes": "3", "que_id": "HI_S4_L_5", "isCorrect": true, "recordingName": "HI_S4_L_5.mp3"}, {"que_text": "स", "noOfMistakes": "3", "que_id": "HI_S4_L_4", "isCorrect": false, "recordingName": "HI_S4_L_4.mp3"}, {"que_text": "च", "noOfMistakes": "3", "que_id": "HI_S4_L_3", "isCorrect": false, "recordingName": "HI_S4_L_3.mp3"}, {"que_text": "न", "noOfMistakes": "3", "que_id": "HI_S4_L_0", "isCorrect": true, "recordingName": "HI_S4_L_0.mp3"}, {"que_text": "D", "noOfMistakes": "4", "que_id": "HI_S4_CL_0", "isCorrect": false, "recordingName": "HI_S4_CL_0.mp3"}, {"que_text": "P", "noOfMistakes": "4", "que_id": "HI_S4_CL_6", "isCorrect": true, "recordingName": "HI_S4_CL_6.mp3"}, {"que_text": "L", "noOfMistakes": "4", "que_id": "HI_S4_CL_1", "isCorrect": false, "recordingName": "HI_S4_CL_1.mp3"}, {"que_text": "G", "noOfMistakes": "4", "que_id": "HI_S4_CL_4", "isCorrect": false, "recordingName": "HI_S4_CL_4.mp3"}, {"que_text": "X", "noOfMistakes": "4", "que_id": "HI_S4_CL_5", "isCorrect": false, "recordingName": "HI_S4_CL_5.mp3"}], "deviceID": "3cfeb576e535076", "ageGroup": "12-15 years", "studClass": "8", "nativeProficiency": "Beginner", "date": "Sat Sep 21 13:36:48 IST 2019"}