{"englishProficiency": "word", "sequenceList": [{"que_text": "आज रविवार आहे. शाळेला रजा आहे. तरी आज सकाळी मला लवकर जाग आली.", "noOfMistakes": "1", "que_id": "MR_S1_P_1", "isCorrect": true, "recordingName": "MR_S1_P_1.mp3"}, {"que_text": "बस", "noOfMistakes": "0", "que_id": "MR_S1_WD_1", "isCorrect": true, "recordingName": "MR_S1_WD_1.mp3"}, {"que_text": "गरम", "noOfMistakes": "0", "que_id": "MR_S1_WD_2", "isCorrect": true, "recordingName": "MR_S1_WD_2.mp3"}, {"que_text": "दिवा", "noOfMistakes": "0", "que_id": "MR_S1_WD_4", "isCorrect": true, "recordingName": "MR_S1_WD_4.mp3"}, {"que_text": "समई", "noOfMistakes": "0", "que_id": "MR_S1_WD_0", "isCorrect": true, "recordingName": "MR_S1_WD_0.mp3"}, {"que_text": "मोती", "noOfMistakes": "0", "que_id": "MR_S1_WD_5", "isCorrect": true, "recordingName": "MR_S1_WD_5.mp3"}, {"que_text": "cat", "noOfMistakes": "0", "que_id": "MR_S1_W_0", "isCorrect": true, "recordingName": "MR_S1_W_0.mp3"}, {"que_text": "sun", "noOfMistakes": "0", "que_id": "MR_S1_W_2", "isCorrect": true, "recordingName": "MR_S1_W_2.mp3"}, {"que_text": "new", "noOfMistakes": "0", "que_id": "MR_S1_W_3", "isCorrect": true, "recordingName": "MR_S1_W_3.mp3"}, {"que_text": "bus", "noOfMistakes": "0", "que_id": "MR_S1_W_5", "isCorrect": true, "recordingName": "MR_S1_W_5.mp3"}, {"que_text": "red", "noOfMistakes": "0", "que_id": "MR_S1_W_1", "isCorrect": true, "recordingName": "MR_S1_W_1.mp3"}], "deviceID": "fa698d33d358ac32", "ageGroup": "10-12 years", "studClass": "9", "date": "Fri Sep 06 10:54:23 IST 2019", "nativeProficiency": "Paragraph"}