{"englishProficiency": "Capital letter", "sequenceList": [{"que_text": "नीतू के घर में गाय है। उसका रंग सफ़ेद है। गाय हरी घास खाती है। वह बहुत दूध देती है।", "noOfMistakes": "200", "que_id": "HI_S3_P_0", "isCorrect": false, "recordingName": "HI_S3_P_0.mp3"}, {"que_text": "तोता", "noOfMistakes": "1", "que_id": "HI_S3_WD_1", "isCorrect": false, "recordingName": "HI_S3_WD_1.mp3"}, {"que_text": "च", "noOfMistakes": "0", "que_id": "HI_S3_L_2", "isCorrect": true, "recordingName": "HI_S3_L_2.mp3"}, {"que_text": "म", "noOfMistakes": "0", "que_id": "HI_S3_L_8", "isCorrect": true, "recordingName": "HI_S3_L_8.mp3"}, {"que_text": "ह", "noOfMistakes": "0", "que_id": "HI_S3_L_6", "isCorrect": true, "recordingName": "HI_S3_L_6.mp3"}, {"que_text": "थ", "noOfMistakes": "0", "que_id": "HI_S3_L_5", "isCorrect": true, "recordingName": "HI_S3_L_5.mp3"}, {"que_text": "क", "noOfMistakes": "0", "que_id": "HI_S3_L_1", "isCorrect": true, "recordingName": "HI_S3_L_1.mp3"}, {"que_text": "S", "noOfMistakes": "0", "que_id": "HI_S3_CL_2", "isCorrect": true, "recordingName": "HI_S3_CL_2.mp3"}, {"que_text": "K", "noOfMistakes": "0", "que_id": "HI_S3_CL_1", "isCorrect": true, "recordingName": "HI_S3_CL_1.mp3"}, {"que_text": "F", "noOfMistakes": "0", "que_id": "HI_S3_CL_4", "isCorrect": true, "recordingName": "HI_S3_CL_4.mp3"}, {"que_text": "Z", "noOfMistakes": "0", "que_id": "HI_S3_CL_7", "isCorrect": true, "recordingName": "HI_S3_CL_7.mp3"}, {"que_text": "W", "noOfMistakes": "0", "que_id": "HI_S3_CL_5", "isCorrect": true, "recordingName": "HI_S3_CL_5.mp3"}], "deviceID": "ebaa26065aba20e5", "ageGroup": "7-10 years", "studClass": "3", "nativeProficiency": "Letter", "date": "Sat Aug 03 20:29:40 GMT+05:30 2019"}