{"englishProficiency": "Small letter", "sequenceList": [{"que_text": "पावसाळा सुरु झाला. आईने नवी तुळस लावली. तुळस भरभर वाढली. छान दिसू लागली.", "noOfMistakes": "4", "que_id": "MR_S2_P_1", "isCorrect": true, "recordingName": "MR_S2_P_1.mp3"}, {"que_text": "रवी", "noOfMistakes": "1", "que_id": "MR_S2_WD_4", "isCorrect": true, "recordingName": "MR_S2_WD_4.mp3"}, {"que_text": "भाजी", "noOfMistakes": "1", "que_id": "MR_S2_WD_5", "isCorrect": true, "recordingName": "MR_S2_WD_5.mp3"}, {"que_text": "पतंग", "noOfMistakes": "1", "que_id": "MR_S2_WD_1", "isCorrect": true, "recordingName": "MR_S2_WD_1.mp3"}, {"que_text": "टोपी", "noOfMistakes": "1", "que_id": "MR_S2_WD_2", "isCorrect": false, "recordingName": "MR_S2_WD_2.mp3"}, {"que_text": "कळी", "noOfMistakes": "1", "que_id": "MR_S2_WD_8", "isCorrect": true, "recordingName": "MR_S2_WD_8.mp3"}, {"que_text": "B", "noOfMistakes": "1", "que_id": "MR_S2_CL_0", "isCorrect": true, "recordingName": "MR_S2_CL_0.mp3"}, {"que_text": "H", "noOfMistakes": "1", "que_id": "MR_S2_CL_1", "isCorrect": true, "recordingName": "MR_S2_CL_1.mp3"}, {"que_text": "V", "noOfMistakes": "1", "que_id": "MR_S2_CL_4", "isCorrect": true, "recordingName": "MR_S2_CL_4.mp3"}, {"que_text": "F", "noOfMistakes": "1", "que_id": "MR_S2_CL_7", "isCorrect": false, "recordingName": "MR_S2_CL_7.mp3"}, {"que_text": "R", "noOfMistakes": "1", "que_id": "MR_S2_CL_2", "isCorrect": true, "recordingName": "MR_S2_CL_2.mp3"}], "deviceID": "4ce77d6241ae4f2c", "ageGroup": "10-12 years", "studClass": "7", "date": "Thu Sep 05 15:53:41 IST 2019", "nativeProficiency": "Letter"}