{"englishProficiency": "Small letter", "sequenceList": [{"que_text": "नाक", "noOfMistakes": "2", "que_id": "HI_S3_WD_0", "isCorrect": false, "recordingName": "HI_S3_WD_0.mp3"}, {"que_text": "तोता", "noOfMistakes": "2", "que_id": "HI_S3_WD_1", "isCorrect": true, "recordingName": "HI_S3_WD_1.mp3"}, {"que_text": "चूहा", "noOfMistakes": "2", "que_id": "HI_S3_WD_2", "isCorrect": true, "recordingName": "HI_S3_WD_2.mp3"}, {"que_text": "देर", "noOfMistakes": "2", "que_id": "HI_S3_WD_5", "isCorrect": true, "recordingName": "HI_S3_WD_5.mp3"}, {"que_text": "दिन", "noOfMistakes": "2", "que_id": "HI_S3_WD_9", "isCorrect": false, "recordingName": "HI_S3_WD_9.mp3"}, {"que_text": "नीतू के घर में गाय है। उसका रंग सफ़ेद है। गाय हरी घास खाती है। वह बहुत दूध देती है।", "noOfMistakes": "200", "que_id": "HI_S3_P_0", "isCorrect": true, "recordingName": "HI_S3_P_0.mp3"}, {"que_text": "C", "noOfMistakes": "1", "que_id": "HI_S3_CL_0", "isCorrect": true, "recordingName": "HI_S3_CL_0.mp3"}, {"que_text": "K", "noOfMistakes": "1", "que_id": "HI_S3_CL_1", "isCorrect": true, "recordingName": "HI_S3_CL_1.mp3"}, {"que_text": "S", "noOfMistakes": "1", "que_id": "HI_S3_CL_2", "isCorrect": true, "recordingName": "HI_S3_CL_2.mp3"}, {"que_text": "Q", "noOfMistakes": "1", "que_id": "HI_S3_CL_3", "isCorrect": false, "recordingName": "HI_S3_CL_3.mp3"}, {"que_text": "O", "noOfMistakes": "1", "que_id": "HI_S3_CL_6", "isCorrect": true, "recordingName": "HI_S3_CL_6.mp3"}, {"que_text": "n", "noOfMistakes": "2", "que_id": "HI_S3_SL_0", "isCorrect": false, "recordingName": "HI_S3_SL_0.mp3"}, {"que_text": "p", "noOfMistakes": "2", "que_id": "HI_S3_SL_1", "isCorrect": true, "recordingName": "HI_S3_SL_1.mp3"}, {"que_text": "e", "noOfMistakes": "2", "que_id": "HI_S3_SL_4", "isCorrect": true, "recordingName": "HI_S3_SL_4.mp3"}, {"que_text": "v", "noOfMistakes": "2", "que_id": "HI_S3_SL_3", "isCorrect": false, "recordingName": "HI_S3_SL_3.mp3"}, {"que_text": "j", "noOfMistakes": "2", "que_id": "HI_S3_SL_5", "isCorrect": true, "recordingName": "HI_S3_SL_5.mp3"}], "deviceID": "232c9fe1ebdcd1fa", "ageGroup": "10-12 years", "studClass": "3", "nativeProficiency": "Word", "date": "Thu Sep 19 12:50:22 IST 2019"}