{"date": "Fri Sep 06 10:10:27 GMT+05:30 2019", "sequenceList": [{"recordingName": "MR_S1_P_1.mp3", "isCorrect": true, "que_text": "आज रविवार आहे. शाळेला रजा आहे. तरी आज सकाळी मला लवकर जाग आली.", "noOfMistakes": "0", "que_id": "MR_S1_P_1"}, {"recordingName": "MR_S1_ST_0.mp3", "isCorrect": false, "que_text": "दाजी आजोबा आजारी असतात. ते खूप थकलेले दिसतात. हल्ली त्यांना नीट दिसत नाही.आजोबांचा नातू रमेश त्यांची खूप काळजी घेतो. त्यांना खूप खोकलाही झाला आहे. रमेश त्यांना वेळेवर औषध देतो. नीट दिसत नसल्यामुळे आजोबा घरात बसून असतात. रमेश त्यांच्या हाताला धरून घरातल्या घरात फिरवतो. घरात बसून आजोबा जुनी गाणी ऐकतात. त्यांना नवीन गाणीही ऐकायला आवडतात. आजोबांना बरे वाटल्यावर दोघे लांबवर फिरायला जाणार आहेत.", "noOfMistakes": "200", "que_id": "MR_S1_ST_0"}], "studClass": "5", "deviceID": "47f79a194bb31395", "ageGroup": "10-12 years", "nativeProficiency": "Paragraph"}