{"nativeProficiency": "Letter", "sequenceList": [{"que_text": "अंगणात चिमणी येते. मी तिला दाणे टाकते. चिमणी दाणे खाते. खाऊन उडून जाते.", "noOfMistakes": "200", "que_id": "MR_S3_P_1", "isCorrect": false, "recordingName": "MR_S3_P_1.mp3"}, {"que_text": "लाल", "noOfMistakes": "1", "que_id": "MR_S3_WD_1", "isCorrect": false, "recordingName": "MR_S3_WD_1.mp3"}, {"que_text": "स", "noOfMistakes": "0", "que_id": "MH_S3_L_1", "isCorrect": true, "recordingName": "MH_S3_L_1.mp3"}, {"que_text": "द", "noOfMistakes": "0", "que_id": "MH_S3_L_5", "isCorrect": true, "recordingName": "MH_S3_L_5.mp3"}, {"que_text": "न", "noOfMistakes": "0", "que_id": "MH_S3_L_4", "isCorrect": true, "recordingName": "MH_S3_L_4.mp3"}, {"que_text": "र", "noOfMistakes": "0", "que_id": "MH_S3_L_7", "isCorrect": true, "recordingName": "MH_S3_L_7.mp3"}, {"que_text": "ल", "noOfMistakes": "0", "que_id": "MH_S3_L_3", "isCorrect": true, "recordingName": "MH_S3_L_3.mp3"}], "deviceID": "3ebaa9d14abd9a0f", "ageGroup": "7-10 years", "studClass": "2", "date": "Tue Aug 06 13:33:19 GMT+05:30 2019"}