{"sequenceList": [{"recordingName": "HI_S4_P_0.mp3", "isCorrect": true, "que_text": "बग़ीचे में पेड़ हैं। पेड़ पर एक तोता रहता है। तोते का रंग हरा है। वह लाल टमाटर खाता है।", "noOfMistakes": "0", "que_id": "HI_S4_P_0"}, {"recordingName": "HI_S4_ST_0.mp3", "isCorrect": false, "que_text": "रामपुर में कुछ ज़मीन ख़ाली थी। वहाँ कुछ नहीं उगता था। वहाँ कोई खेलने नहीं जाता था। एक दिन कुछ लोग आए। उन्होंने गाँव के लोगों को बुलाया। सबने मिलकर तय किया कि यहाँ बग़ीचा बनाया जाए। खाद मंगाकर हर तरह के पौधे लगाये गए। सही समय पर पानी दिया गया। आज वहाँ एक सुंदर बग़ीचा है। इसलिए वहाँ सब खेलने जाते हैं।", "noOfMistakes": "200", "que_id": "HI_S4_ST_0"}, {"answer": "33", "isCorrect": false, "que_text": "41 - 13", "noOfMistakes": "2", "que_id": "HI_S4_SB_1"}, {"answer": "73", "isCorrect": false, "que_text": "46 - 17", "noOfMistakes": "2", "que_id": "HI_S4_SB_7"}, {"recordingName": "HI_S4_DD_0.mp3", "isCorrect": true, "que_text": "71", "noOfMistakes": "0", "que_id": "HI_S4_DD_0"}, {"recordingName": "HI_S4_DD_1.mp3", "isCorrect": true, "que_text": "24", "noOfMistakes": "0", "que_id": "HI_S4_DD_1"}, {"recordingName": "HI_S4_DD_9.mp3", "isCorrect": true, "que_text": "14", "noOfMistakes": "0", "que_id": "HI_S4_DD_9"}, {"recordingName": "HI_S4_DD_4.mp3", "isCorrect": true, "que_text": "23", "noOfMistakes": "0", "que_id": "HI_S4_DD_4"}, {"recordingName": "HI_S4_DD_6.mp3", "isCorrect": true, "que_text": "37", "noOfMistakes": "0", "que_id": "HI_S4_DD_6"}, {"recordingName": "HI_S4_CL_0.mp3", "isCorrect": true, "que_text": "D", "noOfMistakes": "0", "que_id": "HI_S4_CL_0"}, {"recordingName": "HI_S4_CL_1.mp3", "isCorrect": true, "que_text": "L", "noOfMistakes": "0", "que_id": "HI_S4_CL_1"}, {"recordingName": "HI_S4_CL_3.mp3", "isCorrect": true, "que_text": "K", "noOfMistakes": "0", "que_id": "HI_S4_CL_3"}, {"recordingName": "HI_S4_CL_4.mp3", "isCorrect": true, "que_text": "G", "noOfMistakes": "0", "que_id": "HI_S4_CL_4"}, {"recordingName": "HI_S4_CL_2.mp3", "isCorrect": true, "que_text": "T", "noOfMistakes": "0", "que_id": "HI_S4_CL_2"}, {"recordingName": "HI_S4_SL_0.mp3", "isCorrect": true, "que_text": "y", "noOfMistakes": "0", "que_id": "HI_S4_SL_0"}, {"recordingName": "HI_S4_SL_1.mp3", "isCorrect": true, "que_text": "f", "noOfMistakes": "0", "que_id": "HI_S4_SL_1"}, {"recordingName": "HI_S4_SL_2.mp3", "isCorrect": true, "que_text": "i", "noOfMistakes": "0", "que_id": "HI_S4_SL_2"}, {"recordingName": "HI_S4_SL_3.mp3", "isCorrect": true, "que_text": "s", "noOfMistakes": "0", "que_id": "HI_S4_SL_3"}, {"recordingName": "HI_S4_SL_4.mp3", "isCorrect": true, "que_text": "v", "noOfMistakes": "0", "que_id": "HI_S4_SL_4"}, {"recordingName": "HI_S4_W_0.mp3", "isCorrect": false, "que_text": "dog", "noOfMistakes": "5", "que_id": "HI_S4_W_0"}, {"recordingName": "HI_S4_W_3.mp3", "isCorrect": false, "que_text": "boy", "noOfMistakes": "5", "que_id": "HI_S4_W_3"}, {"recordingName": "HI_S4_W_5.mp3", "isCorrect": false, "que_text": "box", "noOfMistakes": "5", "que_id": "HI_S4_W_5"}, {"recordingName": "HI_S4_W_2.mp3", "isCorrect": false, "que_text": "cup", "noOfMistakes": "5", "que_id": "HI_S4_W_2"}, {"recordingName": "HI_S4_W_4.mp3", "isCorrect": false, "que_text": "man", "noOfMistakes": "5", "que_id": "HI_S4_W_4"}], "englishProficiency": "Small letter", "studClass": "4", "date": "Sat Sep 07 15:18:26 IST 2019", "mathematicsProficiency": "Double digit", "deviceID": "6f25fd7d695cd215", "ageGroup": "7-10 years", "nativeProficiency": "Paragraph"}