{"englishProficiency": "word", "sequenceList": [{"que_text": "बग़ीचे में पेड़ हैं। पेड़ पर एक तोता रहता है। तोते का रंग हरा है। वह लाल टमाटर खाता है।", "noOfMistakes": "2", "que_id": "HI_S4_P_0", "isCorrect": true, "recordingName": "HI_S4_P_0.mp3"}, {"que_text": "D", "noOfMistakes": "0", "que_id": "HI_S4_CL_0", "isCorrect": true, "recordingName": "HI_S4_CL_0.mp3"}, {"que_text": "G", "noOfMistakes": "0", "que_id": "HI_S4_CL_4", "isCorrect": true, "recordingName": "HI_S4_CL_4.mp3"}, {"que_text": "N", "noOfMistakes": "0", "que_id": "HI_S4_CL_7", "isCorrect": true, "recordingName": "HI_S4_CL_7.mp3"}, {"que_text": "X", "noOfMistakes": "0", "que_id": "HI_S4_CL_5", "isCorrect": true, "recordingName": "HI_S4_CL_5.mp3"}, {"que_text": "K", "noOfMistakes": "0", "que_id": "HI_S4_CL_3", "isCorrect": true, "recordingName": "HI_S4_CL_3.mp3"}, {"que_text": "y", "noOfMistakes": "0", "que_id": "HI_S4_SL_0", "isCorrect": true, "recordingName": "HI_S4_SL_0.mp3"}, {"que_text": "v", "noOfMistakes": "0", "que_id": "HI_S4_SL_4", "isCorrect": true, "recordingName": "HI_S4_SL_4.mp3"}, {"que_text": "h", "noOfMistakes": "0", "que_id": "HI_S4_SL_7", "isCorrect": true, "recordingName": "HI_S4_SL_7.mp3"}, {"que_text": "s", "noOfMistakes": "0", "que_id": "HI_S4_SL_3", "isCorrect": true, "recordingName": "HI_S4_SL_3.mp3"}, {"que_text": "m", "noOfMistakes": "0", "que_id": "HI_S4_SL_5", "isCorrect": true, "recordingName": "HI_S4_SL_5.mp3"}, {"que_text": "dog", "noOfMistakes": "1", "que_id": "HI_S4_W_0", "isCorrect": true, "recordingName": "HI_S4_W_0.mp3"}, {"que_text": "man", "noOfMistakes": "1", "que_id": "HI_S4_W_4", "isCorrect": true, "recordingName": "HI_S4_W_4.mp3"}, {"que_text": "box", "noOfMistakes": "1", "que_id": "HI_S4_W_5", "isCorrect": true, "recordingName": "HI_S4_W_5.mp3"}, {"que_text": "boy", "noOfMistakes": "1", "que_id": "HI_S4_W_3", "isCorrect": true, "recordingName": "HI_S4_W_3.mp3"}, {"que_text": "cup", "noOfMistakes": "1", "que_id": "HI_S4_W_2", "isCorrect": false, "recordingName": "HI_S4_W_2.mp3"}], "deviceID": "c66208a6b7100eb2", "ageGroup": "10-12 years", "studClass": "3", "nativeProficiency": "Paragraph", "date": "Thu Aug 29 16:18:34 IST 2019"}