{"englishProficiency": "Small letter", "sequenceList": [{"que_text": "नानी", "noOfMistakes": "3", "que_id": "HI_S1_WD_3", "isCorrect": false, "recordingName": "HI_S1_WD_3.mp3"}, {"que_text": "दिन", "noOfMistakes": "3", "que_id": "HI_S1_WD_8", "isCorrect": true, "recordingName": "HI_S1_WD_8.mp3"}, {"que_text": "हीरा", "noOfMistakes": "3", "que_id": "HI_S1_WD_0", "isCorrect": false, "recordingName": "HI_S1_WD_0.mp3"}, {"que_text": "मोर", "noOfMistakes": "3", "que_id": "HI_S1_WD_9", "isCorrect": false, "recordingName": "HI_S1_WD_9.mp3"}, {"que_text": "काम", "noOfMistakes": "3", "que_id": "HI_S1_WD_5", "isCorrect": true, "recordingName": "HI_S1_WD_5.mp3"}, {"que_text": "द", "noOfMistakes": "1", "que_id": "HI_S2_L_0", "isCorrect": true, "recordingName": "HI_S2_L_0.mp3"}, {"que_text": "म", "noOfMistakes": "1", "que_id": "HI_S2_L_8", "isCorrect": true, "recordingName": "HI_S2_L_8.mp3"}, {"que_text": "ह", "noOfMistakes": "1", "que_id": "HI_S2_L_6", "isCorrect": true, "recordingName": "HI_S2_L_6.mp3"}, {"que_text": "थ", "noOfMistakes": "1", "que_id": "HI_S2_L_5", "isCorrect": false, "recordingName": "HI_S2_L_5.mp3"}, {"que_text": "त", "noOfMistakes": "1", "que_id": "HI_S2_L_7", "isCorrect": true, "recordingName": "HI_S2_L_7.mp3"}, {"que_text": "B", "noOfMistakes": "0", "que_id": "HI_S2_CL_0", "isCorrect": true, "recordingName": "HI_S2_CL_0.mp3"}, {"que_text": "R", "noOfMistakes": "0", "que_id": "HI_S2_CL_2", "isCorrect": true, "recordingName": "HI_S2_CL_2.mp3"}, {"que_text": "P", "noOfMistakes": "0", "que_id": "HI_S2_CL_6", "isCorrect": true, "recordingName": "HI_S2_CL_6.mp3"}, {"que_text": "M", "noOfMistakes": "0", "que_id": "HI_S2_CL_5", "isCorrect": true, "recordingName": "HI_S2_CL_5.mp3"}, {"que_text": "V", "noOfMistakes": "0", "que_id": "HI_S2_CL_4", "isCorrect": true, "recordingName": "HI_S2_CL_4.mp3"}, {"que_text": "s", "noOfMistakes": "0", "que_id": "HI_S2_SL_6", "isCorrect": true, "recordingName": "HI_S2_SL_6.mp3"}, {"que_text": "k", "noOfMistakes": "0", "que_id": "HI_S2_SL_7", "isCorrect": true, "recordingName": "HI_S2_SL_7.mp3"}, {"que_text": "z", "noOfMistakes": "0", "que_id": "HI_S2_SL_0", "isCorrect": true, "recordingName": "HI_S2_SL_0.mp3"}, {"que_text": "j", "noOfMistakes": "0", "que_id": "HI_S2_SL_1", "isCorrect": true, "recordingName": "HI_S2_SL_1.mp3"}, {"que_text": "w", "noOfMistakes": "0", "que_id": "HI_S2_SL_3", "isCorrect": true, "recordingName": "HI_S2_SL_3.mp3"}], "deviceID": "ebaa26065aba20e5", "ageGroup": "7-10 years", "studClass": "4", "nativeProficiency": "Letter", "date": "Mon Aug 26 16:07:08 GMT+05:30 2019"}