{"englishProficiency": "Capital letter", "sequenceList": [{"que_text": "नीतू के घर में गाय है। उसका रंग सफ़ेद है। गाय हरी घास खाती है। वह बहुत दूध देती है।", "noOfMistakes": "1", "que_id": "HI_S3_P_0", "isCorrect": true, "recordingName": "HI_S3_P_0.mp3"}, {"que_text": "मैना", "noOfMistakes": "0", "que_id": "HI_S3_WD_4", "isCorrect": true, "recordingName": "HI_S3_WD_4.mp3"}, {"que_text": "चूहा", "noOfMistakes": "0", "que_id": "HI_S3_WD_2", "isCorrect": true, "recordingName": "HI_S3_WD_2.mp3"}, {"que_text": "माला", "noOfMistakes": "0", "que_id": "HI_S3_WD_8", "isCorrect": true, "recordingName": "HI_S3_WD_8.mp3"}, {"que_text": "देर", "noOfMistakes": "0", "que_id": "HI_S3_WD_5", "isCorrect": true, "recordingName": "HI_S3_WD_5.mp3"}, {"que_text": "तोता", "noOfMistakes": "0", "que_id": "HI_S3_WD_1", "isCorrect": true, "recordingName": "HI_S3_WD_1.mp3"}, {"que_text": "Z", "noOfMistakes": "0", "que_id": "HI_S3_CL_7", "isCorrect": true, "recordingName": "HI_S3_CL_7.mp3"}, {"que_text": "S", "noOfMistakes": "0", "que_id": "HI_S3_CL_2", "isCorrect": true, "recordingName": "HI_S3_CL_2.mp3"}, {"que_text": "F", "noOfMistakes": "0", "que_id": "HI_S3_CL_4", "isCorrect": true, "recordingName": "HI_S3_CL_4.mp3"}, {"que_text": "W", "noOfMistakes": "0", "que_id": "HI_S3_CL_5", "isCorrect": true, "recordingName": "HI_S3_CL_5.mp3"}, {"que_text": "K", "noOfMistakes": "0", "que_id": "HI_S3_CL_1", "isCorrect": true, "recordingName": "HI_S3_CL_1.mp3"}, {"que_text": "e", "noOfMistakes": "3", "que_id": "HI_S3_SL_4", "isCorrect": true, "recordingName": "HI_S3_SL_4.mp3"}, {"que_text": "j", "noOfMistakes": "3", "que_id": "HI_S3_SL_5", "isCorrect": true, "recordingName": "HI_S3_SL_5.mp3"}, {"que_text": "g", "noOfMistakes": "3", "que_id": "HI_S3_SL_2", "isCorrect": false, "recordingName": "HI_S3_SL_2.mp3"}, {"que_text": "p", "noOfMistakes": "3", "que_id": "HI_S3_SL_1", "isCorrect": false, "recordingName": "HI_S3_SL_1.mp3"}, {"que_text": "b", "noOfMistakes": "3", "que_id": "HI_S3_SL_7", "isCorrect": false, "recordingName": "HI_S3_SL_7.mp3"}], "deviceID": "c66208a6b7100eb2", "ageGroup": "7-10 years", "studClass": "2", "nativeProficiency": "Word", "date": "Fri Jul 19 16:52:44 IST 2019"}