{"englishProficiency": "Small letter", "sequenceList": [{"que_text": "अंगणात चिमणी येते. मी तिला दाणे टाकते. चिमणी दाणे खाते. खाऊन उडून जाते.", "noOfMistakes": "200", "que_id": "MR_S3_P_1", "isCorrect": true, "recordingName": "MR_S3_P_1.mp3"}, {"que_text": "गारा", "noOfMistakes": "2", "que_id": "MR_S3_WD_6", "isCorrect": true, "recordingName": "MR_S3_WD_6.mp3"}, {"que_text": "लाल", "noOfMistakes": "2", "que_id": "MR_S3_WD_1", "isCorrect": false, "recordingName": "MR_S3_WD_1.mp3"}, {"que_text": "विमान", "noOfMistakes": "2", "que_id": "MR_S3_WD_8", "isCorrect": true, "recordingName": "MR_S3_WD_8.mp3"}, {"que_text": "पूर", "noOfMistakes": "2", "que_id": "MR_S3_WD_2", "isCorrect": true, "recordingName": "MR_S3_WD_2.mp3"}, {"que_text": "मुळा", "noOfMistakes": "2", "que_id": "MR_S3_WD_4", "isCorrect": false, "recordingName": "MR_S3_WD_4.mp3"}, {"que_text": "S", "noOfMistakes": "2", "que_id": "MR_S3_CL_2", "isCorrect": true, "recordingName": "MR_S3_CL_2.mp3"}, {"que_text": "C", "noOfMistakes": "2", "que_id": "MR_S3_CL_0", "isCorrect": true, "recordingName": "MR_S3_CL_0.mp3"}, {"que_text": "O", "noOfMistakes": "2", "que_id": "MR_S3_CL_6", "isCorrect": true, "recordingName": "MR_S3_CL_6.mp3"}, {"que_text": "F", "noOfMistakes": "2", "que_id": "MR_S3_CL_4", "isCorrect": false, "recordingName": "MR_S3_CL_4.mp3"}, {"que_text": "P", "noOfMistakes": "2", "que_id": "MR_S3_CL_7", "isCorrect": false, "recordingName": "MR_S3_CL_7.mp3"}, {"que_text": "e", "noOfMistakes": "0", "que_id": "MR_S3_SL_4", "isCorrect": true, "recordingName": "MR_S3_SL_4.mp3"}, {"que_text": "v", "noOfMistakes": "0", "que_id": "MR_S3_SL_3", "isCorrect": true, "recordingName": "MR_S3_SL_3.mp3"}, {"que_text": "b", "noOfMistakes": "0", "que_id": "MR_S3_SL_7", "isCorrect": true, "recordingName": "MR_S3_SL_7.mp3"}, {"que_text": "n", "noOfMistakes": "0", "que_id": "MR_S3_SL_0", "isCorrect": true, "recordingName": "MR_S3_SL_0.mp3"}, {"que_text": "p", "noOfMistakes": "0", "que_id": "MR_S3_SL_1", "isCorrect": true, "recordingName": "MR_S3_SL_1.mp3"}], "deviceID": "9152084fbfecfc39", "ageGroup": "10-12 years", "studClass": "6", "date": "Sat Sep 07 15:05:54 IST 2019", "nativeProficiency": "Word"}