{"englishProficiency": "Beginner", "sequenceList": [{"que_text": "आज रविवार आहे. शाळेला रजा आहे. सगळे मिळून खेळूया. आज खेळायचा दिवस आहे.", "noOfMistakes": "200", "que_id": "MR_S4_P_1", "isCorrect": true, "recordingName": "MR_S4_P_1.mp3"}, {"que_text": "झाडू", "noOfMistakes": "3", "que_id": "MR_S4_WD_2", "isCorrect": true, "recordingName": "MR_S4_WD_2.mp3"}, {"que_text": "फेटा", "noOfMistakes": "3", "que_id": "MR_S4_WD_1", "isCorrect": false, "recordingName": "MR_S4_WD_1.mp3"}, {"que_text": "पाऊस", "noOfMistakes": "3", "que_id": "MR_S4_WD_3", "isCorrect": false, "recordingName": "MR_S4_WD_3.mp3"}, {"que_text": "लाल", "noOfMistakes": "3", "que_id": "MR_S4_WD_5", "isCorrect": false, "recordingName": "MR_S4_WD_5.mp3"}, {"que_text": "केळे", "noOfMistakes": "3", "que_id": "MR_S4_WD_7", "isCorrect": true, "recordingName": "MR_S4_WD_7.mp3"}], "deviceID": "48f827eddd8b0f3d", "ageGroup": "7-10 years", "studClass": "4", "nativeProficiency": "Word", "date": "Thu Sep 05 09:13:50 GMT+05:30 2019"}