{"englishProficiency": "Capital letter", "sequenceList": [{"que_text": "बग़ीचे में पेड़ हैं। पेड़ पर एक तोता रहता है। तोते का रंग हरा है। वह लाल टमाटर खाता है।", "noOfMistakes": "200", "que_id": "HI_S4_P_0", "isCorrect": false, "recordingName": "HI_S4_P_0.mp3"}, {"que_text": "आग", "noOfMistakes": "0", "que_id": "HI_S4_WD_0", "isCorrect": true, "recordingName": "HI_S4_WD_0.mp3"}, {"que_text": "पानी", "noOfMistakes": "0", "que_id": "HI_S4_WD_4", "isCorrect": true, "recordingName": "HI_S4_WD_4.mp3"}, {"que_text": "देश", "noOfMistakes": "0", "que_id": "HI_S4_WD_7", "isCorrect": true, "recordingName": "HI_S4_WD_7.mp3"}, {"que_text": "ताला", "noOfMistakes": "0", "que_id": "HI_S4_WD_2", "isCorrect": true, "recordingName": "HI_S4_WD_2.mp3"}, {"que_text": "गिर", "noOfMistakes": "0", "que_id": "HI_S4_WD_3", "isCorrect": true, "recordingName": "HI_S4_WD_3.mp3"}, {"que_text": "L", "noOfMistakes": "0", "que_id": "HI_S4_CL_1", "isCorrect": true, "recordingName": "HI_S4_CL_1.mp3"}, {"que_text": "N", "noOfMistakes": "0", "que_id": "HI_S4_CL_7", "isCorrect": true, "recordingName": "HI_S4_CL_7.mp3"}, {"que_text": "G", "noOfMistakes": "0", "que_id": "HI_S4_CL_4", "isCorrect": true, "recordingName": "HI_S4_CL_4.mp3"}, {"que_text": "X", "noOfMistakes": "0", "que_id": "HI_S4_CL_5", "isCorrect": true, "recordingName": "HI_S4_CL_5.mp3"}, {"que_text": "T", "noOfMistakes": "0", "que_id": "HI_S4_CL_2", "isCorrect": true, "recordingName": "HI_S4_CL_2.mp3"}, {"que_text": "f", "noOfMistakes": "3", "que_id": "HI_S4_SL_1", "isCorrect": true, "recordingName": "HI_S4_SL_1.mp3"}, {"que_text": "h", "noOfMistakes": "3", "que_id": "HI_S4_SL_7", "isCorrect": false, "recordingName": "HI_S4_SL_7.mp3"}, {"que_text": "m", "noOfMistakes": "3", "que_id": "HI_S4_SL_5", "isCorrect": true, "recordingName": "HI_S4_SL_5.mp3"}, {"que_text": "a", "noOfMistakes": "3", "que_id": "HI_S4_SL_6", "isCorrect": false, "recordingName": "HI_S4_SL_6.mp3"}, {"que_text": "s", "noOfMistakes": "3", "que_id": "HI_S4_SL_3", "isCorrect": false, "recordingName": "HI_S4_SL_3.mp3"}], "deviceID": "c66208a6b7100eb2", "ageGroup": "7-10 years", "studClass": "2", "nativeProficiency": "Word", "date": "Sun Jul 07 15:30:23 IST 2019"}