{"englishProficiency": "Beginner", "sequenceList": [{"que_text": "एकदा मी पडले. सगळे मला हसले. एकदा सोनल पडली. मी तिला हसले.", "noOfMistakes": "200", "que_id": "MR_S2_P_0", "isCorrect": false, "recordingName": "MR_S2_P_0.mp3"}, {"que_text": "रवी", "noOfMistakes": "1", "que_id": "MR_S2_WD_4", "isCorrect": false, "recordingName": "MR_S2_WD_4.mp3"}, {"que_text": "त", "noOfMistakes": "0", "que_id": "MH_S2_L_1", "isCorrect": true, "recordingName": "MH_S2_L_1.mp3"}, {"que_text": "क", "noOfMistakes": "0", "que_id": "MH_S2_L_5", "isCorrect": true, "recordingName": "MH_S2_L_5.mp3"}, {"que_text": "स", "noOfMistakes": "0", "que_id": "MH_S2_L_4", "isCorrect": true, "recordingName": "MH_S2_L_4.mp3"}, {"que_text": "ण", "noOfMistakes": "0", "que_id": "MH_S2_L_3", "isCorrect": true, "recordingName": "MH_S2_L_3.mp3"}, {"que_text": "म", "noOfMistakes": "0", "que_id": "MH_S2_L_2", "isCorrect": true, "recordingName": "MH_S2_L_2.mp3"}, {"que_text": "B", "noOfMistakes": "1", "que_id": "MR_S2_CL_0", "isCorrect": false, "recordingName": "MR_S2_CL_0.mp3"}, {"que_text": "H", "noOfMistakes": "1", "que_id": "MR_S2_CL_1", "isCorrect": true, "recordingName": "MR_S2_CL_1.mp3"}, {"que_text": "L", "noOfMistakes": "1", "que_id": "MR_S2_CL_3", "isCorrect": true, "recordingName": "MR_S2_CL_3.mp3"}], "deviceID": "3ebaa9d14abd9a0f", "ageGroup": "7-10 years", "studClass": "2", "nativeProficiency": "Letter", "date": "Thu Aug 01 15:39:56 GMT+05:30 2019"}