{"date": "Wed Sep 04 15:54:28 IST 2019", "sequenceList": [{"answer": "27", "isCorrect": true, "que_text": "56 - 29", "noOfMistakes": "0", "que_id": "HI_S3_SB_0"}, {"answer": "25", "isCorrect": true, "que_text": "64 - 39", "noOfMistakes": "0", "que_id": "HI_S3_SB_1"}, {"noOfMistakes": "0", "que_id": "HI_S3_D_0", "answer": "122", "remainder": "", "isCorrect": true, "que_text": "979 / 8"}], "nativeProficiency": "Story", "studClass": "8", "deviceID": "c983896e32d4ba2a", "ageGroup": "12-15 years", "mathematicsProficiency": "Division"}