{"englishProficiency": "Small letter", "sequenceList": [{"que_text": " राधा के पास एक तोता है। उसकी चोंच लाल है। वह बहुत बोलता है। सब को हँसाता है।", "noOfMistakes": "200", "que_id": "HI_S1_P_0", "recordingName": "HI_S1_P_0.mp3", "isCorrect": false}, {"que_text": "गाना", "noOfMistakes": "1", "que_id": "HI_S1_WD_0", "recordingName": "HI_S1_WD_0.mp3", "isCorrect": true}, {"que_text": "आग", "noOfMistakes": "1", "que_id": "HI_S1_WD_8", "recordingName": "HI_S1_WD_8.mp3", "isCorrect": true}, {"que_text": "मोर", "noOfMistakes": "1", "que_id": "HI_S1_WD_9", "recordingName": "HI_S1_WD_9.mp3", "isCorrect": true}, {"que_text": "मोती", "noOfMistakes": "1", "que_id": "HI_S1_WD_2", "recordingName": "HI_S1_WD_2.mp3", "isCorrect": true}, {"que_text": "झोला", "noOfMistakes": "1", "que_id": "HI_S1_WD_4", "recordingName": "HI_S1_WD_4.mp3", "isCorrect": false}, {"que_text": "A", "noOfMistakes": "0", "que_id": "HI_S1_CL_0", "recordingName": "HI_S1_CL_0.mp3", "isCorrect": true}, {"que_text": "J", "noOfMistakes": "0", "que_id": "HI_S1_CL_1", "recordingName": "HI_S1_CL_1.mp3", "isCorrect": true}, {"que_text": "O", "noOfMistakes": "0", "que_id": "HI_S1_CL_7", "recordingName": "HI_S1_CL_7.mp3", "isCorrect": true}, {"que_text": "Y", "noOfMistakes": "0", "que_id": "HI_S1_CL_5", "recordingName": "HI_S1_CL_5.mp3", "isCorrect": true}, {"que_text": "N", "noOfMistakes": "0", "que_id": "HI_S1_CL_6", "recordingName": "HI_S1_CL_6.mp3", "isCorrect": true}, {"que_text": "p", "noOfMistakes": "1", "que_id": "HI_S1_SL_1", "recordingName": "HI_S1_SL_1.mp3", "isCorrect": true}, {"que_text": "d", "noOfMistakes": "1", "que_id": "HI_S1_SL_5", "recordingName": "HI_S1_SL_5.mp3", "isCorrect": false}, {"que_text": "h", "noOfMistakes": "1", "que_id": "HI_S1_SL_0", "recordingName": "HI_S1_SL_0.mp3", "isCorrect": true}, {"que_text": "m", "noOfMistakes": "1", "que_id": "HI_S1_SL_4", "recordingName": "HI_S1_SL_4.mp3", "isCorrect": true}, {"que_text": "t", "noOfMistakes": "1", "que_id": "HI_S1_SL_7", "recordingName": "HI_S1_SL_7.mp3", "isCorrect": true}], "deviceID": "c66208a6b7100eb2", "ageGroup": "7-10 years", "studClass": "2", "date": "Sat Jul 13 16:12:57 IST 2019", "nativeProficiency": "Word"}