{"englishProficiency": "Beginner", "sequenceList": [{"que_text": "मीना पढ़ने जाती है। राजू भी साथ जाता है। दोनों शाम को लौटकर आते हैं। घर आकर खाना खाते हैं।", "noOfMistakes": "200", "que_id": "HI_S2_P_1", "isCorrect": false, "recordingName": "HI_S2_P_1.mp3"}, {"que_text": "क", "noOfMistakes": "1", "que_id": "HI_S2_L_1", "isCorrect": true, "recordingName": "HI_S2_L_1.mp3"}, {"que_text": "च", "noOfMistakes": "1", "que_id": "HI_S2_L_2", "isCorrect": true, "recordingName": "HI_S2_L_2.mp3"}, {"que_text": "थ", "noOfMistakes": "1", "que_id": "HI_S2_L_5", "isCorrect": false, "recordingName": "HI_S2_L_5.mp3"}, {"que_text": "ल", "noOfMistakes": "1", "que_id": "HI_S2_L_4", "isCorrect": true, "recordingName": "HI_S2_L_4.mp3"}, {"que_text": "म", "noOfMistakes": "1", "que_id": "HI_S2_L_8", "isCorrect": true, "recordingName": "HI_S2_L_8.mp3"}, {"que_text": "B", "noOfMistakes": "4", "que_id": "HI_S2_CL_0", "isCorrect": true, "recordingName": "HI_S2_CL_0.mp3"}, {"que_text": "R", "noOfMistakes": "4", "que_id": "HI_S2_CL_2", "isCorrect": false, "recordingName": "HI_S2_CL_2.mp3"}, {"que_text": "H", "noOfMistakes": "4", "que_id": "HI_S2_CL_1", "isCorrect": false, "recordingName": "HI_S2_CL_1.mp3"}, {"que_text": "V", "noOfMistakes": "4", "que_id": "HI_S2_CL_4", "isCorrect": false, "recordingName": "HI_S2_CL_4.mp3"}, {"que_text": "M", "noOfMistakes": "4", "que_id": "HI_S2_CL_5", "isCorrect": false, "recordingName": "HI_S2_CL_5.mp3"}], "deviceID": "c66208a6b7100eb2", "ageGroup": "less than 5 years", "studClass": "1", "nativeProficiency": "Letter", "date": "Wed Jul 24 17:07:15 IST 2019"}