{"sequenceList": [{"recordingName": "HI_S2_P_1.mp3", "isCorrect": true, "que_text": "मीना पढ़ने जाती है। राजू भी साथ जाता है। दोनों शाम को लौटकर आते हैं। घर आकर खाना खाते हैं।", "noOfMistakes": "0", "que_id": "HI_S2_P_1"}, {"recordingName": "HI_S2_ST_0.mp3", "isCorrect": true, "que_text": "सावन का महीना था। आसमान में बहुत से काले बादल छाये थे। ठंडी- ठंडी हवा चल रही थी। मैंने सोचा, आज झूला झूलते हैं। बड़े भैया एक मोटी सी रस्सी लेकर आए। हमने उसे पेड़ से लटका कर झूला बनाया। सब ने मिलकर खूब झूला झूला। बहुत सारे बच्चे आकर मज़े से खेलने लगे। खेलते-खेलते रात हो गई।", "noOfMistakes": "0", "que_id": "HI_S2_ST_0"}, {"answer": "-", "isCorrect": false, "que_text": "51-35", "noOfMistakes": "2", "que_id": "HI_S1_SB_0"}, {"answer": "-", "isCorrect": false, "que_text": "41-15", "noOfMistakes": "2", "que_id": "HI_S2_SB_4"}, {"recordingName": "HI_S2_DD_5.mp3", "isCorrect": false, "que_text": "61", "noOfMistakes": "1", "que_id": "HI_S2_DD_5"}, {"recordingName": "HI_S2_DD_0.mp3", "isCorrect": true, "que_text": "76", "noOfMistakes": "1", "que_id": "HI_S2_DD_0"}, {"recordingName": "HI_S2_DD_3.mp3", "isCorrect": true, "que_text": "99", "noOfMistakes": "1", "que_id": "HI_S2_DD_3"}, {"recordingName": "HI_S2_DD_8.mp3", "isCorrect": true, "que_text": "25", "noOfMistakes": "1", "que_id": "HI_S2_DD_8"}, {"recordingName": "HI_S2_DD_4.mp3", "isCorrect": true, "que_text": "34", "noOfMistakes": "1", "que_id": "HI_S2_DD_4"}, {"recordingName": "HI_S2_CL_0.mp3", "isCorrect": true, "que_text": "B", "noOfMistakes": "0", "que_id": "HI_S2_CL_0"}, {"recordingName": "HI_S2_CL_1.mp3", "isCorrect": true, "que_text": "H", "noOfMistakes": "0", "que_id": "HI_S2_CL_1"}, {"recordingName": "HI_S2_CL_3.mp3", "isCorrect": true, "que_text": "L", "noOfMistakes": "0", "que_id": "HI_S2_CL_3"}, {"recordingName": "HI_S2_CL_4.mp3", "isCorrect": true, "que_text": "V", "noOfMistakes": "0", "que_id": "HI_S2_CL_4"}, {"recordingName": "HI_S2_CL_5.mp3", "isCorrect": true, "que_text": "M", "noOfMistakes": "0", "que_id": "HI_S2_CL_5"}, {"recordingName": "HI_S2_SL_0.mp3", "isCorrect": true, "que_text": "z", "noOfMistakes": "0", "que_id": "HI_S2_SL_0"}, {"recordingName": "HI_S2_SL_4.mp3", "isCorrect": true, "que_text": "g", "noOfMistakes": "0", "que_id": "HI_S2_SL_4"}, {"recordingName": "HI_S2_SL_7.mp3", "isCorrect": true, "que_text": "k", "noOfMistakes": "0", "que_id": "HI_S2_SL_7"}, {"recordingName": "HI_S2_SL_6.mp3", "isCorrect": true, "que_text": "s", "noOfMistakes": "0", "que_id": "HI_S2_SL_6"}, {"recordingName": "HI_S2_SL_5.mp3", "isCorrect": true, "que_text": "u", "noOfMistakes": "0", "que_id": "HI_S2_SL_5"}, {"recordingName": "HI_S2_W_3.mp3", "isCorrect": true, "que_text": "cow", "noOfMistakes": "4", "que_id": "HI_S2_W_3"}, {"recordingName": "HI_S2_W_4.mp3", "isCorrect": false, "que_text": "man", "noOfMistakes": "4", "que_id": "HI_S2_W_4"}, {"recordingName": "HI_S2_W_1.mp3", "isCorrect": false, "que_text": "hot", "noOfMistakes": "4", "que_id": "HI_S2_W_1"}, {"recordingName": "HI_S2_W_0.mp3", "isCorrect": false, "que_text": "rat", "noOfMistakes": "4", "que_id": "HI_S2_W_0"}, {"recordingName": "HI_S2_W_5.mp3", "isCorrect": false, "que_text": "pen", "noOfMistakes": "4", "que_id": "HI_S2_W_5"}], "englishProficiency": "Small letter", "studClass": "5", "date": "Thu Sep 12 14:19:12 IST 2019", "mathematicsProficiency": "Double digit", "deviceID": "7efac1c044bccacc", "ageGroup": "7-10 years", "nativeProficiency": "Story"}