{"date": "Thu Sep 05 14:58:31 IST 2019", "sequenceList": [{"recordingName": "MR_S2_P_0.mp3", "isCorrect": true, "que_text": "एकदा मी पडले. सगळे मला हसले. एकदा सोनल पडली. मी तिला हसले.", "noOfMistakes": "1", "que_id": "MR_S2_P_0"}, {"recordingName": "MR_S2_CL_0.mp3", "isCorrect": true, "que_text": "B", "noOfMistakes": "0", "que_id": "MR_S2_CL_0"}, {"recordingName": "MR_S2_CL_1.mp3", "isCorrect": true, "que_text": "H", "noOfMistakes": "0", "que_id": "MR_S2_CL_1"}, {"recordingName": "MR_S2_CL_4.mp3", "isCorrect": true, "que_text": "V", "noOfMistakes": "0", "que_id": "MR_S2_CL_4"}, {"recordingName": "MR_S2_CL_6.mp3", "isCorrect": true, "que_text": "P", "noOfMistakes": "0", "que_id": "MR_S2_CL_6"}, {"recordingName": "MR_S2_CL_3.mp3", "isCorrect": true, "que_text": "L", "noOfMistakes": "0", "que_id": "MR_S2_CL_3"}, {"recordingName": "MR_S2_SL_0.mp3", "isCorrect": true, "que_text": "z", "noOfMistakes": "1", "que_id": "MR_S2_SL_0"}, {"recordingName": "MR_S2_SL_6.mp3", "isCorrect": false, "que_text": "s", "noOfMistakes": "1", "que_id": "MR_S2_SL_6"}, {"recordingName": "MR_S2_SL_7.mp3", "isCorrect": true, "que_text": "k", "noOfMistakes": "1", "que_id": "MR_S2_SL_7"}, {"recordingName": "MR_S2_SL_4.mp3", "isCorrect": true, "que_text": "g", "noOfMistakes": "1", "que_id": "MR_S2_SL_4"}, {"recordingName": "MR_S2_SL_1.mp3", "isCorrect": true, "que_text": "j", "noOfMistakes": "1", "que_id": "MR_S2_SL_1"}], "englishProficiency": "Small letter", "studClass": "2", "deviceID": "4ce77d6241ae4f2c", "ageGroup": "7-10 years", "nativeProficiency": "Paragraph"}