{"sequenceList": [{"recordingName": "HI_S3_WD_0.mp3", "isCorrect": false, "que_text": "नाक", "noOfMistakes": "2", "que_id": "HI_S3_WD_0"}, {"recordingName": "HI_S3_WD_3.mp3", "isCorrect": false, "que_text": "धुन", "noOfMistakes": "2", "que_id": "HI_S3_WD_3"}, {"recordingName": "HI_S3_L_0.mp3", "isCorrect": true, "que_text": "द", "noOfMistakes": "2", "que_id": "HI_S3_L_0"}, {"recordingName": "HI_S3_L_1.mp3", "isCorrect": true, "que_text": "क", "noOfMistakes": "2", "que_id": "HI_S3_L_1"}, {"recordingName": "HI_S3_L_6.mp3", "isCorrect": false, "que_text": "ह", "noOfMistakes": "2", "que_id": "HI_S3_L_6"}, {"recordingName": "HI_S3_L_3.mp3", "isCorrect": false, "que_text": "ब", "noOfMistakes": "2", "que_id": "HI_S3_L_3"}, {"recordingName": "HI_S3_L_2.mp3", "isCorrect": true, "que_text": "च", "noOfMistakes": "2", "que_id": "HI_S3_L_2"}, {"recordingName": "HI_S3_DD_2.mp3", "isCorrect": true, "que_text": "37", "noOfMistakes": "0", "que_id": "HI_S3_DD_2"}, {"recordingName": "HI_S3_DD_5.mp3", "isCorrect": true, "que_text": "28", "noOfMistakes": "0", "que_id": "HI_S3_DD_5"}, {"recordingName": "HI_S3_DD_3.mp3", "isCorrect": true, "que_text": "27", "noOfMistakes": "0", "que_id": "HI_S3_DD_3"}, {"recordingName": "HI_S3_DD_8.mp3", "isCorrect": true, "que_text": "36", "noOfMistakes": "0", "que_id": "HI_S3_DD_8"}, {"recordingName": "HI_S3_DD_9.mp3", "isCorrect": true, "que_text": "43", "noOfMistakes": "0", "que_id": "HI_S3_DD_9"}, {"recordingName": "HI_S3_CL_0.mp3", "isCorrect": true, "que_text": "C", "noOfMistakes": "2", "que_id": "HI_S3_CL_0"}, {"recordingName": "HI_S3_CL_7.mp3", "isCorrect": false, "que_text": "Z", "noOfMistakes": "2", "que_id": "HI_S3_CL_7"}, {"recordingName": "HI_S3_CL_1.mp3", "isCorrect": true, "que_text": "K", "noOfMistakes": "2", "que_id": "HI_S3_CL_1"}, {"recordingName": "HI_S3_CL_2.mp3", "isCorrect": true, "que_text": "S", "noOfMistakes": "2", "que_id": "HI_S3_CL_2"}, {"recordingName": "HI_S3_CL_4.mp3", "isCorrect": false, "que_text": "F", "noOfMistakes": "2", "que_id": "HI_S3_CL_4"}, {"recordingName": "HI_S3_SL_0.mp3", "isCorrect": false, "que_text": "n", "noOfMistakes": "1", "que_id": "HI_S3_SL_0"}], "englishProficiency": "Capital letter", "studClass": "3", "date": "Sat Jul 06 16:24:38 GMT+05:30 2019", "mathematicsProficiency": "Double digit", "deviceID": "ebaa26065aba20e5", "ageGroup": "10-12 years", "nativeProficiency": "Letter"}