{"date": "Fri Sep 06 16:29:33 GMT+05:30 2019", "sequenceList": [{"recordingName": "MR_S1_P_0.mp3", "isCorrect": true, "que_text": "आज गावाहून मामा आला. मला खाऊ व फुगे घेऊन आला. ताईला बाहुली घेऊन आला. आईला छान साडी आणली.", "noOfMistakes": "2", "que_id": "MR_S1_P_0"}], "studClass": "6", "deviceID": "994c4de2e18e070", "ageGroup": "12-15 years", "nativeProficiency": "Paragraph"}