{"nativeProficiency": "Paragraph", "sequenceList": [{"que_text": "आज गावाहून मामा आला. मला खाऊ व फुगे घेऊन आला. ताईला बाहुली घेऊन आला. आईला छान साडी आणली.", "noOfMistakes": "2", "que_id": "MR_S1_P_0", "isCorrect": true, "recordingName": "MR_S1_P_0.mp3"}], "deviceID": "994c4de2e18e070", "ageGroup": "12-15 years", "studClass": "6", "date": "Fri Sep 06 16:29:33 GMT+05:30 2019"}