{"englishProficiency": "Beginner", "sequenceList": [{"que_text": "फ", "noOfMistakes": "1", "que_id": "MR_S4_L_4", "isCorrect": false, "recordingName": "MR_S4_L_4.mp3"}, {"que_text": "L", "noOfMistakes": "2", "que_id": "MR_S4_CL_1", "isCorrect": false, "recordingName": "MR_S4_CL_1.mp3"}, {"que_text": "G", "noOfMistakes": "2", "que_id": "MR_S4_CL_4", "isCorrect": false, "recordingName": "MR_S4_CL_4.mp3"}], "deviceID": "3ebaa9d14abd9a0f", "ageGroup": "5-7 years", "studClass": "1", "nativeProficiency": "Beginner", "date": "Thu Aug 01 15:51:55 GMT+05:30 2019"}