{"sequenceList": [{"recordingName": "MR_S4_L_4.mp3", "isCorrect": false, "que_text": "फ", "noOfMistakes": "1", "que_id": "MR_S4_L_4"}, {"recordingName": "MR_S4_SD_7.mp3", "isCorrect": true, "que_text": "1", "noOfMistakes": "3", "que_id": "MR_S4_SD_7"}, {"recordingName": "MR_S4_SD_4.mp3", "isCorrect": true, "que_text": "2", "noOfMistakes": "3", "que_id": "MR_S4_SD_4"}, {"recordingName": "MR_S4_SD_3.mp3", "isCorrect": false, "que_text": "4", "noOfMistakes": "3", "que_id": "MR_S4_SD_3"}, {"recordingName": "MR_S4_SD_6.mp3", "isCorrect": false, "que_text": "3", "noOfMistakes": "3", "que_id": "MR_S4_SD_6"}, {"recordingName": "MR_S4_SD_0.mp3", "isCorrect": false, "que_text": "5", "noOfMistakes": "3", "que_id": "MR_S4_SD_0"}, {"recordingName": "MR_S4_CL_1.mp3", "isCorrect": false, "que_text": "L", "noOfMistakes": "2", "que_id": "MR_S4_CL_1"}, {"recordingName": "MR_S4_CL_4.mp3", "isCorrect": false, "que_text": "G", "noOfMistakes": "2", "que_id": "MR_S4_CL_4"}], "englishProficiency": "Beginner", "studClass": "1", "date": "Thu Aug 01 15:51:55 GMT+05:30 2019", "mathematicsProficiency": "Beginner", "deviceID": "3ebaa9d14abd9a0f", "ageGroup": "5-7 years", "nativeProficiency": "Beginner"}