{"sequenceList": [{"recordingName": "HI_S1_P_0.mp3", "isCorrect": true, "que_text": " राधा के पास एक तोता है। उसकी चोंच लाल है। वह बहुत बोलता है। सब को हँसाता है।", "noOfMistakes": "0", "que_id": "HI_S1_P_0"}, {"recordingName": "HI_S1_SD_5.mp3", "isCorrect": true, "que_text": "9", "noOfMistakes": "0", "que_id": "HI_S1_SD_5"}, {"recordingName": "HI_S1_SD_1.mp3", "isCorrect": true, "que_text": "7", "noOfMistakes": "0", "que_id": "HI_S1_SD_1"}, {"recordingName": "HI_S1_SD_4.mp3", "isCorrect": true, "que_text": "8", "noOfMistakes": "0", "que_id": "HI_S1_SD_4"}, {"recordingName": "HI_S1_SD_6.mp3", "isCorrect": true, "que_text": "5", "noOfMistakes": "0", "que_id": "HI_S1_SD_6"}, {"recordingName": "HI_S1_SD_3.mp3", "isCorrect": true, "que_text": "4", "noOfMistakes": "0", "que_id": "HI_S1_SD_3"}, {"recordingName": "HI_S1_CL_4.mp3", "isCorrect": true, "que_text": "E", "noOfMistakes": "0", "que_id": "HI_S1_CL_4"}, {"recordingName": "HI_S1_CL_5.mp3", "isCorrect": true, "que_text": "Y", "noOfMistakes": "0", "que_id": "HI_S1_CL_5"}, {"recordingName": "HI_S1_CL_3.mp3", "isCorrect": true, "que_text": "R", "noOfMistakes": "0", "que_id": "HI_S1_CL_3"}, {"recordingName": "HI_S1_CL_6.mp3", "isCorrect": true, "que_text": "N", "noOfMistakes": "0", "que_id": "HI_S1_CL_6"}, {"recordingName": "HI_S1_CL_1.mp3", "isCorrect": true, "que_text": "J", "noOfMistakes": "0", "que_id": "HI_S1_CL_1"}], "englishProficiency": "Capital letter", "studClass": "5", "date": "Sat Sep 21 18:23:50 GMT+05:30 2019", "mathematicsProficiency": "Single digit", "deviceID": "683aa7e0e50e7f67", "ageGroup": "10-12 years", "nativeProficiency": "Paragraph"}