{"englishProficiency": "Small letter", "sequenceList": [{"que_text": " माँ ने हलवा बनाया। वह बहुत मीठा था। उसे सोनी ने खाया। खाने के बाद वह सो गई।", "noOfMistakes": "200", "que_id": "HI_S1_P_1", "recordingName": "HI_S1_P_1.mp3", "isCorrect": false}, {"que_text": "गाना", "noOfMistakes": "4", "que_id": "HI_S1_WD_0", "recordingName": "HI_S1_WD_0.mp3", "isCorrect": false}, {"que_text": "खुश", "noOfMistakes": "4", "que_id": "HI_S1_WD_1", "recordingName": "HI_S1_WD_1.mp3", "isCorrect": false}, {"que_text": "मोती", "noOfMistakes": "4", "que_id": "HI_S1_WD_2", "recordingName": "HI_S1_WD_2.mp3", "isCorrect": false}, {"que_text": "पैर", "noOfMistakes": "4", "que_id": "HI_S1_WD_3", "recordingName": "HI_S1_WD_3.mp3", "isCorrect": true}, {"que_text": "झोला", "noOfMistakes": "4", "que_id": "HI_S1_WD_4", "recordingName": "HI_S1_WD_4.mp3", "isCorrect": false}, {"que_text": "र", "noOfMistakes": "1", "que_id": "HI_S1_L_1", "recordingName": "HI_S1_L_1.mp3", "isCorrect": true}, {"que_text": "थ", "noOfMistakes": "1", "que_id": "HI_S1_L_2", "recordingName": "HI_S1_L_2.mp3", "isCorrect": true}, {"que_text": "म", "noOfMistakes": "1", "que_id": "HI_S1_L_0", "recordingName": "HI_S1_L_0.mp3", "isCorrect": true}, {"que_text": "ह", "noOfMistakes": "1", "que_id": "HI_S1_L_3", "recordingName": "HI_S1_L_3.mp3", "isCorrect": false}, {"que_text": "श", "noOfMistakes": "1", "que_id": "HI_S1_L_4", "recordingName": "HI_S1_L_4.mp3", "isCorrect": true}, {"que_text": "A", "noOfMistakes": "2", "que_id": "HI_S1_CL_0", "recordingName": "HI_S1_CL_0.mp3", "isCorrect": true}, {"que_text": "Q", "noOfMistakes": "2", "que_id": "HI_S1_CL_2", "recordingName": "HI_S1_CL_2.mp3", "isCorrect": false}, {"que_text": "O", "noOfMistakes": "2", "que_id": "HI_S1_CL_7", "recordingName": "HI_S1_CL_7.mp3", "isCorrect": true}, {"que_text": "J", "noOfMistakes": "2", "que_id": "HI_S1_CL_1", "recordingName": "HI_S1_CL_1.mp3", "isCorrect": false}, {"que_text": "R", "noOfMistakes": "2", "que_id": "HI_S1_CL_3", "recordingName": "HI_S1_CL_3.mp3", "isCorrect": true}, {"que_text": "h", "noOfMistakes": "2", "que_id": "HI_S1_SL_0", "recordingName": "HI_S1_SL_0.mp3", "isCorrect": false}, {"que_text": "p", "noOfMistakes": "2", "que_id": "HI_S1_SL_1", "recordingName": "HI_S1_SL_1.mp3", "isCorrect": true}, {"que_text": "x", "noOfMistakes": "2", "que_id": "HI_S1_SL_2", "recordingName": "HI_S1_SL_2.mp3", "isCorrect": true}, {"que_text": "u", "noOfMistakes": "2", "que_id": "HI_S1_SL_3", "recordingName": "HI_S1_SL_3.mp3", "isCorrect": false}, {"que_text": "m", "noOfMistakes": "2", "que_id": "HI_S1_SL_4", "recordingName": "HI_S1_SL_4.mp3", "isCorrect": true}, {"que_text": "cat", "noOfMistakes": "5", "que_id": "HI_S1_W_0", "recordingName": "HI_S1_W_0.mp3", "isCorrect": false}, {"que_text": "red", "noOfMistakes": "5", "que_id": "HI_S1_W_1", "recordingName": "HI_S1_W_1.mp3", "isCorrect": false}, {"que_text": "sun", "noOfMistakes": "5", "que_id": "HI_S1_W_2", "recordingName": "HI_S1_W_2.mp3", "isCorrect": false}, {"que_text": "lip", "noOfMistakes": "5", "que_id": "HI_S1_W_3", "recordingName": "HI_S1_W_3.mp3", "isCorrect": false}, {"que_text": "fan", "noOfMistakes": "5", "que_id": "HI_S1_W_4", "recordingName": "HI_S1_W_4.mp3", "isCorrect": false}], "deviceID": "b5e018f6cd6986ef", "ageGroup": "10-12 years", "studClass": "5", "date": "Sat Sep 14 16:09:57 IST 2019", "nativeProficiency": "Letter"}