{"englishProficiency": "Test was not complete", "sequenceList": [{"que_text": "bus", "noOfMistakes": "3", "que_id": "HI_S1_W_5", "isCorrect": true, "recordingName": "HI_S1_W_5.mp3"}, {"que_text": "fan", "noOfMistakes": "3", "que_id": "HI_S1_W_4", "isCorrect": false, "recordingName": "HI_S1_W_4.mp3"}, {"que_text": "lip", "noOfMistakes": "3", "que_id": "HI_S1_W_3", "isCorrect": false, "recordingName": "HI_S1_W_3.mp3"}, {"que_text": "cat", "noOfMistakes": "3", "que_id": "HI_S1_W_0", "isCorrect": false, "recordingName": "HI_S1_W_0.mp3"}, {"que_text": "red", "noOfMistakes": "3", "que_id": "HI_S1_W_1", "isCorrect": true, "recordingName": "HI_S1_W_1.mp3"}], "deviceID": "7b46251fd9e69d80", "ageGroup": "10-12 years", "studClass": "5", "date": "Tue Sep 03 11:59:39 IST 2019", "nativeProficiency": "Test was not complete"}