{"nativeProficiency": "Beginner", "sequenceList": [{"que_text": "द", "noOfMistakes": "5", "que_id": "HI_S3_L_0", "isCorrect": false, "recordingName": "HI_S3_L_0.mp3"}, {"que_text": "क", "noOfMistakes": "5", "que_id": "HI_S3_L_1", "isCorrect": false, "recordingName": "HI_S3_L_1.mp3"}, {"que_text": "च", "noOfMistakes": "5", "que_id": "HI_S3_L_2", "isCorrect": false, "recordingName": "HI_S3_L_2.mp3"}, {"que_text": "ब", "noOfMistakes": "5", "que_id": "HI_S3_L_3", "isCorrect": false, "recordingName": "HI_S3_L_3.mp3"}, {"que_text": "ल", "noOfMistakes": "5", "que_id": "HI_S3_L_4", "isCorrect": false, "recordingName": "HI_S3_L_4.mp3"}], "deviceID": "14c9917f6e6683b6", "ageGroup": "5-7 years", "studClass": "8", "date": "Fri Sep 20 18:26:07 IST 2019"}