{"date": "Mon Sep 16 13:20:26 GMT+02:00 2019", "sequenceList": [{"recordingName": "HI_S4_P_0.mp3", "isCorrect": true, "que_text": "बग़ीचे में पेड़ हैं। पेड़ पर एक तोता रहता है। तोते का रंग हरा है। वह लाल टमाटर खाता है।", "noOfMistakes": "0", "que_id": "HI_S4_P_0"}], "studClass": "7", "deviceID": "e895bbe4fd47de35", "ageGroup": "12-15 years", "nativeProficiency": "Story"}