{"sequenceList": [{"recordingName": "HI_S3_P_0.mp3", "isCorrect": true, "que_text": "नीतू के घर में गाय है। उसका रंग सफ़ेद है। गाय हरी घास खाती है। वह बहुत दूध देती है।", "noOfMistakes": "0", "que_id": "HI_S3_P_0"}, {"answer": "-", "isCorrect": false, "que_text": "52 - 15", "noOfMistakes": "2", "que_id": "HI_S3_SB_6"}, {"answer": "-", "isCorrect": false, "que_text": "75 - 57", "noOfMistakes": "2", "que_id": "HI_S3_SB_5"}, {"recordingName": "HI_S3_DD_4.mp3", "isCorrect": true, "que_text": "55", "noOfMistakes": "0", "que_id": "HI_S3_DD_4"}, {"recordingName": "HI_S3_DD_6.mp3", "isCorrect": true, "que_text": "91", "noOfMistakes": "0", "que_id": "HI_S3_DD_6"}, {"recordingName": "HI_S3_DD_5.mp3", "isCorrect": true, "que_text": "28", "noOfMistakes": "0", "que_id": "HI_S3_DD_5"}, {"recordingName": "HI_S3_DD_1.mp3", "isCorrect": true, "que_text": "83", "noOfMistakes": "0", "que_id": "HI_S3_DD_1"}, {"recordingName": "HI_S3_DD_7.mp3", "isCorrect": true, "que_text": "65", "noOfMistakes": "0", "que_id": "HI_S3_DD_7"}, {"recordingName": "HI_S3_CL_5.mp3", "isCorrect": true, "que_text": "W", "noOfMistakes": "1", "que_id": "HI_S3_CL_5"}, {"recordingName": "HI_S3_CL_2.mp3", "isCorrect": true, "que_text": "S", "noOfMistakes": "1", "que_id": "HI_S3_CL_2"}, {"recordingName": "HI_S3_CL_4.mp3", "isCorrect": true, "que_text": "F", "noOfMistakes": "1", "que_id": "HI_S3_CL_4"}, {"recordingName": "HI_S3_CL_1.mp3", "isCorrect": true, "que_text": "K", "noOfMistakes": "1", "que_id": "HI_S3_CL_1"}, {"recordingName": "HI_S3_CL_7.mp3", "isCorrect": false, "que_text": "Z", "noOfMistakes": "1", "que_id": "HI_S3_CL_7"}, {"recordingName": "HI_S3_SL_7.mp3", "isCorrect": true, "que_text": "b", "noOfMistakes": "0", "que_id": "HI_S3_SL_7"}, {"recordingName": "HI_S3_SL_5.mp3", "isCorrect": true, "que_text": "j", "noOfMistakes": "0", "que_id": "HI_S3_SL_5"}, {"recordingName": "HI_S3_SL_2.mp3", "isCorrect": true, "que_text": "g", "noOfMistakes": "0", "que_id": "HI_S3_SL_2"}, {"recordingName": "HI_S3_SL_1.mp3", "isCorrect": true, "que_text": "p", "noOfMistakes": "0", "que_id": "HI_S3_SL_1"}, {"recordingName": "HI_S3_SL_4.mp3", "isCorrect": true, "que_text": "e", "noOfMistakes": "0", "que_id": "HI_S3_SL_4"}, {"recordingName": "HI_S3_W_0.mp3", "isCorrect": false, "que_text": "hen", "noOfMistakes": "5", "que_id": "HI_S3_W_0"}, {"recordingName": "HI_S3_W_2.mp3", "isCorrect": false, "que_text": "sit", "noOfMistakes": "5", "que_id": "HI_S3_W_2"}, {"recordingName": "HI_S3_W_5.mp3", "isCorrect": false, "que_text": "bag", "noOfMistakes": "5", "que_id": "HI_S3_W_5"}, {"recordingName": "HI_S3_W_4.mp3", "isCorrect": false, "que_text": "fox", "noOfMistakes": "5", "que_id": "HI_S3_W_4"}, {"recordingName": "HI_S3_W_1.mp3", "isCorrect": false, "que_text": "old", "noOfMistakes": "5", "que_id": "HI_S3_W_1"}], "englishProficiency": "Small letter", "studClass": "2", "date": "Fri Aug 09 17:32:12 IST 2019", "mathematicsProficiency": "Double digit", "deviceID": "c66208a6b7100eb2", "ageGroup": "5-7 years", "nativeProficiency": "Paragraph"}