{"sequenceList": [{"recordingName": "HI_S2_P_0.mp3", "isCorrect": true, "que_text": "सोनी के पास एक माला है। उसमें बहुत सारे मोती हैं। मोती पीले रंग के हैं। सोनी उसे पहनती है।", "noOfMistakes": "0", "que_id": "HI_S2_P_0"}, {"recordingName": "HI_S2_ST_0.mp3", "isCorrect": true, "que_text": "सावन का महीना था। आसमान में बहुत से काले बादल छाये थे। ठंडी- ठंडी हवा चल रही थी। मैंने सोचा, आज झूला झूलते हैं। बड़े भैया एक मोटी सी रस्सी लेकर आए। हमने उसे पेड़ से लटका कर झूला बनाया। सब ने मिलकर खूब झूला झूला। बहुत सारे बच्चे आकर मज़े से खेलने लगे। खेलते-खेलते रात हो गई।", "noOfMistakes": "1", "que_id": "HI_S2_ST_0"}, {"answer": "15", "isCorrect": false, "que_text": "84-35", "noOfMistakes": "2", "que_id": "HI_S2_SB_3"}, {"answer": "31", "isCorrect": false, "que_text": "63-34", "noOfMistakes": "2", "que_id": "HI_S2_SB_1"}, {"recordingName": "HI_S2_DD_0.mp3", "isCorrect": true, "que_text": "76", "noOfMistakes": "0", "que_id": "HI_S2_DD_0"}, {"recordingName": "HI_S2_DD_1.mp3", "isCorrect": true, "que_text": "58", "noOfMistakes": "0", "que_id": "HI_S2_DD_1"}, {"recordingName": "HI_S2_DD_3.mp3", "isCorrect": true, "que_text": "99", "noOfMistakes": "0", "que_id": "HI_S2_DD_3"}, {"recordingName": "HI_S2_DD_6.mp3", "isCorrect": true, "que_text": "46", "noOfMistakes": "0", "que_id": "HI_S2_DD_6"}, {"recordingName": "HI_S2_DD_7.mp3", "isCorrect": true, "que_text": "84", "noOfMistakes": "0", "que_id": "HI_S2_DD_7"}, {"recordingName": "HI_S2_CL_0.mp3", "isCorrect": true, "que_text": "B", "noOfMistakes": "0", "que_id": "HI_S2_CL_0"}, {"recordingName": "HI_S2_CL_3.mp3", "isCorrect": true, "que_text": "L", "noOfMistakes": "0", "que_id": "HI_S2_CL_3"}, {"recordingName": "HI_S2_CL_2.mp3", "isCorrect": true, "que_text": "R", "noOfMistakes": "0", "que_id": "HI_S2_CL_2"}, {"recordingName": "HI_S2_CL_6.mp3", "isCorrect": true, "que_text": "P", "noOfMistakes": "0", "que_id": "HI_S2_CL_6"}, {"recordingName": "HI_S2_CL_5.mp3", "isCorrect": true, "que_text": "M", "noOfMistakes": "0", "que_id": "HI_S2_CL_5"}, {"recordingName": "HI_S2_SL_2.mp3", "isCorrect": true, "que_text": "o", "noOfMistakes": "0", "que_id": "HI_S2_SL_2"}, {"recordingName": "HI_S2_SL_3.mp3", "isCorrect": true, "que_text": "w", "noOfMistakes": "0", "que_id": "HI_S2_SL_3"}, {"recordingName": "HI_S2_SL_6.mp3", "isCorrect": true, "que_text": "s", "noOfMistakes": "0", "que_id": "HI_S2_SL_6"}, {"recordingName": "HI_S2_SL_5.mp3", "isCorrect": true, "que_text": "u", "noOfMistakes": "0", "que_id": "HI_S2_SL_5"}, {"recordingName": "HI_S2_SL_4.mp3", "isCorrect": true, "que_text": "g", "noOfMistakes": "0", "que_id": "HI_S2_SL_4"}, {"recordingName": "HI_S2_W_0.mp3", "isCorrect": true, "que_text": "rat", "noOfMistakes": "0", "que_id": "HI_S2_W_0"}, {"recordingName": "HI_S2_W_3.mp3", "isCorrect": true, "que_text": "cow", "noOfMistakes": "0", "que_id": "HI_S2_W_3"}, {"recordingName": "HI_S2_W_4.mp3", "isCorrect": true, "que_text": "man", "noOfMistakes": "0", "que_id": "HI_S2_W_4"}, {"recordingName": "HI_S2_W_5.mp3", "isCorrect": true, "que_text": "pen", "noOfMistakes": "0", "que_id": "HI_S2_W_5"}, {"recordingName": "HI_S2_W_2.mp3", "isCorrect": true, "que_text": "big", "noOfMistakes": "0", "que_id": "HI_S2_W_2"}], "englishProficiency": "word", "studClass": "1", "date": "Fri Aug 30 13:34:56 GMT+05:30 2019", "mathematicsProficiency": "Double digit", "deviceID": "ebaa26065aba20e5", "ageGroup": "7-10 years", "nativeProficiency": "Story"}