{"date": "Tue Sep 03 16:23:02 IST 2019", "sequenceList": [{"recordingName": "MR_S1_L_0.mp3", "isCorrect": false, "que_text": "श", "noOfMistakes": "1", "que_id": "MR_S1_L_0"}, {"recordingName": "MR_S1_L_1.mp3", "isCorrect": true, "que_text": "प", "noOfMistakes": "1", "que_id": "MR_S1_L_1"}, {"recordingName": "MR_S1_L_4.mp3", "isCorrect": true, "que_text": "य", "noOfMistakes": "1", "que_id": "MR_S1_L_4"}, {"recordingName": "MR_S1_L_3.mp3", "isCorrect": true, "que_text": "ड", "noOfMistakes": "1", "que_id": "MR_S1_L_3"}, {"recordingName": "MR_S1_L_2.mp3", "isCorrect": true, "que_text": "स", "noOfMistakes": "1", "que_id": "MR_S1_L_2"}, {"recordingName": "MR_S1_CL_0.mp3", "isCorrect": true, "que_text": "A", "noOfMistakes": "0", "que_id": "MR_S1_CL_0"}, {"recordingName": "MR_S1_CL_1.mp3", "isCorrect": true, "que_text": "J", "noOfMistakes": "0", "que_id": "MR_S1_CL_1"}, {"recordingName": "MR_S1_Cl_5.mp3", "isCorrect": true, "que_text": "Y", "noOfMistakes": "0", "que_id": "MR_S1_Cl_5"}, {"recordingName": "MR_S1_CL_4.mp3", "isCorrect": true, "que_text": "E", "noOfMistakes": "0", "que_id": "MR_S1_CL_4"}, {"recordingName": "MR_S1_CL_7.mp3", "isCorrect": true, "que_text": "O", "noOfMistakes": "0", "que_id": "MR_S1_CL_7"}, {"recordingName": "MR_S1_W_0.mp3", "isCorrect": false, "que_text": "cat", "noOfMistakes": "2", "que_id": "MR_S1_W_0"}, {"recordingName": "MR_S1_W_5.mp3", "isCorrect": false, "que_text": "bus", "noOfMistakes": "2", "que_id": "MR_S1_W_5"}], "englishProficiency": "Small letter", "studClass": "7", "deviceID": "2a595d8d0d2c5a1b", "ageGroup": "5-7 years", "nativeProficiency": "Word"}