{"englishProficiency": "Small letter", "sequenceList": [{"que_text": "आज रविवार आहे. शाळेला रजा आहे. तरी आज सकाळी मला लवकर जाग आली.", "noOfMistakes": "200", "que_id": "MR_S1_P_1", "isCorrect": false, "recordingName": "MR_S1_P_1.mp3"}, {"que_text": "बस", "noOfMistakes": "1", "que_id": "MR_S1_WD_1", "isCorrect": true, "recordingName": "MR_S1_WD_1.mp3"}, {"que_text": "दिवा", "noOfMistakes": "1", "que_id": "HI_S1_WD_4", "isCorrect": true, "recordingName": "HI_S1_WD_4.mp3"}, {"que_text": "चिमटा", "noOfMistakes": "1", "que_id": "HI_S1_WD_7", "isCorrect": true, "recordingName": "HI_S1_WD_7.mp3"}, {"que_text": "मोती", "noOfMistakes": "1", "que_id": "HI_S1_WD_5", "isCorrect": true, "recordingName": "HI_S1_WD_5.mp3"}, {"que_text": "कैरी", "noOfMistakes": "1", "que_id": "HI_S1_WD_3", "isCorrect": false, "recordingName": "HI_S1_WD_3.mp3"}, {"que_text": "E", "noOfMistakes": "0", "que_id": "MR_S1_CL_4", "isCorrect": true, "recordingName": "MR_S1_CL_4.mp3"}, {"que_text": "O", "noOfMistakes": "0", "que_id": "MR_S1_CL_7", "isCorrect": true, "recordingName": "MR_S1_CL_7.mp3"}, {"que_text": "R", "noOfMistakes": "0", "que_id": "MR_S1_CL_3", "isCorrect": true, "recordingName": "MR_S1_CL_3.mp3"}, {"que_text": "N", "noOfMistakes": "0", "que_id": "MR_S1_CL_6", "isCorrect": true, "recordingName": "MR_S1_CL_6.mp3"}, {"que_text": "Y", "noOfMistakes": "0", "que_id": "MR_S1_Cl_5", "isCorrect": true, "recordingName": "MR_S1_Cl_5.mp3"}, {"que_text": "p", "noOfMistakes": "1", "que_id": "MR_S1_SL_1", "isCorrect": true, "recordingName": "MR_S1_SL_1.mp3"}, {"que_text": "m", "noOfMistakes": "1", "que_id": "MR_S1_SL_4", "isCorrect": true, "recordingName": "MR_S1_SL_4.mp3"}, {"que_text": "t", "noOfMistakes": "1", "que_id": "MR_S1_SL_7", "isCorrect": true, "recordingName": "MR_S1_SL_7.mp3"}, {"que_text": "u", "noOfMistakes": "1", "que_id": "MR_S1_SL_3", "isCorrect": false, "recordingName": "MR_S1_SL_3.mp3"}, {"que_text": "g", "noOfMistakes": "1", "que_id": "MR_S1_SL_6", "isCorrect": true, "recordingName": "MR_S1_SL_6.mp3"}, {"que_text": "red", "noOfMistakes": "3", "que_id": "MR_S1_W_1", "isCorrect": false, "recordingName": "MR_S1_W_1.mp3"}, {"que_text": "fan", "noOfMistakes": "3", "que_id": "MR_S1_W_4", "isCorrect": false, "recordingName": "MR_S1_W_4.mp3"}, {"que_text": "sun", "noOfMistakes": "3", "que_id": "MR_S1_W_2", "isCorrect": false, "recordingName": "MR_S1_W_2.mp3"}], "deviceID": "3ebaa9d14abd9a0f", "ageGroup": "5-7 years", "studClass": "2", "nativeProficiency": "Word", "date": "Wed Jul 10 12:00:32 GMT+05:30 2019"}