{"sequenceList": [{"recordingName": "HI_S3_P_0.mp3", "isCorrect": false, "que_text": "नीतू के घर में गाय है। उसका रंग सफ़ेद है। गाय हरी घास खाती है। वह बहुत दूध देती है।", "noOfMistakes": "200", "que_id": "HI_S3_P_0"}, {"recordingName": "HI_S3_WD_0.mp3", "isCorrect": false, "que_text": "नाक", "noOfMistakes": "5", "que_id": "HI_S3_WD_0"}, {"recordingName": "HI_S3_WD_5.mp3", "isCorrect": false, "que_text": "देर", "noOfMistakes": "5", "que_id": "HI_S3_WD_5"}, {"recordingName": "HI_S3_WD_2.mp3", "isCorrect": false, "que_text": "चूहा", "noOfMistakes": "5", "que_id": "HI_S3_WD_2"}, {"recordingName": "HI_S3_WD_4.mp3", "isCorrect": false, "que_text": "मैना", "noOfMistakes": "5", "que_id": "HI_S3_WD_4"}, {"recordingName": "HI_S3_WD_1.mp3", "isCorrect": false, "que_text": "तोता", "noOfMistakes": "5", "que_id": "HI_S3_WD_1"}, {"recordingName": "HI_S3_L_1.mp3", "isCorrect": true, "que_text": "क", "noOfMistakes": "0", "que_id": "HI_S3_L_1"}, {"recordingName": "HI_S3_L_2.mp3", "isCorrect": true, "que_text": "च", "noOfMistakes": "0", "que_id": "HI_S3_L_2"}, {"recordingName": "HI_S3_L_8.mp3", "isCorrect": true, "que_text": "म", "noOfMistakes": "0", "que_id": "HI_S3_L_8"}, {"recordingName": "HI_S3_L_4.mp3", "isCorrect": true, "que_text": "ल", "noOfMistakes": "0", "que_id": "HI_S3_L_4"}, {"recordingName": "HI_S3_L_7.mp3", "isCorrect": true, "que_text": "त", "noOfMistakes": "0", "que_id": "HI_S3_L_7"}, {"answer": "-", "isCorrect": false, "que_text": "64 - 39", "noOfMistakes": "2", "que_id": "HI_S3_SB_1"}, {"answer": "-", "isCorrect": false, "que_text": "52 - 15", "noOfMistakes": "2", "que_id": "HI_S3_SB_6"}, {"recordingName": "HI_S3_SD_1.mp3", "isCorrect": true, "que_text": "4", "noOfMistakes": "0", "que_id": "HI_S3_SD_1"}, {"recordingName": "HI_S3_SD_2.mp3", "isCorrect": true, "que_text": "7", "noOfMistakes": "0", "que_id": "HI_S3_SD_2"}, {"recordingName": "HI_S3_SD_4.mp3", "isCorrect": true, "que_text": "6", "noOfMistakes": "0", "que_id": "HI_S3_SD_4"}, {"recordingName": "HI_S3_SD_5.mp3", "isCorrect": true, "que_text": "9", "noOfMistakes": "0", "que_id": "HI_S3_SD_5"}, {"recordingName": "HI_S3_SD_6.mp3", "isCorrect": true, "que_text": "5", "noOfMistakes": "0", "que_id": "HI_S3_SD_6"}, {"recordingName": "HI_S3_CL_1.mp3", "isCorrect": true, "que_text": "K", "noOfMistakes": "0", "que_id": "HI_S3_CL_1"}, {"recordingName": "HI_S3_CL_7.mp3", "isCorrect": true, "que_text": "Z", "noOfMistakes": "0", "que_id": "HI_S3_CL_7"}, {"recordingName": "HI_S3_CL_2.mp3", "isCorrect": true, "que_text": "S", "noOfMistakes": "0", "que_id": "HI_S3_CL_2"}, {"recordingName": "HI_S3_CL_5.mp3", "isCorrect": true, "que_text": "W", "noOfMistakes": "0", "que_id": "HI_S3_CL_5"}, {"recordingName": "HI_S3_CL_4.mp3", "isCorrect": true, "que_text": "F", "noOfMistakes": "0", "que_id": "HI_S3_CL_4"}, {"recordingName": "HI_S3_SL_4.mp3", "isCorrect": true, "que_text": "e", "noOfMistakes": "2", "que_id": "HI_S3_SL_4"}, {"recordingName": "HI_S3_SL_3.mp3", "isCorrect": true, "que_text": "v", "noOfMistakes": "2", "que_id": "HI_S3_SL_3"}, {"recordingName": "HI_S3_SL_5.mp3", "isCorrect": false, "que_text": "j", "noOfMistakes": "2", "que_id": "HI_S3_SL_5"}, {"recordingName": "HI_S3_SL_7.mp3", "isCorrect": true, "que_text": "b", "noOfMistakes": "2", "que_id": "HI_S3_SL_7"}, {"recordingName": "HI_S3_SL_1.mp3", "isCorrect": false, "que_text": "p", "noOfMistakes": "2", "que_id": "HI_S3_SL_1"}], "englishProficiency": "Capital letter", "studClass": "1", "date": "Thu Jul 11 14:40:31 IST 2019", "mathematicsProficiency": "Single digit", "deviceID": "c66208a6b7100eb2", "ageGroup": "7-10 years", "nativeProficiency": "Letter"}