{"sequenceList": [{"recordingName": "HI_S1_P_1.mp3", "isCorrect": true, "que_text": " माँ ने हलवा बनाया। वह बहुत मीठा था। उसे सोनी ने खाया। खाने के बाद वह सो गई।", "noOfMistakes": "200", "que_id": "HI_S1_P_1"}, {"recordingName": "HI_S1_L_8.mp3", "isCorrect": true, "que_text": "क", "noOfMistakes": "0", "que_id": "HI_S1_L_8"}, {"recordingName": "HI_S1_L_9.mp3", "isCorrect": true, "que_text": "घ", "noOfMistakes": "0", "que_id": "HI_S1_L_9"}, {"answer": "-", "isCorrect": false, "que_text": "67 - 48", "noOfMistakes": "1", "que_id": "HI_S1_SB_1"}], "englishProficiency": "Beginner", "studClass": "8", "date": "Tue Sep 10 14:27:41 IST 2019", "mathematicsProficiency": "Beginner", "deviceID": "cc6487fba98c8c48", "ageGroup": "5-7 years", "nativeProficiency": "Beginner"}