{"englishProficiency": "Beginner", "sequenceList": [{"que_text": "न", "noOfMistakes": "3", "que_id": "HI_S4_L_0", "isCorrect": false, "recordingName": "HI_S4_L_0.mp3"}, {"que_text": "र", "noOfMistakes": "3", "que_id": "HI_S4_L_1", "isCorrect": false, "recordingName": "HI_S4_L_1.mp3"}, {"que_text": "म", "noOfMistakes": "3", "que_id": "HI_S4_L_2", "isCorrect": true, "recordingName": "HI_S4_L_2.mp3"}, {"que_text": "च", "noOfMistakes": "3", "que_id": "HI_S4_L_3", "isCorrect": true, "recordingName": "HI_S4_L_3.mp3"}, {"que_text": "स", "noOfMistakes": "3", "que_id": "HI_S4_L_4", "isCorrect": false, "recordingName": "HI_S4_L_4.mp3"}, {"que_text": "D", "noOfMistakes": "4", "que_id": "HI_S4_CL_0", "isCorrect": false, "recordingName": "HI_S4_CL_0.mp3"}, {"que_text": "L", "noOfMistakes": "4", "que_id": "HI_S4_CL_1", "isCorrect": false, "recordingName": "HI_S4_CL_1.mp3"}, {"que_text": "T", "noOfMistakes": "4", "que_id": "HI_S4_CL_2", "isCorrect": false, "recordingName": "HI_S4_CL_2.mp3"}, {"que_text": "K", "noOfMistakes": "4", "que_id": "HI_S4_CL_3", "isCorrect": true, "recordingName": "HI_S4_CL_3.mp3"}, {"que_text": "G", "noOfMistakes": "4", "que_id": "HI_S4_CL_4", "isCorrect": false, "recordingName": "HI_S4_CL_4.mp3"}], "deviceID": "14c9917f6e6683b6", "ageGroup": "7-10 years", "studClass": "3", "nativeProficiency": "Beginner", "date": "Sat Sep 21 17:08:48 IST 2019"}