{"sequenceList": [{"recordingName": "HI_S2_L_1.mp3", "isCorrect": true, "que_text": "क", "noOfMistakes": "4", "que_id": "HI_S2_L_1"}, {"recordingName": "HI_S2_L_9.mp3", "isCorrect": false, "que_text": "ख", "noOfMistakes": "4", "que_id": "HI_S2_L_9"}, {"recordingName": "HI_S2_L_3.mp3", "isCorrect": false, "que_text": "ब", "noOfMistakes": "4", "que_id": "HI_S2_L_3"}, {"recordingName": "HI_S2_L_4.mp3", "isCorrect": false, "que_text": "ल", "noOfMistakes": "4", "que_id": "HI_S2_L_4"}, {"recordingName": "HI_S2_L_7.mp3", "isCorrect": false, "que_text": "त", "noOfMistakes": "4", "que_id": "HI_S2_L_7"}, {"recordingName": "HI_S2_SD_7.mp3", "isCorrect": true, "que_text": "1", "noOfMistakes": "0", "que_id": "HI_S2_SD_7"}, {"recordingName": "HI_S2_SD_0.mp3", "isCorrect": true, "que_text": "2", "noOfMistakes": "0", "que_id": "HI_S2_SD_0"}, {"recordingName": "HI_S2_SD_3.mp3", "isCorrect": true, "que_text": "5", "noOfMistakes": "0", "que_id": "HI_S2_SD_3"}, {"recordingName": "HI_S2_SD_6.mp3", "isCorrect": true, "que_text": "4", "noOfMistakes": "0", "que_id": "HI_S2_SD_6"}, {"recordingName": "HI_S2_SD_1.mp3", "isCorrect": true, "que_text": "7", "noOfMistakes": "0", "que_id": "HI_S2_SD_1"}, {"recordingName": "HI_S2_CL_0.mp3", "isCorrect": true, "que_text": "B", "noOfMistakes": "2", "que_id": "HI_S2_CL_0"}, {"recordingName": "HI_S2_CL_1.mp3", "isCorrect": true, "que_text": "H", "noOfMistakes": "2", "que_id": "HI_S2_CL_1"}, {"recordingName": "HI_S2_CL_5.mp3", "isCorrect": false, "que_text": "M", "noOfMistakes": "2", "que_id": "HI_S2_CL_5"}, {"recordingName": "HI_S2_CL_6.mp3", "isCorrect": true, "que_text": "P", "noOfMistakes": "2", "que_id": "HI_S2_CL_6"}, {"recordingName": "HI_S2_CL_3.mp3", "isCorrect": false, "que_text": "L", "noOfMistakes": "2", "que_id": "HI_S2_CL_3"}, {"recordingName": "HI_S2_SL_0.mp3", "isCorrect": false, "que_text": "z", "noOfMistakes": "4", "que_id": "HI_S2_SL_0"}, {"recordingName": "HI_S2_SL_3.mp3", "isCorrect": false, "que_text": "w", "noOfMistakes": "4", "que_id": "HI_S2_SL_3"}, {"recordingName": "HI_S2_SL_6.mp3", "isCorrect": true, "que_text": "s", "noOfMistakes": "4", "que_id": "HI_S2_SL_6"}, {"recordingName": "HI_S2_SL_7.mp3", "isCorrect": false, "que_text": "k", "noOfMistakes": "4", "que_id": "HI_S2_SL_7"}, {"recordingName": "HI_S2_SL_2.mp3", "isCorrect": false, "que_text": "o", "noOfMistakes": "4", "que_id": "HI_S2_SL_2"}], "englishProficiency": "Capital letter", "studClass": "4", "date": "Wed Aug 21 14:22:40 GMT+05:30 2019", "mathematicsProficiency": "Single digit", "deviceID": "ebaa26065aba20e5", "ageGroup": "10-12 years", "nativeProficiency": "Beginner"}