{"englishProficiency": "Beginner", "sequenceList": [{"que_text": "पावसाळा सुरु झाला. आईने नवी तुळस लावली. तुळस भरभर वाढली. छान दिसू लागली.", "noOfMistakes": "200", "que_id": "MR_S2_P_1", "isCorrect": false, "recordingName": "MR_S2_P_1.mp3"}, {"que_text": "खडू", "noOfMistakes": "2", "que_id": "MR_S2_WD_0", "isCorrect": true, "recordingName": "MR_S2_WD_0.mp3"}, {"que_text": "पतंग", "noOfMistakes": "2", "que_id": "MR_S2_WD_1", "isCorrect": true, "recordingName": "MR_S2_WD_1.mp3"}, {"que_text": "टोपी", "noOfMistakes": "2", "que_id": "MR_S2_WD_2", "isCorrect": false, "recordingName": "MR_S2_WD_2.mp3"}, {"que_text": "बैल", "noOfMistakes": "2", "que_id": "MR_S2_WD_3", "isCorrect": true, "recordingName": "MR_S2_WD_3.mp3"}, {"que_text": "रवी", "noOfMistakes": "2", "que_id": "MR_S2_WD_4", "isCorrect": false, "recordingName": "MR_S2_WD_4.mp3"}, {"que_text": "ड", "noOfMistakes": "0", "que_id": "MR_S2_L_0", "isCorrect": true, "recordingName": "MR_S2_L_0.mp3"}, {"que_text": "त", "noOfMistakes": "0", "que_id": "MR_S2_L_1", "isCorrect": true, "recordingName": "MR_S2_L_1.mp3"}, {"que_text": "म", "noOfMistakes": "0", "que_id": "MR_S2_L_2", "isCorrect": true, "recordingName": "MR_S2_L_2.mp3"}, {"que_text": "ण", "noOfMistakes": "0", "que_id": "MR_S2_L_3", "isCorrect": true, "recordingName": "MR_S2_L_3.mp3"}, {"que_text": "स", "noOfMistakes": "0", "que_id": "MR_S2_L_4", "isCorrect": true, "recordingName": "MR_S2_L_4.mp3"}, {"que_text": "B", "noOfMistakes": "2", "que_id": "MR_S2_CL_0", "isCorrect": true, "recordingName": "MR_S2_CL_0.mp3"}, {"que_text": "H", "noOfMistakes": "2", "que_id": "MR_S2_CL_1", "isCorrect": true, "recordingName": "MR_S2_CL_1.mp3"}, {"que_text": "R", "noOfMistakes": "2", "que_id": "MR_S2_CL_2", "isCorrect": true, "recordingName": "MR_S2_CL_2.mp3"}, {"que_text": "L", "noOfMistakes": "2", "que_id": "MR_S2_CL_3", "isCorrect": false, "recordingName": "MR_S2_CL_3.mp3"}, {"que_text": "V", "noOfMistakes": "2", "que_id": "MR_S2_CL_4", "isCorrect": false, "recordingName": "MR_S2_CL_4.mp3"}], "deviceID": "7679c9355fd3bb61", "ageGroup": "12-15 years", "studClass": "8", "date": "Sun Sep 08 12:17:31 IST 2019", "nativeProficiency": "Letter"}