{"date": "Fri Sep 06 09:05:07 IST 2019", "sequenceList": [{"recordingName": "MR_S1_WD_1.mp3", "isCorrect": true, "que_text": "बस", "noOfMistakes": "0", "que_id": "MR_S1_WD_1"}, {"recordingName": "MR_S1_WD_6.mp3", "isCorrect": true, "que_text": "किरण", "noOfMistakes": "0", "que_id": "MR_S1_WD_6"}, {"recordingName": "MR_S1_WD_8.mp3", "isCorrect": true, "que_text": "तूप", "noOfMistakes": "0", "que_id": "MR_S1_WD_8"}, {"recordingName": "MR_S1_WD_5.mp3", "isCorrect": true, "que_text": "मोती", "noOfMistakes": "0", "que_id": "MR_S1_WD_5"}, {"recordingName": "MR_S1_WD_4.mp3", "isCorrect": true, "que_text": "दिवा", "noOfMistakes": "0", "que_id": "MR_S1_WD_4"}, {"recordingName": "MR_S1_CL_0.mp3", "isCorrect": true, "que_text": "A", "noOfMistakes": "0", "que_id": "MR_S1_CL_0"}, {"recordingName": "MR_S1_CL_3.mp3", "isCorrect": true, "que_text": "R", "noOfMistakes": "0", "que_id": "MR_S1_CL_3"}, {"recordingName": "MR_S1_Cl_5.mp3", "isCorrect": true, "que_text": "Y", "noOfMistakes": "0", "que_id": "MR_S1_Cl_5"}, {"recordingName": "MR_S1_CL_2.mp3", "isCorrect": true, "que_text": "Q", "noOfMistakes": "0", "que_id": "MR_S1_CL_2"}, {"recordingName": "MR_S1_CL_7.mp3", "isCorrect": true, "que_text": "O", "noOfMistakes": "0", "que_id": "MR_S1_CL_7"}], "englishProficiency": "Capital letter", "studClass": "4", "deviceID": "fa698d33d358ac32", "ageGroup": "7-10 years", "nativeProficiency": "Word"}