{"englishProficiency": "Capital letter", "sequenceList": [{"que_text": "बस", "noOfMistakes": "0", "que_id": "MR_S1_WD_1", "isCorrect": true, "recordingName": "MR_S1_WD_1.mp3"}, {"que_text": "किरण", "noOfMistakes": "0", "que_id": "MR_S1_WD_6", "isCorrect": true, "recordingName": "MR_S1_WD_6.mp3"}, {"que_text": "तूप", "noOfMistakes": "0", "que_id": "MR_S1_WD_8", "isCorrect": true, "recordingName": "MR_S1_WD_8.mp3"}, {"que_text": "मोती", "noOfMistakes": "0", "que_id": "MR_S1_WD_5", "isCorrect": true, "recordingName": "MR_S1_WD_5.mp3"}, {"que_text": "दिवा", "noOfMistakes": "0", "que_id": "MR_S1_WD_4", "isCorrect": true, "recordingName": "MR_S1_WD_4.mp3"}, {"que_text": "A", "noOfMistakes": "0", "que_id": "MR_S1_CL_0", "isCorrect": true, "recordingName": "MR_S1_CL_0.mp3"}, {"que_text": "R", "noOfMistakes": "0", "que_id": "MR_S1_CL_3", "isCorrect": true, "recordingName": "MR_S1_CL_3.mp3"}, {"que_text": "Y", "noOfMistakes": "0", "que_id": "MR_S1_Cl_5", "isCorrect": true, "recordingName": "MR_S1_Cl_5.mp3"}, {"que_text": "Q", "noOfMistakes": "0", "que_id": "MR_S1_CL_2", "isCorrect": true, "recordingName": "MR_S1_CL_2.mp3"}, {"que_text": "O", "noOfMistakes": "0", "que_id": "MR_S1_CL_7", "isCorrect": true, "recordingName": "MR_S1_CL_7.mp3"}], "deviceID": "fa698d33d358ac32", "ageGroup": "7-10 years", "studClass": "4", "date": "Fri Sep 06 09:05:07 IST 2019", "nativeProficiency": "Word"}