{"englishProficiency": "Small letter", "sequenceList": [{"que_text": "बग़ीचे में पेड़ हैं। पेड़ पर एक तोता रहता है। तोते का रंग हरा है। वह लाल टमाटर खाता है।", "noOfMistakes": "200", "que_id": "HI_S4_P_0", "isCorrect": true, "recordingName": "HI_S4_P_0.mp3"}, {"que_text": "आग", "noOfMistakes": "1", "que_id": "HI_S4_WD_0", "isCorrect": false, "recordingName": "HI_S4_WD_0.mp3"}, {"que_text": "न", "noOfMistakes": "2", "que_id": "HI_S4_L_0", "isCorrect": true, "recordingName": "HI_S4_L_0.mp3"}, {"que_text": "र", "noOfMistakes": "2", "que_id": "HI_S4_L_1", "isCorrect": false, "recordingName": "HI_S4_L_1.mp3"}, {"que_text": "च", "noOfMistakes": "2", "que_id": "HI_S4_L_3", "isCorrect": true, "recordingName": "HI_S4_L_3.mp3"}, {"que_text": "स", "noOfMistakes": "2", "que_id": "HI_S4_L_4", "isCorrect": true, "recordingName": "HI_S4_L_4.mp3"}, {"que_text": "प", "noOfMistakes": "2", "que_id": "HI_S4_L_5", "isCorrect": false, "recordingName": "HI_S4_L_5.mp3"}, {"que_text": "D", "noOfMistakes": "0", "que_id": "HI_S4_CL_0", "isCorrect": true, "recordingName": "HI_S4_CL_0.mp3"}, {"que_text": "L", "noOfMistakes": "0", "que_id": "HI_S4_CL_1", "isCorrect": true, "recordingName": "HI_S4_CL_1.mp3"}, {"que_text": "T", "noOfMistakes": "0", "que_id": "HI_S4_CL_2", "isCorrect": true, "recordingName": "HI_S4_CL_2.mp3"}, {"que_text": "P", "noOfMistakes": "0", "que_id": "HI_S4_CL_6", "isCorrect": true, "recordingName": "HI_S4_CL_6.mp3"}, {"que_text": "N", "noOfMistakes": "0", "que_id": "HI_S4_CL_7", "isCorrect": true, "recordingName": "HI_S4_CL_7.mp3"}, {"que_text": "s", "noOfMistakes": "0", "que_id": "HI_S4_SL_3", "isCorrect": true, "recordingName": "HI_S4_SL_3.mp3"}, {"que_text": "a", "noOfMistakes": "0", "que_id": "HI_S4_SL_6", "isCorrect": true, "recordingName": "HI_S4_SL_6.mp3"}, {"que_text": "m", "noOfMistakes": "0", "que_id": "HI_S4_SL_5", "isCorrect": true, "recordingName": "HI_S4_SL_5.mp3"}, {"que_text": "y", "noOfMistakes": "0", "que_id": "HI_S4_SL_0", "isCorrect": true, "recordingName": "HI_S4_SL_0.mp3"}, {"que_text": "v", "noOfMistakes": "0", "que_id": "HI_S4_SL_4", "isCorrect": true, "recordingName": "HI_S4_SL_4.mp3"}], "deviceID": "b9f711817ce7affe", "ageGroup": "7-10 years", "studClass": "2", "nativeProficiency": "Beginner", "date": "Sat Sep 21 17:32:17 IST 2019"}