{"englishProficiency": "Small letter", "sequenceList": [{"que_text": " माँ ने हलवा बनाया। वह बहुत मीठा था। उसे सोनी ने खाया। खाने के बाद वह सो गई।", "noOfMistakes": "2", "que_id": "HI_S1_P_1", "isCorrect": true, "recordingName": "HI_S1_P_1.mp3"}, {"que_text": "R", "noOfMistakes": "0", "que_id": "HI_S1_CL_3", "isCorrect": true, "recordingName": "HI_S1_CL_3.mp3"}, {"que_text": "E", "noOfMistakes": "0", "que_id": "HI_S1_CL_4", "isCorrect": true, "recordingName": "HI_S1_CL_4.mp3"}, {"que_text": "N", "noOfMistakes": "0", "que_id": "HI_S1_CL_6", "isCorrect": true, "recordingName": "HI_S1_CL_6.mp3"}, {"que_text": "O", "noOfMistakes": "0", "que_id": "HI_S1_CL_7", "isCorrect": true, "recordingName": "HI_S1_CL_7.mp3"}, {"que_text": "A", "noOfMistakes": "0", "que_id": "HI_S1_CL_0", "isCorrect": true, "recordingName": "HI_S1_CL_0.mp3"}, {"que_text": "m", "noOfMistakes": "0", "que_id": "HI_S1_SL_4", "isCorrect": true, "recordingName": "HI_S1_SL_4.mp3"}, {"que_text": "g", "noOfMistakes": "0", "que_id": "HI_S1_SL_6", "isCorrect": true, "recordingName": "HI_S1_SL_6.mp3"}, {"que_text": "x", "noOfMistakes": "0", "que_id": "HI_S1_SL_2", "isCorrect": true, "recordingName": "HI_S1_SL_2.mp3"}, {"que_text": "u", "noOfMistakes": "0", "que_id": "HI_S1_SL_3", "isCorrect": true, "recordingName": "HI_S1_SL_3.mp3"}, {"que_text": "p", "noOfMistakes": "0", "que_id": "HI_S1_SL_1", "isCorrect": true, "recordingName": "HI_S1_SL_1.mp3"}, {"que_text": "cat", "noOfMistakes": "2", "que_id": "HI_S1_W_0", "isCorrect": true, "recordingName": "HI_S1_W_0.mp3"}, {"que_text": "sun", "noOfMistakes": "2", "que_id": "HI_S1_W_2", "isCorrect": true, "recordingName": "HI_S1_W_2.mp3"}, {"que_text": "fan", "noOfMistakes": "2", "que_id": "HI_S1_W_4", "isCorrect": true, "recordingName": "HI_S1_W_4.mp3"}, {"que_text": "lip", "noOfMistakes": "2", "que_id": "HI_S1_W_3", "isCorrect": false, "recordingName": "HI_S1_W_3.mp3"}, {"que_text": "bus", "noOfMistakes": "2", "que_id": "HI_S1_W_5", "isCorrect": false, "recordingName": "HI_S1_W_5.mp3"}], "deviceID": "4bc511b3316032dd", "ageGroup": "7-10 years", "studClass": "2", "nativeProficiency": "Paragraph", "date": "Tue Sep 17 14:51:35 GMT+05:30 2019"}