{"sequenceList": [{"recordingName": "MR_S1_P_1.mp3", "isCorrect": false, "que_text": "आज रविवार आहे. शाळेला रजा आहे. तरी आज सकाळी मला लवकर जाग आली.", "noOfMistakes": "4", "que_id": "MR_S1_P_1"}, {"recordingName": "HI_S1_WD_4.mp3", "isCorrect": true, "que_text": "दिवा", "noOfMistakes": "3", "que_id": "HI_S1_WD_4"}, {"recordingName": "HI_S1_WD_8.mp3", "isCorrect": false, "que_text": "तूप", "noOfMistakes": "3", "que_id": "HI_S1_WD_8"}, {"recordingName": "HI_S1_WD_5.mp3", "isCorrect": false, "que_text": "मोती", "noOfMistakes": "3", "que_id": "HI_S1_WD_5"}, {"recordingName": "MR_S1_WD_1.mp3", "isCorrect": true, "que_text": "बस", "noOfMistakes": "3", "que_id": "MR_S1_WD_1"}, {"recordingName": "HI_S1_WD_3.mp3", "isCorrect": false, "que_text": "कैरी", "noOfMistakes": "3", "que_id": "HI_S1_WD_3"}, {"recordingName": "MR_S1_L_1.mp3", "isCorrect": true, "que_text": "प", "noOfMistakes": "0", "que_id": "MR_S1_L_1"}, {"recordingName": "MR_S1_L_4.mp3", "isCorrect": true, "que_text": "य", "noOfMistakes": "0", "que_id": "MR_S1_L_4"}, {"recordingName": "MR_S1_L_5.mp3", "isCorrect": true, "que_text": "द", "noOfMistakes": "0", "que_id": "MR_S1_L_5"}, {"recordingName": "MR_S1_L_7.mp3", "isCorrect": true, "que_text": "ह", "noOfMistakes": "0", "que_id": "MR_S1_L_7"}, {"recordingName": "MR_S1_L_8.mp3", "isCorrect": true, "que_text": "त", "noOfMistakes": "0", "que_id": "MR_S1_L_8"}, {"answer": "22", "isCorrect": false, "que_text": "36-18", "noOfMistakes": "1", "que_id": "MR_S1_SB_4"}, {"recordingName": "MR_S1_DD_0.mp3", "isCorrect": true, "que_text": "76", "noOfMistakes": "0", "que_id": "MR_S1_DD_0"}, {"recordingName": "MR_S1_DD_7.mp3", "isCorrect": true, "que_text": "84", "noOfMistakes": "0", "que_id": "MR_S1_DD_7"}, {"recordingName": "MR_S1_DD_5.mp3", "isCorrect": true, "que_text": "61", "noOfMistakes": "0", "que_id": "MR_S1_DD_5"}, {"recordingName": "MR_S1_DD_4.mp3", "isCorrect": true, "que_text": "34", "noOfMistakes": "0", "que_id": "MR_S1_DD_4"}, {"recordingName": "MR_S1_DD_8.mp3", "isCorrect": true, "que_text": "25", "noOfMistakes": "0", "que_id": "MR_S1_DD_8"}, {"recordingName": "MR_S1_CL_0.mp3", "isCorrect": true, "que_text": "A", "noOfMistakes": "0", "que_id": "MR_S1_CL_0"}, {"recordingName": "MR_S1_CL_4.mp3", "isCorrect": true, "que_text": "E", "noOfMistakes": "0", "que_id": "MR_S1_CL_4"}, {"recordingName": "MR_S1_Cl_5.mp3", "isCorrect": true, "que_text": "Y", "noOfMistakes": "0", "que_id": "MR_S1_Cl_5"}, {"recordingName": "MR_S1_CL_7.mp3", "isCorrect": true, "que_text": "O", "noOfMistakes": "0", "que_id": "MR_S1_CL_7"}, {"recordingName": "MR_S1_CL_6.mp3", "isCorrect": true, "que_text": "N", "noOfMistakes": "0", "que_id": "MR_S1_CL_6"}, {"recordingName": "MR_S1_SL_1.mp3", "isCorrect": true, "que_text": "p", "noOfMistakes": "2", "que_id": "MR_S1_SL_1"}, {"recordingName": "MR_S1_SL_4.mp3", "isCorrect": true, "que_text": "m", "noOfMistakes": "2", "que_id": "MR_S1_SL_4"}, {"recordingName": "MR_S1_SL_5.mp3", "isCorrect": false, "que_text": "d", "noOfMistakes": "2", "que_id": "MR_S1_SL_5"}, {"recordingName": "MR_S1_SL_3.mp3", "isCorrect": true, "que_text": "u", "noOfMistakes": "2", "que_id": "MR_S1_SL_3"}, {"recordingName": "MR_S1_SL_7.mp3", "isCorrect": false, "que_text": "t", "noOfMistakes": "2", "que_id": "MR_S1_SL_7"}], "englishProficiency": "Capital letter", "studClass": "7", "date": "Sun Jul 14 15:31:14 IST 2019", "mathematicsProficiency": "Double digit", "deviceID": "44c563837302b62d", "ageGroup": "12-15 years", "nativeProficiency": "Letter"}