{"sequenceList": [{"recordingName": "HI_S3_P_1.mp3", "isCorrect": true, "que_text": "काले बादल छाए हैं। तेज़ बारिश हो रही है। मोर भी नाच रहा है। सब नाच देख रहे हैं।", "noOfMistakes": "1", "que_id": "HI_S3_P_1"}, {"answer": "27", "isCorrect": true, "que_text": "56 - 29", "noOfMistakes": "0", "que_id": "HI_S3_SB_0"}, {"answer": "25", "isCorrect": true, "que_text": "64 - 39", "noOfMistakes": "0", "que_id": "HI_S3_SB_1"}, {"recordingName": "HI_S3_CL_0.mp3", "isCorrect": true, "que_text": "C", "noOfMistakes": "0", "que_id": "HI_S3_CL_0"}, {"recordingName": "HI_S3_CL_1.mp3", "isCorrect": true, "que_text": "K", "noOfMistakes": "0", "que_id": "HI_S3_CL_1"}, {"recordingName": "HI_S3_CL_4.mp3", "isCorrect": true, "que_text": "F", "noOfMistakes": "0", "que_id": "HI_S3_CL_4"}, {"recordingName": "HI_S3_CL_5.mp3", "isCorrect": true, "que_text": "W", "noOfMistakes": "0", "que_id": "HI_S3_CL_5"}, {"recordingName": "HI_S3_CL_3.mp3", "isCorrect": true, "que_text": "Q", "noOfMistakes": "0", "que_id": "HI_S3_CL_3"}, {"recordingName": "HI_S3_SL_0.mp3", "isCorrect": true, "que_text": "n", "noOfMistakes": "1", "que_id": "HI_S3_SL_0"}, {"recordingName": "HI_S3_SL_1.mp3", "isCorrect": true, "que_text": "p", "noOfMistakes": "1", "que_id": "HI_S3_SL_1"}, {"recordingName": "HI_S3_SL_2.mp3", "isCorrect": true, "que_text": "g", "noOfMistakes": "1", "que_id": "HI_S3_SL_2"}, {"recordingName": "HI_S3_SL_3.mp3", "isCorrect": false, "que_text": "v", "noOfMistakes": "1", "que_id": "HI_S3_SL_3"}, {"recordingName": "HI_S3_SL_7.mp3", "isCorrect": true, "que_text": "b", "noOfMistakes": "1", "que_id": "HI_S3_SL_7"}, {"recordingName": "HI_S3_W_1.mp3", "isCorrect": false, "que_text": "old", "noOfMistakes": "5", "que_id": "HI_S3_W_1"}, {"recordingName": "HI_S3_W_0.mp3", "isCorrect": false, "que_text": "hen", "noOfMistakes": "5", "que_id": "HI_S3_W_0"}, {"recordingName": "HI_S3_W_3.mp3", "isCorrect": false, "que_text": "run", "noOfMistakes": "5", "que_id": "HI_S3_W_3"}, {"recordingName": "HI_S3_W_4.mp3", "isCorrect": false, "que_text": "fox", "noOfMistakes": "5", "que_id": "HI_S3_W_4"}, {"recordingName": "HI_S3_W_2.mp3", "isCorrect": false, "que_text": "sit", "noOfMistakes": "5", "que_id": "HI_S3_W_2"}], "englishProficiency": "Small letter", "studClass": "8", "date": "Sat Sep 21 13:30:16 IST 2019", "mathematicsProficiency": "Subtraction", "deviceID": "3cfeb576e535076", "ageGroup": "12-15 years", "nativeProficiency": "Paragraph"}