{"englishProficiency": "Small letter", "sequenceList": [{"que_text": "काले बादल छाए हैं। तेज़ बारिश हो रही है। मोर भी नाच रहा है। सब नाच देख रहे हैं।", "noOfMistakes": "1", "que_id": "HI_S3_P_1", "isCorrect": true, "recordingName": "HI_S3_P_1.mp3"}, {"que_text": "C", "noOfMistakes": "0", "que_id": "HI_S3_CL_0", "isCorrect": true, "recordingName": "HI_S3_CL_0.mp3"}, {"que_text": "K", "noOfMistakes": "0", "que_id": "HI_S3_CL_1", "isCorrect": true, "recordingName": "HI_S3_CL_1.mp3"}, {"que_text": "F", "noOfMistakes": "0", "que_id": "HI_S3_CL_4", "isCorrect": true, "recordingName": "HI_S3_CL_4.mp3"}, {"que_text": "W", "noOfMistakes": "0", "que_id": "HI_S3_CL_5", "isCorrect": true, "recordingName": "HI_S3_CL_5.mp3"}, {"que_text": "Q", "noOfMistakes": "0", "que_id": "HI_S3_CL_3", "isCorrect": true, "recordingName": "HI_S3_CL_3.mp3"}, {"que_text": "n", "noOfMistakes": "1", "que_id": "HI_S3_SL_0", "isCorrect": true, "recordingName": "HI_S3_SL_0.mp3"}, {"que_text": "p", "noOfMistakes": "1", "que_id": "HI_S3_SL_1", "isCorrect": true, "recordingName": "HI_S3_SL_1.mp3"}, {"que_text": "g", "noOfMistakes": "1", "que_id": "HI_S3_SL_2", "isCorrect": true, "recordingName": "HI_S3_SL_2.mp3"}, {"que_text": "v", "noOfMistakes": "1", "que_id": "HI_S3_SL_3", "isCorrect": false, "recordingName": "HI_S3_SL_3.mp3"}, {"que_text": "b", "noOfMistakes": "1", "que_id": "HI_S3_SL_7", "isCorrect": true, "recordingName": "HI_S3_SL_7.mp3"}, {"que_text": "old", "noOfMistakes": "5", "que_id": "HI_S3_W_1", "isCorrect": false, "recordingName": "HI_S3_W_1.mp3"}, {"que_text": "hen", "noOfMistakes": "5", "que_id": "HI_S3_W_0", "isCorrect": false, "recordingName": "HI_S3_W_0.mp3"}, {"que_text": "run", "noOfMistakes": "5", "que_id": "HI_S3_W_3", "isCorrect": false, "recordingName": "HI_S3_W_3.mp3"}, {"que_text": "fox", "noOfMistakes": "5", "que_id": "HI_S3_W_4", "isCorrect": false, "recordingName": "HI_S3_W_4.mp3"}, {"que_text": "sit", "noOfMistakes": "5", "que_id": "HI_S3_W_2", "isCorrect": false, "recordingName": "HI_S3_W_2.mp3"}], "deviceID": "3cfeb576e535076", "ageGroup": "12-15 years", "studClass": "8", "nativeProficiency": "Paragraph", "date": "Sat Sep 21 13:30:16 IST 2019"}