{"sequenceList": [{"recordingName": "HI_S4_L_5.mp3", "isCorrect": false, "que_text": "प", "noOfMistakes": "5", "que_id": "HI_S4_L_5"}, {"recordingName": "HI_S4_L_8.mp3", "isCorrect": false, "que_text": "ल", "noOfMistakes": "5", "que_id": "HI_S4_L_8"}, {"recordingName": "HI_S4_L_1.mp3", "isCorrect": false, "que_text": "र", "noOfMistakes": "5", "que_id": "HI_S4_L_1"}, {"recordingName": "HI_S4_L_2.mp3", "isCorrect": false, "que_text": "म", "noOfMistakes": "5", "que_id": "HI_S4_L_2"}, {"recordingName": "HI_S4_L_4.mp3", "isCorrect": false, "que_text": "स", "noOfMistakes": "5", "que_id": "HI_S4_L_4"}, {"recordingName": "HI_S4_SD_4.mp3", "isCorrect": false, "que_text": "2", "noOfMistakes": "5", "que_id": "HI_S4_SD_4"}, {"recordingName": "HI_S4_SD_0.mp3", "isCorrect": false, "que_text": "5", "noOfMistakes": "5", "que_id": "HI_S4_SD_0"}, {"recordingName": "HI_S4_SD_3.mp3", "isCorrect": false, "que_text": "4", "noOfMistakes": "5", "que_id": "HI_S4_SD_3"}, {"recordingName": "HI_S4_SD_1.mp3", "isCorrect": false, "que_text": "7", "noOfMistakes": "5", "que_id": "HI_S4_SD_1"}, {"recordingName": "HI_S4_SD_6.mp3", "isCorrect": false, "que_text": "3", "noOfMistakes": "5", "que_id": "HI_S4_SD_6"}, {"recordingName": "HI_S4_CL_0.mp3", "isCorrect": false, "que_text": "D", "noOfMistakes": "5", "que_id": "HI_S4_CL_0"}, {"recordingName": "HI_S4_CL_3.mp3", "isCorrect": false, "que_text": "K", "noOfMistakes": "5", "que_id": "HI_S4_CL_3"}, {"recordingName": "HI_S4_CL_2.mp3", "isCorrect": false, "que_text": "T", "noOfMistakes": "5", "que_id": "HI_S4_CL_2"}, {"recordingName": "HI_S4_CL_1.mp3", "isCorrect": false, "que_text": "L", "noOfMistakes": "5", "que_id": "HI_S4_CL_1"}, {"recordingName": "HI_S4_CL_5.mp3", "isCorrect": false, "que_text": "X", "noOfMistakes": "5", "que_id": "HI_S4_CL_5"}], "englishProficiency": "Beginner", "studClass": "2", "date": "Sun Aug 18 17:21:54 IST 2019", "mathematicsProficiency": "Beginner", "deviceID": "c66208a6b7100eb2", "ageGroup": "7-10 years", "nativeProficiency": "Beginner"}