{"sequenceList": [{"recordingName": "HI_S4_P_1.mp3", "isCorrect": true, "que_text": "रूपा बाहर खेल रही थी। खेलते-खेलते रात हो गई। वह अपने घर चली गई। रूपा खाना खाकर सो गई।", "noOfMistakes": "0", "que_id": "HI_S4_P_1"}, {"recordingName": "HI_S4_ST_0.mp3", "isCorrect": true, "que_text": "रामपुर में कुछ ज़मीन ख़ाली थी। वहाँ कुछ नहीं उगता था। वहाँ कोई खेलने नहीं जाता था। एक दिन कुछ लोग आए। उन्होंने गाँव के लोगों को बुलाया। सबने मिलकर तय किया कि यहाँ बग़ीचा बनाया जाए। खाद मंगाकर हर तरह के पौधे लगाये गए। सही समय पर पानी दिया गया। आज वहाँ एक सुंदर बग़ीचा है। इसलिए वहाँ सब खेलने जाते हैं।", "noOfMistakes": "0", "que_id": "HI_S4_ST_0"}, {"recordingName": "HI_S4_CL_0.mp3", "isCorrect": true, "que_text": "D", "noOfMistakes": "0", "que_id": "HI_S4_CL_0"}, {"recordingName": "HI_S4_CL_1.mp3", "isCorrect": true, "que_text": "L", "noOfMistakes": "0", "que_id": "HI_S4_CL_1"}, {"recordingName": "HI_S4_CL_4.mp3", "isCorrect": true, "que_text": "G", "noOfMistakes": "0", "que_id": "HI_S4_CL_4"}, {"recordingName": "HI_S4_CL_6.mp3", "isCorrect": true, "que_text": "P", "noOfMistakes": "0", "que_id": "HI_S4_CL_6"}, {"recordingName": "HI_S4_CL_7.mp3", "isCorrect": true, "que_text": "N", "noOfMistakes": "0", "que_id": "HI_S4_CL_7"}, {"recordingName": "HI_S4_SL_3.mp3", "isCorrect": true, "que_text": "s", "noOfMistakes": "0", "que_id": "HI_S4_SL_3"}, {"recordingName": "HI_S4_SL_0.mp3", "isCorrect": true, "que_text": "y", "noOfMistakes": "0", "que_id": "HI_S4_SL_0"}, {"recordingName": "HI_S4_SL_4.mp3", "isCorrect": true, "que_text": "v", "noOfMistakes": "0", "que_id": "HI_S4_SL_4"}, {"recordingName": "HI_S4_SL_1.mp3", "isCorrect": true, "que_text": "f", "noOfMistakes": "0", "que_id": "HI_S4_SL_1"}, {"recordingName": "HI_S4_SL_7.mp3", "isCorrect": true, "que_text": "h", "noOfMistakes": "0", "que_id": "HI_S4_SL_7"}, {"recordingName": "HI_S4_W_0.mp3", "isCorrect": true, "que_text": "dog", "noOfMistakes": "0", "que_id": "HI_S4_W_0"}, {"recordingName": "HI_S4_W_4.mp3", "isCorrect": true, "que_text": "man", "noOfMistakes": "0", "que_id": "HI_S4_W_4"}, {"recordingName": "HI_S4_W_3.mp3", "isCorrect": true, "que_text": "boy", "noOfMistakes": "0", "que_id": "HI_S4_W_3"}, {"recordingName": "HI_S4_W_1.mp3", "isCorrect": true, "que_text": "fat", "noOfMistakes": "0", "que_id": "HI_S4_W_1"}, {"recordingName": "HI_S4_W_2.mp3", "isCorrect": true, "que_text": "cup", "noOfMistakes": "0", "que_id": "HI_S4_W_2"}, {"recordingName": "HI_S4_S_0.mp3", "isCorrect": true, "que_text": "What is the time?", "noOfMistakes": "0", "que_id": "HI_S4_S_0"}, {"recordingName": "HI_S4_S_1.mp3", "isCorrect": true, "que_text": "This is a blue shirt.", "noOfMistakes": "2", "que_id": "HI_S4_S_1"}, {"recordingName": "HI_S4_S_2.mp3", "isCorrect": true, "que_text": "I like to sleep.", "noOfMistakes": "1", "que_id": "HI_S4_S_2"}, {"recordingName": "HI_S4_S_3.mp3", "isCorrect": true, "que_text": "I have a big house.", "noOfMistakes": "0", "que_id": "HI_S4_S_3"}, {"answer": "2232", "isCorrect": false, "que_text": "41 - 13", "noOfMistakes": "2", "que_id": "HI_S4_SB_1"}, {"answer": "44", "isCorrect": false, "que_text": "71 - 35", "noOfMistakes": "2", "que_id": "HI_S4_SB_3"}, {"recordingName": "HI_S4_DD_3.mp3", "isCorrect": true, "que_text": "86", "noOfMistakes": "0", "que_id": "HI_S4_DD_3"}, {"recordingName": "HI_S4_DD_1.mp3", "isCorrect": true, "que_text": "24", "noOfMistakes": "0", "que_id": "HI_S4_DD_1"}, {"recordingName": "HI_S4_DD_2.mp3", "isCorrect": true, "que_text": "92", "noOfMistakes": "0", "que_id": "HI_S4_DD_2"}, {"recordingName": "HI_S4_DD_4.mp3", "isCorrect": true, "que_text": "23", "noOfMistakes": "0", "que_id": "HI_S4_DD_4"}, {"recordingName": "HI_S4_DD_7.mp3", "isCorrect": true, "que_text": "61", "noOfMistakes": "0", "que_id": "HI_S4_DD_7"}], "englishProficiency": "Sentence", "studClass": "8", "date": "Sun Sep 15 16:14:20 IST 2019", "mathematicsProficiency": "Double digit", "deviceID": "85b866ae30edb571", "ageGroup": "12-15 years", "nativeProficiency": "Story"}