{"englishProficiency": "Sentence", "sequenceList": [{"que_text": "D", "noOfMistakes": "0", "que_id": "HI_S4_CL_0", "isCorrect": true, "recordingName": "HI_S4_CL_0.mp3"}, {"que_text": "L", "noOfMistakes": "0", "que_id": "HI_S4_CL_1", "isCorrect": true, "recordingName": "HI_S4_CL_1.mp3"}, {"que_text": "T", "noOfMistakes": "0", "que_id": "HI_S4_CL_2", "isCorrect": true, "recordingName": "HI_S4_CL_2.mp3"}, {"que_text": "K", "noOfMistakes": "0", "que_id": "HI_S4_CL_3", "isCorrect": true, "recordingName": "HI_S4_CL_3.mp3"}, {"que_text": "G", "noOfMistakes": "0", "que_id": "HI_S4_CL_4", "isCorrect": true, "recordingName": "HI_S4_CL_4.mp3"}, {"que_text": "dog", "noOfMistakes": "0", "que_id": "HI_S4_W_0", "isCorrect": true, "recordingName": "HI_S4_W_0.mp3"}, {"que_text": "fat", "noOfMistakes": "0", "que_id": "HI_S4_W_1", "isCorrect": true, "recordingName": "HI_S4_W_1.mp3"}, {"que_text": "cup", "noOfMistakes": "0", "que_id": "HI_S4_W_2", "isCorrect": true, "recordingName": "HI_S4_W_2.mp3"}, {"que_text": "boy", "noOfMistakes": "0", "que_id": "HI_S4_W_3", "isCorrect": true, "recordingName": "HI_S4_W_3.mp3"}, {"que_text": "man", "noOfMistakes": "0", "que_id": "HI_S4_W_4", "isCorrect": true, "recordingName": "HI_S4_W_4.mp3"}, {"que_text": "What is the time?", "noOfMistakes": "0", "que_id": "HI_S4_S_0", "isCorrect": true, "recordingName": "HI_S4_S_0.mp3"}, {"que_text": "This is a blue shirt.", "noOfMistakes": "0", "que_id": "HI_S4_S_1", "isCorrect": true, "recordingName": "HI_S4_S_1.mp3"}, {"que_text": "I like to sleep.", "noOfMistakes": "0", "que_id": "HI_S4_S_2", "isCorrect": true, "recordingName": "HI_S4_S_2.mp3"}, {"que_text": "I have a big house.", "noOfMistakes": "0", "que_id": "HI_S4_S_3", "isCorrect": true, "recordingName": "HI_S4_S_3.mp3"}], "deviceID": "c983896e32d4ba2a", "ageGroup": "10-12 years", "studClass": "6", "nativeProficiency": "Story", "date": "Wed Sep 04 18:10:34 IST 2019"}