{"englishProficiency": "Beginner", "sequenceList": [{"que_text": "क", "noOfMistakes": "4", "que_id": "HI_S3_L_1", "isCorrect": true, "recordingName": "HI_S3_L_1.mp3"}, {"que_text": "ब", "noOfMistakes": "4", "que_id": "HI_S3_L_3", "isCorrect": false, "recordingName": "HI_S3_L_3.mp3"}, {"que_text": "ल", "noOfMistakes": "4", "que_id": "HI_S3_L_4", "isCorrect": false, "recordingName": "HI_S3_L_4.mp3"}, {"que_text": "थ", "noOfMistakes": "4", "que_id": "HI_S3_L_5", "isCorrect": false, "recordingName": "HI_S3_L_5.mp3"}, {"que_text": "द", "noOfMistakes": "4", "que_id": "HI_S3_L_0", "isCorrect": false, "recordingName": "HI_S3_L_0.mp3"}], "deviceID": "f80dd2f1223bdfc1", "ageGroup": "5-7 years", "studClass": "1", "nativeProficiency": "Beginner", "date": "Thu Sep 12 17:03:12 IST 2019"}