{"sequenceList": [{"recordingName": "HI_S3_L_1.mp3", "isCorrect": true, "que_text": "क", "noOfMistakes": "4", "que_id": "HI_S3_L_1"}, {"recordingName": "HI_S3_L_3.mp3", "isCorrect": false, "que_text": "ब", "noOfMistakes": "4", "que_id": "HI_S3_L_3"}, {"recordingName": "HI_S3_L_4.mp3", "isCorrect": false, "que_text": "ल", "noOfMistakes": "4", "que_id": "HI_S3_L_4"}, {"recordingName": "HI_S3_L_5.mp3", "isCorrect": false, "que_text": "थ", "noOfMistakes": "4", "que_id": "HI_S3_L_5"}, {"recordingName": "HI_S3_L_0.mp3", "isCorrect": false, "que_text": "द", "noOfMistakes": "4", "que_id": "HI_S3_L_0"}, {"recordingName": "HI_S3_SD_0.mp3", "isCorrect": true, "que_text": "1", "noOfMistakes": "4", "que_id": "HI_S3_SD_0"}, {"recordingName": "HI_S3_SD_7.mp3", "isCorrect": false, "que_text": "2", "noOfMistakes": "4", "que_id": "HI_S3_SD_7"}, {"recordingName": "HI_S3_SD_3.mp3", "isCorrect": false, "que_text": "3", "noOfMistakes": "4", "que_id": "HI_S3_SD_3"}, {"recordingName": "HI_S3_SD_6.mp3", "isCorrect": false, "que_text": "5", "noOfMistakes": "4", "que_id": "HI_S3_SD_6"}, {"recordingName": "HI_S3_SD_1.mp3", "isCorrect": false, "que_text": "4", "noOfMistakes": "4", "que_id": "HI_S3_SD_1"}], "englishProficiency": "Beginner", "studClass": "1", "date": "Thu Sep 12 17:03:12 IST 2019", "mathematicsProficiency": "Beginner", "deviceID": "f80dd2f1223bdfc1", "ageGroup": "5-7 years", "nativeProficiency": "Beginner"}