{"englishProficiency": "Beginner", "sequenceList": [{"que_text": "म", "noOfMistakes": "5", "que_id": "HI_S1_L_0", "isCorrect": false, "recordingName": "HI_S1_L_0.mp3"}, {"que_text": "र", "noOfMistakes": "5", "que_id": "HI_S1_L_1", "isCorrect": false, "recordingName": "HI_S1_L_1.mp3"}, {"que_text": "थ", "noOfMistakes": "5", "que_id": "HI_S1_L_2", "isCorrect": false, "recordingName": "HI_S1_L_2.mp3"}, {"que_text": "ह", "noOfMistakes": "5", "que_id": "HI_S1_L_3", "isCorrect": false, "recordingName": "HI_S1_L_3.mp3"}, {"que_text": "श", "noOfMistakes": "5", "que_id": "HI_S1_L_4", "isCorrect": false, "recordingName": "HI_S1_L_4.mp3"}, {"que_text": "A", "noOfMistakes": "5", "que_id": "HI_S1_CL_0", "isCorrect": false, "recordingName": "HI_S1_CL_0.mp3"}, {"que_text": "J", "noOfMistakes": "5", "que_id": "HI_S1_CL_1", "isCorrect": false, "recordingName": "HI_S1_CL_1.mp3"}, {"que_text": "Q", "noOfMistakes": "5", "que_id": "HI_S1_CL_2", "isCorrect": false, "recordingName": "HI_S1_CL_2.mp3"}, {"que_text": "R", "noOfMistakes": "5", "que_id": "HI_S1_CL_3", "isCorrect": false, "recordingName": "HI_S1_CL_3.mp3"}, {"que_text": "E", "noOfMistakes": "5", "que_id": "HI_S1_CL_4", "isCorrect": false, "recordingName": "HI_S1_CL_4.mp3"}], "deviceID": "14c9917f6e6683b6", "ageGroup": "7-10 years", "studClass": "1", "nativeProficiency": "Beginner", "date": "Sat Sep 21 16:57:36 IST 2019"}