{"englishProficiency": "Capital letter", "sequenceList": [{"que_text": "बस", "noOfMistakes": "1", "que_id": "MR_S1_WD_1", "isCorrect": false, "recordingName": "MR_S1_WD_1.mp3"}, {"que_text": "ड", "noOfMistakes": "2", "que_id": "MR_S1_L_3", "isCorrect": true, "recordingName": "MR_S1_L_3.mp3"}, {"que_text": "य", "noOfMistakes": "2", "que_id": "MR_S1_L_4", "isCorrect": false, "recordingName": "MR_S1_L_4.mp3"}, {"que_text": "द", "noOfMistakes": "2", "que_id": "MR_S1_L_5", "isCorrect": false, "recordingName": "MR_S1_L_5.mp3"}, {"que_text": "J", "noOfMistakes": "0", "que_id": "MH_S1_CL_1", "isCorrect": true, "recordingName": "MH_S1_CL_1.mp3"}, {"que_text": "E", "noOfMistakes": "0", "que_id": "MR_S1_CL_4", "isCorrect": true, "recordingName": "MR_S1_CL_4.mp3"}, {"que_text": "Y", "noOfMistakes": "0", "que_id": "MR_S1_Cl_5", "isCorrect": true, "recordingName": "MR_S1_Cl_5.mp3"}, {"que_text": "R", "noOfMistakes": "0", "que_id": "MR_S1_CL_3", "isCorrect": true, "recordingName": "MR_S1_CL_3.mp3"}, {"que_text": "O", "noOfMistakes": "0", "que_id": "MR_S1_CL_7", "isCorrect": true, "recordingName": "MR_S1_CL_7.mp3"}, {"que_text": "p", "noOfMistakes": "2", "que_id": "MR_S1_SL_1", "isCorrect": true, "recordingName": "MR_S1_SL_1.mp3"}, {"que_text": "m", "noOfMistakes": "2", "que_id": "MR_S1_SL_4", "isCorrect": true, "recordingName": "MR_S1_SL_4.mp3"}, {"que_text": "d", "noOfMistakes": "2", "que_id": "MR_S1_SL_5", "isCorrect": false, "recordingName": "MR_S1_SL_5.mp3"}, {"que_text": "u", "noOfMistakes": "2", "que_id": "MR_S1_SL_3", "isCorrect": true, "recordingName": "MR_S1_SL_3.mp3"}, {"que_text": "t", "noOfMistakes": "2", "que_id": "MR_S1_SL_7", "isCorrect": false, "recordingName": "MR_S1_SL_7.mp3"}], "deviceID": "3ebaa9d14abd9a0f", "ageGroup": "7-10 years", "studClass": "2", "nativeProficiency": "Beginner", "date": "Thu Aug 22 15:49:52 GMT+05:30 2019"}