{"englishProficiency": "Capital letter", "sequenceList": [{"que_text": "फुगेवाला आला. लाल, निळे, फुगे आणले. मुलांनी फुगे घेतले. हातातून ते सुटून गेले.", "noOfMistakes": "3", "que_id": "MR_S3_P_0", "isCorrect": true, "recordingName": "MR_S3_P_0.mp3"}, {"que_text": "कौल", "noOfMistakes": "1", "que_id": "MR_S3_WD_0", "isCorrect": false, "recordingName": "MR_S3_WD_0.mp3"}, {"que_text": "लाल", "noOfMistakes": "1", "que_id": "MR_S3_WD_1", "isCorrect": true, "recordingName": "MR_S3_WD_1.mp3"}, {"que_text": "पूर", "noOfMistakes": "1", "que_id": "MR_S3_WD_2", "isCorrect": true, "recordingName": "MR_S3_WD_2.mp3"}, {"que_text": "फेटा", "noOfMistakes": "1", "que_id": "MR_S3_WD_3", "isCorrect": true, "recordingName": "MR_S3_WD_3.mp3"}, {"que_text": "मुळा", "noOfMistakes": "1", "que_id": "MR_S3_WD_4", "isCorrect": true, "recordingName": "MR_S3_WD_4.mp3"}, {"que_text": "C", "noOfMistakes": "0", "que_id": "MR_S3_CL_0", "isCorrect": true, "recordingName": "MR_S3_CL_0.mp3"}, {"que_text": "K", "noOfMistakes": "0", "que_id": "MR_S3_CL_1", "isCorrect": true, "recordingName": "MR_S3_CL_1.mp3"}, {"que_text": "S", "noOfMistakes": "0", "que_id": "MR_S3_CL_2", "isCorrect": true, "recordingName": "MR_S3_CL_2.mp3"}, {"que_text": "Q", "noOfMistakes": "0", "que_id": "MR_S3_CL_3", "isCorrect": true, "recordingName": "MR_S3_CL_3.mp3"}, {"que_text": "F", "noOfMistakes": "0", "que_id": "MR_S3_CL_4", "isCorrect": true, "recordingName": "MR_S3_CL_4.mp3"}, {"que_text": "n", "noOfMistakes": "2", "que_id": "MR_S3_SL_0", "isCorrect": false, "recordingName": "MR_S3_SL_0.mp3"}, {"que_text": "p", "noOfMistakes": "2", "que_id": "MR_S3_SL_1", "isCorrect": true, "recordingName": "MR_S3_SL_1.mp3"}, {"que_text": "g", "noOfMistakes": "2", "que_id": "MR_S3_SL_2", "isCorrect": false, "recordingName": "MR_S3_SL_2.mp3"}, {"que_text": "v", "noOfMistakes": "2", "que_id": "MR_S3_SL_3", "isCorrect": true, "recordingName": "MR_S3_SL_3.mp3"}, {"que_text": "e", "noOfMistakes": "2", "que_id": "MR_S3_SL_4", "isCorrect": true, "recordingName": "MR_S3_SL_4.mp3"}], "deviceID": "47f79a194bb31395", "ageGroup": "10-12 years", "studClass": "4", "date": "Sun Sep 08 10:38:31 GMT+05:30 2019", "nativeProficiency": "Paragraph"}