{"date": "Fri Sep 06 10:38:18 IST 2019", "sequenceList": [{"recordingName": "MR_S1_WD_1.mp3", "isCorrect": true, "que_text": "बस", "noOfMistakes": "1", "que_id": "MR_S1_WD_1"}, {"recordingName": "MR_S1_WD_4.mp3", "isCorrect": true, "que_text": "दिवा", "noOfMistakes": "1", "que_id": "MR_S1_WD_4"}, {"recordingName": "MR_S1_WD_0.mp3", "isCorrect": true, "que_text": "समई", "noOfMistakes": "1", "que_id": "MR_S1_WD_0"}, {"recordingName": "MR_S1_WD_2.mp3", "isCorrect": false, "que_text": "गरम", "noOfMistakes": "1", "que_id": "MR_S1_WD_2"}, {"recordingName": "MR_S1_WD_5.mp3", "isCorrect": true, "que_text": "मोती", "noOfMistakes": "1", "que_id": "MR_S1_WD_5"}, {"recordingName": "MR_S1_L_2.mp3", "isCorrect": true, "que_text": "स", "noOfMistakes": "0", "que_id": "MR_S1_L_2"}, {"recordingName": "MR_S1_L_1.mp3", "isCorrect": true, "que_text": "प", "noOfMistakes": "0", "que_id": "MR_S1_L_1"}, {"recordingName": "MR_S1_L_4.mp3", "isCorrect": true, "que_text": "य", "noOfMistakes": "0", "que_id": "MR_S1_L_4"}, {"recordingName": "MR_S1_L_8.mp3", "isCorrect": true, "que_text": "त", "noOfMistakes": "0", "que_id": "MR_S1_L_8"}, {"recordingName": "MR_S1_L_9.mp3", "isCorrect": true, "que_text": "म", "noOfMistakes": "0", "que_id": "MR_S1_L_9"}, {"recordingName": "MR_S1_W_0.mp3", "isCorrect": true, "que_text": "cat", "noOfMistakes": "0", "que_id": "MR_S1_W_0"}, {"recordingName": "MR_S1_W_2.mp3", "isCorrect": true, "que_text": "sun", "noOfMistakes": "0", "que_id": "MR_S1_W_2"}, {"recordingName": "MR_S1_W_3.mp3", "isCorrect": true, "que_text": "new", "noOfMistakes": "0", "que_id": "MR_S1_W_3"}, {"recordingName": "MR_S1_W_4.mp3", "isCorrect": true, "que_text": "fan", "noOfMistakes": "0", "que_id": "MR_S1_W_4"}, {"recordingName": "MR_S1_W_5.mp3", "isCorrect": true, "que_text": "bus", "noOfMistakes": "0", "que_id": "MR_S1_W_5"}, {"recordingName": "MR_S1_SL_0.mp3", "isCorrect": true, "que_text": "h", "noOfMistakes": "0", "que_id": "MR_S1_SL_0"}, {"recordingName": "MR_S1_SL_1.mp3", "isCorrect": true, "que_text": "p", "noOfMistakes": "0", "que_id": "MR_S1_SL_1"}, {"recordingName": "MR_S1_SL_4.mp3", "isCorrect": true, "que_text": "m", "noOfMistakes": "0", "que_id": "MR_S1_SL_4"}, {"recordingName": "MR_S1_SL_6.mp3", "isCorrect": true, "que_text": "g", "noOfMistakes": "0", "que_id": "MR_S1_SL_6"}, {"recordingName": "MR_S1_SL_2.mp3", "isCorrect": true, "que_text": "x", "noOfMistakes": "0", "que_id": "MR_S1_SL_2"}], "englishProficiency": "word", "studClass": "3", "deviceID": "fa698d33d358ac32", "ageGroup": "7-10 years", "nativeProficiency": "Word"}