{"sequenceList": [{"recordingName": "HI_S3_L_4.mp3", "isCorrect": true, "que_text": "ल", "noOfMistakes": "0", "que_id": "HI_S3_L_4"}, {"recordingName": "HI_S3_L_7.mp3", "isCorrect": true, "que_text": "त", "noOfMistakes": "0", "que_id": "HI_S3_L_7"}, {"recordingName": "HI_S3_L_8.mp3", "isCorrect": true, "que_text": "म", "noOfMistakes": "0", "que_id": "HI_S3_L_8"}, {"recordingName": "HI_S3_L_3.mp3", "isCorrect": true, "que_text": "ब", "noOfMistakes": "0", "que_id": "HI_S3_L_3"}, {"recordingName": "HI_S3_L_6.mp3", "isCorrect": true, "que_text": "ह", "noOfMistakes": "0", "que_id": "HI_S3_L_6"}, {"answer": "25", "isCorrect": true, "que_text": "64 - 39", "noOfMistakes": "0", "que_id": "HI_S3_SB_1"}, {"answer": "17", "isCorrect": true, "que_text": "66 - 49", "noOfMistakes": "0", "que_id": "HI_S3_SB_7"}, {"recordingName": "HI_S3_CL_3.mp3", "isCorrect": true, "que_text": "Q", "noOfMistakes": "0", "que_id": "HI_S3_CL_3"}, {"recordingName": "HI_S3_CL_7.mp3", "isCorrect": true, "que_text": "Z", "noOfMistakes": "0", "que_id": "HI_S3_CL_7"}, {"recordingName": "HI_S3_CL_1.mp3", "isCorrect": true, "que_text": "K", "noOfMistakes": "0", "que_id": "HI_S3_CL_1"}, {"recordingName": "HI_S3_CL_5.mp3", "isCorrect": true, "que_text": "W", "noOfMistakes": "0", "que_id": "HI_S3_CL_5"}, {"recordingName": "HI_S3_SL_4.mp3", "isCorrect": true, "que_text": "e", "noOfMistakes": "0", "que_id": "HI_S3_SL_4"}, {"recordingName": "HI_S3_SL_5.mp3", "isCorrect": true, "que_text": "j", "noOfMistakes": "0", "que_id": "HI_S3_SL_5"}, {"recordingName": "HI_S3_SL_1.mp3", "isCorrect": true, "que_text": "p", "noOfMistakes": "0", "que_id": "HI_S3_SL_1"}, {"recordingName": "HI_S3_SL_2.mp3", "isCorrect": true, "que_text": "g", "noOfMistakes": "0", "que_id": "HI_S3_SL_2"}, {"recordingName": "HI_S3_SL_3.mp3", "isCorrect": true, "que_text": "v", "noOfMistakes": "0", "que_id": "HI_S3_SL_3"}, {"recordingName": "HI_S3_W_0.mp3", "isCorrect": true, "que_text": "hen", "noOfMistakes": "1", "que_id": "HI_S3_W_0"}, {"recordingName": "HI_S3_W_4.mp3", "isCorrect": true, "que_text": "fox", "noOfMistakes": "1", "que_id": "HI_S3_W_4"}, {"recordingName": "HI_S3_W_3.mp3", "isCorrect": true, "que_text": "run", "noOfMistakes": "1", "que_id": "HI_S3_W_3"}, {"recordingName": "HI_S3_W_5.mp3", "isCorrect": true, "que_text": "bag", "noOfMistakes": "1", "que_id": "HI_S3_W_5"}, {"recordingName": "HI_S3_W_1.mp3", "isCorrect": false, "que_text": "old", "noOfMistakes": "1", "que_id": "HI_S3_W_1"}], "englishProficiency": "word", "studClass": "3", "date": "Thu Sep 12 17:04:44 GMT+05:30 2019", "mathematicsProficiency": "Subtraction", "deviceID": "683aa7e0e50e7f67", "ageGroup": "7-10 years", "nativeProficiency": "Letter"}