{"englishProficiency": "Small letter", "sequenceList": [{"que_text": "क", "noOfMistakes": "0", "que_id": "MR_S3_L_0", "isCorrect": true, "recordingName": "MR_S3_L_0.mp3"}, {"que_text": "स", "noOfMistakes": "0", "que_id": "MR_S3_L_1", "isCorrect": true, "recordingName": "MR_S3_L_1.mp3"}, {"que_text": "ग", "noOfMistakes": "0", "que_id": "MR_S3_L_2", "isCorrect": true, "recordingName": "MR_S3_L_2.mp3"}, {"que_text": "ल", "noOfMistakes": "0", "que_id": "MR_S3_L_3", "isCorrect": true, "recordingName": "MR_S3_L_3.mp3"}, {"que_text": "न", "noOfMistakes": "0", "que_id": "MR_S3_L_4", "isCorrect": true, "recordingName": "MR_S3_L_4.mp3"}, {"que_text": "लाल", "noOfMistakes": "4", "que_id": "MR_S3_WD_1", "isCorrect": true, "recordingName": "MR_S3_WD_1.mp3"}, {"que_text": "पूर", "noOfMistakes": "4", "que_id": "MR_S3_WD_2", "isCorrect": false, "recordingName": "MR_S3_WD_2.mp3"}, {"que_text": "मुळा", "noOfMistakes": "4", "que_id": "MR_S3_WD_4", "isCorrect": false, "recordingName": "MR_S3_WD_4.mp3"}, {"que_text": "गारा", "noOfMistakes": "4", "que_id": "MR_S3_WD_6", "isCorrect": false, "recordingName": "MR_S3_WD_6.mp3"}, {"que_text": "जोर", "noOfMistakes": "4", "que_id": "MR_S3_WD_7", "isCorrect": false, "recordingName": "MR_S3_WD_7.mp3"}, {"que_text": "C", "noOfMistakes": "0", "que_id": "MR_S3_CL_0", "isCorrect": true, "recordingName": "MR_S3_CL_0.mp3"}, {"que_text": "K", "noOfMistakes": "0", "que_id": "MR_S3_CL_1", "isCorrect": true, "recordingName": "MR_S3_CL_1.mp3"}, {"que_text": "S", "noOfMistakes": "0", "que_id": "MR_S3_CL_2", "isCorrect": true, "recordingName": "MR_S3_CL_2.mp3"}, {"que_text": "Q", "noOfMistakes": "0", "que_id": "MR_S3_CL_3", "isCorrect": true, "recordingName": "MR_S3_CL_3.mp3"}, {"que_text": "F", "noOfMistakes": "0", "que_id": "MR_S3_CL_4", "isCorrect": true, "recordingName": "MR_S3_CL_4.mp3"}, {"que_text": "n", "noOfMistakes": "1", "que_id": "MR_S3_SL_0", "isCorrect": true, "recordingName": "MR_S3_SL_0.mp3"}, {"que_text": "p", "noOfMistakes": "1", "que_id": "MR_S3_SL_1", "isCorrect": true, "recordingName": "MR_S3_SL_1.mp3"}, {"que_text": "g", "noOfMistakes": "1", "que_id": "MR_S3_SL_2", "isCorrect": false, "recordingName": "MR_S3_SL_2.mp3"}, {"que_text": "v", "noOfMistakes": "1", "que_id": "MR_S3_SL_3", "isCorrect": true, "recordingName": "MR_S3_SL_3.mp3"}, {"que_text": "e", "noOfMistakes": "1", "que_id": "MR_S3_SL_4", "isCorrect": true, "recordingName": "MR_S3_SL_4.mp3"}, {"que_text": "day", "noOfMistakes": "5", "que_id": "MR_S3_W_0", "isCorrect": false, "recordingName": "MR_S3_W_0.mp3"}, {"que_text": "old", "noOfMistakes": "5", "que_id": "MR_S3_W_1", "isCorrect": false, "recordingName": "MR_S3_W_1.mp3"}, {"que_text": "sit", "noOfMistakes": "5", "que_id": "MR_S3_W_2", "isCorrect": false, "recordingName": "MR_S3_W_2.mp3"}, {"que_text": "run", "noOfMistakes": "5", "que_id": "MR_S3_W_3", "isCorrect": false, "recordingName": "MR_S3_W_3.mp3"}, {"que_text": "rat", "noOfMistakes": "5", "que_id": "MR_S3_W_4", "isCorrect": false, "recordingName": "MR_S3_W_4.mp3"}], "deviceID": "1468509c97814853", "ageGroup": "5-7 years", "studClass": "1", "nativeProficiency": "Letter", "date": "Wed Sep 04 17:36:29 IST 2019"}