{"englishProficiency": "Small letter", "sequenceList": [{"que_text": "आज रविवार आहे. शाळेला रजा आहे. सगळे मिळून खेळूया. आज खेळायचा दिवस आहे.", "noOfMistakes": "3", "que_id": "MR_S4_P_1", "isCorrect": false, "recordingName": "MR_S4_P_1.mp3"}, {"que_text": "विमान", "noOfMistakes": "2", "que_id": "MR_S4_WD_4", "isCorrect": false, "recordingName": "MR_S4_WD_4.mp3"}, {"que_text": "पाऊस", "noOfMistakes": "2", "que_id": "MR_S4_WD_3", "isCorrect": true, "recordingName": "MR_S4_WD_3.mp3"}, {"que_text": "फेटा", "noOfMistakes": "2", "que_id": "MR_S4_WD_1", "isCorrect": false, "recordingName": "MR_S4_WD_1.mp3"}, {"que_text": "फ", "noOfMistakes": "0", "que_id": "MR_S4_L_4", "isCorrect": true, "recordingName": "MR_S4_L_4.mp3"}, {"que_text": "ण", "noOfMistakes": "0", "que_id": "MR_S4_L_7", "isCorrect": true, "recordingName": "MR_S4_L_7.mp3"}, {"que_text": "ल", "noOfMistakes": "0", "que_id": "MR_S4_L_2", "isCorrect": true, "recordingName": "MR_S4_L_2.mp3"}, {"que_text": "भ", "noOfMistakes": "0", "que_id": "MR_S4_L_6", "isCorrect": true, "recordingName": "MR_S4_L_6.mp3"}, {"que_text": "ग", "noOfMistakes": "0", "que_id": "MR_S4_L_3", "isCorrect": true, "recordingName": "MR_S4_L_3.mp3"}, {"que_text": "G", "noOfMistakes": "0", "que_id": "MR_S4_CL_4", "isCorrect": true, "recordingName": "MR_S4_CL_4.mp3"}, {"que_text": "X", "noOfMistakes": "0", "que_id": "MR_S4_CL_5", "isCorrect": true, "recordingName": "MR_S4_CL_5.mp3"}, {"que_text": "P", "noOfMistakes": "0", "que_id": "MR_S4_CL_6", "isCorrect": true, "recordingName": "MR_S4_CL_6.mp3"}, {"que_text": "K", "noOfMistakes": "0", "que_id": "MR_S4_CL_3", "isCorrect": true, "recordingName": "MR_S4_CL_3.mp3"}, {"que_text": "N", "noOfMistakes": "0", "que_id": "MR_S4_CL_7", "isCorrect": true, "recordingName": "MR_S4_CL_7.mp3"}, {"que_text": "v", "noOfMistakes": "2", "que_id": "MR_S4_SL_4", "isCorrect": false, "recordingName": "MR_S4_SL_4.mp3"}, {"que_text": "i", "noOfMistakes": "2", "que_id": "MR_S4_SL_2", "isCorrect": true, "recordingName": "MR_S4_SL_2.mp3"}, {"que_text": "h", "noOfMistakes": "2", "que_id": "MR_S4_SL_7", "isCorrect": true, "recordingName": "MR_S4_SL_7.mp3"}, {"que_text": "f", "noOfMistakes": "2", "que_id": "MR_S4_SL_1", "isCorrect": false, "recordingName": "MR_S4_SL_1.mp3"}], "deviceID": "2a595d8d0d2c5a1b", "ageGroup": "10-12 years", "studClass": "6", "date": "Sun Sep 08 14:13:15 IST 2019", "nativeProficiency": "Letter"}