{"englishProficiency": "Sentence", "sequenceList": [{"que_text": "A", "noOfMistakes": "0", "que_id": "MR_S1_CL_0", "isCorrect": true, "recordingName": "MR_S1_CL_0.mp3"}, {"que_text": "x", "noOfMistakes": "0", "que_id": "MR_S1_SL_2", "isCorrect": true, "recordingName": "MR_S1_SL_2.mp3"}, {"que_text": "red", "noOfMistakes": "1", "que_id": "MR_S1_W_1", "isCorrect": false, "recordingName": "MR_S1_W_1.mp3"}, {"que_text": "What is the time?", "noOfMistakes": "0", "que_id": "MR_S1_S_0", "isCorrect": true, "recordingName": "MR_S1_S_0.mp3"}], "deviceID": "9af918b18addc224", "ageGroup": "12-15 years", "studClass": "7", "date": "Tue Sep 03 16:55:31 IST 2019", "nativeProficiency": "Letter"}