{"date": "Tue Sep 03 16:55:31 IST 2019", "sequenceList": [{"recordingName": "MR_S1_CL_0.mp3", "isCorrect": true, "que_text": "A", "noOfMistakes": "0", "que_id": "MR_S1_CL_0"}, {"recordingName": "MR_S1_SL_2.mp3", "isCorrect": true, "que_text": "x", "noOfMistakes": "0", "que_id": "MR_S1_SL_2"}, {"recordingName": "MR_S1_W_1.mp3", "isCorrect": false, "que_text": "red", "noOfMistakes": "1", "que_id": "MR_S1_W_1"}, {"recordingName": "MR_S1_S_0.mp3", "isCorrect": true, "que_text": "What is the time?", "noOfMistakes": "0", "que_id": "MR_S1_S_0"}], "englishProficiency": "Sentence", "studClass": "7", "deviceID": "9af918b18addc224", "ageGroup": "12-15 years", "nativeProficiency": "Letter"}