{"sequenceList": [{"recordingName": "MR_S1_P_0.mp3", "isCorrect": true, "que_text": "आज गावाहून मामा आला. मला खाऊ व फुगे घेऊन आला. ताईला बाहुली घेऊन आला. आईला छान साडी आणली.", "noOfMistakes": "200", "que_id": "MR_S1_P_0"}, {"answer": "48", "isCorrect": true, "que_text": "83-34", "noOfMistakes": "1", "que_id": "MR_S1_SB_1"}, {"answer": "12", "isCorrect": false, "que_text": "36-18", "noOfMistakes": "1", "que_id": "MR_S1_SB_4"}, {"recordingName": "MR_S1_W_0.mp3", "isCorrect": true, "que_text": "cat", "noOfMistakes": "2", "que_id": "MR_S1_W_0"}, {"recordingName": "MR_S1_W_4.mp3", "isCorrect": false, "que_text": "fan", "noOfMistakes": "2", "que_id": "MR_S1_W_4"}, {"recordingName": "MR_S1_W_5.mp3", "isCorrect": false, "que_text": "bus", "noOfMistakes": "2", "que_id": "MR_S1_W_5"}], "englishProficiency": "word", "studClass": "8", "date": "Sun Sep 22 12:21:51 GMT+05:30 2019", "mathematicsProficiency": "Subtraction", "deviceID": "2b6c3092d716fb09", "ageGroup": "12-15 years", "nativeProficiency": "Paragraph"}