{"englishProficiency": "Beginner", "sequenceList": [{"que_text": "आज रविवार आहे. शाळेला रजा आहे. तरी आज सकाळी मला लवकर जाग आली.", "noOfMistakes": "200", "que_id": "MR_S1_P_1", "isCorrect": false, "recordingName": "MR_S1_P_1.mp3"}, {"que_text": "बस", "noOfMistakes": "1", "que_id": "MR_S1_WD_1", "isCorrect": false, "recordingName": "MR_S1_WD_1.mp3"}, {"que_text": "य", "noOfMistakes": "3", "que_id": "MR_S1_L_4", "isCorrect": false, "recordingName": "MR_S1_L_4.mp3"}, {"que_text": "द", "noOfMistakes": "3", "que_id": "MR_S1_L_5", "isCorrect": false, "recordingName": "MR_S1_L_5.mp3"}, {"que_text": "ह", "noOfMistakes": "3", "que_id": "MR_S1_L_7", "isCorrect": false, "recordingName": "MR_S1_L_7.mp3"}, {"que_text": "A", "noOfMistakes": "4", "que_id": "MR_S1_CL_0", "isCorrect": true, "recordingName": "MR_S1_CL_0.mp3"}, {"que_text": "E", "noOfMistakes": "4", "que_id": "MR_S1_CL_4", "isCorrect": false, "recordingName": "MR_S1_CL_4.mp3"}, {"que_text": "Y", "noOfMistakes": "4", "que_id": "MR_S1_Cl_5", "isCorrect": false, "recordingName": "MR_S1_Cl_5.mp3"}, {"que_text": "O", "noOfMistakes": "4", "que_id": "MR_S1_CL_7", "isCorrect": false, "recordingName": "MR_S1_CL_7.mp3"}, {"que_text": "J", "noOfMistakes": "4", "que_id": "MH_S1_CL_1", "isCorrect": false, "recordingName": "MH_S1_CL_1.mp3"}], "deviceID": "3ebaa9d14abd9a0f", "ageGroup": "5-7 years", "studClass": "2", "nativeProficiency": "Beginner", "date": "Sun Jul 07 13:01:36 GMT+05:30 2019"}