{"sequenceList": [{"recordingName": "HI_S4_WD_2.mp3", "isCorrect": false, "que_text": "ताला", "noOfMistakes": "1", "que_id": "HI_S4_WD_2"}, {"recordingName": "HI_S4_L_0.mp3", "isCorrect": true, "que_text": "न", "noOfMistakes": "0", "que_id": "HI_S4_L_0"}, {"recordingName": "HI_S4_L_3.mp3", "isCorrect": true, "que_text": "च", "noOfMistakes": "0", "que_id": "HI_S4_L_3"}, {"recordingName": "HI_S4_L_8.mp3", "isCorrect": true, "que_text": "ल", "noOfMistakes": "0", "que_id": "HI_S4_L_8"}, {"recordingName": "HI_S4_L_7.mp3", "isCorrect": true, "que_text": "द", "noOfMistakes": "0", "que_id": "HI_S4_L_7"}, {"recordingName": "HI_S4_L_5.mp3", "isCorrect": true, "que_text": "प", "noOfMistakes": "0", "que_id": "HI_S4_L_5"}, {"recordingName": "HI_S4_SD_0.mp3", "isCorrect": true, "que_text": "5", "noOfMistakes": "2", "que_id": "HI_S4_SD_0"}, {"recordingName": "HI_S4_SD_3.mp3", "isCorrect": true, "que_text": "4", "noOfMistakes": "2", "que_id": "HI_S4_SD_3"}, {"recordingName": "HI_S4_SD_7.mp3", "isCorrect": true, "que_text": "1", "noOfMistakes": "2", "que_id": "HI_S4_SD_7"}, {"recordingName": "HI_S4_SD_5.mp3", "isCorrect": false, "que_text": "9", "noOfMistakes": "2", "que_id": "HI_S4_SD_5"}, {"recordingName": "HI_S4_SD_6.mp3", "isCorrect": false, "que_text": "3", "noOfMistakes": "2", "que_id": "HI_S4_SD_6"}, {"recordingName": "HI_S4_CL_0.mp3", "isCorrect": false, "que_text": "D", "noOfMistakes": "4", "que_id": "HI_S4_CL_0"}, {"recordingName": "HI_S4_CL_3.mp3", "isCorrect": false, "que_text": "K", "noOfMistakes": "4", "que_id": "HI_S4_CL_3"}, {"recordingName": "HI_S4_CL_6.mp3", "isCorrect": false, "que_text": "P", "noOfMistakes": "4", "que_id": "HI_S4_CL_6"}, {"recordingName": "HI_S4_CL_5.mp3", "isCorrect": false, "que_text": "X", "noOfMistakes": "4", "que_id": "HI_S4_CL_5"}], "englishProficiency": "Beginner", "studClass": "2", "date": "Wed Jul 03 15:36:36 GMT+05:30 2019", "mathematicsProficiency": "Beginner", "deviceID": "ebaa26065aba20e5", "ageGroup": "7-10 years", "nativeProficiency": "Letter"}