{"englishProficiency": "word", "sequenceList": [{"que_text": "नीतू के घर में गाय है। उसका रंग सफ़ेद है। गाय हरी घास खाती है। वह बहुत दूध देती है।", "noOfMistakes": "1", "que_id": "HI_S3_P_0", "isCorrect": true, "recordingName": "HI_S3_P_0.mp3"}, {"que_text": "C", "noOfMistakes": "0", "que_id": "HI_S3_CL_0", "isCorrect": true, "recordingName": "HI_S3_CL_0.mp3"}, {"que_text": "Q", "noOfMistakes": "0", "que_id": "HI_S3_CL_3", "isCorrect": true, "recordingName": "HI_S3_CL_3.mp3"}, {"que_text": "F", "noOfMistakes": "0", "que_id": "HI_S3_CL_4", "isCorrect": true, "recordingName": "HI_S3_CL_4.mp3"}, {"que_text": "W", "noOfMistakes": "0", "que_id": "HI_S3_CL_5", "isCorrect": true, "recordingName": "HI_S3_CL_5.mp3"}, {"que_text": "p", "noOfMistakes": "1", "que_id": "HI_S3_SL_1", "isCorrect": true, "recordingName": "HI_S3_SL_1.mp3"}, {"que_text": "e", "noOfMistakes": "1", "que_id": "HI_S3_SL_4", "isCorrect": true, "recordingName": "HI_S3_SL_4.mp3"}, {"que_text": "v", "noOfMistakes": "1", "que_id": "HI_S3_SL_3", "isCorrect": true, "recordingName": "HI_S3_SL_3.mp3"}, {"que_text": "b", "noOfMistakes": "1", "que_id": "HI_S3_SL_7", "isCorrect": false, "recordingName": "HI_S3_SL_7.mp3"}, {"que_text": "n", "noOfMistakes": "1", "que_id": "HI_S3_SL_0", "isCorrect": true, "recordingName": "HI_S3_SL_0.mp3"}, {"que_text": "hen", "noOfMistakes": "0", "que_id": "HI_S3_W_0", "isCorrect": true, "recordingName": "HI_S3_W_0.mp3"}, {"que_text": "fox", "noOfMistakes": "0", "que_id": "HI_S3_W_4", "isCorrect": true, "recordingName": "HI_S3_W_4.mp3"}, {"que_text": "old", "noOfMistakes": "0", "que_id": "HI_S3_W_1", "isCorrect": true, "recordingName": "HI_S3_W_1.mp3"}, {"que_text": "run", "noOfMistakes": "0", "que_id": "HI_S3_W_3", "isCorrect": true, "recordingName": "HI_S3_W_3.mp3"}], "deviceID": "f80dd2f1223bdfc1", "ageGroup": "7-10 years", "studClass": "4", "nativeProficiency": "Paragraph", "date": "Fri Sep 13 12:44:54 IST 2019"}