{"englishProficiency": "word", "sequenceList": [{"que_text": "नीतू के घर में गाय है। उसका रंग सफ़ेद है। गाय हरी घास खाती है। वह बहुत दूध देती है।", "noOfMistakes": "0", "que_id": "HI_S3_P_0", "isCorrect": true, "recordingName": "HI_S3_P_0.mp3"}, {"que_text": "तोता", "noOfMistakes": "0", "que_id": "HI_S3_WD_1", "isCorrect": true, "recordingName": "HI_S3_WD_1.mp3"}, {"que_text": "चूहा", "noOfMistakes": "0", "que_id": "HI_S3_WD_2", "isCorrect": true, "recordingName": "HI_S3_WD_2.mp3"}, {"que_text": "देर", "noOfMistakes": "0", "que_id": "HI_S3_WD_5", "isCorrect": true, "recordingName": "HI_S3_WD_5.mp3"}, {"que_text": "मैना", "noOfMistakes": "0", "que_id": "HI_S3_WD_4", "isCorrect": true, "recordingName": "HI_S3_WD_4.mp3"}, {"que_text": "पीला", "noOfMistakes": "0", "que_id": "HI_S3_WD_7", "isCorrect": true, "recordingName": "HI_S3_WD_7.mp3"}, {"que_text": "O", "noOfMistakes": "0", "que_id": "HI_S3_CL_6", "isCorrect": true, "recordingName": "HI_S3_CL_6.mp3"}, {"que_text": "S", "noOfMistakes": "0", "que_id": "HI_S3_CL_2", "isCorrect": true, "recordingName": "HI_S3_CL_2.mp3"}, {"que_text": "W", "noOfMistakes": "0", "que_id": "HI_S3_CL_5", "isCorrect": true, "recordingName": "HI_S3_CL_5.mp3"}, {"que_text": "K", "noOfMistakes": "0", "que_id": "HI_S3_CL_1", "isCorrect": true, "recordingName": "HI_S3_CL_1.mp3"}, {"que_text": "F", "noOfMistakes": "0", "que_id": "HI_S3_CL_4", "isCorrect": true, "recordingName": "HI_S3_CL_4.mp3"}, {"que_text": "p", "noOfMistakes": "0", "que_id": "HI_S3_SL_1", "isCorrect": true, "recordingName": "HI_S3_SL_1.mp3"}, {"que_text": "g", "noOfMistakes": "0", "que_id": "HI_S3_SL_2", "isCorrect": true, "recordingName": "HI_S3_SL_2.mp3"}, {"que_text": "j", "noOfMistakes": "0", "que_id": "HI_S3_SL_5", "isCorrect": true, "recordingName": "HI_S3_SL_5.mp3"}, {"que_text": "e", "noOfMistakes": "0", "que_id": "HI_S3_SL_4", "isCorrect": true, "recordingName": "HI_S3_SL_4.mp3"}, {"que_text": "b", "noOfMistakes": "0", "que_id": "HI_S3_SL_7", "isCorrect": true, "recordingName": "HI_S3_SL_7.mp3"}, {"que_text": "fox", "noOfMistakes": "0", "que_id": "HI_S3_W_4", "isCorrect": true, "recordingName": "HI_S3_W_4.mp3"}, {"que_text": "sit", "noOfMistakes": "0", "que_id": "HI_S3_W_2", "isCorrect": true, "recordingName": "HI_S3_W_2.mp3"}, {"que_text": "bag", "noOfMistakes": "0", "que_id": "HI_S3_W_5", "isCorrect": true, "recordingName": "HI_S3_W_5.mp3"}, {"que_text": "old", "noOfMistakes": "0", "que_id": "HI_S3_W_1", "isCorrect": true, "recordingName": "HI_S3_W_1.mp3"}, {"que_text": "hen", "noOfMistakes": "0", "que_id": "HI_S3_W_0", "isCorrect": true, "recordingName": "HI_S3_W_0.mp3"}, {"que_text": "Where is your house?", "noOfMistakes": "4", "que_id": "HI_S3_S_0", "isCorrect": false, "recordingName": "HI_S3_S_0.mp3"}, {"que_text": "This is a big bus.", "noOfMistakes": "2", "que_id": "HI_S3_S_1", "isCorrect": false, "recordingName": "HI_S3_S_1.mp3"}, {"que_text": "I like to sing.", "noOfMistakes": "2", "que_id": "HI_S3_S_2", "isCorrect": false, "recordingName": "HI_S3_S_2.mp3"}, {"que_text": "I have a fat cat.", "noOfMistakes": "2", "que_id": "HI_S3_S_3", "isCorrect": false, "recordingName": "HI_S3_S_3.mp3"}], "deviceID": "c66208a6b7100eb2", "ageGroup": "7-10 years", "studClass": "3", "nativeProficiency": "Word", "date": "Thu Jul 04 18:20:26 IST 2019"}