{"englishProficiency": "Beginner", "sequenceList": [{"que_text": " राधा के पास एक तोता है। उसकी चोंच लाल है। वह बहुत बोलता है। सब को हँसाता है।", "noOfMistakes": "200", "que_id": "HI_S1_P_0", "isCorrect": false, "recordingName": "HI_S1_P_0.mp3"}, {"que_text": "गाना", "noOfMistakes": "3", "que_id": "HI_S1_WD_0", "isCorrect": false, "recordingName": "HI_S1_WD_0.mp3"}, {"que_text": "खुश", "noOfMistakes": "3", "que_id": "HI_S1_WD_1", "isCorrect": false, "recordingName": "HI_S1_WD_1.mp3"}, {"que_text": "मोती", "noOfMistakes": "3", "que_id": "HI_S1_WD_2", "isCorrect": false, "recordingName": "HI_S1_WD_2.mp3"}, {"que_text": "म", "noOfMistakes": "1", "que_id": "HI_S1_L_0", "isCorrect": true, "recordingName": "HI_S1_L_0.mp3"}, {"que_text": "र", "noOfMistakes": "1", "que_id": "HI_S1_L_1", "isCorrect": true, "recordingName": "HI_S1_L_1.mp3"}, {"que_text": "थ", "noOfMistakes": "1", "que_id": "HI_S1_L_2", "isCorrect": true, "recordingName": "HI_S1_L_2.mp3"}, {"que_text": "ह", "noOfMistakes": "1", "que_id": "HI_S1_L_3", "isCorrect": false, "recordingName": "HI_S1_L_3.mp3"}, {"que_text": "ल", "noOfMistakes": "1", "que_id": "HI_S1_L_5", "isCorrect": true, "recordingName": "HI_S1_L_5.mp3"}, {"que_text": "A", "noOfMistakes": "3", "que_id": "HI_S1_CL_0", "isCorrect": true, "recordingName": "HI_S1_CL_0.mp3"}, {"que_text": "J", "noOfMistakes": "3", "que_id": "HI_S1_CL_1", "isCorrect": false, "recordingName": "HI_S1_CL_1.mp3"}, {"que_text": "R", "noOfMistakes": "3", "que_id": "HI_S1_CL_3", "isCorrect": false, "recordingName": "HI_S1_CL_3.mp3"}, {"que_text": "E", "noOfMistakes": "3", "que_id": "HI_S1_CL_4", "isCorrect": true, "recordingName": "HI_S1_CL_4.mp3"}, {"que_text": "O", "noOfMistakes": "3", "que_id": "HI_S1_CL_7", "isCorrect": false, "recordingName": "HI_S1_CL_7.mp3"}], "deviceID": "6f25fd7d695cd215", "ageGroup": "7-10 years", "studClass": "3", "nativeProficiency": "Letter", "date": "Tue Sep 10 16:36:05 IST 2019"}