{"date": "Tue Sep 03 11:56:58 IST 2019", "sequenceList": [{"recordingName": "MR_S1_P_0.mp3", "isCorrect": false, "que_text": "आज गावाहून मामा आला. मला खाऊ व फुगे घेऊन आला. ताईला बाहुली घेऊन आला. आईला छान साडी आणली.", "noOfMistakes": "200", "que_id": "MR_S1_P_0"}], "studClass": "5", "deviceID": "7b46251fd9e69d80", "ageGroup": "10-12 years", "nativeProficiency": "Word"}