{"sequenceList": [{"recordingName": "MR_S1_P_0.mp3", "isCorrect": false, "que_text": "आज गावाहून मामा आला. मला खाऊ व फुगे घेऊन आला. ताईला बाहुली घेऊन आला. आईला छान साडी आणली.", "noOfMistakes": "200", "que_id": "MR_S1_P_0"}, {"recordingName": "MR_S1_WD_1.mp3", "isCorrect": true, "que_text": "बस", "noOfMistakes": "2", "que_id": "MR_S1_WD_1"}, {"recordingName": "HI_S1_WD_4.mp3", "isCorrect": true, "que_text": "दिवा", "noOfMistakes": "2", "que_id": "HI_S1_WD_4"}, {"recordingName": "HI_S1_WD_5.mp3", "isCorrect": false, "que_text": "मोती", "noOfMistakes": "2", "que_id": "HI_S1_WD_5"}, {"recordingName": "MR_S1_WD_0.mp3", "isCorrect": false, "que_text": "समई", "noOfMistakes": "2", "que_id": "MR_S1_WD_0"}, {"recordingName": "MR_S1_L_0.mp3", "isCorrect": true, "que_text": "श", "noOfMistakes": "0", "que_id": "MR_S1_L_0"}, {"recordingName": "MR_S1_L_4.mp3", "isCorrect": true, "que_text": "य", "noOfMistakes": "0", "que_id": "MR_S1_L_4"}, {"recordingName": "MR_S1_L_5.mp3", "isCorrect": true, "que_text": "द", "noOfMistakes": "0", "que_id": "MR_S1_L_5"}, {"recordingName": "MR_S1_L_3.mp3", "isCorrect": true, "que_text": "ड", "noOfMistakes": "0", "que_id": "MR_S1_L_3"}, {"recordingName": "MR_S1_L_7.mp3", "isCorrect": true, "que_text": "ह", "noOfMistakes": "0", "que_id": "MR_S1_L_7"}, {"recordingName": "MR_S1_DD_4.mp3", "isCorrect": true, "que_text": "34", "noOfMistakes": "1", "que_id": "MR_S1_DD_4"}, {"recordingName": "MR_S1_DD_3.mp3", "isCorrect": true, "que_text": "99", "noOfMistakes": "1", "que_id": "MR_S1_DD_3"}, {"recordingName": "MR_S1_DD_5.mp3", "isCorrect": true, "que_text": "61", "noOfMistakes": "1", "que_id": "MR_S1_DD_5"}, {"recordingName": "MR_S1_DD_2.mp3", "isCorrect": true, "que_text": "69", "noOfMistakes": "1", "que_id": "MR_S1_DD_2"}, {"recordingName": "MR_S1_DD_8.mp3", "isCorrect": false, "que_text": "25", "noOfMistakes": "1", "que_id": "MR_S1_DD_8"}, {"recordingName": "MR_S1_CL_0.mp3", "isCorrect": true, "que_text": "A", "noOfMistakes": "3", "que_id": "MR_S1_CL_0"}, {"recordingName": "MR_S1_CL_4.mp3", "isCorrect": false, "que_text": "E", "noOfMistakes": "3", "que_id": "MR_S1_CL_4"}, {"recordingName": "MR_S1_Cl_5.mp3", "isCorrect": false, "que_text": "Y", "noOfMistakes": "3", "que_id": "MR_S1_Cl_5"}, {"recordingName": "MR_S1_CL_3.mp3", "isCorrect": false, "que_text": "R", "noOfMistakes": "3", "que_id": "MR_S1_CL_3"}], "englishProficiency": "Beginner", "studClass": "5", "date": "Fri Aug 02 17:31:58 GMT+05:30 2019", "mathematicsProficiency": "Double digit", "deviceID": "3ebaa9d14abd9a0f", "ageGroup": "10-12 years", "nativeProficiency": "Letter"}