{"englishProficiency": "Small letter", "sequenceList": [{"que_text": "श", "noOfMistakes": "0", "que_id": "HI_S1_L_4", "isCorrect": true, "recordingName": "HI_S1_L_4.mp3"}, {"que_text": "र", "noOfMistakes": "0", "que_id": "HI_S1_L_1", "isCorrect": true, "recordingName": "HI_S1_L_1.mp3"}, {"que_text": "क", "noOfMistakes": "0", "que_id": "HI_S1_L_8", "isCorrect": true, "recordingName": "HI_S1_L_8.mp3"}, {"que_text": "न", "noOfMistakes": "0", "que_id": "HI_S1_L_7", "isCorrect": true, "recordingName": "HI_S1_L_7.mp3"}, {"que_text": "ह", "noOfMistakes": "0", "que_id": "HI_S1_L_3", "isCorrect": true, "recordingName": "HI_S1_L_3.mp3"}, {"que_text": "J", "noOfMistakes": "0", "que_id": "HI_S1_CL_1", "isCorrect": true, "recordingName": "HI_S1_CL_1.mp3"}, {"que_text": "E", "noOfMistakes": "0", "que_id": "HI_S1_CL_4", "isCorrect": true, "recordingName": "HI_S1_CL_4.mp3"}, {"que_text": "R", "noOfMistakes": "0", "que_id": "HI_S1_CL_3", "isCorrect": true, "recordingName": "HI_S1_CL_3.mp3"}, {"que_text": "Q", "noOfMistakes": "0", "que_id": "HI_S1_CL_2", "isCorrect": true, "recordingName": "HI_S1_CL_2.mp3"}, {"que_text": "Y", "noOfMistakes": "0", "que_id": "HI_S1_CL_5", "isCorrect": true, "recordingName": "HI_S1_CL_5.mp3"}, {"que_text": "p", "noOfMistakes": "0", "que_id": "HI_S1_SL_1", "isCorrect": true, "recordingName": "HI_S1_SL_1.mp3"}, {"que_text": "m", "noOfMistakes": "0", "que_id": "HI_S1_SL_4", "isCorrect": true, "recordingName": "HI_S1_SL_4.mp3"}, {"que_text": "u", "noOfMistakes": "0", "que_id": "HI_S1_SL_3", "isCorrect": true, "recordingName": "HI_S1_SL_3.mp3"}, {"que_text": "x", "noOfMistakes": "0", "que_id": "HI_S1_SL_2", "isCorrect": true, "recordingName": "HI_S1_SL_2.mp3"}, {"que_text": "d", "noOfMistakes": "0", "que_id": "HI_S1_SL_5", "isCorrect": true, "recordingName": "HI_S1_SL_5.mp3"}], "deviceID": "6e525a9711d8a22a", "ageGroup": "7-10 years", "studClass": "2", "nativeProficiency": "Letter", "date": "Thu Sep 19 15:43:19 IST 2019"}