{"englishProficiency": "Capital letter", "sequenceList": [{"que_text": "आज रविवार आहे. शाळेला रजा आहे. सगळे मिळून खेळूया. आज खेळायचा दिवस आहे.", "noOfMistakes": "200", "que_id": "MR_S4_P_1", "isCorrect": false, "recordingName": "MR_S4_P_1.mp3"}, {"que_text": "विमान", "noOfMistakes": "0", "que_id": "MR_S4_WD_4", "isCorrect": true, "recordingName": "MR_S4_WD_4.mp3"}, {"que_text": "पोरी", "noOfMistakes": "0", "que_id": "MR_S4_WD_6", "isCorrect": true, "recordingName": "MR_S4_WD_6.mp3"}, {"que_text": "पूर", "noOfMistakes": "0", "que_id": "MR_S4_WD_8", "isCorrect": true, "recordingName": "MR_S4_WD_8.mp3"}, {"que_text": "केळे", "noOfMistakes": "0", "que_id": "MR_S4_WD_7", "isCorrect": true, "recordingName": "MR_S4_WD_7.mp3"}, {"que_text": "लाल", "noOfMistakes": "0", "que_id": "MR_S4_WD_5", "isCorrect": true, "recordingName": "MR_S4_WD_5.mp3"}, {"que_text": "L", "noOfMistakes": "1", "que_id": "MR_S4_CL_1", "isCorrect": false, "recordingName": "MR_S4_CL_1.mp3"}, {"que_text": "G", "noOfMistakes": "1", "que_id": "MR_S4_CL_4", "isCorrect": true, "recordingName": "MR_S4_CL_4.mp3"}, {"que_text": "N", "noOfMistakes": "1", "que_id": "MR_S4_CL_7", "isCorrect": true, "recordingName": "MR_S4_CL_7.mp3"}, {"que_text": "K", "noOfMistakes": "1", "que_id": "MR_S4_CL_3", "isCorrect": true, "recordingName": "MR_S4_CL_3.mp3"}, {"que_text": "P", "noOfMistakes": "1", "que_id": "MR_S4_CL_6", "isCorrect": true, "recordingName": "MR_S4_CL_6.mp3"}, {"que_text": "f", "noOfMistakes": "2", "que_id": "MR_S4_SL_1", "isCorrect": false, "recordingName": "MR_S4_SL_1.mp3"}, {"que_text": "s", "noOfMistakes": "2", "que_id": "MR_S4_SL_3", "isCorrect": true, "recordingName": "MR_S4_SL_3.mp3"}, {"que_text": "h", "noOfMistakes": "2", "que_id": "MR_S4_SL_7", "isCorrect": false, "recordingName": "MR_S4_SL_7.mp3"}, {"que_text": "y", "noOfMistakes": "2", "que_id": "MR_S4_SL_0", "isCorrect": true, "recordingName": "MR_S4_SL_0.mp3"}, {"que_text": "i", "noOfMistakes": "2", "que_id": "MR_S4_SL_2", "isCorrect": true, "recordingName": "MR_S4_SL_2.mp3"}], "deviceID": "3ebaa9d14abd9a0f", "ageGroup": "7-10 years", "studClass": "4", "nativeProficiency": "Word", "date": "Mon Jul 22 13:00:34 GMT+05:30 2019"}