{"englishProficiency": "Sentence", "sequenceList": [{"que_text": "काले बादल छाए हैं। तेज़ बारिश हो रही है। मोर भी नाच रहा है। सब नाच देख रहे हैं।", "noOfMistakes": "1", "que_id": "HI_S3_P_1", "isCorrect": true, "recordingName": "HI_S3_P_1.mp3"}, {"que_text": "विमला और अजय मेला देखने गये। उन्हें मेले में तरह-तरह की दुकाने दिखीं। मेले में बहुत झूले थे। वहाँ गरम-गरम हलवा और जलेबियाँ भी बिक रहीं थीं। जलेबी देखकर दोनों के मुँह में पानी आने लगा। उन्हें जलेबी खाने का मन हुआ। विमला ने जलेबी खरीदी। दोनों दोस्तों ने मिलकर जलेबी खाई। शाम को दोनों घर लौट आये।", "noOfMistakes": "4", "que_id": "HI_S3_ST_0", "isCorrect": true, "recordingName": "HI_S3_ST_0.mp3"}, {"que_text": "C", "noOfMistakes": "0", "que_id": "HI_S3_CL_0", "isCorrect": true, "recordingName": "HI_S3_CL_0.mp3"}, {"que_text": "S", "noOfMistakes": "0", "que_id": "HI_S3_CL_2", "isCorrect": true, "recordingName": "HI_S3_CL_2.mp3"}, {"que_text": "W", "noOfMistakes": "0", "que_id": "HI_S3_CL_5", "isCorrect": true, "recordingName": "HI_S3_CL_5.mp3"}, {"que_text": "F", "noOfMistakes": "0", "que_id": "HI_S3_CL_4", "isCorrect": true, "recordingName": "HI_S3_CL_4.mp3"}, {"que_text": "Z", "noOfMistakes": "0", "que_id": "HI_S3_CL_7", "isCorrect": true, "recordingName": "HI_S3_CL_7.mp3"}, {"que_text": "n", "noOfMistakes": "0", "que_id": "HI_S3_SL_0", "isCorrect": true, "recordingName": "HI_S3_SL_0.mp3"}, {"que_text": "b", "noOfMistakes": "0", "que_id": "HI_S3_SL_7", "isCorrect": true, "recordingName": "HI_S3_SL_7.mp3"}, {"que_text": "r", "noOfMistakes": "0", "que_id": "HI_S3_SL_6", "isCorrect": true, "recordingName": "HI_S3_SL_6.mp3"}, {"que_text": "v", "noOfMistakes": "0", "que_id": "HI_S3_SL_3", "isCorrect": true, "recordingName": "HI_S3_SL_3.mp3"}, {"que_text": "j", "noOfMistakes": "0", "que_id": "HI_S3_SL_5", "isCorrect": true, "recordingName": "HI_S3_SL_5.mp3"}, {"que_text": "run", "noOfMistakes": "1", "que_id": "HI_S3_W_3", "isCorrect": true, "recordingName": "HI_S3_W_3.mp3"}, {"que_text": "fox", "noOfMistakes": "1", "que_id": "HI_S3_W_4", "isCorrect": false, "recordingName": "HI_S3_W_4.mp3"}, {"que_text": "bag", "noOfMistakes": "1", "que_id": "HI_S3_W_5", "isCorrect": true, "recordingName": "HI_S3_W_5.mp3"}, {"que_text": "old", "noOfMistakes": "1", "que_id": "HI_S3_W_1", "isCorrect": true, "recordingName": "HI_S3_W_1.mp3"}, {"que_text": "sit", "noOfMistakes": "1", "que_id": "HI_S3_W_2", "isCorrect": true, "recordingName": "HI_S3_W_2.mp3"}, {"que_text": "I have a fat cat.", "noOfMistakes": "0", "que_id": "HI_S3_S_3", "isCorrect": true, "recordingName": "HI_S3_S_3.mp3"}, {"que_text": "I like to sing.", "noOfMistakes": "200", "que_id": "HI_S3_S_2", "isCorrect": false, "recordingName": "HI_S3_S_2.mp3"}, {"que_text": "This is a big bus.", "noOfMistakes": "0", "que_id": "HI_S3_S_1", "isCorrect": true, "recordingName": "HI_S3_S_1.mp3"}, {"que_text": "Where is your house?", "noOfMistakes": "200", "que_id": "HI_S3_S_0", "isCorrect": false, "recordingName": "HI_S3_S_0.mp3"}], "deviceID": "b63c09ad0db55307", "ageGroup": "10-12 years", "studClass": "5", "nativeProficiency": "Story", "date": "Sun Sep 08 16:13:06 IST 2019"}