{"englishProficiency": "Capital letter", "sequenceList": [{"que_text": "बग़ीचे में पेड़ हैं। पेड़ पर एक तोता रहता है। तोते का रंग हरा है। वह लाल टमाटर खाता है।", "noOfMistakes": "200", "que_id": "HI_S4_P_0", "isCorrect": false, "recordingName": "HI_S4_P_0.mp3"}, {"que_text": "आग", "noOfMistakes": "1", "que_id": "HI_S4_WD_0", "isCorrect": false, "recordingName": "HI_S4_WD_0.mp3"}, {"que_text": "न", "noOfMistakes": "4", "que_id": "HI_S4_L_0", "isCorrect": false, "recordingName": "HI_S4_L_0.mp3"}, {"que_text": "र", "noOfMistakes": "4", "que_id": "HI_S4_L_1", "isCorrect": false, "recordingName": "HI_S4_L_1.mp3"}, {"que_text": "प", "noOfMistakes": "4", "que_id": "HI_S4_L_5", "isCorrect": false, "recordingName": "HI_S4_L_5.mp3"}, {"que_text": "द", "noOfMistakes": "4", "que_id": "HI_S4_L_7", "isCorrect": false, "recordingName": "HI_S4_L_7.mp3"}, {"que_text": "ग", "noOfMistakes": "4", "que_id": "HI_S4_L_6", "isCorrect": true, "recordingName": "HI_S4_L_6.mp3"}, {"que_text": "D", "noOfMistakes": "1", "que_id": "HI_S4_CL_0", "isCorrect": true, "recordingName": "HI_S4_CL_0.mp3"}, {"que_text": "L", "noOfMistakes": "1", "que_id": "HI_S4_CL_1", "isCorrect": true, "recordingName": "HI_S4_CL_1.mp3"}, {"que_text": "X", "noOfMistakes": "1", "que_id": "HI_S4_CL_5", "isCorrect": true, "recordingName": "HI_S4_CL_5.mp3"}, {"que_text": "G", "noOfMistakes": "1", "que_id": "HI_S4_CL_4", "isCorrect": true, "recordingName": "HI_S4_CL_4.mp3"}, {"que_text": "N", "noOfMistakes": "1", "que_id": "HI_S4_CL_7", "isCorrect": false, "recordingName": "HI_S4_CL_7.mp3"}, {"que_text": "y", "noOfMistakes": "5", "que_id": "HI_S4_SL_0", "isCorrect": false, "recordingName": "HI_S4_SL_0.mp3"}, {"que_text": "f", "noOfMistakes": "5", "que_id": "HI_S4_SL_1", "isCorrect": false, "recordingName": "HI_S4_SL_1.mp3"}, {"que_text": "m", "noOfMistakes": "5", "que_id": "HI_S4_SL_5", "isCorrect": false, "recordingName": "HI_S4_SL_5.mp3"}, {"que_text": "h", "noOfMistakes": "5", "que_id": "HI_S4_SL_7", "isCorrect": false, "recordingName": "HI_S4_SL_7.mp3"}, {"que_text": "v", "noOfMistakes": "5", "que_id": "HI_S4_SL_4", "isCorrect": false, "recordingName": "HI_S4_SL_4.mp3"}], "deviceID": "899077f02e9986ec", "ageGroup": "5-7 years", "studClass": "3", "nativeProficiency": "Beginner", "date": "Tue Sep 10 14:57:15 IST 2019"}