{"sequenceList": [{"recordingName": "MR_S2_P_1.mp3", "isCorrect": false, "que_text": "पावसाळा सुरु झाला. आईने नवी तुळस लावली. तुळस भरभर वाढली. छान दिसू लागली.", "noOfMistakes": "200", "que_id": "MR_S2_P_1"}, {"recordingName": "MR_S2_WD_1.mp3", "isCorrect": true, "que_text": "पतंग", "noOfMistakes": "0", "que_id": "MR_S2_WD_1"}, {"recordingName": "MR_S2_WD_4.mp3", "isCorrect": true, "que_text": "रवी", "noOfMistakes": "0", "que_id": "MR_S2_WD_4"}, {"recordingName": "MR_S2_WD_0.mp3", "isCorrect": true, "que_text": "खडू", "noOfMistakes": "0", "que_id": "MR_S2_WD_0"}, {"recordingName": "MR_S2_WD_5.mp3", "isCorrect": true, "que_text": "भाजी", "noOfMistakes": "0", "que_id": "MR_S2_WD_5"}, {"recordingName": "MR_S2_WD_8.mp3", "isCorrect": true, "que_text": "कळी", "noOfMistakes": "0", "que_id": "MR_S2_WD_8"}, {"recordingName": "MR_S2_DD_1.mp3", "isCorrect": true, "que_text": "58", "noOfMistakes": "0", "que_id": "MR_S2_DD_1"}, {"recordingName": "MR_S2_DD_4.mp3", "isCorrect": true, "que_text": "34", "noOfMistakes": "0", "que_id": "MR_S2_DD_4"}, {"recordingName": "MR_S2_DD_5.mp3", "isCorrect": true, "que_text": "61", "noOfMistakes": "0", "que_id": "MR_S2_DD_5"}, {"recordingName": "MR_S2_DD_3.mp3", "isCorrect": true, "que_text": "99", "noOfMistakes": "0", "que_id": "MR_S2_DD_3"}, {"recordingName": "MR_S2_DD_7.mp3", "isCorrect": true, "que_text": "84", "noOfMistakes": "0", "que_id": "MR_S2_DD_7"}, {"recordingName": "MR_S2_CL_1.mp3", "isCorrect": true, "que_text": "H", "noOfMistakes": "0", "que_id": "MR_S2_CL_1"}, {"recordingName": "MR_S2_CL_4.mp3", "isCorrect": true, "que_text": "V", "noOfMistakes": "0", "que_id": "MR_S2_CL_4"}, {"recordingName": "MR_S2_CL_7.mp3", "isCorrect": true, "que_text": "F", "noOfMistakes": "0", "que_id": "MR_S2_CL_7"}, {"recordingName": "MR_S2_CL_3.mp3", "isCorrect": true, "que_text": "L", "noOfMistakes": "0", "que_id": "MR_S2_CL_3"}, {"recordingName": "MR_S2_CL_5.mp3", "isCorrect": true, "que_text": "M", "noOfMistakes": "0", "que_id": "MR_S2_CL_5"}, {"recordingName": "MR_S2_SL_0.mp3", "isCorrect": true, "que_text": "z", "noOfMistakes": "0", "que_id": "MR_S2_SL_0"}, {"recordingName": "MR_S2_SL_1.mp3", "isCorrect": true, "que_text": "j", "noOfMistakes": "0", "que_id": "MR_S2_SL_1"}, {"recordingName": "MR_S2_SL_5.mp3", "isCorrect": true, "que_text": "u", "noOfMistakes": "0", "que_id": "MR_S2_SL_5"}, {"recordingName": "MR_S2_SL_4.mp3", "isCorrect": true, "que_text": "g", "noOfMistakes": "0", "que_id": "MR_S2_SL_4"}, {"recordingName": "MR_S2_SL_3.mp3", "isCorrect": true, "que_text": "w", "noOfMistakes": "0", "que_id": "MR_S2_SL_3"}, {"recordingName": "MR_S2_W_0.mp3", "isCorrect": true, "que_text": "cow", "noOfMistakes": "0", "que_id": "MR_S2_W_0"}, {"recordingName": "MR_S2_W_4.mp3", "isCorrect": true, "que_text": "man", "noOfMistakes": "0", "que_id": "MR_S2_W_4"}, {"recordingName": "MR_S2_W_3.mp3", "isCorrect": true, "que_text": "hat", "noOfMistakes": "0", "que_id": "MR_S2_W_3"}, {"recordingName": "MR_S2_W_2.mp3", "isCorrect": true, "que_text": "big", "noOfMistakes": "0", "que_id": "MR_S2_W_2"}, {"recordingName": "MR_S2_W_1.mp3", "isCorrect": true, "que_text": "wet", "noOfMistakes": "0", "que_id": "MR_S2_W_1"}, {"recordingName": "MR_S2_S_0.mp3", "isCorrect": false, "que_text": "Where is your house?", "noOfMistakes": "200", "que_id": "MR_S2_S_0"}], "englishProficiency": "word", "studClass": "2", "date": "Fri Aug 02 17:04:53 GMT+05:30 2019", "mathematicsProficiency": "Double digit", "deviceID": "3ebaa9d14abd9a0f", "ageGroup": "5-7 years", "nativeProficiency": "Word"}