{"sequenceList": [{"recordingName": "HI_S3_P_0.mp3", "isCorrect": true, "que_text": "नीतू के घर में गाय है। उसका रंग सफ़ेद है। गाय हरी घास खाती है। वह बहुत दूध देती है।", "noOfMistakes": "1", "que_id": "HI_S3_P_0"}, {"answer": "27", "isCorrect": true, "que_text": "56 - 29", "noOfMistakes": "0", "que_id": "HI_S3_SB_0"}, {"answer": "25", "isCorrect": true, "que_text": "64 - 39", "noOfMistakes": "0", "que_id": "HI_S3_SB_1"}, {"recordingName": "HI_S3_S_0.mp3", "isCorrect": true, "que_text": "Where is your house?", "noOfMistakes": "0", "que_id": "HI_S3_S_0"}], "englishProficiency": "Sentence", "studClass": "7", "date": "Tue Sep 17 16:52:27 GMT+05:30 2019", "mathematicsProficiency": "Division", "deviceID": "1ed21de3dcb4d468", "ageGroup": "12-15 years", "nativeProficiency": "Paragraph"}