{"englishProficiency": "Sentence", "sequenceList": [{"que_text": "नीतू के घर में गाय है। उसका रंग सफ़ेद है। गाय हरी घास खाती है। वह बहुत दूध देती है।", "noOfMistakes": "1", "que_id": "HI_S3_P_0", "isCorrect": true, "recordingName": "HI_S3_P_0.mp3"}, {"que_text": "Where is your house?", "noOfMistakes": "0", "que_id": "HI_S3_S_0", "isCorrect": true, "recordingName": "HI_S3_S_0.mp3"}], "deviceID": "1ed21de3dcb4d468", "ageGroup": "12-15 years", "studClass": "7", "nativeProficiency": "Paragraph", "date": "Tue Sep 17 16:52:27 GMT+05:30 2019"}