{"englishProficiency": "Small letter", "sequenceList": [{"que_text": "फुगेवाला आला. लाल, निळे, फुगे आणले. मुलांनी फुगे घेतले. हातातून ते सुटून गेले.", "noOfMistakes": "200", "que_id": "MR_S3_P_0", "isCorrect": false, "recordingName": "MR_S3_P_0.mp3"}, {"que_text": "लाल", "noOfMistakes": "2", "que_id": "MR_S3_WD_1", "isCorrect": false, "recordingName": "MR_S3_WD_1.mp3"}, {"que_text": "फेटा", "noOfMistakes": "2", "que_id": "MR_S3_WD_3", "isCorrect": false, "recordingName": "MR_S3_WD_3.mp3"}, {"que_text": "ल", "noOfMistakes": "0", "que_id": "MH_S3_L_3", "isCorrect": true, "recordingName": "MH_S3_L_3.mp3"}, {"que_text": "न", "noOfMistakes": "0", "que_id": "MH_S3_L_4", "isCorrect": true, "recordingName": "MH_S3_L_4.mp3"}, {"que_text": "स", "noOfMistakes": "0", "que_id": "MH_S3_L_1", "isCorrect": true, "recordingName": "MH_S3_L_1.mp3"}, {"que_text": "द", "noOfMistakes": "0", "que_id": "MH_S3_L_5", "isCorrect": true, "recordingName": "MH_S3_L_5.mp3"}, {"que_text": "र", "noOfMistakes": "0", "que_id": "MH_S3_L_7", "isCorrect": true, "recordingName": "MH_S3_L_7.mp3"}, {"que_text": "K", "noOfMistakes": "0", "que_id": "MR_S3_CL_1", "isCorrect": true, "recordingName": "MR_S3_CL_1.mp3"}, {"que_text": "S", "noOfMistakes": "0", "que_id": "MR_S3_CL_2", "isCorrect": true, "recordingName": "MR_S3_CL_2.mp3"}, {"que_text": "W", "noOfMistakes": "0", "que_id": "MR_S3_CL_5", "isCorrect": true, "recordingName": "MR_S3_CL_5.mp3"}, {"que_text": "P", "noOfMistakes": "0", "que_id": "MR_S3_CL_7", "isCorrect": true, "recordingName": "MR_S3_CL_7.mp3"}, {"que_text": "O", "noOfMistakes": "0", "que_id": "MR_S3_CL_6", "isCorrect": true, "recordingName": "MR_S3_CL_6.mp3"}, {"que_text": "p", "noOfMistakes": "1", "que_id": "MR_S3_SL_1", "isCorrect": true, "recordingName": "MR_S3_SL_1.mp3"}, {"que_text": "g", "noOfMistakes": "1", "que_id": "MR_S3_SL_2", "isCorrect": true, "recordingName": "MR_S3_SL_2.mp3"}, {"que_text": "b", "noOfMistakes": "1", "que_id": "MR_S3_SL_7", "isCorrect": true, "recordingName": "MR_S3_SL_7.mp3"}, {"que_text": "v", "noOfMistakes": "1", "que_id": "MR_S3_SL_3", "isCorrect": true, "recordingName": "MR_S3_SL_3.mp3"}, {"que_text": "e", "noOfMistakes": "1", "que_id": "MR_S3_SL_4", "isCorrect": false, "recordingName": "MR_S3_SL_4.mp3"}, {"que_text": "old", "noOfMistakes": "2", "que_id": "MR_S3_W_1", "isCorrect": false, "recordingName": "MR_S3_W_1.mp3"}, {"que_text": "rat", "noOfMistakes": "2", "que_id": "MR_S3_W_4", "isCorrect": false, "recordingName": "MR_S3_W_4.mp3"}], "deviceID": "3ebaa9d14abd9a0f", "ageGroup": "5-7 years", "studClass": "1", "nativeProficiency": "Letter", "date": "Thu Jul 11 17:26:38 GMT+05:30 2019"}