{"englishProficiency": "word", "sequenceList": [{"que_text": "ख", "noOfMistakes": "0", "que_id": "MR_S4_L_0", "isCorrect": true, "recordingName": "MR_S4_L_0.mp3"}, {"que_text": "ब", "noOfMistakes": "0", "que_id": "MR_S4_L_1", "isCorrect": true, "recordingName": "MR_S4_L_1.mp3"}, {"que_text": "फ", "noOfMistakes": "0", "que_id": "MR_S4_L_4", "isCorrect": true, "recordingName": "MR_S4_L_4.mp3"}, {"que_text": "सैल", "noOfMistakes": "1", "que_id": "MR_S4_WD_0", "isCorrect": true, "recordingName": "MR_S4_WD_0.mp3"}, {"que_text": "फेटा", "noOfMistakes": "1", "que_id": "MR_S4_WD_1", "isCorrect": false, "recordingName": "MR_S4_WD_1.mp3"}, {"que_text": "गीता बागेत आली. तिकडे तिला मंजू भेटली. दोघींनी जोरात झोका घेतला. आज खूपच मजा आली.", "noOfMistakes": "200", "que_id": "MR_S4_P_0", "isCorrect": true, "recordingName": "MR_S4_P_0.mp3"}, {"que_text": "D", "noOfMistakes": "0", "que_id": "MR_S4_CL_0", "isCorrect": true, "recordingName": "MR_S4_CL_0.mp3"}, {"que_text": "L", "noOfMistakes": "0", "que_id": "MR_S4_CL_1", "isCorrect": true, "recordingName": "MR_S4_CL_1.mp3"}, {"que_text": "G", "noOfMistakes": "0", "que_id": "MR_S4_CL_4", "isCorrect": true, "recordingName": "MR_S4_CL_4.mp3"}, {"que_text": "y", "noOfMistakes": "0", "que_id": "MR_S4_SL_0", "isCorrect": true, "recordingName": "MR_S4_SL_0.mp3"}, {"que_text": "h", "noOfMistakes": "0", "que_id": "MR_S4_SL_7", "isCorrect": true, "recordingName": "MR_S4_SL_7.mp3"}, {"que_text": "i", "noOfMistakes": "0", "que_id": "MR_S4_SL_2", "isCorrect": true, "recordingName": "MR_S4_SL_2.mp3"}, {"que_text": "dog", "noOfMistakes": "0", "que_id": "MR_S4_W_0", "isCorrect": true, "recordingName": "MR_S4_W_0.mp3"}, {"que_text": "out", "noOfMistakes": "0", "que_id": "MR_S4_W_4", "isCorrect": true, "recordingName": "MR_S4_W_4.mp3"}, {"que_text": "What is the time?", "noOfMistakes": "200", "que_id": "MR_S4_S_0", "isCorrect": true, "recordingName": "MR_S4_S_0.mp3"}], "deviceID": "43cdac7900c56fd7", "ageGroup": "5-7 years", "studClass": "1", "date": "Wed Sep 04 17:43:10 IST 2019", "nativeProficiency": "Letter"}