{"englishProficiency": "Beginner", "sequenceList": [{"que_text": "काले बादल छाए हैं। तेज़ बारिश हो रही है। मोर भी नाच रहा है। सब नाच देख रहे हैं।", "noOfMistakes": "200", "que_id": "HI_S3_P_1", "isCorrect": false, "recordingName": "HI_S3_P_1.mp3"}, {"que_text": "नाक", "noOfMistakes": "1", "que_id": "HI_S3_WD_0", "isCorrect": false, "recordingName": "HI_S3_WD_0.mp3"}, {"que_text": "द", "noOfMistakes": "1", "que_id": "HI_S3_L_0", "isCorrect": false, "recordingName": "HI_S3_L_0.mp3"}, {"que_text": "C", "noOfMistakes": "3", "que_id": "HI_S3_CL_0", "isCorrect": false, "recordingName": "HI_S3_CL_0.mp3"}, {"que_text": "Q", "noOfMistakes": "3", "que_id": "HI_S3_CL_3", "isCorrect": false, "recordingName": "HI_S3_CL_3.mp3"}, {"que_text": "F", "noOfMistakes": "3", "que_id": "HI_S3_CL_4", "isCorrect": false, "recordingName": "HI_S3_CL_4.mp3"}], "deviceID": "ebaa26065aba20e5", "ageGroup": "12-15 years", "studClass": "4", "nativeProficiency": "Beginner", "date": "Tue Jul 02 13:00:56 GMT+05:30 2019"}