{"englishProficiency": "Small letter", "sequenceList": [{"que_text": "न", "noOfMistakes": "0", "que_id": "HI_S4_L_0", "isCorrect": true, "recordingName": "HI_S4_L_0.mp3"}, {"que_text": "र", "noOfMistakes": "0", "que_id": "HI_S4_L_1", "isCorrect": true, "recordingName": "HI_S4_L_1.mp3"}, {"que_text": "म", "noOfMistakes": "0", "que_id": "HI_S4_L_2", "isCorrect": true, "recordingName": "HI_S4_L_2.mp3"}, {"que_text": "च", "noOfMistakes": "0", "que_id": "HI_S4_L_3", "isCorrect": true, "recordingName": "HI_S4_L_3.mp3"}, {"que_text": "स", "noOfMistakes": "0", "que_id": "HI_S4_L_4", "isCorrect": true, "recordingName": "HI_S4_L_4.mp3"}, {"que_text": "y", "noOfMistakes": "0", "que_id": "HI_S4_SL_0", "isCorrect": true, "recordingName": "HI_S4_SL_0.mp3"}, {"que_text": "s", "noOfMistakes": "0", "que_id": "HI_S4_SL_3", "isCorrect": true, "recordingName": "HI_S4_SL_3.mp3"}, {"que_text": "m", "noOfMistakes": "0", "que_id": "HI_S4_SL_5", "isCorrect": true, "recordingName": "HI_S4_SL_5.mp3"}, {"que_text": "a", "noOfMistakes": "0", "que_id": "HI_S4_SL_6", "isCorrect": true, "recordingName": "HI_S4_SL_6.mp3"}, {"que_text": "h", "noOfMistakes": "0", "que_id": "HI_S4_SL_7", "isCorrect": true, "recordingName": "HI_S4_SL_7.mp3"}], "deviceID": "1ed21de3dcb4d468", "ageGroup": "10-12 years", "studClass": "5", "nativeProficiency": "Letter", "date": "Fri Sep 20 16:53:27 GMT+05:30 2019"}