{"englishProficiency": "Small letter", "sequenceList": [{"que_text": "आज रविवार आहे. शाळेला रजा आहे. तरी आज सकाळी मला लवकर जाग आली.", "noOfMistakes": "0", "que_id": "MR_S1_P_1", "isCorrect": true, "recordingName": "MR_S1_P_1.mp3"}, {"que_text": "A", "noOfMistakes": "1", "que_id": "MR_S1_CL_0", "isCorrect": true, "recordingName": "MR_S1_CL_0.mp3"}, {"que_text": "Q", "noOfMistakes": "1", "que_id": "MR_S1_CL_2", "isCorrect": false, "recordingName": "MR_S1_CL_2.mp3"}, {"que_text": "R", "noOfMistakes": "1", "que_id": "MR_S1_CL_3", "isCorrect": true, "recordingName": "MR_S1_CL_3.mp3"}, {"que_text": "J", "noOfMistakes": "1", "que_id": "MR_S1_CL_1", "isCorrect": true, "recordingName": "MR_S1_CL_1.mp3"}, {"que_text": "E", "noOfMistakes": "1", "que_id": "MR_S1_CL_4", "isCorrect": true, "recordingName": "MR_S1_CL_4.mp3"}, {"que_text": "h", "noOfMistakes": "0", "que_id": "MR_S1_SL_0", "isCorrect": true, "recordingName": "MR_S1_SL_0.mp3"}, {"que_text": "p", "noOfMistakes": "0", "que_id": "MR_S1_SL_1", "isCorrect": true, "recordingName": "MR_S1_SL_1.mp3"}, {"que_text": "x", "noOfMistakes": "0", "que_id": "MR_S1_SL_2", "isCorrect": true, "recordingName": "MR_S1_SL_2.mp3"}, {"que_text": "u", "noOfMistakes": "0", "que_id": "MR_S1_SL_3", "isCorrect": true, "recordingName": "MR_S1_SL_3.mp3"}, {"que_text": "m", "noOfMistakes": "0", "que_id": "MR_S1_SL_4", "isCorrect": true, "recordingName": "MR_S1_SL_4.mp3"}], "deviceID": "1486e5dad35b4dc1", "ageGroup": "7-10 years", "studClass": "3", "date": "Sat Sep 07 17:47:46 GMT+05:30 2019", "nativeProficiency": "Paragraph"}