{"englishProficiency": "Beginner", "sequenceList": [{"que_text": "क", "noOfMistakes": "5", "que_id": "HI_S2_L_1", "isCorrect": false, "recordingName": "HI_S2_L_1.mp3"}, {"que_text": "त", "noOfMistakes": "5", "que_id": "HI_S2_L_7", "isCorrect": false, "recordingName": "HI_S2_L_7.mp3"}, {"que_text": "थ", "noOfMistakes": "5", "que_id": "HI_S2_L_5", "isCorrect": false, "recordingName": "HI_S2_L_5.mp3"}, {"que_text": "ब", "noOfMistakes": "5", "que_id": "HI_S2_L_3", "isCorrect": false, "recordingName": "HI_S2_L_3.mp3"}, {"que_text": "ल", "noOfMistakes": "5", "que_id": "HI_S2_L_4", "isCorrect": false, "recordingName": "HI_S2_L_4.mp3"}, {"que_text": "B", "noOfMistakes": "5", "que_id": "HI_S2_CL_0", "isCorrect": false, "recordingName": "HI_S2_CL_0.mp3"}, {"que_text": "L", "noOfMistakes": "5", "que_id": "HI_S2_CL_3", "isCorrect": false, "recordingName": "HI_S2_CL_3.mp3"}, {"que_text": "P", "noOfMistakes": "5", "que_id": "HI_S2_CL_6", "isCorrect": false, "recordingName": "HI_S2_CL_6.mp3"}, {"que_text": "V", "noOfMistakes": "5", "que_id": "HI_S2_CL_4", "isCorrect": false, "recordingName": "HI_S2_CL_4.mp3"}, {"que_text": "H", "noOfMistakes": "5", "que_id": "HI_S2_CL_1", "isCorrect": false, "recordingName": "HI_S2_CL_1.mp3"}], "deviceID": "3cfeb576e535076", "ageGroup": "5-7 years", "studClass": "2", "nativeProficiency": "Beginner", "date": "Tue Sep 17 13:51:55 IST 2019"}