{"sequenceList": [{"recordingName": "HI_S2_L_1.mp3", "isCorrect": false, "que_text": "क", "noOfMistakes": "5", "que_id": "HI_S2_L_1"}, {"recordingName": "HI_S2_L_7.mp3", "isCorrect": false, "que_text": "त", "noOfMistakes": "5", "que_id": "HI_S2_L_7"}, {"recordingName": "HI_S2_L_5.mp3", "isCorrect": false, "que_text": "थ", "noOfMistakes": "5", "que_id": "HI_S2_L_5"}, {"recordingName": "HI_S2_L_3.mp3", "isCorrect": false, "que_text": "ब", "noOfMistakes": "5", "que_id": "HI_S2_L_3"}, {"recordingName": "HI_S2_L_4.mp3", "isCorrect": false, "que_text": "ल", "noOfMistakes": "5", "que_id": "HI_S2_L_4"}, {"recordingName": "HI_S2_SD_0.mp3", "isCorrect": true, "que_text": "2", "noOfMistakes": "1", "que_id": "HI_S2_SD_0"}, {"recordingName": "HI_S2_SD_3.mp3", "isCorrect": true, "que_text": "5", "noOfMistakes": "1", "que_id": "HI_S2_SD_3"}, {"recordingName": "HI_S2_SD_7.mp3", "isCorrect": false, "que_text": "1", "noOfMistakes": "1", "que_id": "HI_S2_SD_7"}, {"recordingName": "HI_S2_SD_6.mp3", "isCorrect": true, "que_text": "4", "noOfMistakes": "1", "que_id": "HI_S2_SD_6"}, {"recordingName": "HI_S2_SD_2.mp3", "isCorrect": true, "que_text": "3", "noOfMistakes": "1", "que_id": "HI_S2_SD_2"}, {"recordingName": "HI_S2_CL_0.mp3", "isCorrect": false, "que_text": "B", "noOfMistakes": "5", "que_id": "HI_S2_CL_0"}, {"recordingName": "HI_S2_CL_3.mp3", "isCorrect": false, "que_text": "L", "noOfMistakes": "5", "que_id": "HI_S2_CL_3"}, {"recordingName": "HI_S2_CL_6.mp3", "isCorrect": false, "que_text": "P", "noOfMistakes": "5", "que_id": "HI_S2_CL_6"}, {"recordingName": "HI_S2_CL_4.mp3", "isCorrect": false, "que_text": "V", "noOfMistakes": "5", "que_id": "HI_S2_CL_4"}, {"recordingName": "HI_S2_CL_1.mp3", "isCorrect": false, "que_text": "H", "noOfMistakes": "5", "que_id": "HI_S2_CL_1"}], "englishProficiency": "Beginner", "studClass": "2", "date": "Tue Sep 17 13:51:55 IST 2019", "mathematicsProficiency": "Single digit", "deviceID": "3cfeb576e535076", "ageGroup": "5-7 years", "nativeProficiency": "Beginner"}