{"sequenceList": [{"recordingName": "HI_S1_P_0.mp3", "isCorrect": true, "que_text": " राधा के पास एक तोता है। उसकी चोंच लाल है। वह बहुत बोलता है। सब को हँसाता है।", "noOfMistakes": "200", "que_id": "HI_S1_P_0"}, {"recordingName": "HI_S1_WD_0.mp3", "isCorrect": false, "que_text": "गाना", "noOfMistakes": "4", "que_id": "HI_S1_WD_0"}, {"recordingName": "HI_S1_WD_1.mp3", "isCorrect": true, "que_text": "खुश", "noOfMistakes": "4", "que_id": "HI_S1_WD_1"}, {"recordingName": "HI_S1_WD_2.mp3", "isCorrect": false, "que_text": "मोती", "noOfMistakes": "4", "que_id": "HI_S1_WD_2"}, {"recordingName": "HI_S1_WD_4.mp3", "isCorrect": false, "que_text": "झोला", "noOfMistakes": "4", "que_id": "HI_S1_WD_4"}, {"recordingName": "HI_S1_WD_9.mp3", "isCorrect": false, "que_text": "मोर", "noOfMistakes": "4", "que_id": "HI_S1_WD_9"}, {"recordingName": "HI_S1_L_0.mp3", "isCorrect": true, "que_text": "म", "noOfMistakes": "0", "que_id": "HI_S1_L_0"}, {"recordingName": "HI_S1_L_3.mp3", "isCorrect": true, "que_text": "ह", "noOfMistakes": "0", "que_id": "HI_S1_L_3"}, {"recordingName": "HI_S1_L_7.mp3", "isCorrect": true, "que_text": "न", "noOfMistakes": "0", "que_id": "HI_S1_L_7"}, {"recordingName": "HI_S1_L_4.mp3", "isCorrect": true, "que_text": "श", "noOfMistakes": "0", "que_id": "HI_S1_L_4"}, {"recordingName": "HI_S1_L_1.mp3", "isCorrect": true, "que_text": "र", "noOfMistakes": "0", "que_id": "HI_S1_L_1"}, {"recordingName": "HI_S1_CL_0.mp3", "isCorrect": false, "que_text": "A", "noOfMistakes": "5", "que_id": "HI_S1_CL_0"}, {"recordingName": "HI_S1_CL_6.mp3", "isCorrect": false, "que_text": "N", "noOfMistakes": "5", "que_id": "HI_S1_CL_6"}, {"recordingName": "HI_S1_CL_4.mp3", "isCorrect": false, "que_text": "E", "noOfMistakes": "5", "que_id": "HI_S1_CL_4"}, {"recordingName": "HI_S1_CL_3.mp3", "isCorrect": false, "que_text": "R", "noOfMistakes": "5", "que_id": "HI_S1_CL_3"}, {"recordingName": "HI_S1_CL_1.mp3", "isCorrect": false, "que_text": "J", "noOfMistakes": "5", "que_id": "HI_S1_CL_1"}, {"answer": "66", "isCorrect": false, "que_text": "51 - 35", "noOfMistakes": "2", "que_id": "HI_S1_SB_0"}, {"answer": "43", "isCorrect": false, "que_text": "31 - 13", "noOfMistakes": "2", "que_id": "HI_S1_SB_5"}, {"recordingName": "HI_S1_DD_9.mp3", "isCorrect": true, "que_text": "11", "noOfMistakes": "4", "que_id": "HI_S1_DD_9"}, {"recordingName": "HI_S1_DD_0.mp3", "isCorrect": false, "que_text": "65", "noOfMistakes": "4", "que_id": "HI_S1_DD_0"}, {"recordingName": "HI_S1_DD_1.mp3", "isCorrect": false, "que_text": "38", "noOfMistakes": "4", "que_id": "HI_S1_DD_1"}, {"recordingName": "HI_S1_DD_5.mp3", "isCorrect": false, "que_text": "72", "noOfMistakes": "4", "que_id": "HI_S1_DD_5"}, {"recordingName": "HI_S1_DD_3.mp3", "isCorrect": false, "que_text": "23", "noOfMistakes": "4", "que_id": "HI_S1_DD_3"}, {"recordingName": "HI_S1_SD_0.mp3", "isCorrect": true, "que_text": "3", "noOfMistakes": "0", "que_id": "HI_S1_SD_0"}, {"recordingName": "HI_S1_SD_4.mp3", "isCorrect": true, "que_text": "8", "noOfMistakes": "0", "que_id": "HI_S1_SD_4"}, {"recordingName": "HI_S1_SD_3.mp3", "isCorrect": true, "que_text": "4", "noOfMistakes": "0", "que_id": "HI_S1_SD_3"}, {"recordingName": "HI_S1_SD_7.mp3", "isCorrect": true, "que_text": "2", "noOfMistakes": "0", "que_id": "HI_S1_SD_7"}, {"recordingName": "HI_S1_SD_6.mp3", "isCorrect": true, "que_text": "5", "noOfMistakes": "0", "que_id": "HI_S1_SD_6"}], "englishProficiency": "Beginner", "studClass": "4", "date": "Sun Sep 15 01:29:48 IST 2019", "mathematicsProficiency": "Single digit", "deviceID": "85b866ae30edb571", "ageGroup": "12-15 years", "nativeProficiency": "Letter"}