{"englishProficiency": "Beginner", "sequenceList": [{"que_text": "अंगणात चिमणी येते. मी तिला दाणे टाकते. चिमणी दाणे खाते. खाऊन उडून जाते.", "noOfMistakes": "200", "que_id": "MR_S3_P_1", "isCorrect": false, "recordingName": "MR_S3_P_1.mp3"}, {"que_text": "लाल", "noOfMistakes": "3", "que_id": "MR_S3_WD_1", "isCorrect": true, "recordingName": "MR_S3_WD_1.mp3"}, {"que_text": "दिवस", "noOfMistakes": "3", "que_id": "MR_S3_WD_5", "isCorrect": false, "recordingName": "MR_S3_WD_5.mp3"}, {"que_text": "मुळा", "noOfMistakes": "3", "que_id": "MR_S3_WD_4", "isCorrect": false, "recordingName": "MR_S3_WD_4.mp3"}, {"que_text": "फेटा", "noOfMistakes": "3", "que_id": "MR_S3_WD_3", "isCorrect": false, "recordingName": "MR_S3_WD_3.mp3"}, {"que_text": "क", "noOfMistakes": "1", "que_id": "MH_S3_L_0", "isCorrect": true, "recordingName": "MH_S3_L_0.mp3"}, {"que_text": "न", "noOfMistakes": "1", "que_id": "MH_S3_L_4", "isCorrect": true, "recordingName": "MH_S3_L_4.mp3"}, {"que_text": "म", "noOfMistakes": "1", "que_id": "MH_S3_L_8", "isCorrect": true, "recordingName": "MH_S3_L_8.mp3"}, {"que_text": "ल", "noOfMistakes": "1", "que_id": "MH_S3_L_3", "isCorrect": false, "recordingName": "MH_S3_L_3.mp3"}, {"que_text": "र", "noOfMistakes": "1", "que_id": "MH_S3_L_7", "isCorrect": true, "recordingName": "MH_S3_L_7.mp3"}, {"que_text": "C", "noOfMistakes": "2", "que_id": "MR_S3_CL_0", "isCorrect": true, "recordingName": "MR_S3_CL_0.mp3"}, {"que_text": "F", "noOfMistakes": "2", "que_id": "MR_S3_CL_4", "isCorrect": false, "recordingName": "MR_S3_CL_4.mp3"}, {"que_text": "P", "noOfMistakes": "2", "que_id": "MR_S3_CL_7", "isCorrect": true, "recordingName": "MR_S3_CL_7.mp3"}, {"que_text": "O", "noOfMistakes": "2", "que_id": "MR_S3_CL_6", "isCorrect": true, "recordingName": "MR_S3_CL_6.mp3"}, {"que_text": "W", "noOfMistakes": "2", "que_id": "MR_S3_CL_5", "isCorrect": false, "recordingName": "MR_S3_CL_5.mp3"}], "deviceID": "3ebaa9d14abd9a0f", "ageGroup": "5-7 years", "studClass": "1", "nativeProficiency": "Letter", "date": "Wed Jul 10 12:14:21 GMT+05:30 2019"}