{"sequenceList": [{"recordingName": "MR_S3_P_1.mp3", "isCorrect": false, "que_text": "अंगणात चिमणी येते. मी तिला दाणे टाकते. चिमणी दाणे खाते. खाऊन उडून जाते.", "noOfMistakes": "200", "que_id": "MR_S3_P_1"}, {"recordingName": "MR_S3_WD_1.mp3", "isCorrect": true, "que_text": "लाल", "noOfMistakes": "3", "que_id": "MR_S3_WD_1"}, {"recordingName": "MR_S3_WD_5.mp3", "isCorrect": false, "que_text": "दिवस", "noOfMistakes": "3", "que_id": "MR_S3_WD_5"}, {"recordingName": "MR_S3_WD_4.mp3", "isCorrect": false, "que_text": "मुळा", "noOfMistakes": "3", "que_id": "MR_S3_WD_4"}, {"recordingName": "MR_S3_WD_3.mp3", "isCorrect": false, "que_text": "फेटा", "noOfMistakes": "3", "que_id": "MR_S3_WD_3"}, {"recordingName": "MH_S3_L_0.mp3", "isCorrect": true, "que_text": "क", "noOfMistakes": "1", "que_id": "MH_S3_L_0"}, {"recordingName": "MH_S3_L_4.mp3", "isCorrect": true, "que_text": "न", "noOfMistakes": "1", "que_id": "MH_S3_L_4"}, {"recordingName": "MH_S3_L_8.mp3", "isCorrect": true, "que_text": "म", "noOfMistakes": "1", "que_id": "MH_S3_L_8"}, {"recordingName": "MH_S3_L_3.mp3", "isCorrect": false, "que_text": "ल", "noOfMistakes": "1", "que_id": "MH_S3_L_3"}, {"recordingName": "MH_S3_L_7.mp3", "isCorrect": true, "que_text": "र", "noOfMistakes": "1", "que_id": "MH_S3_L_7"}, {"answer": "-", "isCorrect": false, "que_text": "64 - 39", "noOfMistakes": "1", "que_id": "MR_S3_SB_1"}, {"recordingName": "MR_S3_DD_3.mp3", "isCorrect": false, "que_text": "27", "noOfMistakes": "2", "que_id": "MR_S3_DD_3"}, {"recordingName": "MR_S3_DD_1.mp3", "isCorrect": false, "que_text": "83", "noOfMistakes": "2", "que_id": "MR_S3_DD_1"}, {"recordingName": "MR_S3_SD_0.mp3", "isCorrect": true, "que_text": "1", "noOfMistakes": "2", "que_id": "MR_S3_SD_0"}, {"recordingName": "MR_S3_SD_4.mp3", "isCorrect": false, "que_text": "6", "noOfMistakes": "2", "que_id": "MR_S3_SD_4"}, {"recordingName": "MR_S3_SD_7.mp3", "isCorrect": true, "que_text": "2", "noOfMistakes": "2", "que_id": "MR_S3_SD_7"}, {"recordingName": "MR_S3_SD_6.mp3", "isCorrect": true, "que_text": "5", "noOfMistakes": "2", "que_id": "MR_S3_SD_6"}, {"recordingName": "MR_S3_SD_3.mp3", "isCorrect": false, "que_text": "3", "noOfMistakes": "2", "que_id": "MR_S3_SD_3"}, {"recordingName": "MR_S3_CL_0.mp3", "isCorrect": true, "que_text": "C", "noOfMistakes": "2", "que_id": "MR_S3_CL_0"}, {"recordingName": "MR_S3_CL_4.mp3", "isCorrect": false, "que_text": "F", "noOfMistakes": "2", "que_id": "MR_S3_CL_4"}, {"recordingName": "MR_S3_CL_7.mp3", "isCorrect": true, "que_text": "P", "noOfMistakes": "2", "que_id": "MR_S3_CL_7"}, {"recordingName": "MR_S3_CL_6.mp3", "isCorrect": true, "que_text": "O", "noOfMistakes": "2", "que_id": "MR_S3_CL_6"}, {"recordingName": "MR_S3_CL_5.mp3", "isCorrect": false, "que_text": "W", "noOfMistakes": "2", "que_id": "MR_S3_CL_5"}], "englishProficiency": "Beginner", "studClass": "1", "date": "Wed Jul 10 12:14:21 GMT+05:30 2019", "mathematicsProficiency": "Beginner", "deviceID": "3ebaa9d14abd9a0f", "ageGroup": "5-7 years", "nativeProficiency": "Letter"}