{"englishProficiency": "Capital letter", "sequenceList": [{"que_text": "सोनी के पास एक माला है। उसमें बहुत सारे मोती हैं। मोती पीले रंग के हैं। सोनी उसे पहनती है।", "noOfMistakes": "200", "que_id": "HI_S2_P_0", "isCorrect": true, "recordingName": "HI_S2_P_0.mp3"}, {"que_text": "हीरा", "noOfMistakes": "2", "que_id": "HI_S1_WD_0", "isCorrect": false, "recordingName": "HI_S1_WD_0.mp3"}, {"que_text": "कैसा", "noOfMistakes": "2", "que_id": "HI_S1_WD_1", "isCorrect": false, "recordingName": "HI_S1_WD_1.mp3"}, {"que_text": "शेर", "noOfMistakes": "2", "que_id": "HI_S1_WD_2", "isCorrect": true, "recordingName": "HI_S1_WD_2.mp3"}, {"que_text": "नानी", "noOfMistakes": "2", "que_id": "HI_S1_WD_3", "isCorrect": true, "recordingName": "HI_S1_WD_3.mp3"}, {"que_text": "काम", "noOfMistakes": "2", "que_id": "HI_S1_WD_5", "isCorrect": true, "recordingName": "HI_S1_WD_5.mp3"}, {"que_text": "द", "noOfMistakes": "0", "que_id": "HI_S2_L_0", "isCorrect": true, "recordingName": "HI_S2_L_0.mp3"}, {"que_text": "क", "noOfMistakes": "0", "que_id": "HI_S2_L_1", "isCorrect": true, "recordingName": "HI_S2_L_1.mp3"}, {"que_text": "च", "noOfMistakes": "0", "que_id": "HI_S2_L_2", "isCorrect": true, "recordingName": "HI_S2_L_2.mp3"}, {"que_text": "ब", "noOfMistakes": "0", "que_id": "HI_S2_L_3", "isCorrect": true, "recordingName": "HI_S2_L_3.mp3"}, {"que_text": "ल", "noOfMistakes": "0", "que_id": "HI_S2_L_4", "isCorrect": true, "recordingName": "HI_S2_L_4.mp3"}, {"que_text": "B", "noOfMistakes": "0", "que_id": "HI_S2_CL_0", "isCorrect": true, "recordingName": "HI_S2_CL_0.mp3"}, {"que_text": "H", "noOfMistakes": "0", "que_id": "HI_S2_CL_1", "isCorrect": true, "recordingName": "HI_S2_CL_1.mp3"}, {"que_text": "R", "noOfMistakes": "0", "que_id": "HI_S2_CL_2", "isCorrect": true, "recordingName": "HI_S2_CL_2.mp3"}, {"que_text": "L", "noOfMistakes": "0", "que_id": "HI_S2_CL_3", "isCorrect": true, "recordingName": "HI_S2_CL_3.mp3"}, {"que_text": "V", "noOfMistakes": "0", "que_id": "HI_S2_CL_4", "isCorrect": true, "recordingName": "HI_S2_CL_4.mp3"}, {"que_text": "z", "noOfMistakes": "1", "que_id": "HI_S2_SL_0", "isCorrect": true, "recordingName": "HI_S2_SL_0.mp3"}, {"que_text": "j", "noOfMistakes": "1", "que_id": "HI_S2_SL_1", "isCorrect": false, "recordingName": "HI_S2_SL_1.mp3"}, {"que_text": "o", "noOfMistakes": "1", "que_id": "HI_S2_SL_2", "isCorrect": true, "recordingName": "HI_S2_SL_2.mp3"}, {"que_text": "g", "noOfMistakes": "1", "que_id": "HI_S2_SL_4", "isCorrect": true, "recordingName": "HI_S2_SL_4.mp3"}, {"que_text": "k", "noOfMistakes": "1", "que_id": "HI_S2_SL_7", "isCorrect": true, "recordingName": "HI_S2_SL_7.mp3"}], "deviceID": "cda063803ea489fb", "ageGroup": "5-7 years", "studClass": "2", "nativeProficiency": "Letter", "date": "Fri Sep 20 15:01:52 IST 2019"}