{"sequenceList": [{"recordingName": "HI_S3_WD_0.mp3", "isCorrect": false, "que_text": "नाक", "noOfMistakes": "1", "que_id": "HI_S3_WD_0"}, {"recordingName": "HI_S3_L_1.mp3", "isCorrect": true, "que_text": "क", "noOfMistakes": "4", "que_id": "HI_S3_L_1"}, {"recordingName": "HI_S3_L_7.mp3", "isCorrect": false, "que_text": "त", "noOfMistakes": "4", "que_id": "HI_S3_L_7"}, {"recordingName": "HI_S3_L_9.mp3", "isCorrect": false, "que_text": "ख", "noOfMistakes": "4", "que_id": "HI_S3_L_9"}, {"recordingName": "HI_S3_L_0.mp3", "isCorrect": false, "que_text": "द", "noOfMistakes": "4", "que_id": "HI_S3_L_0"}, {"recordingName": "HI_S3_L_2.mp3", "isCorrect": false, "que_text": "च", "noOfMistakes": "4", "que_id": "HI_S3_L_2"}, {"recordingName": "HI_S3_SD_0.mp3", "isCorrect": true, "que_text": "1", "noOfMistakes": "0", "que_id": "HI_S3_SD_0"}, {"recordingName": "HI_S3_SD_7.mp3", "isCorrect": true, "que_text": "2", "noOfMistakes": "0", "que_id": "HI_S3_SD_7"}, {"recordingName": "HI_S3_SD_3.mp3", "isCorrect": true, "que_text": "3", "noOfMistakes": "0", "que_id": "HI_S3_SD_3"}, {"recordingName": "HI_S3_SD_5.mp3", "isCorrect": true, "que_text": "9", "noOfMistakes": "0", "que_id": "HI_S3_SD_5"}, {"recordingName": "HI_S3_SD_2.mp3", "isCorrect": true, "que_text": "7", "noOfMistakes": "0", "que_id": "HI_S3_SD_2"}, {"recordingName": "HI_S3_DD_9.mp3", "isCorrect": false, "que_text": "43", "noOfMistakes": "1", "que_id": "HI_S3_DD_9"}, {"recordingName": "HI_S3_CL_0.mp3", "isCorrect": false, "que_text": "C", "noOfMistakes": "1", "que_id": "HI_S3_CL_0"}, {"recordingName": "HI_S3_SL_0.mp3", "isCorrect": false, "que_text": "n", "noOfMistakes": "1", "que_id": "HI_S3_SL_0"}], "englishProficiency": "Beginner", "studClass": "3", "date": "Fri Jul 05 16:39:04 GMT+05:30 2019", "mathematicsProficiency": "Single digit", "deviceID": "ebaa26065aba20e5", "ageGroup": "7-10 years", "nativeProficiency": "Beginner"}