{"sequenceList": [{"recordingName": "HI_S3_P_1.mp3", "isCorrect": false, "que_text": "काले बादल छाए हैं। तेज़ बारिश हो रही है। मोर भी नाच रहा है। सब नाच देख रहे हैं।", "noOfMistakes": "200", "que_id": "HI_S3_P_1"}, {"recordingName": "HI_S3_WD_0.mp3", "isCorrect": true, "que_text": "नाक", "noOfMistakes": "1", "que_id": "HI_S3_WD_0"}, {"recordingName": "HI_S3_WD_1.mp3", "isCorrect": true, "que_text": "तोता", "noOfMistakes": "1", "que_id": "HI_S3_WD_1"}, {"recordingName": "HI_S3_WD_2.mp3", "isCorrect": true, "que_text": "चूहा", "noOfMistakes": "1", "que_id": "HI_S3_WD_2"}, {"recordingName": "HI_S3_WD_3.mp3", "isCorrect": false, "que_text": "धुन", "noOfMistakes": "1", "que_id": "HI_S3_WD_3"}, {"recordingName": "HI_S3_WD_5.mp3", "isCorrect": true, "que_text": "देर", "noOfMistakes": "1", "que_id": "HI_S3_WD_5"}, {"answer": "16", "isCorrect": true, "que_text": "43 - 28", "noOfMistakes": "0", "que_id": "HI_S3_SB_2"}, {"answer": "18", "isCorrect": true, "que_text": "75 - 57", "noOfMistakes": "0", "que_id": "HI_S3_SB_5"}, {"recordingName": "HI_S3_CL_0.mp3", "isCorrect": true, "que_text": "C", "noOfMistakes": "0", "que_id": "HI_S3_CL_0"}, {"recordingName": "HI_S3_CL_6.mp3", "isCorrect": true, "que_text": "O", "noOfMistakes": "0", "que_id": "HI_S3_CL_6"}, {"recordingName": "HI_S3_CL_3.mp3", "isCorrect": true, "que_text": "Q", "noOfMistakes": "0", "que_id": "HI_S3_CL_3"}, {"recordingName": "HI_S3_CL_4.mp3", "isCorrect": true, "que_text": "F", "noOfMistakes": "0", "que_id": "HI_S3_CL_4"}, {"recordingName": "HI_S3_CL_7.mp3", "isCorrect": true, "que_text": "Z", "noOfMistakes": "0", "que_id": "HI_S3_CL_7"}, {"recordingName": "HI_S3_SL_0.mp3", "isCorrect": false, "que_text": "n", "noOfMistakes": "1", "que_id": "HI_S3_SL_0"}, {"recordingName": "HI_S3_SL_1.mp3", "isCorrect": true, "que_text": "p", "noOfMistakes": "1", "que_id": "HI_S3_SL_1"}, {"recordingName": "HI_S3_SL_4.mp3", "isCorrect": true, "que_text": "e", "noOfMistakes": "1", "que_id": "HI_S3_SL_4"}, {"recordingName": "HI_S3_SL_6.mp3", "isCorrect": true, "que_text": "r", "noOfMistakes": "1", "que_id": "HI_S3_SL_6"}, {"recordingName": "HI_S3_SL_2.mp3", "isCorrect": true, "que_text": "g", "noOfMistakes": "1", "que_id": "HI_S3_SL_2"}, {"recordingName": "HI_S3_W_1.mp3", "isCorrect": false, "que_text": "old", "noOfMistakes": "5", "que_id": "HI_S3_W_1"}, {"recordingName": "HI_S3_W_2.mp3", "isCorrect": false, "que_text": "sit", "noOfMistakes": "5", "que_id": "HI_S3_W_2"}, {"recordingName": "HI_S3_W_0.mp3", "isCorrect": false, "que_text": "hen", "noOfMistakes": "5", "que_id": "HI_S3_W_0"}, {"recordingName": "HI_S3_W_3.mp3", "isCorrect": false, "que_text": "run", "noOfMistakes": "5", "que_id": "HI_S3_W_3"}, {"recordingName": "HI_S3_W_4.mp3", "isCorrect": false, "que_text": "fox", "noOfMistakes": "5", "que_id": "HI_S3_W_4"}], "englishProficiency": "Small letter", "studClass": "4", "date": "Thu Sep 05 16:28:38 IST 2019", "mathematicsProficiency": "Subtraction", "deviceID": "2a4ca791bd63d9c4", "ageGroup": "7-10 years", "nativeProficiency": "Word"}