{"englishProficiency": "Beginner", "sequenceList": [{"que_text": "नाक", "noOfMistakes": "2", "que_id": "HI_S3_WD_0", "isCorrect": true, "recordingName": "HI_S3_WD_0.mp3"}, {"que_text": "तोता", "noOfMistakes": "2", "que_id": "HI_S3_WD_1", "isCorrect": true, "recordingName": "HI_S3_WD_1.mp3"}, {"que_text": "माला", "noOfMistakes": "2", "que_id": "HI_S3_WD_8", "isCorrect": false, "recordingName": "HI_S3_WD_8.mp3"}, {"que_text": "पीला", "noOfMistakes": "2", "que_id": "HI_S3_WD_7", "isCorrect": false, "recordingName": "HI_S3_WD_7.mp3"}, {"que_text": "चूहा", "noOfMistakes": "2", "que_id": "HI_S3_WD_2", "isCorrect": true, "recordingName": "HI_S3_WD_2.mp3"}, {"que_text": "C", "noOfMistakes": "3", "que_id": "HI_S3_CL_0", "isCorrect": true, "recordingName": "HI_S3_CL_0.mp3"}, {"que_text": "Q", "noOfMistakes": "3", "que_id": "HI_S3_CL_3", "isCorrect": false, "recordingName": "HI_S3_CL_3.mp3"}, {"que_text": "S", "noOfMistakes": "3", "que_id": "HI_S3_CL_2", "isCorrect": true, "recordingName": "HI_S3_CL_2.mp3"}, {"que_text": "F", "noOfMistakes": "3", "que_id": "HI_S3_CL_4", "isCorrect": false, "recordingName": "HI_S3_CL_4.mp3"}, {"que_text": "Z", "noOfMistakes": "3", "que_id": "HI_S3_CL_7", "isCorrect": false, "recordingName": "HI_S3_CL_7.mp3"}], "deviceID": "ebaa26065aba20e5", "ageGroup": "10-12 years", "studClass": "6", "nativeProficiency": "Word", "date": "Fri Aug 23 15:02:44 GMT+05:30 2019"}