{"englishProficiency": "Small letter", "sequenceList": [{"que_text": " राधा के पास एक तोता है। उसकी चोंच लाल है। वह बहुत बोलता है। सब को हँसाता है।", "noOfMistakes": "200", "que_id": "HI_S1_P_0", "isCorrect": true, "recordingName": "HI_S1_P_0.mp3"}, {"que_text": "खुश", "noOfMistakes": "2", "que_id": "HI_S1_WD_1", "isCorrect": true, "recordingName": "HI_S1_WD_1.mp3"}, {"que_text": "मोती", "noOfMistakes": "2", "que_id": "HI_S1_WD_2", "isCorrect": true, "recordingName": "HI_S1_WD_2.mp3"}, {"que_text": "आलू", "noOfMistakes": "2", "que_id": "HI_S1_WD_5", "isCorrect": false, "recordingName": "HI_S1_WD_5.mp3"}, {"que_text": "आग", "noOfMistakes": "2", "que_id": "HI_S1_WD_8", "isCorrect": true, "recordingName": "HI_S1_WD_8.mp3"}, {"que_text": "गाना", "noOfMistakes": "2", "que_id": "HI_S1_WD_0", "isCorrect": false, "recordingName": "HI_S1_WD_0.mp3"}, {"que_text": "श", "noOfMistakes": "0", "que_id": "HI_S1_L_4", "isCorrect": true, "recordingName": "HI_S1_L_4.mp3"}, {"que_text": "ब", "noOfMistakes": "0", "que_id": "HI_S1_L_6", "isCorrect": true, "recordingName": "HI_S1_L_6.mp3"}, {"que_text": "न", "noOfMistakes": "0", "que_id": "HI_S1_L_7", "isCorrect": true, "recordingName": "HI_S1_L_7.mp3"}, {"que_text": "क", "noOfMistakes": "0", "que_id": "HI_S1_L_8", "isCorrect": true, "recordingName": "HI_S1_L_8.mp3"}, {"que_text": "ह", "noOfMistakes": "0", "que_id": "HI_S1_L_3", "isCorrect": true, "recordingName": "HI_S1_L_3.mp3"}, {"que_text": "E", "noOfMistakes": "1", "que_id": "HI_S1_CL_4", "isCorrect": true, "recordingName": "HI_S1_CL_4.mp3"}, {"que_text": "N", "noOfMistakes": "1", "que_id": "HI_S1_CL_6", "isCorrect": true, "recordingName": "HI_S1_CL_6.mp3"}, {"que_text": "R", "noOfMistakes": "1", "que_id": "HI_S1_CL_3", "isCorrect": true, "recordingName": "HI_S1_CL_3.mp3"}, {"que_text": "O", "noOfMistakes": "1", "que_id": "HI_S1_CL_7", "isCorrect": true, "recordingName": "HI_S1_CL_7.mp3"}, {"que_text": "Y", "noOfMistakes": "1", "que_id": "HI_S1_CL_5", "isCorrect": false, "recordingName": "HI_S1_CL_5.mp3"}, {"que_text": "m", "noOfMistakes": "0", "que_id": "HI_S1_SL_4", "isCorrect": true, "recordingName": "HI_S1_SL_4.mp3"}, {"que_text": "g", "noOfMistakes": "0", "que_id": "HI_S1_SL_6", "isCorrect": true, "recordingName": "HI_S1_SL_6.mp3"}, {"que_text": "t", "noOfMistakes": "0", "que_id": "HI_S1_SL_7", "isCorrect": true, "recordingName": "HI_S1_SL_7.mp3"}, {"que_text": "h", "noOfMistakes": "0", "que_id": "HI_S1_SL_0", "isCorrect": true, "recordingName": "HI_S1_SL_0.mp3"}, {"que_text": "p", "noOfMistakes": "0", "que_id": "HI_S1_SL_1", "isCorrect": true, "recordingName": "HI_S1_SL_1.mp3"}, {"que_text": "fan", "noOfMistakes": "4", "que_id": "HI_S1_W_4", "isCorrect": false, "recordingName": "HI_S1_W_4.mp3"}, {"que_text": "cat", "noOfMistakes": "4", "que_id": "HI_S1_W_0", "isCorrect": true, "recordingName": "HI_S1_W_0.mp3"}, {"que_text": "red", "noOfMistakes": "4", "que_id": "HI_S1_W_1", "isCorrect": false, "recordingName": "HI_S1_W_1.mp3"}, {"que_text": "sun", "noOfMistakes": "4", "que_id": "HI_S1_W_2", "isCorrect": false, "recordingName": "HI_S1_W_2.mp3"}, {"que_text": "lip", "noOfMistakes": "4", "que_id": "HI_S1_W_3", "isCorrect": false, "recordingName": "HI_S1_W_3.mp3"}], "deviceID": "c7fa8aadf993e5b6", "ageGroup": "7-10 years", "studClass": "2", "nativeProficiency": "Letter", "date": "Fri Sep 20 17:40:34 IST 2019"}