{"sequenceList": [{"recordingName": "MR_S2_P_0.mp3", "isCorrect": false, "que_text": "एकदा मी पडले. सगळे मला हसले. एकदा सोनल पडली. मी तिला हसले.", "noOfMistakes": "200", "que_id": "MR_S2_P_0"}, {"recordingName": "MR_S2_WD_1.mp3", "isCorrect": false, "que_text": "पतंग", "noOfMistakes": "1", "que_id": "MR_S2_WD_1"}, {"recordingName": "MH_S2_L_1.mp3", "isCorrect": false, "que_text": "त", "noOfMistakes": "2", "que_id": "MH_S2_L_1"}, {"recordingName": "MH_S2_L_4.mp3", "isCorrect": false, "que_text": "स", "noOfMistakes": "2", "que_id": "MH_S2_L_4"}, {"recordingName": "MR_S2_SD_7.mp3", "isCorrect": true, "que_text": "1", "noOfMistakes": "3", "que_id": "MR_S2_SD_7"}, {"recordingName": "MR_S2_SD_6.mp3", "isCorrect": false, "que_text": "4", "noOfMistakes": "3", "que_id": "MR_S2_SD_6"}, {"recordingName": "MR_S2_SD_4.mp3", "isCorrect": false, "que_text": "9", "noOfMistakes": "3", "que_id": "MR_S2_SD_4"}, {"recordingName": "MR_S2_SD_5.mp3", "isCorrect": false, "que_text": "8", "noOfMistakes": "3", "que_id": "MR_S2_SD_5"}, {"recordingName": "MR_S2_CL_6.mp3", "isCorrect": false, "que_text": "P", "noOfMistakes": "2", "que_id": "MR_S2_CL_6"}, {"recordingName": "MR_S2_CL_4.mp3", "isCorrect": false, "que_text": "V", "noOfMistakes": "2", "que_id": "MR_S2_CL_4"}], "englishProficiency": "Beginner", "studClass": "2", "date": "Wed Jul 17 17:33:34 GMT+05:30 2019", "mathematicsProficiency": "Beginner", "deviceID": "3ebaa9d14abd9a0f", "ageGroup": "5-7 years", "nativeProficiency": "Beginner"}