{"englishProficiency": "word", "sequenceList": [{"que_text": "आज गावाहून मामा आला. मला खाऊ व फुगे घेऊन आला. ताईला बाहुली घेऊन आला. आईला छान साडी आणली.", "noOfMistakes": "200", "que_id": "MR_S1_P_0", "isCorrect": false, "recordingName": "MR_S1_P_0.mp3"}, {"que_text": "A", "noOfMistakes": "0", "que_id": "MR_S1_CL_0", "isCorrect": true, "recordingName": "MR_S1_CL_0.mp3"}, {"que_text": "J", "noOfMistakes": "0", "que_id": "MR_S1_CL_1", "isCorrect": true, "recordingName": "MR_S1_CL_1.mp3"}, {"que_text": "Q", "noOfMistakes": "0", "que_id": "MR_S1_CL_2", "isCorrect": true, "recordingName": "MR_S1_CL_2.mp3"}, {"que_text": "R", "noOfMistakes": "0", "que_id": "MR_S1_CL_3", "isCorrect": true, "recordingName": "MR_S1_CL_3.mp3"}, {"que_text": "E", "noOfMistakes": "0", "que_id": "MR_S1_CL_4", "isCorrect": true, "recordingName": "MR_S1_CL_4.mp3"}, {"que_text": "h", "noOfMistakes": "0", "que_id": "MR_S1_SL_0", "isCorrect": true, "recordingName": "MR_S1_SL_0.mp3"}, {"que_text": "p", "noOfMistakes": "0", "que_id": "MR_S1_SL_1", "isCorrect": true, "recordingName": "MR_S1_SL_1.mp3"}, {"que_text": "x", "noOfMistakes": "0", "que_id": "MR_S1_SL_2", "isCorrect": true, "recordingName": "MR_S1_SL_2.mp3"}, {"que_text": "u", "noOfMistakes": "0", "que_id": "MR_S1_SL_3", "isCorrect": true, "recordingName": "MR_S1_SL_3.mp3"}, {"que_text": "m", "noOfMistakes": "0", "que_id": "MR_S1_SL_4", "isCorrect": true, "recordingName": "MR_S1_SL_4.mp3"}, {"que_text": "cat", "noOfMistakes": "1", "que_id": "MR_S1_W_0", "isCorrect": true, "recordingName": "MR_S1_W_0.mp3"}, {"que_text": "red", "noOfMistakes": "1", "que_id": "MR_S1_W_1", "isCorrect": true, "recordingName": "MR_S1_W_1.mp3"}, {"que_text": "sun", "noOfMistakes": "1", "que_id": "MR_S1_W_2", "isCorrect": true, "recordingName": "MR_S1_W_2.mp3"}, {"que_text": "new", "noOfMistakes": "1", "que_id": "MR_S1_W_3", "isCorrect": false, "recordingName": "MR_S1_W_3.mp3"}, {"que_text": "fan", "noOfMistakes": "1", "que_id": "MR_S1_W_4", "isCorrect": true, "recordingName": "MR_S1_W_4.mp3"}], "deviceID": "1468509c97814853", "ageGroup": "5-7 years", "studClass": "2", "date": "Tue Sep 03 17:16:01 IST 2019", "nativeProficiency": "Word"}