{"nativeProficiency": "Test was not complete", "sequenceList": [{"que_text": "आज गावाहून मामा आला. मला खाऊ व फुगे घेऊन आला. ताईला बाहुली घेऊन आला. आईला छान साडी आणली.", "noOfMistakes": "200", "que_id": "MR_S1_P_0", "isCorrect": true, "recordingName": "MR_S1_P_0.mp3"}], "deviceID": "e8c089d95aca68cb", "ageGroup": "less than 5 years", "studClass": "11", "date": "Tue Sep 03 12:19:12 IST 2019"}