{"englishProficiency": "Small letter", "sequenceList": [{"que_text": "अंगणात चिमणी येते. मी तिला दाणे टाकते. चिमणी दाणे खाते. खाऊन उडून जाते.", "noOfMistakes": "200", "que_id": "MR_S3_P_1", "isCorrect": false, "recordingName": "MR_S3_P_1.mp3"}, {"que_text": "लाल", "noOfMistakes": "0", "que_id": "MR_S3_WD_1", "isCorrect": true, "recordingName": "MR_S3_WD_1.mp3"}, {"que_text": "दिवस", "noOfMistakes": "0", "que_id": "MR_S3_WD_5", "isCorrect": true, "recordingName": "MR_S3_WD_5.mp3"}, {"que_text": "विमान", "noOfMistakes": "0", "que_id": "MR_S3_WD_8", "isCorrect": true, "recordingName": "MR_S3_WD_8.mp3"}, {"que_text": "मुळा", "noOfMistakes": "0", "que_id": "MR_S3_WD_4", "isCorrect": true, "recordingName": "MR_S3_WD_4.mp3"}, {"que_text": "जोर", "noOfMistakes": "0", "que_id": "MR_S3_WD_7", "isCorrect": true, "recordingName": "MR_S3_WD_7.mp3"}, {"que_text": "C", "noOfMistakes": "0", "que_id": "MR_S3_CL_0", "isCorrect": true, "recordingName": "MR_S3_CL_0.mp3"}, {"que_text": "F", "noOfMistakes": "0", "que_id": "MR_S3_CL_4", "isCorrect": true, "recordingName": "MR_S3_CL_4.mp3"}, {"que_text": "P", "noOfMistakes": "0", "que_id": "MR_S3_CL_7", "isCorrect": true, "recordingName": "MR_S3_CL_7.mp3"}, {"que_text": "S", "noOfMistakes": "0", "que_id": "MR_S3_CL_2", "isCorrect": true, "recordingName": "MR_S3_CL_2.mp3"}, {"que_text": "W", "noOfMistakes": "0", "que_id": "MR_S3_CL_5", "isCorrect": true, "recordingName": "MR_S3_CL_5.mp3"}, {"que_text": "p", "noOfMistakes": "0", "que_id": "MR_S3_SL_1", "isCorrect": true, "recordingName": "MR_S3_SL_1.mp3"}, {"que_text": "e", "noOfMistakes": "0", "que_id": "MR_S3_SL_4", "isCorrect": true, "recordingName": "MR_S3_SL_4.mp3"}, {"que_text": "b", "noOfMistakes": "0", "que_id": "MR_S3_SL_7", "isCorrect": true, "recordingName": "MR_S3_SL_7.mp3"}, {"que_text": "g", "noOfMistakes": "0", "que_id": "MR_S3_SL_2", "isCorrect": true, "recordingName": "MR_S3_SL_2.mp3"}, {"que_text": "v", "noOfMistakes": "0", "que_id": "MR_S3_SL_3", "isCorrect": true, "recordingName": "MR_S3_SL_3.mp3"}, {"que_text": "rat", "noOfMistakes": "3", "que_id": "MR_S3_W_4", "isCorrect": false, "recordingName": "MR_S3_W_4.mp3"}, {"que_text": "bag", "noOfMistakes": "3", "que_id": "MR_S3_W_5", "isCorrect": false, "recordingName": "MR_S3_W_5.mp3"}, {"que_text": "run", "noOfMistakes": "3", "que_id": "MR_S3_W_3", "isCorrect": false, "recordingName": "MR_S3_W_3.mp3"}], "deviceID": "3ebaa9d14abd9a0f", "ageGroup": "5-7 years", "studClass": "2", "nativeProficiency": "Word", "date": "Thu Jul 11 15:15:28 GMT+05:30 2019"}