{"englishProficiency": "Capital letter", "sequenceList": [{"que_text": "नीतू के घर में गाय है। उसका रंग सफ़ेद है। गाय हरी घास खाती है। वह बहुत दूध देती है।", "noOfMistakes": "200", "que_id": "HI_S3_P_0", "recordingName": "HI_S3_P_0.mp3", "isCorrect": false}, {"que_text": "तोता", "noOfMistakes": "0", "que_id": "HI_S3_WD_1", "recordingName": "HI_S3_WD_1.mp3", "isCorrect": true}, {"que_text": "माला", "noOfMistakes": "0", "que_id": "HI_S3_WD_8", "recordingName": "HI_S3_WD_8.mp3", "isCorrect": true}, {"que_text": "नाक", "noOfMistakes": "0", "que_id": "HI_S3_WD_0", "recordingName": "HI_S3_WD_0.mp3", "isCorrect": true}, {"que_text": "पीला", "noOfMistakes": "0", "que_id": "HI_S3_WD_7", "recordingName": "HI_S3_WD_7.mp3", "isCorrect": true}, {"que_text": "रोटी", "noOfMistakes": "0", "que_id": "HI_S3_WD_6", "recordingName": "HI_S3_WD_6.mp3", "isCorrect": true}, {"que_text": "K", "noOfMistakes": "0", "que_id": "HI_S3_CL_1", "recordingName": "HI_S3_CL_1.mp3", "isCorrect": true}, {"que_text": "F", "noOfMistakes": "0", "que_id": "HI_S3_CL_4", "recordingName": "HI_S3_CL_4.mp3", "isCorrect": true}, {"que_text": "Q", "noOfMistakes": "0", "que_id": "HI_S3_CL_3", "recordingName": "HI_S3_CL_3.mp3", "isCorrect": true}, {"que_text": "S", "noOfMistakes": "0", "que_id": "HI_S3_CL_2", "recordingName": "HI_S3_CL_2.mp3", "isCorrect": true}, {"que_text": "W", "noOfMistakes": "0", "que_id": "HI_S3_CL_5", "recordingName": "HI_S3_CL_5.mp3", "isCorrect": true}, {"que_text": "p", "noOfMistakes": "2", "que_id": "HI_S3_SL_1", "recordingName": "HI_S3_SL_1.mp3", "isCorrect": true}, {"que_text": "b", "noOfMistakes": "2", "que_id": "HI_S3_SL_7", "recordingName": "HI_S3_SL_7.mp3", "isCorrect": false}, {"que_text": "n", "noOfMistakes": "2", "que_id": "HI_S3_SL_0", "recordingName": "HI_S3_SL_0.mp3", "isCorrect": true}, {"que_text": "v", "noOfMistakes": "2", "que_id": "HI_S3_SL_3", "recordingName": "HI_S3_SL_3.mp3", "isCorrect": true}, {"que_text": "j", "noOfMistakes": "2", "que_id": "HI_S3_SL_5", "recordingName": "HI_S3_SL_5.mp3", "isCorrect": false}], "deviceID": "c66208a6b7100eb2", "ageGroup": "less than 5 years", "studClass": "1", "date": "Sun Jul 07 18:15:37 IST 2019", "nativeProficiency": "Word"}