{"englishProficiency": "Sentence", "sequenceList": [{"que_text": "सोनी के पास एक माला है। उसमें बहुत सारे मोती हैं। मोती पीले रंग के हैं। सोनी उसे पहनती है।", "noOfMistakes": "0", "que_id": "HI_S2_P_0", "isCorrect": true, "recordingName": "HI_S2_P_0.mp3"}, {"que_text": "सावन का महीना था। आसमान में बहुत से काले बादल छाये थे। ठंडी- ठंडी हवा चल रही थी। मैंने सोचा, आज झूला झूलते हैं। बड़े भैया एक मोटी सी रस्सी लेकर आए। हमने उसे पेड़ से लटका कर झूला बनाया। सब ने मिलकर खूब झूला झूला। बहुत सारे बच्चे आकर मज़े से खेलने लगे। खेलते-खेलते रात हो गई।", "noOfMistakes": "1", "que_id": "HI_S2_ST_0", "isCorrect": true, "recordingName": "HI_S2_ST_0.mp3"}, {"que_text": "B", "noOfMistakes": "0", "que_id": "HI_S2_CL_0", "isCorrect": true, "recordingName": "HI_S2_CL_0.mp3"}, {"que_text": "M", "noOfMistakes": "0", "que_id": "HI_S2_CL_5", "isCorrect": true, "recordingName": "HI_S2_CL_5.mp3"}, {"que_text": "F", "noOfMistakes": "0", "que_id": "HI_S2_CL_7", "isCorrect": true, "recordingName": "HI_S2_CL_7.mp3"}, {"que_text": "H", "noOfMistakes": "0", "que_id": "HI_S2_CL_1", "isCorrect": true, "recordingName": "HI_S2_CL_1.mp3"}, {"que_text": "P", "noOfMistakes": "0", "que_id": "HI_S2_CL_6", "isCorrect": true, "recordingName": "HI_S2_CL_6.mp3"}, {"que_text": "z", "noOfMistakes": "0", "que_id": "HI_S2_SL_0", "isCorrect": true, "recordingName": "HI_S2_SL_0.mp3"}, {"que_text": "u", "noOfMistakes": "0", "que_id": "HI_S2_SL_5", "isCorrect": true, "recordingName": "HI_S2_SL_5.mp3"}, {"que_text": "k", "noOfMistakes": "0", "que_id": "HI_S2_SL_7", "isCorrect": true, "recordingName": "HI_S2_SL_7.mp3"}, {"que_text": "g", "noOfMistakes": "0", "que_id": "HI_S2_SL_4", "isCorrect": true, "recordingName": "HI_S2_SL_4.mp3"}, {"que_text": "o", "noOfMistakes": "0", "que_id": "HI_S2_SL_2", "isCorrect": true, "recordingName": "HI_S2_SL_2.mp3"}, {"que_text": "hot", "noOfMistakes": "1", "que_id": "HI_S2_W_1", "isCorrect": false, "recordingName": "HI_S2_W_1.mp3"}, {"que_text": "rat", "noOfMistakes": "1", "que_id": "HI_S2_W_0", "isCorrect": true, "recordingName": "HI_S2_W_0.mp3"}, {"que_text": "man", "noOfMistakes": "1", "que_id": "HI_S2_W_4", "isCorrect": true, "recordingName": "HI_S2_W_4.mp3"}, {"que_text": "pen", "noOfMistakes": "1", "que_id": "HI_S2_W_5", "isCorrect": true, "recordingName": "HI_S2_W_5.mp3"}, {"que_text": "cow", "noOfMistakes": "1", "que_id": "HI_S2_W_3", "isCorrect": true, "recordingName": "HI_S2_W_3.mp3"}, {"que_text": "What is the time?", "noOfMistakes": "0", "que_id": "HI_S2_S_0", "isCorrect": true, "recordingName": "HI_S2_S_0.mp3"}, {"que_text": "I like to play.", "noOfMistakes": "0", "que_id": "HI_S2_S_2", "isCorrect": true, "recordingName": "HI_S2_S_2.mp3"}, {"que_text": "I have a small house.", "noOfMistakes": "200", "que_id": "HI_S2_S_3", "isCorrect": false, "recordingName": "HI_S2_S_3.mp3"}, {"que_text": "This is a red ball.", "noOfMistakes": "200", "que_id": "HI_S2_S_1", "isCorrect": false, "recordingName": "HI_S2_S_1.mp3"}], "deviceID": "1febb73a4b70883e", "ageGroup": "7-10 years", "studClass": "6", "nativeProficiency": "Story", "date": "Fri Sep 06 16:53:35 IST 2019"}