{"englishProficiency": "word", "sequenceList": [{"que_text": " राधा के पास एक तोता है। उसकी चोंच लाल है। वह बहुत बोलता है। सब को हँसाता है।", "noOfMistakes": "0", "que_id": "HI_S1_P_0", "isCorrect": true, "recordingName": "HI_S1_P_0.mp3"}, {"que_text": "A", "noOfMistakes": "1", "que_id": "HI_S1_CL_0", "isCorrect": true, "recordingName": "HI_S1_CL_0.mp3"}, {"que_text": "J", "noOfMistakes": "1", "que_id": "HI_S1_CL_1", "isCorrect": true, "recordingName": "HI_S1_CL_1.mp3"}, {"que_text": "R", "noOfMistakes": "1", "que_id": "HI_S1_CL_3", "isCorrect": true, "recordingName": "HI_S1_CL_3.mp3"}, {"que_text": "E", "noOfMistakes": "1", "que_id": "HI_S1_CL_4", "isCorrect": true, "recordingName": "HI_S1_CL_4.mp3"}, {"que_text": "O", "noOfMistakes": "1", "que_id": "HI_S1_CL_7", "isCorrect": false, "recordingName": "HI_S1_CL_7.mp3"}, {"que_text": "h", "noOfMistakes": "1", "que_id": "HI_S1_SL_0", "isCorrect": true, "recordingName": "HI_S1_SL_0.mp3"}, {"que_text": "p", "noOfMistakes": "1", "que_id": "HI_S1_SL_1", "isCorrect": true, "recordingName": "HI_S1_SL_1.mp3"}, {"que_text": "u", "noOfMistakes": "1", "que_id": "HI_S1_SL_3", "isCorrect": true, "recordingName": "HI_S1_SL_3.mp3"}, {"que_text": "m", "noOfMistakes": "1", "que_id": "HI_S1_SL_4", "isCorrect": false, "recordingName": "HI_S1_SL_4.mp3"}, {"que_text": "t", "noOfMistakes": "1", "que_id": "HI_S1_SL_7", "isCorrect": true, "recordingName": "HI_S1_SL_7.mp3"}, {"que_text": "cat", "noOfMistakes": "1", "que_id": "HI_S1_W_0", "isCorrect": true, "recordingName": "HI_S1_W_0.mp3"}, {"que_text": "red", "noOfMistakes": "1", "que_id": "HI_S1_W_1", "isCorrect": true, "recordingName": "HI_S1_W_1.mp3"}, {"que_text": "sun", "noOfMistakes": "1", "que_id": "HI_S1_W_2", "isCorrect": true, "recordingName": "HI_S1_W_2.mp3"}, {"que_text": "lip", "noOfMistakes": "1", "que_id": "HI_S1_W_3", "isCorrect": true, "recordingName": "HI_S1_W_3.mp3"}, {"que_text": "fan", "noOfMistakes": "1", "que_id": "HI_S1_W_4", "isCorrect": false, "recordingName": "HI_S1_W_4.mp3"}, {"que_text": "Where is your house?", "noOfMistakes": "200", "que_id": "HI_S1_S_0", "isCorrect": false, "recordingName": "HI_S1_S_0.mp3"}, {"que_text": "This is a small bag.", "noOfMistakes": "200", "que_id": "HI_S1_S_1", "isCorrect": false, "recordingName": "HI_S1_S_1.mp3"}, {"que_text": "I like to read.", "noOfMistakes": "200", "que_id": "HI_S1_S_2", "isCorrect": false, "recordingName": "HI_S1_S_2.mp3"}, {"que_text": "I have a fat  dog .", "noOfMistakes": "200", "que_id": "HI_S1_S_3", "isCorrect": false, "recordingName": "HI_S1_S_3.mp3"}], "deviceID": "86077745e74e06a7", "ageGroup": "12-15 years", "studClass": "8", "nativeProficiency": "Story", "date": "Fri Sep 06 12:56:59 IST 2019"}