{"englishProficiency": "Capital letter", "sequenceList": [{"que_text": "आज गावाहून मामा आला. मला खाऊ व फुगे घेऊन आला. ताईला बाहुली घेऊन आला. आईला छान साडी आणली.", "noOfMistakes": "2", "que_id": "MR_S1_P_0", "isCorrect": true, "recordingName": "MR_S1_P_0.mp3"}, {"que_text": "समई", "noOfMistakes": "0", "que_id": "MR_S1_WD_0", "isCorrect": true, "recordingName": "MR_S1_WD_0.mp3"}, {"que_text": "बस", "noOfMistakes": "0", "que_id": "MR_S1_WD_1", "isCorrect": true, "recordingName": "MR_S1_WD_1.mp3"}, {"que_text": "गरम", "noOfMistakes": "0", "que_id": "MR_S1_WD_2", "isCorrect": true, "recordingName": "MR_S1_WD_2.mp3"}, {"que_text": "कैरी", "noOfMistakes": "0", "que_id": "MR_S1_WD_3", "isCorrect": true, "recordingName": "MR_S1_WD_3.mp3"}, {"que_text": "दिवा", "noOfMistakes": "0", "que_id": "MR_S1_WD_4", "isCorrect": true, "recordingName": "MR_S1_WD_4.mp3"}, {"que_text": "A", "noOfMistakes": "0", "que_id": "MR_S1_CL_0", "isCorrect": true, "recordingName": "MR_S1_CL_0.mp3"}, {"que_text": "J", "noOfMistakes": "0", "que_id": "MR_S1_CL_1", "isCorrect": true, "recordingName": "MR_S1_CL_1.mp3"}, {"que_text": "Q", "noOfMistakes": "0", "que_id": "MR_S1_CL_2", "isCorrect": true, "recordingName": "MR_S1_CL_2.mp3"}, {"que_text": "R", "noOfMistakes": "0", "que_id": "MR_S1_CL_3", "isCorrect": true, "recordingName": "MR_S1_CL_3.mp3"}, {"que_text": "E", "noOfMistakes": "0", "que_id": "MR_S1_CL_4", "isCorrect": true, "recordingName": "MR_S1_CL_4.mp3"}], "deviceID": "47f79a194bb31395", "ageGroup": "7-10 years", "studClass": "3", "date": "Fri Sep 06 10:56:21 GMT+05:30 2019", "nativeProficiency": "Paragraph"}