{"englishProficiency": "Beginner", "sequenceList": [{"que_text": "द", "noOfMistakes": "4", "que_id": "HI_S2_L_0", "isCorrect": false, "recordingName": "HI_S2_L_0.mp3"}, {"que_text": "क", "noOfMistakes": "4", "que_id": "HI_S2_L_1", "isCorrect": true, "recordingName": "HI_S2_L_1.mp3"}, {"que_text": "च", "noOfMistakes": "4", "que_id": "HI_S2_L_2", "isCorrect": false, "recordingName": "HI_S2_L_2.mp3"}, {"que_text": "ब", "noOfMistakes": "4", "que_id": "HI_S2_L_3", "isCorrect": false, "recordingName": "HI_S2_L_3.mp3"}, {"que_text": "ल", "noOfMistakes": "4", "que_id": "HI_S2_L_4", "isCorrect": false, "recordingName": "HI_S2_L_4.mp3"}, {"que_text": "B", "noOfMistakes": "2", "que_id": "HI_S2_CL_0", "isCorrect": true, "recordingName": "HI_S2_CL_0.mp3"}, {"que_text": "H", "noOfMistakes": "2", "que_id": "HI_S2_CL_1", "isCorrect": true, "recordingName": "HI_S2_CL_1.mp3"}, {"que_text": "R", "noOfMistakes": "2", "que_id": "HI_S2_CL_2", "isCorrect": false, "recordingName": "HI_S2_CL_2.mp3"}, {"que_text": "L", "noOfMistakes": "2", "que_id": "HI_S2_CL_3", "isCorrect": false, "recordingName": "HI_S2_CL_3.mp3"}, {"que_text": "M", "noOfMistakes": "2", "que_id": "HI_S2_CL_5", "isCorrect": true, "recordingName": "HI_S2_CL_5.mp3"}], "deviceID": "c66208a6b7100eb2", "ageGroup": "less than 5 years", "studClass": "1", "nativeProficiency": "Beginner", "date": "Mon Aug 26 16:28:46 IST 2019"}