{"sequenceList": [{"recordingName": "HI_S4_P_0.mp3", "isCorrect": true, "que_text": "बग़ीचे में पेड़ हैं। पेड़ पर एक तोता रहता है। तोते का रंग हरा है। वह लाल टमाटर खाता है।", "noOfMistakes": "0", "que_id": "HI_S4_P_0"}, {"answer": "29", "isCorrect": false, "que_text": "63 - 44", "noOfMistakes": "1", "que_id": "HI_S4_SB_0"}, {"answer": "28", "isCorrect": true, "que_text": "41 - 13", "noOfMistakes": "1", "que_id": "HI_S4_SB_1"}, {"recordingName": "HI_S4_W_0.mp3", "isCorrect": true, "que_text": "dog", "noOfMistakes": "1", "que_id": "HI_S4_W_0"}, {"recordingName": "HI_S4_W_1.mp3", "isCorrect": true, "que_text": "fat", "noOfMistakes": "1", "que_id": "HI_S4_W_1"}, {"recordingName": "HI_S4_W_2.mp3", "isCorrect": false, "que_text": "cup", "noOfMistakes": "1", "que_id": "HI_S4_W_2"}, {"recordingName": "HI_S4_W_3.mp3", "isCorrect": true, "que_text": "boy", "noOfMistakes": "1", "que_id": "HI_S4_W_3"}, {"recordingName": "HI_S4_W_4.mp3", "isCorrect": true, "que_text": "man", "noOfMistakes": "1", "que_id": "HI_S4_W_4"}], "englishProficiency": "word", "studClass": "5", "date": "Thu Sep 12 18:32:14 GMT+05:30 2019", "mathematicsProficiency": "Subtraction", "deviceID": "e761b1a8171c2ef7", "ageGroup": "10-12 years", "nativeProficiency": "Paragraph"}