{"englishProficiency": "Beginner", "sequenceList": [{"que_text": "बग़ीचे में पेड़ हैं। पेड़ पर एक तोता रहता है। तोते का रंग हरा है। वह लाल टमाटर खाता है।", "noOfMistakes": "200", "que_id": "HI_S4_P_0", "isCorrect": false, "recordingName": "HI_S4_P_0.mp3"}, {"que_text": "पानी", "noOfMistakes": "3", "que_id": "HI_S4_WD_4", "isCorrect": false, "recordingName": "HI_S4_WD_4.mp3"}, {"que_text": "गिर", "noOfMistakes": "3", "que_id": "HI_S4_WD_3", "isCorrect": false, "recordingName": "HI_S4_WD_3.mp3"}, {"que_text": "पैसा", "noOfMistakes": "3", "que_id": "HI_S4_WD_8", "isCorrect": false, "recordingName": "HI_S4_WD_8.mp3"}, {"que_text": "न", "noOfMistakes": "1", "que_id": "HI_S4_L_0", "isCorrect": true, "recordingName": "HI_S4_L_0.mp3"}, {"que_text": "ग", "noOfMistakes": "1", "que_id": "HI_S4_L_6", "isCorrect": true, "recordingName": "HI_S4_L_6.mp3"}, {"que_text": "थ", "noOfMistakes": "1", "que_id": "HI_S4_L_9", "isCorrect": true, "recordingName": "HI_S4_L_9.mp3"}, {"que_text": "ल", "noOfMistakes": "1", "que_id": "HI_S4_L_8", "isCorrect": true, "recordingName": "HI_S4_L_8.mp3"}, {"que_text": "म", "noOfMistakes": "1", "que_id": "HI_S4_L_2", "isCorrect": false, "recordingName": "HI_S4_L_2.mp3"}, {"que_text": "L", "noOfMistakes": "5", "que_id": "HI_S4_CL_1", "isCorrect": false, "recordingName": "HI_S4_CL_1.mp3"}, {"que_text": "N", "noOfMistakes": "5", "que_id": "HI_S4_CL_7", "isCorrect": false, "recordingName": "HI_S4_CL_7.mp3"}, {"que_text": "P", "noOfMistakes": "5", "que_id": "HI_S4_CL_6", "isCorrect": false, "recordingName": "HI_S4_CL_6.mp3"}, {"que_text": "X", "noOfMistakes": "5", "que_id": "HI_S4_CL_5", "isCorrect": false, "recordingName": "HI_S4_CL_5.mp3"}, {"que_text": "G", "noOfMistakes": "5", "que_id": "HI_S4_CL_4", "isCorrect": false, "recordingName": "HI_S4_CL_4.mp3"}], "deviceID": "2a4ca791bd63d9c4", "ageGroup": "5-7 years", "studClass": "1", "nativeProficiency": "Letter", "date": "Thu Sep 12 16:49:59 IST 2019"}