{"sequenceList": [{"recordingName": "HI_S1_WD_0.mp3", "isCorrect": true, "que_text": "हीरा", "noOfMistakes": "0", "que_id": "HI_S1_WD_0"}, {"recordingName": "HI_S1_WD_1.mp3", "isCorrect": true, "que_text": "कैसा", "noOfMistakes": "0", "que_id": "HI_S1_WD_1"}, {"recordingName": "HI_S1_WD_3.mp3", "isCorrect": true, "que_text": "नानी", "noOfMistakes": "0", "que_id": "HI_S1_WD_3"}, {"recordingName": "HI_S1_WD_4.mp3", "isCorrect": true, "que_text": "भालू", "noOfMistakes": "0", "que_id": "HI_S1_WD_4"}, {"recordingName": "HI_S1_WD_6.mp3", "isCorrect": true, "que_text": "पीला", "noOfMistakes": "0", "que_id": "HI_S1_WD_6"}, {"recordingName": "HI_S2_SD_1.mp3", "isCorrect": true, "que_text": "7", "noOfMistakes": "0", "que_id": "HI_S2_SD_1"}, {"recordingName": "HI_S2_SD_3.mp3", "isCorrect": true, "que_text": "5", "noOfMistakes": "0", "que_id": "HI_S2_SD_3"}, {"recordingName": "HI_S2_SD_6.mp3", "isCorrect": true, "que_text": "4", "noOfMistakes": "0", "que_id": "HI_S2_SD_6"}, {"recordingName": "HI_S2_SD_4.mp3", "isCorrect": true, "que_text": "9", "noOfMistakes": "0", "que_id": "HI_S2_SD_4"}, {"recordingName": "HI_S2_SD_0.mp3", "isCorrect": true, "que_text": "2", "noOfMistakes": "0", "que_id": "HI_S2_SD_0"}, {"recordingName": "HI_S2_CL_0.mp3", "isCorrect": true, "que_text": "B", "noOfMistakes": "0", "que_id": "HI_S2_CL_0"}, {"recordingName": "HI_S2_CL_3.mp3", "isCorrect": true, "que_text": "L", "noOfMistakes": "0", "que_id": "HI_S2_CL_3"}, {"recordingName": "HI_S2_CL_1.mp3", "isCorrect": true, "que_text": "H", "noOfMistakes": "0", "que_id": "HI_S2_CL_1"}, {"recordingName": "HI_S2_CL_4.mp3", "isCorrect": true, "que_text": "V", "noOfMistakes": "0", "que_id": "HI_S2_CL_4"}, {"recordingName": "HI_S2_CL_6.mp3", "isCorrect": true, "que_text": "P", "noOfMistakes": "0", "que_id": "HI_S2_CL_6"}, {"recordingName": "HI_S2_SL_0.mp3", "isCorrect": true, "que_text": "z", "noOfMistakes": "0", "que_id": "HI_S2_SL_0"}, {"recordingName": "HI_S2_SL_1.mp3", "isCorrect": true, "que_text": "j", "noOfMistakes": "0", "que_id": "HI_S2_SL_1"}, {"recordingName": "HI_S2_SL_3.mp3", "isCorrect": true, "que_text": "w", "noOfMistakes": "0", "que_id": "HI_S2_SL_3"}, {"recordingName": "HI_S2_SL_4.mp3", "isCorrect": true, "que_text": "g", "noOfMistakes": "0", "que_id": "HI_S2_SL_4"}, {"recordingName": "HI_S2_SL_6.mp3", "isCorrect": true, "que_text": "s", "noOfMistakes": "0", "que_id": "HI_S2_SL_6"}], "englishProficiency": "Small letter", "studClass": "2", "date": "Sat Sep 14 17:57:19 IST 2019", "mathematicsProficiency": "Single digit", "deviceID": "5a355e163363cef6", "ageGroup": "5-7 years", "nativeProficiency": "Word"}