{"sequenceList": [{"recordingName": "MR_S2_P_0.mp3", "isCorrect": false, "que_text": "एकदा मी पडले. सगळे मला हसले. एकदा सोनल पडली. मी तिला हसले.", "noOfMistakes": "4", "que_id": "MR_S2_P_0"}, {"recordingName": "MR_S2_WD_1.mp3", "isCorrect": true, "que_text": "पतंग", "noOfMistakes": "1", "que_id": "MR_S2_WD_1"}, {"recordingName": "MR_S2_WD_4.mp3", "isCorrect": true, "que_text": "रवी", "noOfMistakes": "1", "que_id": "MR_S2_WD_4"}, {"recordingName": "MR_S2_WD_5.mp3", "isCorrect": true, "que_text": "भाजी", "noOfMistakes": "1", "que_id": "MR_S2_WD_5"}, {"recordingName": "MR_S2_WD_8.mp3", "isCorrect": true, "que_text": "कळी", "noOfMistakes": "1", "que_id": "MR_S2_WD_8"}, {"recordingName": "MR_S2_WD_2.mp3", "isCorrect": false, "que_text": "टोपी", "noOfMistakes": "1", "que_id": "MR_S2_WD_2"}, {"answer": "-", "isCorrect": false, "que_text": "83 - 34", "noOfMistakes": "1", "que_id": "MR_S2_SB_1"}, {"recordingName": "MR_S2_DD_1.mp3", "isCorrect": false, "que_text": "58", "noOfMistakes": "4", "que_id": "MR_S2_DD_1"}, {"recordingName": "MR_S2_DD_7.mp3", "isCorrect": false, "que_text": "84", "noOfMistakes": "4", "que_id": "MR_S2_DD_7"}, {"recordingName": "MR_S2_DD_5.mp3", "isCorrect": false, "que_text": "61", "noOfMistakes": "4", "que_id": "MR_S2_DD_5"}, {"recordingName": "MR_S2_DD_4.mp3", "isCorrect": false, "que_text": "34", "noOfMistakes": "4", "que_id": "MR_S2_DD_4"}, {"recordingName": "MR_S2_SD_0.mp3", "isCorrect": true, "que_text": "2", "noOfMistakes": "0", "que_id": "MR_S2_SD_0"}, {"recordingName": "MR_S2_SD_4.mp3", "isCorrect": true, "que_text": "9", "noOfMistakes": "0", "que_id": "MR_S2_SD_4"}, {"recordingName": "MR_S2_SD_7.mp3", "isCorrect": true, "que_text": "1", "noOfMistakes": "0", "que_id": "MR_S2_SD_7"}, {"recordingName": "MR_S2_SD_3.mp3", "isCorrect": true, "que_text": "5", "noOfMistakes": "0", "que_id": "MR_S2_SD_3"}, {"recordingName": "MR_S2_SD_6.mp3", "isCorrect": true, "que_text": "4", "noOfMistakes": "0", "que_id": "MR_S2_SD_6"}, {"recordingName": "MR_S2_CL_4.mp3", "isCorrect": true, "que_text": "V", "noOfMistakes": "0", "que_id": "MR_S2_CL_4"}, {"recordingName": "MR_S2_CL_5.mp3", "isCorrect": true, "que_text": "M", "noOfMistakes": "0", "que_id": "MR_S2_CL_5"}, {"recordingName": "MR_S2_CL_7.mp3", "isCorrect": true, "que_text": "F", "noOfMistakes": "0", "que_id": "MR_S2_CL_7"}, {"recordingName": "MR_S2_CL_3.mp3", "isCorrect": true, "que_text": "L", "noOfMistakes": "0", "que_id": "MR_S2_CL_3"}, {"recordingName": "MR_S2_CL_1.mp3", "isCorrect": true, "que_text": "H", "noOfMistakes": "0", "que_id": "MR_S2_CL_1"}, {"recordingName": "MR_S2_SL_0.mp3", "isCorrect": true, "que_text": "z", "noOfMistakes": "3", "que_id": "MR_S2_SL_0"}, {"recordingName": "MR_S2_SL_4.mp3", "isCorrect": false, "que_text": "g", "noOfMistakes": "3", "que_id": "MR_S2_SL_4"}, {"recordingName": "MR_S2_SL_7.mp3", "isCorrect": false, "que_text": "k", "noOfMistakes": "3", "que_id": "MR_S2_SL_7"}, {"recordingName": "MR_S2_SL_2.mp3", "isCorrect": true, "que_text": "o", "noOfMistakes": "3", "que_id": "MR_S2_SL_2"}, {"recordingName": "MR_S2_SL_1.mp3", "isCorrect": false, "que_text": "j", "noOfMistakes": "3", "que_id": "MR_S2_SL_1"}], "englishProficiency": "Capital letter", "studClass": "2", "date": "Thu Jul 04 12:19:49 GMT+05:30 2019", "mathematicsProficiency": "Single digit", "deviceID": "3ebaa9d14abd9a0f", "ageGroup": "5-7 years", "nativeProficiency": "Word"}