{"englishProficiency": "Sentence", "sequenceList": [{"que_text": "बग़ीचे में पेड़ हैं। पेड़ पर एक तोता रहता है। तोते का रंग हरा है। वह लाल टमाटर खाता है।", "noOfMistakes": "200", "que_id": "HI_S4_P_0", "isCorrect": false, "recordingName": "HI_S4_P_0.mp3"}, {"que_text": "आग", "noOfMistakes": "1", "que_id": "HI_S4_WD_0", "isCorrect": true, "recordingName": "HI_S4_WD_0.mp3"}, {"que_text": "पानी", "noOfMistakes": "1", "que_id": "HI_S4_WD_4", "isCorrect": true, "recordingName": "HI_S4_WD_4.mp3"}, {"que_text": "पैसा", "noOfMistakes": "1", "que_id": "HI_S4_WD_8", "isCorrect": false, "recordingName": "HI_S4_WD_8.mp3"}, {"que_text": "देश", "noOfMistakes": "1", "que_id": "HI_S4_WD_7", "isCorrect": true, "recordingName": "HI_S4_WD_7.mp3"}, {"que_text": "गिर", "noOfMistakes": "1", "que_id": "HI_S4_WD_3", "isCorrect": true, "recordingName": "HI_S4_WD_3.mp3"}, {"que_text": "D", "noOfMistakes": "0", "que_id": "HI_S4_CL_0", "isCorrect": true, "recordingName": "HI_S4_CL_0.mp3"}, {"que_text": "G", "noOfMistakes": "0", "que_id": "HI_S4_CL_4", "isCorrect": true, "recordingName": "HI_S4_CL_4.mp3"}, {"que_text": "X", "noOfMistakes": "0", "que_id": "HI_S4_CL_5", "isCorrect": true, "recordingName": "HI_S4_CL_5.mp3"}, {"que_text": "N", "noOfMistakes": "0", "que_id": "HI_S4_CL_7", "isCorrect": true, "recordingName": "HI_S4_CL_7.mp3"}, {"que_text": "K", "noOfMistakes": "0", "que_id": "HI_S4_CL_3", "isCorrect": true, "recordingName": "HI_S4_CL_3.mp3"}, {"que_text": "y", "noOfMistakes": "0", "que_id": "HI_S4_SL_0", "isCorrect": true, "recordingName": "HI_S4_SL_0.mp3"}, {"que_text": "v", "noOfMistakes": "0", "que_id": "HI_S4_SL_4", "isCorrect": true, "recordingName": "HI_S4_SL_4.mp3"}, {"que_text": "h", "noOfMistakes": "0", "que_id": "HI_S4_SL_7", "isCorrect": true, "recordingName": "HI_S4_SL_7.mp3"}, {"que_text": "a", "noOfMistakes": "0", "que_id": "HI_S4_SL_6", "isCorrect": true, "recordingName": "HI_S4_SL_6.mp3"}, {"que_text": "m", "noOfMistakes": "0", "que_id": "HI_S4_SL_5", "isCorrect": true, "recordingName": "HI_S4_SL_5.mp3"}, {"que_text": "dog", "noOfMistakes": "0", "que_id": "HI_S4_W_0", "isCorrect": true, "recordingName": "HI_S4_W_0.mp3"}, {"que_text": "man", "noOfMistakes": "0", "que_id": "HI_S4_W_4", "isCorrect": true, "recordingName": "HI_S4_W_4.mp3"}, {"que_text": "boy", "noOfMistakes": "0", "que_id": "HI_S4_W_3", "isCorrect": true, "recordingName": "HI_S4_W_3.mp3"}, {"que_text": "What is the time?", "noOfMistakes": "1", "que_id": "HI_S4_S_0", "isCorrect": true, "recordingName": "HI_S4_S_0.mp3"}, {"que_text": "This is a blue shirt.", "noOfMistakes": "2", "que_id": "HI_S4_S_1", "isCorrect": true, "recordingName": "HI_S4_S_1.mp3"}], "deviceID": "899077f02e9986ec", "ageGroup": "10-12 years", "studClass": "5", "nativeProficiency": "Word", "date": "Wed Sep 11 15:09:24 IST 2019"}