{"englishProficiency": "Beginner", "sequenceList": [{"que_text": "फुगेवाला आला. लाल, निळे, फुगे आणले. मुलांनी फुगे घेतले. हातातून ते सुटून गेले.", "noOfMistakes": "200", "que_id": "MR_S3_P_0", "isCorrect": false, "recordingName": "MR_S3_P_0.mp3"}, {"que_text": "लाल", "noOfMistakes": "2", "que_id": "MR_S3_WD_1", "isCorrect": false, "recordingName": "MR_S3_WD_1.mp3"}, {"que_text": "दिवस", "noOfMistakes": "2", "que_id": "MR_S3_WD_5", "isCorrect": false, "recordingName": "MR_S3_WD_5.mp3"}, {"que_text": "न", "noOfMistakes": "2", "que_id": "MR_S3_L_4", "isCorrect": false, "recordingName": "MR_S3_L_4.mp3"}, {"que_text": "ग", "noOfMistakes": "2", "que_id": "MR_S3_L_2", "isCorrect": false, "recordingName": "MR_S3_L_2.mp3"}, {"que_text": "C", "noOfMistakes": "2", "que_id": "MR_S3_CL_0", "isCorrect": false, "recordingName": "MR_S3_CL_0.mp3"}, {"que_text": "W", "noOfMistakes": "2", "que_id": "MR_S3_CL_5", "isCorrect": false, "recordingName": "MR_S3_CL_5.mp3"}], "deviceID": "2a595d8d0d2c5a1b", "ageGroup": "5-7 years", "studClass": "1", "date": "Sun Sep 08 12:16:11 IST 2019", "nativeProficiency": "Beginner"}