{"date": "Sun Sep 08 12:16:11 IST 2019", "sequenceList": [{"recordingName": "MR_S3_P_0.mp3", "isCorrect": false, "que_text": "फुगेवाला आला. लाल, निळे, फुगे आणले. मुलांनी फुगे घेतले. हातातून ते सुटून गेले.", "noOfMistakes": "200", "que_id": "MR_S3_P_0"}, {"recordingName": "MR_S3_WD_1.mp3", "isCorrect": false, "que_text": "लाल", "noOfMistakes": "2", "que_id": "MR_S3_WD_1"}, {"recordingName": "MR_S3_WD_5.mp3", "isCorrect": false, "que_text": "दिवस", "noOfMistakes": "2", "que_id": "MR_S3_WD_5"}, {"recordingName": "MR_S3_L_4.mp3", "isCorrect": false, "que_text": "न", "noOfMistakes": "2", "que_id": "MR_S3_L_4"}, {"recordingName": "MR_S3_L_2.mp3", "isCorrect": false, "que_text": "ग", "noOfMistakes": "2", "que_id": "MR_S3_L_2"}, {"recordingName": "MR_S3_CL_0.mp3", "isCorrect": false, "que_text": "C", "noOfMistakes": "2", "que_id": "MR_S3_CL_0"}, {"recordingName": "MR_S3_CL_5.mp3", "isCorrect": false, "que_text": "W", "noOfMistakes": "2", "que_id": "MR_S3_CL_5"}], "englishProficiency": "Beginner", "studClass": "1", "deviceID": "2a595d8d0d2c5a1b", "ageGroup": "5-7 years", "nativeProficiency": "Beginner"}