{"englishProficiency": "Small letter", "sequenceList": [{"que_text": "क", "noOfMistakes": "0", "que_id": "HI_S1_L_8", "isCorrect": true, "recordingName": "HI_S1_L_8.mp3"}, {"que_text": "घ", "noOfMistakes": "0", "que_id": "HI_S1_L_9", "isCorrect": true, "recordingName": "HI_S1_L_9.mp3"}, {"que_text": "न", "noOfMistakes": "0", "que_id": "HI_S1_L_7", "isCorrect": true, "recordingName": "HI_S1_L_7.mp3"}, {"que_text": "ल", "noOfMistakes": "0", "que_id": "HI_S1_L_5", "isCorrect": true, "recordingName": "HI_S1_L_5.mp3"}, {"que_text": "म", "noOfMistakes": "0", "que_id": "HI_S1_L_0", "isCorrect": true, "recordingName": "HI_S1_L_0.mp3"}, {"que_text": "J", "noOfMistakes": "0", "que_id": "HI_S1_CL_1", "isCorrect": true, "recordingName": "HI_S1_CL_1.mp3"}, {"que_text": "Q", "noOfMistakes": "0", "que_id": "HI_S1_CL_2", "isCorrect": true, "recordingName": "HI_S1_CL_2.mp3"}, {"que_text": "N", "noOfMistakes": "0", "que_id": "HI_S1_CL_6", "isCorrect": true, "recordingName": "HI_S1_CL_6.mp3"}, {"que_text": "R", "noOfMistakes": "0", "que_id": "HI_S1_CL_3", "isCorrect": true, "recordingName": "HI_S1_CL_3.mp3"}, {"que_text": "E", "noOfMistakes": "0", "que_id": "HI_S1_CL_4", "isCorrect": true, "recordingName": "HI_S1_CL_4.mp3"}, {"que_text": "p", "noOfMistakes": "1", "que_id": "HI_S1_SL_1", "isCorrect": true, "recordingName": "HI_S1_SL_1.mp3"}, {"que_text": "m", "noOfMistakes": "1", "que_id": "HI_S1_SL_4", "isCorrect": true, "recordingName": "HI_S1_SL_4.mp3"}, {"que_text": "g", "noOfMistakes": "1", "que_id": "HI_S1_SL_6", "isCorrect": true, "recordingName": "HI_S1_SL_6.mp3"}, {"que_text": "t", "noOfMistakes": "1", "que_id": "HI_S1_SL_7", "isCorrect": false, "recordingName": "HI_S1_SL_7.mp3"}, {"que_text": "h", "noOfMistakes": "1", "que_id": "HI_S1_SL_0", "isCorrect": true, "recordingName": "HI_S1_SL_0.mp3"}], "deviceID": "ebaa26065aba20e5", "ageGroup": "7-10 years", "studClass": "2", "nativeProficiency": "Letter", "date": "Sat Aug 03 20:19:29 GMT+05:30 2019"}