{"englishProficiency": "Beginner", "sequenceList": [{"que_text": "पावसाळा सुरु झाला. आईने नवी तुळस लावली. तुळस भरभर वाढली. छान दिसू लागली.", "noOfMistakes": "200", "que_id": "MR_S2_P_1", "isCorrect": false, "recordingName": "MR_S2_P_1.mp3"}, {"que_text": "रवी", "noOfMistakes": "1", "que_id": "MR_S2_WD_4", "isCorrect": false, "recordingName": "MR_S2_WD_4.mp3"}, {"que_text": "ण", "noOfMistakes": "2", "que_id": "MH_S2_L_3", "isCorrect": true, "recordingName": "MH_S2_L_3.mp3"}, {"que_text": "स", "noOfMistakes": "2", "que_id": "MH_S2_L_4", "isCorrect": true, "recordingName": "MH_S2_L_4.mp3"}, {"que_text": "छ", "noOfMistakes": "2", "que_id": "MH_S2_L_7", "isCorrect": false, "recordingName": "MH_S2_L_7.mp3"}, {"que_text": "ल", "noOfMistakes": "2", "que_id": "MH_S2_L_8", "isCorrect": false, "recordingName": "MH_S2_L_8.mp3"}, {"que_text": "V", "noOfMistakes": "4", "que_id": "MR_S2_CL_4", "isCorrect": false, "recordingName": "MR_S2_CL_4.mp3"}, {"que_text": "F", "noOfMistakes": "4", "que_id": "MR_S2_CL_7", "isCorrect": false, "recordingName": "MR_S2_CL_7.mp3"}, {"que_text": "L", "noOfMistakes": "4", "que_id": "MR_S2_CL_3", "isCorrect": false, "recordingName": "MR_S2_CL_3.mp3"}, {"que_text": "M", "noOfMistakes": "4", "que_id": "MR_S2_CL_5", "isCorrect": false, "recordingName": "MR_S2_CL_5.mp3"}], "deviceID": "3ebaa9d14abd9a0f", "ageGroup": "5-7 years", "studClass": "1", "nativeProficiency": "Beginner", "date": "Wed Jul 10 12:05:11 GMT+05:30 2019"}