{"sequenceList": [{"recordingName": "MR_S1_P_1.mp3", "isCorrect": false, "que_text": "आज रविवार आहे. शाळेला रजा आहे. तरी आज सकाळी मला लवकर जाग आली.", "noOfMistakes": "200", "que_id": "MR_S1_P_1"}, {"recordingName": "MR_S1_WD_1.mp3", "isCorrect": true, "que_text": "बस", "noOfMistakes": "2", "que_id": "MR_S1_WD_1"}, {"recordingName": "HI_S1_WD_4.mp3", "isCorrect": true, "que_text": "दिवा", "noOfMistakes": "2", "que_id": "HI_S1_WD_4"}, {"recordingName": "HI_S1_WD_5.mp3", "isCorrect": false, "que_text": "मोती", "noOfMistakes": "2", "que_id": "HI_S1_WD_5"}, {"recordingName": "HI_S1_WD_7.mp3", "isCorrect": false, "que_text": "चिमटा", "noOfMistakes": "2", "que_id": "HI_S1_WD_7"}, {"recordingName": "MR_S1_L_0.mp3", "isCorrect": true, "que_text": "श", "noOfMistakes": "1", "que_id": "MR_S1_L_0"}, {"recordingName": "MR_S1_L_4.mp3", "isCorrect": true, "que_text": "य", "noOfMistakes": "1", "que_id": "MR_S1_L_4"}, {"recordingName": "MR_S1_L_5.mp3", "isCorrect": false, "que_text": "द", "noOfMistakes": "1", "que_id": "MR_S1_L_5"}, {"recordingName": "MR_S1_L_3.mp3", "isCorrect": true, "que_text": "ड", "noOfMistakes": "1", "que_id": "MR_S1_L_3"}, {"recordingName": "MR_S1_L_7.mp3", "isCorrect": true, "que_text": "ह", "noOfMistakes": "1", "que_id": "MR_S1_L_7"}, {"answer": "-", "isCorrect": false, "que_text": "36-18", "noOfMistakes": "1", "que_id": "MR_S1_SB_4"}, {"recordingName": "MR_S1_DD_3.mp3", "isCorrect": true, "que_text": "99", "noOfMistakes": "2", "que_id": "MR_S1_DD_3"}, {"recordingName": "MR_S1_DD_4.mp3", "isCorrect": false, "que_text": "34", "noOfMistakes": "2", "que_id": "MR_S1_DD_4"}, {"recordingName": "MR_S1_DD_8.mp3", "isCorrect": false, "que_text": "25", "noOfMistakes": "2", "que_id": "MR_S1_DD_8"}, {"recordingName": "MR_S1_SD_0.mp3", "isCorrect": true, "que_text": "2", "noOfMistakes": "0", "que_id": "MR_S1_SD_0"}, {"recordingName": "MR_S1_SD_4.mp3", "isCorrect": true, "que_text": "9", "noOfMistakes": "0", "que_id": "MR_S1_SD_4"}, {"recordingName": "MR_S1_SD_5.mp3", "isCorrect": true, "que_text": "8", "noOfMistakes": "0", "que_id": "MR_S1_SD_5"}, {"recordingName": "MR_S1_SD_3.mp3", "isCorrect": true, "que_text": "5", "noOfMistakes": "0", "que_id": "MR_S1_SD_3"}, {"recordingName": "MR_S1_SD_7.mp3", "isCorrect": true, "que_text": "1", "noOfMistakes": "0", "que_id": "MR_S1_SD_7"}, {"recordingName": "MR_S1_CL_0.mp3", "isCorrect": true, "que_text": "A", "noOfMistakes": "0", "que_id": "MR_S1_CL_0"}, {"recordingName": "MR_S1_Cl_5.mp3", "isCorrect": true, "que_text": "Y", "noOfMistakes": "0", "que_id": "MR_S1_Cl_5"}, {"recordingName": "MR_S1_CL_7.mp3", "isCorrect": true, "que_text": "O", "noOfMistakes": "0", "que_id": "MR_S1_CL_7"}, {"recordingName": "MR_S1_CL_6.mp3", "isCorrect": true, "que_text": "N", "noOfMistakes": "0", "que_id": "MR_S1_CL_6"}, {"recordingName": "MR_S1_CL_3.mp3", "isCorrect": true, "que_text": "R", "noOfMistakes": "0", "que_id": "MR_S1_CL_3"}, {"recordingName": "MR_S1_SL_1.mp3", "isCorrect": true, "que_text": "p", "noOfMistakes": "0", "que_id": "MR_S1_SL_1"}, {"recordingName": "MR_S1_SL_4.mp3", "isCorrect": true, "que_text": "m", "noOfMistakes": "0", "que_id": "MR_S1_SL_4"}, {"recordingName": "MR_S1_SL_3.mp3", "isCorrect": true, "que_text": "u", "noOfMistakes": "0", "que_id": "MR_S1_SL_3"}, {"recordingName": "MR_S1_SL_5.mp3", "isCorrect": true, "que_text": "d", "noOfMistakes": "0", "que_id": "MR_S1_SL_5"}, {"recordingName": "MR_S1_SL_7.mp3", "isCorrect": true, "que_text": "t", "noOfMistakes": "0", "que_id": "MR_S1_SL_7"}, {"recordingName": "MR_S1_W_1.mp3", "isCorrect": false, "que_text": "red", "noOfMistakes": "1", "que_id": "MR_S1_W_1"}], "englishProficiency": "Small letter", "studClass": "5", "date": "Tue Jul 23 15:13:54 GMT+05:30 2019", "mathematicsProficiency": "Single digit", "deviceID": "3ebaa9d14abd9a0f", "ageGroup": "10-12 years", "nativeProficiency": "Letter"}