{"englishProficiency": "Small letter", "sequenceList": [{"que_text": "आज रविवार आहे. शाळेला रजा आहे. तरी आज सकाळी मला लवकर जाग आली.", "noOfMistakes": "200", "que_id": "MR_S1_P_1", "isCorrect": false, "recordingName": "MR_S1_P_1.mp3"}, {"que_text": "बस", "noOfMistakes": "2", "que_id": "MR_S1_WD_1", "isCorrect": true, "recordingName": "MR_S1_WD_1.mp3"}, {"que_text": "दिवा", "noOfMistakes": "2", "que_id": "HI_S1_WD_4", "isCorrect": true, "recordingName": "HI_S1_WD_4.mp3"}, {"que_text": "मोती", "noOfMistakes": "2", "que_id": "HI_S1_WD_5", "isCorrect": false, "recordingName": "HI_S1_WD_5.mp3"}, {"que_text": "चिमटा", "noOfMistakes": "2", "que_id": "HI_S1_WD_7", "isCorrect": false, "recordingName": "HI_S1_WD_7.mp3"}, {"que_text": "श", "noOfMistakes": "1", "que_id": "MR_S1_L_0", "isCorrect": true, "recordingName": "MR_S1_L_0.mp3"}, {"que_text": "य", "noOfMistakes": "1", "que_id": "MR_S1_L_4", "isCorrect": true, "recordingName": "MR_S1_L_4.mp3"}, {"que_text": "द", "noOfMistakes": "1", "que_id": "MR_S1_L_5", "isCorrect": false, "recordingName": "MR_S1_L_5.mp3"}, {"que_text": "ड", "noOfMistakes": "1", "que_id": "MR_S1_L_3", "isCorrect": true, "recordingName": "MR_S1_L_3.mp3"}, {"que_text": "ह", "noOfMistakes": "1", "que_id": "MR_S1_L_7", "isCorrect": true, "recordingName": "MR_S1_L_7.mp3"}, {"que_text": "A", "noOfMistakes": "0", "que_id": "MR_S1_CL_0", "isCorrect": true, "recordingName": "MR_S1_CL_0.mp3"}, {"que_text": "Y", "noOfMistakes": "0", "que_id": "MR_S1_Cl_5", "isCorrect": true, "recordingName": "MR_S1_Cl_5.mp3"}, {"que_text": "O", "noOfMistakes": "0", "que_id": "MR_S1_CL_7", "isCorrect": true, "recordingName": "MR_S1_CL_7.mp3"}, {"que_text": "N", "noOfMistakes": "0", "que_id": "MR_S1_CL_6", "isCorrect": true, "recordingName": "MR_S1_CL_6.mp3"}, {"que_text": "R", "noOfMistakes": "0", "que_id": "MR_S1_CL_3", "isCorrect": true, "recordingName": "MR_S1_CL_3.mp3"}, {"que_text": "p", "noOfMistakes": "0", "que_id": "MR_S1_SL_1", "isCorrect": true, "recordingName": "MR_S1_SL_1.mp3"}, {"que_text": "m", "noOfMistakes": "0", "que_id": "MR_S1_SL_4", "isCorrect": true, "recordingName": "MR_S1_SL_4.mp3"}, {"que_text": "u", "noOfMistakes": "0", "que_id": "MR_S1_SL_3", "isCorrect": true, "recordingName": "MR_S1_SL_3.mp3"}, {"que_text": "d", "noOfMistakes": "0", "que_id": "MR_S1_SL_5", "isCorrect": true, "recordingName": "MR_S1_SL_5.mp3"}, {"que_text": "t", "noOfMistakes": "0", "que_id": "MR_S1_SL_7", "isCorrect": true, "recordingName": "MR_S1_SL_7.mp3"}, {"que_text": "red", "noOfMistakes": "1", "que_id": "MR_S1_W_1", "isCorrect": false, "recordingName": "MR_S1_W_1.mp3"}], "deviceID": "3ebaa9d14abd9a0f", "ageGroup": "10-12 years", "studClass": "5", "nativeProficiency": "Letter", "date": "Tue Jul 23 15:13:54 GMT+05:30 2019"}