{"date": "Thu Sep 05 16:34:23 IST 2019", "sequenceList": [{"recordingName": "MR_S1_P_0.mp3", "isCorrect": true, "que_text": "आज गावाहून मामा आला. मला खाऊ व फुगे घेऊन आला. ताईला बाहुली घेऊन आला. आईला छान साडी आणली.", "noOfMistakes": "0", "que_id": "MR_S1_P_0"}, {"recordingName": "MR_S1_ST_0.mp3", "isCorrect": true, "que_text": "दाजी आजोबा आजारी असतात. ते खूप थकलेले दिसतात. हल्ली त्यांना नीट दिसत नाही.आजोबांचा नातू रमेश त्यांची खूप काळजी घेतो. त्यांना खूप खोकलाही झाला आहे. रमेश त्यांना वेळेवर औषध देतो. नीट दिसत नसल्यामुळे आजोबा घरात बसून असतात. रमेश त्यांच्या हाताला धरून घरातल्या घरात फिरवतो. घरात बसून आजोबा जुनी गाणी ऐकतात. त्यांना नवीन गाणीही ऐकायला आवडतात. आजोबांना बरे वाटल्यावर दोघे लांबवर फिरायला जाणार आहेत.", "noOfMistakes": "1", "que_id": "MR_S1_ST_0"}, {"recordingName": "MR_S1_CL_0.mp3", "isCorrect": true, "que_text": "A", "noOfMistakes": "0", "que_id": "MR_S1_CL_0"}, {"recordingName": "MR_S1_CL_1.mp3", "isCorrect": true, "que_text": "J", "noOfMistakes": "0", "que_id": "MR_S1_CL_1"}, {"recordingName": "MR_S1_CL_2.mp3", "isCorrect": true, "que_text": "Q", "noOfMistakes": "0", "que_id": "MR_S1_CL_2"}, {"recordingName": "MR_S1_CL_3.mp3", "isCorrect": true, "que_text": "R", "noOfMistakes": "0", "que_id": "MR_S1_CL_3"}, {"recordingName": "MR_S1_CL_4.mp3", "isCorrect": true, "que_text": "E", "noOfMistakes": "0", "que_id": "MR_S1_CL_4"}, {"recordingName": "MR_S1_SL_0.mp3", "isCorrect": true, "que_text": "h", "noOfMistakes": "0", "que_id": "MR_S1_SL_0"}, {"recordingName": "MR_S1_SL_1.mp3", "isCorrect": true, "que_text": "p", "noOfMistakes": "0", "que_id": "MR_S1_SL_1"}, {"recordingName": "MR_S1_SL_2.mp3", "isCorrect": true, "que_text": "x", "noOfMistakes": "0", "que_id": "MR_S1_SL_2"}, {"recordingName": "MR_S1_SL_3.mp3", "isCorrect": true, "que_text": "u", "noOfMistakes": "0", "que_id": "MR_S1_SL_3"}, {"recordingName": "MR_S1_SL_4.mp3", "isCorrect": true, "que_text": "m", "noOfMistakes": "0", "que_id": "MR_S1_SL_4"}, {"recordingName": "MR_S1_W_0.mp3", "isCorrect": true, "que_text": "cat", "noOfMistakes": "0", "que_id": "MR_S1_W_0"}, {"recordingName": "MR_S1_W_1.mp3", "isCorrect": true, "que_text": "red", "noOfMistakes": "0", "que_id": "MR_S1_W_1"}, {"recordingName": "MR_S1_W_2.mp3", "isCorrect": true, "que_text": "sun", "noOfMistakes": "0", "que_id": "MR_S1_W_2"}, {"recordingName": "MR_S1_W_3.mp3", "isCorrect": true, "que_text": "new", "noOfMistakes": "0", "que_id": "MR_S1_W_3"}, {"recordingName": "MR_S1_W_4.mp3", "isCorrect": true, "que_text": "fan", "noOfMistakes": "0", "que_id": "MR_S1_W_4"}, {"recordingName": "MR_S1_S_0.mp3", "isCorrect": true, "que_text": "What is the time?", "noOfMistakes": "0", "que_id": "MR_S1_S_0"}, {"recordingName": "MR_S1_S_1.mp3", "isCorrect": true, "que_text": "This is a large house.", "noOfMistakes": "0", "que_id": "MR_S1_S_1"}, {"recordingName": "MR_S1_S_2.mp3", "isCorrect": true, "que_text": "I like to read.", "noOfMistakes": "0", "que_id": "MR_S1_S_2"}, {"recordingName": "MR_S1_S_3.mp3", "isCorrect": true, "que_text": "She has many books.", "noOfMistakes": "0", "que_id": "MR_S1_S_3"}], "englishProficiency": "Sentence", "studClass": "8", "deviceID": "d0c4e016866279b1", "ageGroup": "12-15 years", "nativeProficiency": "Story"}