{"date": "Fri Sep 13 14:46:04 GMT+05:30 2019", "sequenceList": [{"recordingName": "MR_S1_P_0.mp3", "isCorrect": true, "que_text": "आज गावाहून मामा आला. मला खाऊ व फुगे घेऊन आला. ताईला बाहुली घेऊन आला. आईला छान साडी आणली.", "noOfMistakes": "0", "que_id": "MR_S1_P_0"}, {"recordingName": "MR_S1_CL_0.mp3", "isCorrect": true, "que_text": "A", "noOfMistakes": "0", "que_id": "MR_S1_CL_0"}, {"recordingName": "MR_S1_CL_1.mp3", "isCorrect": true, "que_text": "J", "noOfMistakes": "0", "que_id": "MR_S1_CL_1"}, {"recordingName": "MR_S1_CL_3.mp3", "isCorrect": true, "que_text": "R", "noOfMistakes": "0", "que_id": "MR_S1_CL_3"}, {"recordingName": "MR_S1_CL_2.mp3", "isCorrect": true, "que_text": "Q", "noOfMistakes": "0", "que_id": "MR_S1_CL_2"}, {"recordingName": "MR_S1_CL_7.mp3", "isCorrect": true, "que_text": "O", "noOfMistakes": "0", "que_id": "MR_S1_CL_7"}, {"recordingName": "MR_S1_SL_0.mp3", "isCorrect": true, "que_text": "h", "noOfMistakes": "0", "que_id": "MR_S1_SL_0"}, {"recordingName": "MR_S1_SL_1.mp3", "isCorrect": true, "que_text": "p", "noOfMistakes": "0", "que_id": "MR_S1_SL_1"}, {"recordingName": "MR_S1_SL_3.mp3", "isCorrect": true, "que_text": "u", "noOfMistakes": "0", "que_id": "MR_S1_SL_3"}, {"recordingName": "MR_S1_SL_2.mp3", "isCorrect": true, "que_text": "x", "noOfMistakes": "0", "que_id": "MR_S1_SL_2"}, {"recordingName": "MR_S1_SL_5.mp3", "isCorrect": true, "que_text": "d", "noOfMistakes": "0", "que_id": "MR_S1_SL_5"}, {"recordingName": "MR_S1_W_0.mp3", "isCorrect": false, "que_text": "cat", "noOfMistakes": "5", "que_id": "MR_S1_W_0"}, {"recordingName": "MR_S1_W_1.mp3", "isCorrect": false, "que_text": "red", "noOfMistakes": "5", "que_id": "MR_S1_W_1"}, {"recordingName": "MR_S1_W_3.mp3", "isCorrect": false, "que_text": "new", "noOfMistakes": "5", "que_id": "MR_S1_W_3"}, {"recordingName": "MR_S1_W_2.mp3", "isCorrect": false, "que_text": "sun", "noOfMistakes": "5", "que_id": "MR_S1_W_2"}, {"recordingName": "MR_S1_W_4.mp3", "isCorrect": false, "que_text": "fan", "noOfMistakes": "5", "que_id": "MR_S1_W_4"}], "englishProficiency": "Small letter", "studClass": "4", "deviceID": "70390f9e7bdbfff1", "ageGroup": "7-10 years", "nativeProficiency": "Paragraph"}