{"sequenceList": [{"recordingName": "HI_S3_WD_0.mp3", "isCorrect": true, "que_text": "नाक", "noOfMistakes": "0", "que_id": "HI_S3_WD_0"}, {"recordingName": "HI_S3_WD_8.mp3", "isCorrect": true, "que_text": "माला", "noOfMistakes": "0", "que_id": "HI_S3_WD_8"}, {"recordingName": "HI_S3_WD_7.mp3", "isCorrect": true, "que_text": "पीला", "noOfMistakes": "0", "que_id": "HI_S3_WD_7"}, {"recordingName": "HI_S3_WD_9.mp3", "isCorrect": true, "que_text": "दिन", "noOfMistakes": "0", "que_id": "HI_S3_WD_9"}, {"recordingName": "HI_S3_WD_1.mp3", "isCorrect": true, "que_text": "तोता", "noOfMistakes": "0", "que_id": "HI_S3_WD_1"}, {"recordingName": "HI_S3_DD_8.mp3", "isCorrect": false, "que_text": "36", "noOfMistakes": "5", "que_id": "HI_S3_DD_8"}, {"recordingName": "HI_S3_DD_9.mp3", "isCorrect": false, "que_text": "43", "noOfMistakes": "5", "que_id": "HI_S3_DD_9"}, {"recordingName": "HI_S3_DD_7.mp3", "isCorrect": false, "que_text": "65", "noOfMistakes": "5", "que_id": "HI_S3_DD_7"}, {"recordingName": "HI_S3_DD_4.mp3", "isCorrect": false, "que_text": "55", "noOfMistakes": "5", "que_id": "HI_S3_DD_4"}, {"recordingName": "HI_S3_DD_1.mp3", "isCorrect": false, "que_text": "83", "noOfMistakes": "5", "que_id": "HI_S3_DD_1"}, {"recordingName": "HI_S3_SD_3.mp3", "isCorrect": true, "que_text": "3", "noOfMistakes": "0", "que_id": "HI_S3_SD_3"}, {"recordingName": "HI_S3_SD_5.mp3", "isCorrect": true, "que_text": "9", "noOfMistakes": "0", "que_id": "HI_S3_SD_5"}, {"recordingName": "HI_S3_SD_6.mp3", "isCorrect": true, "que_text": "5", "noOfMistakes": "0", "que_id": "HI_S3_SD_6"}, {"recordingName": "HI_S3_SD_4.mp3", "isCorrect": true, "que_text": "6", "noOfMistakes": "0", "que_id": "HI_S3_SD_4"}, {"recordingName": "HI_S3_SD_1.mp3", "isCorrect": true, "que_text": "4", "noOfMistakes": "0", "que_id": "HI_S3_SD_1"}, {"recordingName": "HI_S3_CL_2.mp3", "isCorrect": false, "que_text": "S", "noOfMistakes": "1", "que_id": "HI_S3_CL_2"}, {"recordingName": "HI_S3_CL_6.mp3", "isCorrect": true, "que_text": "O", "noOfMistakes": "1", "que_id": "HI_S3_CL_6"}, {"recordingName": "HI_S3_CL_3.mp3", "isCorrect": true, "que_text": "Q", "noOfMistakes": "1", "que_id": "HI_S3_CL_3"}, {"recordingName": "HI_S3_CL_7.mp3", "isCorrect": true, "que_text": "Z", "noOfMistakes": "1", "que_id": "HI_S3_CL_7"}, {"recordingName": "HI_S3_CL_0.mp3", "isCorrect": true, "que_text": "C", "noOfMistakes": "1", "que_id": "HI_S3_CL_0"}, {"recordingName": "HI_S3_SL_2.mp3", "isCorrect": false, "que_text": "g", "noOfMistakes": "2", "que_id": "HI_S3_SL_2"}, {"recordingName": "HI_S3_SL_6.mp3", "isCorrect": false, "que_text": "r", "noOfMistakes": "2", "que_id": "HI_S3_SL_6"}], "englishProficiency": "Capital letter", "studClass": "3", "date": "Fri Jul 05 17:01:38 GMT+05:30 2019", "mathematicsProficiency": "Single digit", "deviceID": "ebaa26065aba20e5", "ageGroup": "7-10 years", "nativeProficiency": "Word"}