{"englishProficiency": "Small letter", "sequenceList": [{"que_text": "एकदा मी पडले. सगळे मला हसले. एकदा सोनल पडली. मी तिला हसले.", "noOfMistakes": "4", "que_id": "MR_S2_P_0", "isCorrect": false, "recordingName": "MR_S2_P_0.mp3"}, {"que_text": "रवी", "noOfMistakes": "1", "que_id": "MR_S2_WD_4", "isCorrect": true, "recordingName": "MR_S2_WD_4.mp3"}, {"que_text": "भाजी", "noOfMistakes": "1", "que_id": "MR_S2_WD_5", "isCorrect": true, "recordingName": "MR_S2_WD_5.mp3"}, {"que_text": "पतंग", "noOfMistakes": "1", "que_id": "MR_S2_WD_1", "isCorrect": false, "recordingName": "MR_S2_WD_1.mp3"}, {"que_text": "विहीर", "noOfMistakes": "1", "que_id": "MR_S2_WD_6", "isCorrect": true, "recordingName": "MR_S2_WD_6.mp3"}, {"que_text": "टोपी", "noOfMistakes": "1", "que_id": "MR_S2_WD_2", "isCorrect": true, "recordingName": "MR_S2_WD_2.mp3"}, {"que_text": "B", "noOfMistakes": "0", "que_id": "MR_S2_CL_0", "isCorrect": true, "recordingName": "MR_S2_CL_0.mp3"}, {"que_text": "V", "noOfMistakes": "0", "que_id": "MR_S2_CL_4", "isCorrect": true, "recordingName": "MR_S2_CL_4.mp3"}, {"que_text": "M", "noOfMistakes": "0", "que_id": "MR_S2_CL_5", "isCorrect": true, "recordingName": "MR_S2_CL_5.mp3"}, {"que_text": "H", "noOfMistakes": "0", "que_id": "MR_S2_CL_1", "isCorrect": true, "recordingName": "MR_S2_CL_1.mp3"}, {"que_text": "R", "noOfMistakes": "0", "que_id": "MR_S2_CL_2", "isCorrect": true, "recordingName": "MR_S2_CL_2.mp3"}, {"que_text": "j", "noOfMistakes": "0", "que_id": "MR_S2_SL_1", "isCorrect": true, "recordingName": "MR_S2_SL_1.mp3"}, {"que_text": "g", "noOfMistakes": "0", "que_id": "MR_S2_SL_4", "isCorrect": true, "recordingName": "MR_S2_SL_4.mp3"}, {"que_text": "w", "noOfMistakes": "0", "que_id": "MR_S2_SL_3", "isCorrect": true, "recordingName": "MR_S2_SL_3.mp3"}, {"que_text": "o", "noOfMistakes": "0", "que_id": "MR_S2_SL_2", "isCorrect": true, "recordingName": "MR_S2_SL_2.mp3"}, {"que_text": "k", "noOfMistakes": "0", "que_id": "MR_S2_SL_7", "isCorrect": true, "recordingName": "MR_S2_SL_7.mp3"}, {"que_text": "wet", "noOfMistakes": "1", "que_id": "MR_S2_W_1", "isCorrect": false, "recordingName": "MR_S2_W_1.mp3"}], "deviceID": "3ebaa9d14abd9a0f", "ageGroup": "12-15 years", "studClass": "7", "nativeProficiency": "Word", "date": "Mon Jul 01 14:56:36 GMT+05:30 2019"}