{"sequenceList": [{"recordingName": "HI_S4_L_0.mp3", "isCorrect": true, "que_text": "न", "noOfMistakes": "1", "que_id": "HI_S4_L_0"}, {"recordingName": "HI_S4_L_1.mp3", "isCorrect": true, "que_text": "र", "noOfMistakes": "1", "que_id": "HI_S4_L_1"}, {"recordingName": "HI_S4_L_2.mp3", "isCorrect": true, "que_text": "म", "noOfMistakes": "1", "que_id": "HI_S4_L_2"}, {"recordingName": "HI_S4_L_3.mp3", "isCorrect": false, "que_text": "च", "noOfMistakes": "1", "que_id": "HI_S4_L_3"}, {"recordingName": "HI_S4_L_4.mp3", "isCorrect": true, "que_text": "स", "noOfMistakes": "1", "que_id": "HI_S4_L_4"}, {"recordingName": "HI_S4_SD_0.mp3", "isCorrect": true, "que_text": "5", "noOfMistakes": "0", "que_id": "HI_S4_SD_0"}, {"recordingName": "HI_S4_SD_1.mp3", "isCorrect": true, "que_text": "7", "noOfMistakes": "0", "que_id": "HI_S4_SD_1"}, {"recordingName": "HI_S4_SD_2.mp3", "isCorrect": true, "que_text": "8", "noOfMistakes": "0", "que_id": "HI_S4_SD_2"}, {"recordingName": "HI_S4_SD_3.mp3", "isCorrect": true, "que_text": "4", "noOfMistakes": "0", "que_id": "HI_S4_SD_3"}, {"recordingName": "HI_S4_SD_4.mp3", "isCorrect": true, "que_text": "2", "noOfMistakes": "0", "que_id": "HI_S4_SD_4"}, {"recordingName": "HI_S4_CL_0.mp3", "isCorrect": true, "que_text": "D", "noOfMistakes": "2", "que_id": "HI_S4_CL_0"}, {"recordingName": "HI_S4_CL_1.mp3", "isCorrect": true, "que_text": "L", "noOfMistakes": "2", "que_id": "HI_S4_CL_1"}, {"recordingName": "HI_S4_CL_2.mp3", "isCorrect": true, "que_text": "T", "noOfMistakes": "2", "que_id": "HI_S4_CL_2"}, {"recordingName": "HI_S4_CL_3.mp3", "isCorrect": false, "que_text": "K", "noOfMistakes": "2", "que_id": "HI_S4_CL_3"}, {"recordingName": "HI_S4_CL_4.mp3", "isCorrect": false, "que_text": "G", "noOfMistakes": "2", "que_id": "HI_S4_CL_4"}], "englishProficiency": "Capital letter", "studClass": "4", "date": "Sat Sep 21 13:46:21 IST 2019", "mathematicsProficiency": "Single digit", "deviceID": "2f3c5f8795ea5db5", "ageGroup": "10-12 years", "nativeProficiency": "Letter"}