{"sequenceList": [{"recordingName": "HI_S2_P_1.mp3", "isCorrect": true, "que_text": "मीना पढ़ने जाती है। राजू भी साथ जाता है। दोनों शाम को लौटकर आते हैं। घर आकर खाना खाते हैं।", "noOfMistakes": "200", "que_id": "HI_S2_P_1"}, {"recordingName": "HI_S1_WD_0.mp3", "isCorrect": false, "que_text": "हीरा", "noOfMistakes": "5", "que_id": "HI_S1_WD_0"}, {"recordingName": "HI_S1_WD_1.mp3", "isCorrect": false, "que_text": "कैसा", "noOfMistakes": "5", "que_id": "HI_S1_WD_1"}, {"recordingName": "HI_S1_WD_2.mp3", "isCorrect": false, "que_text": "शेर", "noOfMistakes": "5", "que_id": "HI_S1_WD_2"}, {"recordingName": "HI_S1_WD_3.mp3", "isCorrect": false, "que_text": "नानी", "noOfMistakes": "5", "que_id": "HI_S1_WD_3"}, {"recordingName": "HI_S1_WD_4.mp3", "isCorrect": false, "que_text": "भालू", "noOfMistakes": "5", "que_id": "HI_S1_WD_4"}, {"recordingName": "HI_S2_L_1.mp3", "isCorrect": true, "que_text": "क", "noOfMistakes": "3", "que_id": "HI_S2_L_1"}, {"recordingName": "HI_S2_L_2.mp3", "isCorrect": true, "que_text": "च", "noOfMistakes": "3", "que_id": "HI_S2_L_2"}, {"recordingName": "HI_S2_L_4.mp3", "isCorrect": false, "que_text": "ल", "noOfMistakes": "3", "que_id": "HI_S2_L_4"}, {"recordingName": "HI_S2_L_7.mp3", "isCorrect": false, "que_text": "त", "noOfMistakes": "3", "que_id": "HI_S2_L_7"}, {"recordingName": "HI_S2_L_8.mp3", "isCorrect": false, "que_text": "म", "noOfMistakes": "3", "que_id": "HI_S2_L_8"}, {"answer": "-", "isCorrect": false, "que_text": "51-35", "noOfMistakes": "1", "que_id": "HI_S1_SB_0"}, {"recordingName": "HI_S2_DD_0.mp3", "isCorrect": false, "que_text": "76", "noOfMistakes": "5", "que_id": "HI_S2_DD_0"}, {"recordingName": "HI_S2_DD_1.mp3", "isCorrect": false, "que_text": "58", "noOfMistakes": "5", "que_id": "HI_S2_DD_1"}, {"recordingName": "HI_S2_DD_2.mp3", "isCorrect": false, "que_text": "69", "noOfMistakes": "5", "que_id": "HI_S2_DD_2"}, {"recordingName": "HI_S2_DD_3.mp3", "isCorrect": false, "que_text": "99", "noOfMistakes": "5", "que_id": "HI_S2_DD_3"}, {"recordingName": "HI_S2_DD_4.mp3", "isCorrect": false, "que_text": "34", "noOfMistakes": "5", "que_id": "HI_S2_DD_4"}, {"recordingName": "HI_S2_SD_0.mp3", "isCorrect": true, "que_text": "2", "noOfMistakes": "1", "que_id": "HI_S2_SD_0"}, {"recordingName": "HI_S2_SD_1.mp3", "isCorrect": true, "que_text": "7", "noOfMistakes": "1", "que_id": "HI_S2_SD_1"}, {"recordingName": "HI_S2_SD_2.mp3", "isCorrect": true, "que_text": "3", "noOfMistakes": "1", "que_id": "HI_S2_SD_2"}, {"recordingName": "HI_S2_SD_3.mp3", "isCorrect": true, "que_text": "5", "noOfMistakes": "1", "que_id": "HI_S2_SD_3"}, {"recordingName": "HI_S2_SD_4.mp3", "isCorrect": false, "que_text": "9", "noOfMistakes": "1", "que_id": "HI_S2_SD_4"}, {"recordingName": "HI_S2_CL_0.mp3", "isCorrect": true, "que_text": "B", "noOfMistakes": "4", "que_id": "HI_S2_CL_0"}, {"recordingName": "HI_S2_CL_1.mp3", "isCorrect": false, "que_text": "H", "noOfMistakes": "4", "que_id": "HI_S2_CL_1"}, {"recordingName": "HI_S2_CL_2.mp3", "isCorrect": false, "que_text": "R", "noOfMistakes": "4", "que_id": "HI_S2_CL_2"}, {"recordingName": "HI_S2_CL_3.mp3", "isCorrect": false, "que_text": "L", "noOfMistakes": "4", "que_id": "HI_S2_CL_3"}, {"recordingName": "HI_S2_CL_4.mp3", "isCorrect": false, "que_text": "V", "noOfMistakes": "4", "que_id": "HI_S2_CL_4"}], "englishProficiency": "Beginner", "studClass": "1", "date": "Wed Sep 11 15:45:46 IST 2019", "mathematicsProficiency": "Single digit", "deviceID": "7d70c2e4c9e4e8eb", "ageGroup": "5-7 years", "nativeProficiency": "Beginner"}