{"sequenceList": [{"answer": "25", "isCorrect": true, "que_text": "64 - 39", "noOfMistakes": "0", "que_id": "MR_S3_SB_1"}, {"recordingName": "MR_S3_CL_4.mp3", "isCorrect": true, "que_text": "F", "noOfMistakes": "1", "que_id": "MR_S3_CL_4"}, {"recordingName": "MR_S3_CL_3.mp3", "isCorrect": false, "que_text": "Q", "noOfMistakes": "1", "que_id": "MR_S3_CL_3"}, {"recordingName": "MR_S3_CL_2.mp3", "isCorrect": true, "que_text": "S", "noOfMistakes": "1", "que_id": "MR_S3_CL_2"}, {"recordingName": "MR_S3_CL_5.mp3", "isCorrect": true, "que_text": "W", "noOfMistakes": "1", "que_id": "MR_S3_CL_5"}, {"recordingName": "MR_S3_CL_7.mp3", "isCorrect": true, "que_text": "P", "noOfMistakes": "1", "que_id": "MR_S3_CL_7"}], "englishProficiency": "Capital letter", "studClass": "5", "date": "Wed Sep 04 17:43:43 IST 2019", "mathematicsProficiency": "Subtraction", "deviceID": "5b150edd580a5183", "ageGroup": "10-12 years", "nativeProficiency": "Paragraph"}