{"sequenceList": [{"recordingName": "HI_S1_P_1.mp3", "isCorrect": false, "que_text": " माँ ने हलवा बनाया। वह बहुत मीठा था। उसे सोनी ने खाया। खाने के बाद वह सो गई।", "noOfMistakes": "200", "que_id": "HI_S1_P_1"}, {"recordingName": "HI_S1_L_8.mp3", "isCorrect": false, "que_text": "क", "noOfMistakes": "5", "que_id": "HI_S1_L_8"}, {"recordingName": "HI_S1_L_2.mp3", "isCorrect": false, "que_text": "थ", "noOfMistakes": "5", "que_id": "HI_S1_L_2"}, {"recordingName": "HI_S1_L_7.mp3", "isCorrect": false, "que_text": "न", "noOfMistakes": "5", "que_id": "HI_S1_L_7"}, {"recordingName": "HI_S1_L_1.mp3", "isCorrect": false, "que_text": "र", "noOfMistakes": "5", "que_id": "HI_S1_L_1"}, {"recordingName": "HI_S1_L_4.mp3", "isCorrect": false, "que_text": "श", "noOfMistakes": "5", "que_id": "HI_S1_L_4"}, {"recordingName": "HI_S1_SD_2.mp3", "isCorrect": false, "que_text": "1", "noOfMistakes": "2", "que_id": "HI_S1_SD_2"}, {"recordingName": "HI_S1_SD_7.mp3", "isCorrect": true, "que_text": "2", "noOfMistakes": "2", "que_id": "HI_S1_SD_7"}, {"recordingName": "HI_S1_SD_3.mp3", "isCorrect": true, "que_text": "4", "noOfMistakes": "2", "que_id": "HI_S1_SD_3"}, {"recordingName": "HI_S1_SD_6.mp3", "isCorrect": true, "que_text": "5", "noOfMistakes": "2", "que_id": "HI_S1_SD_6"}, {"recordingName": "HI_S1_SD_0.mp3", "isCorrect": false, "que_text": "3", "noOfMistakes": "2", "que_id": "HI_S1_SD_0"}, {"recordingName": "HI_S1_CL_0.mp3", "isCorrect": false, "que_text": "A", "noOfMistakes": "5", "que_id": "HI_S1_CL_0"}, {"recordingName": "HI_S1_CL_2.mp3", "isCorrect": false, "que_text": "Q", "noOfMistakes": "5", "que_id": "HI_S1_CL_2"}, {"recordingName": "HI_S1_CL_1.mp3", "isCorrect": false, "que_text": "J", "noOfMistakes": "5", "que_id": "HI_S1_CL_1"}, {"recordingName": "HI_S1_CL_4.mp3", "isCorrect": false, "que_text": "E", "noOfMistakes": "5", "que_id": "HI_S1_CL_4"}, {"recordingName": "HI_S1_CL_5.mp3", "isCorrect": false, "que_text": "Y", "noOfMistakes": "5", "que_id": "HI_S1_CL_5"}], "englishProficiency": "Beginner", "studClass": "1", "date": "Fri Jul 19 17:12:23 IST 2019", "mathematicsProficiency": "Beginner", "deviceID": "c66208a6b7100eb2", "ageGroup": "5-7 years", "nativeProficiency": "Beginner"}