{"sequenceList": [{"recordingName": "HI_S2_P_0.mp3", "isCorrect": false, "que_text": "सोनी के पास एक माला है। उसमें बहुत सारे मोती हैं। मोती पीले रंग के हैं। सोनी उसे पहनती है।", "noOfMistakes": "200", "que_id": "HI_S2_P_0"}, {"recordingName": "HI_S1_WD_1.mp3", "isCorrect": false, "que_text": "कैसा", "noOfMistakes": "5", "que_id": "HI_S1_WD_1"}, {"recordingName": "HI_S1_WD_5.mp3", "isCorrect": false, "que_text": "काम", "noOfMistakes": "5", "que_id": "HI_S1_WD_5"}, {"recordingName": "HI_S1_WD_2.mp3", "isCorrect": false, "que_text": "शेर", "noOfMistakes": "5", "que_id": "HI_S1_WD_2"}, {"recordingName": "HI_S1_WD_4.mp3", "isCorrect": false, "que_text": "भालू", "noOfMistakes": "5", "que_id": "HI_S1_WD_4"}, {"recordingName": "HI_S1_WD_7.mp3", "isCorrect": false, "que_text": "फूल", "noOfMistakes": "5", "que_id": "HI_S1_WD_7"}, {"recordingName": "HI_S2_L_1.mp3", "isCorrect": true, "que_text": "क", "noOfMistakes": "0", "que_id": "HI_S2_L_1"}, {"recordingName": "HI_S2_L_5.mp3", "isCorrect": true, "que_text": "थ", "noOfMistakes": "0", "que_id": "HI_S2_L_5"}, {"recordingName": "HI_S2_L_2.mp3", "isCorrect": true, "que_text": "च", "noOfMistakes": "0", "que_id": "HI_S2_L_2"}, {"recordingName": "HI_S2_L_4.mp3", "isCorrect": true, "que_text": "ल", "noOfMistakes": "0", "que_id": "HI_S2_L_4"}, {"recordingName": "HI_S2_L_3.mp3", "isCorrect": true, "que_text": "ब", "noOfMistakes": "0", "que_id": "HI_S2_L_3"}, {"answer": "-", "isCorrect": false, "que_text": "63-34", "noOfMistakes": "2", "que_id": "HI_S2_SB_1"}, {"answer": "-", "isCorrect": false, "que_text": "41-15", "noOfMistakes": "2", "que_id": "HI_S2_SB_4"}, {"recordingName": "HI_S2_DD_1.mp3", "isCorrect": false, "que_text": "58", "noOfMistakes": "5", "que_id": "HI_S2_DD_1"}, {"recordingName": "HI_S2_DD_5.mp3", "isCorrect": false, "que_text": "61", "noOfMistakes": "5", "que_id": "HI_S2_DD_5"}, {"recordingName": "HI_S2_DD_2.mp3", "isCorrect": false, "que_text": "69", "noOfMistakes": "5", "que_id": "HI_S2_DD_2"}, {"recordingName": "HI_S2_DD_4.mp3", "isCorrect": false, "que_text": "34", "noOfMistakes": "5", "que_id": "HI_S2_DD_4"}, {"recordingName": "HI_S2_DD_7.mp3", "isCorrect": false, "que_text": "84", "noOfMistakes": "5", "que_id": "HI_S2_DD_7"}, {"recordingName": "HI_S2_SD_0.mp3", "isCorrect": true, "que_text": "2", "noOfMistakes": "0", "que_id": "HI_S2_SD_0"}, {"recordingName": "HI_S2_SD_7.mp3", "isCorrect": true, "que_text": "1", "noOfMistakes": "0", "que_id": "HI_S2_SD_7"}, {"recordingName": "HI_S2_SD_2.mp3", "isCorrect": true, "que_text": "3", "noOfMistakes": "0", "que_id": "HI_S2_SD_2"}, {"recordingName": "HI_S2_SD_1.mp3", "isCorrect": true, "que_text": "7", "noOfMistakes": "0", "que_id": "HI_S2_SD_1"}, {"recordingName": "HI_S2_SD_4.mp3", "isCorrect": true, "que_text": "9", "noOfMistakes": "0", "que_id": "HI_S2_SD_4"}, {"recordingName": "HI_S2_CL_1.mp3", "isCorrect": false, "que_text": "H", "noOfMistakes": "5", "que_id": "HI_S2_CL_1"}, {"recordingName": "HI_S2_CL_2.mp3", "isCorrect": false, "que_text": "R", "noOfMistakes": "5", "que_id": "HI_S2_CL_2"}, {"recordingName": "HI_S2_CL_5.mp3", "isCorrect": false, "que_text": "M", "noOfMistakes": "5", "que_id": "HI_S2_CL_5"}, {"recordingName": "HI_S2_CL_4.mp3", "isCorrect": false, "que_text": "V", "noOfMistakes": "5", "que_id": "HI_S2_CL_4"}, {"recordingName": "HI_S2_CL_3.mp3", "isCorrect": false, "que_text": "L", "noOfMistakes": "5", "que_id": "HI_S2_CL_3"}], "englishProficiency": "Beginner", "studClass": "3", "date": "Mon Sep 09 16:25:14 IST 2019", "mathematicsProficiency": "Single digit", "deviceID": "c66208a6b7100eb2", "ageGroup": "5-7 years", "nativeProficiency": "Letter"}