{"nativeProficiency": "Word", "sequenceList": [{"que_text": "मीना पढ़ने जाती है। राजू भी साथ जाता है। दोनों शाम को लौटकर आते हैं। घर आकर खाना खाते हैं।", "noOfMistakes": "0", "que_id": "HI_S2_P_1", "isCorrect": true, "recordingName": "HI_S2_P_1.mp3"}], "deviceID": "86077745e74e06a7", "ageGroup": "10-12 years", "studClass": "6", "date": "Tue Sep 10 13:02:37 IST 2019"}