{"englishProficiency": "Beginner", "sequenceList": [{"que_text": "त", "noOfMistakes": "2", "que_id": "MH_S2_L_1", "isCorrect": true, "recordingName": "MH_S2_L_1.mp3"}, {"que_text": "क", "noOfMistakes": "2", "que_id": "MH_S2_L_5", "isCorrect": true, "recordingName": "MH_S2_L_5.mp3"}, {"que_text": "ल", "noOfMistakes": "2", "que_id": "MH_S2_L_8", "isCorrect": true, "recordingName": "MH_S2_L_8.mp3"}, {"que_text": "म", "noOfMistakes": "2", "que_id": "MH_S2_L_2", "isCorrect": false, "recordingName": "MH_S2_L_2.mp3"}, {"que_text": "ण", "noOfMistakes": "2", "que_id": "MH_S2_L_3", "isCorrect": false, "recordingName": "MH_S2_L_3.mp3"}, {"que_text": "H", "noOfMistakes": "2", "que_id": "MR_S2_CL_1", "isCorrect": false, "recordingName": "MR_S2_CL_1.mp3"}, {"que_text": "V", "noOfMistakes": "2", "que_id": "MR_S2_CL_4", "isCorrect": false, "recordingName": "MR_S2_CL_4.mp3"}], "deviceID": "3ebaa9d14abd9a0f", "ageGroup": "5-7 years", "studClass": "1", "nativeProficiency": "Beginner", "date": "Thu Aug 01 15:46:03 GMT+05:30 2019"}