{"englishProficiency": "Small letter", "sequenceList": [{"que_text": "सोनी के पास एक माला है। उसमें बहुत सारे मोती हैं। मोती पीले रंग के हैं। सोनी उसे पहनती है।", "noOfMistakes": "200", "que_id": "HI_S2_P_0", "recordingName": "HI_S2_P_0.mp3", "isCorrect": false}, {"que_text": "हीरा", "noOfMistakes": "5", "que_id": "HI_S1_WD_0", "recordingName": "HI_S1_WD_0.mp3", "isCorrect": false}, {"que_text": "कैसा", "noOfMistakes": "5", "que_id": "HI_S1_WD_1", "recordingName": "HI_S1_WD_1.mp3", "isCorrect": false}, {"que_text": "शेर", "noOfMistakes": "5", "que_id": "HI_S1_WD_2", "recordingName": "HI_S1_WD_2.mp3", "isCorrect": false}, {"que_text": "नानी", "noOfMistakes": "5", "que_id": "HI_S1_WD_3", "recordingName": "HI_S1_WD_3.mp3", "isCorrect": false}, {"que_text": "भालू", "noOfMistakes": "5", "que_id": "HI_S1_WD_4", "recordingName": "HI_S1_WD_4.mp3", "isCorrect": false}, {"que_text": "द", "noOfMistakes": "1", "que_id": "HI_S2_L_0", "recordingName": "HI_S2_L_0.mp3", "isCorrect": false}, {"que_text": "क", "noOfMistakes": "1", "que_id": "HI_S2_L_1", "recordingName": "HI_S2_L_1.mp3", "isCorrect": true}, {"que_text": "च", "noOfMistakes": "1", "que_id": "HI_S2_L_2", "recordingName": "HI_S2_L_2.mp3", "isCorrect": true}, {"que_text": "ब", "noOfMistakes": "1", "que_id": "HI_S2_L_3", "recordingName": "HI_S2_L_3.mp3", "isCorrect": true}, {"que_text": "ल", "noOfMistakes": "1", "que_id": "HI_S2_L_4", "recordingName": "HI_S2_L_4.mp3", "isCorrect": true}, {"que_text": "B", "noOfMistakes": "0", "que_id": "HI_S2_CL_0", "recordingName": "HI_S2_CL_0.mp3", "isCorrect": true}, {"que_text": "H", "noOfMistakes": "0", "que_id": "HI_S2_CL_1", "recordingName": "HI_S2_CL_1.mp3", "isCorrect": true}, {"que_text": "R", "noOfMistakes": "0", "que_id": "HI_S2_CL_2", "recordingName": "HI_S2_CL_2.mp3", "isCorrect": true}, {"que_text": "L", "noOfMistakes": "0", "que_id": "HI_S2_CL_3", "recordingName": "HI_S2_CL_3.mp3", "isCorrect": true}, {"que_text": "V", "noOfMistakes": "0", "que_id": "HI_S2_CL_4", "recordingName": "HI_S2_CL_4.mp3", "isCorrect": true}, {"que_text": "z", "noOfMistakes": "1", "que_id": "HI_S2_SL_0", "recordingName": "HI_S2_SL_0.mp3", "isCorrect": true}, {"que_text": "j", "noOfMistakes": "1", "que_id": "HI_S2_SL_1", "recordingName": "HI_S2_SL_1.mp3", "isCorrect": true}, {"que_text": "o", "noOfMistakes": "1", "que_id": "HI_S2_SL_2", "recordingName": "HI_S2_SL_2.mp3", "isCorrect": true}, {"que_text": "g", "noOfMistakes": "1", "que_id": "HI_S2_SL_4", "recordingName": "HI_S2_SL_4.mp3", "isCorrect": false}, {"que_text": "w", "noOfMistakes": "1", "que_id": "HI_S2_SL_3", "recordingName": "HI_S2_SL_3.mp3", "isCorrect": true}], "deviceID": "3f4f2e087203bd32", "ageGroup": "5-7 years", "studClass": "2", "date": "Mon Sep 09 13:15:19 IST 2019", "nativeProficiency": "Letter"}