{"englishProficiency": "Capital letter", "sequenceList": [{"que_text": "गाना", "noOfMistakes": "1", "que_id": "HI_S1_WD_0", "isCorrect": true, "recordingName": "HI_S1_WD_0.mp3"}, {"que_text": "आग", "noOfMistakes": "1", "que_id": "HI_S1_WD_8", "isCorrect": false, "recordingName": "HI_S1_WD_8.mp3"}, {"que_text": "म", "noOfMistakes": "0", "que_id": "HI_S1_L_0", "isCorrect": true, "recordingName": "HI_S1_L_0.mp3"}, {"que_text": "ह", "noOfMistakes": "0", "que_id": "HI_S1_L_3", "isCorrect": true, "recordingName": "HI_S1_L_3.mp3"}, {"que_text": "क", "noOfMistakes": "0", "que_id": "HI_S1_L_8", "isCorrect": true, "recordingName": "HI_S1_L_8.mp3"}, {"que_text": "ब", "noOfMistakes": "0", "que_id": "HI_S1_L_6", "isCorrect": true, "recordingName": "HI_S1_L_6.mp3"}, {"que_text": "ल", "noOfMistakes": "0", "que_id": "HI_S1_L_5", "isCorrect": true, "recordingName": "HI_S1_L_5.mp3"}, {"que_text": "J", "noOfMistakes": "2", "que_id": "HI_S1_CL_1", "isCorrect": false, "recordingName": "HI_S1_CL_1.mp3"}, {"que_text": "A", "noOfMistakes": "2", "que_id": "HI_S1_CL_0", "isCorrect": true, "recordingName": "HI_S1_CL_0.mp3"}, {"que_text": "O", "noOfMistakes": "2", "que_id": "HI_S1_CL_7", "isCorrect": true, "recordingName": "HI_S1_CL_7.mp3"}, {"que_text": "E", "noOfMistakes": "2", "que_id": "HI_S1_CL_4", "isCorrect": true, "recordingName": "HI_S1_CL_4.mp3"}, {"que_text": "N", "noOfMistakes": "2", "que_id": "HI_S1_CL_6", "isCorrect": false, "recordingName": "HI_S1_CL_6.mp3"}, {"que_text": "h", "noOfMistakes": "4", "que_id": "HI_S1_SL_0", "isCorrect": false, "recordingName": "HI_S1_SL_0.mp3"}, {"que_text": "m", "noOfMistakes": "4", "que_id": "HI_S1_SL_4", "isCorrect": false, "recordingName": "HI_S1_SL_4.mp3"}, {"que_text": "u", "noOfMistakes": "4", "que_id": "HI_S1_SL_3", "isCorrect": false, "recordingName": "HI_S1_SL_3.mp3"}, {"que_text": "p", "noOfMistakes": "4", "que_id": "HI_S1_SL_1", "isCorrect": false, "recordingName": "HI_S1_SL_1.mp3"}], "deviceID": "ebaa26065aba20e5", "ageGroup": "10-12 years", "studClass": "3", "nativeProficiency": "Letter", "date": "Sun Jul 07 12:05:45 GMT+05:30 2019"}