{"sequenceList": [{"recordingName": "MR_S4_P_0.mp3", "isCorrect": false, "que_text": "गीता बागेत आली. तिकडे तिला मंजू भेटली. दोघींनी जोरात झोका घेतला. आज खूपच मजा आली.", "noOfMistakes": "200", "que_id": "MR_S4_P_0"}, {"recordingName": "MR_S4_WD_0.mp3", "isCorrect": false, "que_text": "सैल", "noOfMistakes": "5", "que_id": "MR_S4_WD_0"}, {"recordingName": "MR_S4_WD_1.mp3", "isCorrect": false, "que_text": "फेटा", "noOfMistakes": "5", "que_id": "MR_S4_WD_1"}, {"recordingName": "MR_S4_WD_2.mp3", "isCorrect": false, "que_text": "झाडू", "noOfMistakes": "5", "que_id": "MR_S4_WD_2"}, {"recordingName": "MR_S4_WD_3.mp3", "isCorrect": false, "que_text": "पाऊस", "noOfMistakes": "5", "que_id": "MR_S4_WD_3"}, {"recordingName": "MR_S4_WD_4.mp3", "isCorrect": false, "que_text": "विमान", "noOfMistakes": "5", "que_id": "MR_S4_WD_4"}, {"recordingName": "MR_S4_L_0.mp3", "isCorrect": false, "que_text": "ख", "noOfMistakes": "5", "que_id": "MR_S4_L_0"}, {"recordingName": "MR_S4_L_1.mp3", "isCorrect": false, "que_text": "ब", "noOfMistakes": "5", "que_id": "MR_S4_L_1"}, {"recordingName": "MR_S4_L_2.mp3", "isCorrect": false, "que_text": "ल", "noOfMistakes": "5", "que_id": "MR_S4_L_2"}, {"recordingName": "MR_S4_L_3.mp3", "isCorrect": false, "que_text": "ग", "noOfMistakes": "5", "que_id": "MR_S4_L_3"}, {"recordingName": "MR_S4_L_4.mp3", "isCorrect": false, "que_text": "फ", "noOfMistakes": "5", "que_id": "MR_S4_L_4"}, {"recordingName": "MR_S4_DD_0.mp3", "isCorrect": false, "que_text": "71", "noOfMistakes": "5", "que_id": "MR_S4_DD_0"}, {"recordingName": "MR_S4_DD_1.mp3", "isCorrect": false, "que_text": "24", "noOfMistakes": "5", "que_id": "MR_S4_DD_1"}, {"recordingName": "MR_S4_DD_2.mp3", "isCorrect": false, "que_text": "92", "noOfMistakes": "5", "que_id": "MR_S4_DD_2"}, {"recordingName": "MR_S4_DD_3.mp3", "isCorrect": false, "que_text": "86", "noOfMistakes": "5", "que_id": "MR_S4_DD_3"}, {"recordingName": "MR_S4_DD_4.mp3", "isCorrect": false, "que_text": "23", "noOfMistakes": "5", "que_id": "MR_S4_DD_4"}, {"recordingName": "MR_S4_SD_0.mp3", "isCorrect": false, "que_text": "5", "noOfMistakes": "5", "que_id": "MR_S4_SD_0"}, {"recordingName": "MR_S4_SD_1.mp3", "isCorrect": false, "que_text": "7", "noOfMistakes": "5", "que_id": "MR_S4_SD_1"}, {"recordingName": "MR_S4_SD_2.mp3", "isCorrect": false, "que_text": "8", "noOfMistakes": "5", "que_id": "MR_S4_SD_2"}, {"recordingName": "MR_S4_SD_3.mp3", "isCorrect": false, "que_text": "4", "noOfMistakes": "5", "que_id": "MR_S4_SD_3"}, {"recordingName": "MR_S4_SD_4.mp3", "isCorrect": false, "que_text": "2", "noOfMistakes": "5", "que_id": "MR_S4_SD_4"}, {"recordingName": "MR_S4_CL_0.mp3", "isCorrect": false, "que_text": "D", "noOfMistakes": "5", "que_id": "MR_S4_CL_0"}, {"recordingName": "MR_S4_CL_1.mp3", "isCorrect": false, "que_text": "L", "noOfMistakes": "5", "que_id": "MR_S4_CL_1"}, {"recordingName": "MR_S4_CL_2.mp3", "isCorrect": false, "que_text": "T", "noOfMistakes": "5", "que_id": "MR_S4_CL_2"}, {"recordingName": "MR_S4_CL_3.mp3", "isCorrect": false, "que_text": "K", "noOfMistakes": "5", "que_id": "MR_S4_CL_3"}, {"recordingName": "MR_S4_CL_4.mp3", "isCorrect": false, "que_text": "G", "noOfMistakes": "5", "que_id": "MR_S4_CL_4"}], "englishProficiency": "Beginner", "studClass": "3", "date": "Thu Sep 19 16:57:58 IST 2019", "mathematicsProficiency": "Beginner", "deviceID": "f48de9cec804d735", "ageGroup": "10-12 years", "nativeProficiency": "Beginner"}