{"englishProficiency": "Beginner", "sequenceList": [{"que_text": "गीता बागेत आली. तिकडे तिला मंजू भेटली. दोघींनी जोरात झोका घेतला. आज खूपच मजा आली.", "noOfMistakes": "200", "que_id": "MR_S4_P_0", "isCorrect": false, "recordingName": "MR_S4_P_0.mp3"}, {"que_text": "सैल", "noOfMistakes": "5", "que_id": "MR_S4_WD_0", "isCorrect": false, "recordingName": "MR_S4_WD_0.mp3"}, {"que_text": "फेटा", "noOfMistakes": "5", "que_id": "MR_S4_WD_1", "isCorrect": false, "recordingName": "MR_S4_WD_1.mp3"}, {"que_text": "झाडू", "noOfMistakes": "5", "que_id": "MR_S4_WD_2", "isCorrect": false, "recordingName": "MR_S4_WD_2.mp3"}, {"que_text": "पाऊस", "noOfMistakes": "5", "que_id": "MR_S4_WD_3", "isCorrect": false, "recordingName": "MR_S4_WD_3.mp3"}, {"que_text": "विमान", "noOfMistakes": "5", "que_id": "MR_S4_WD_4", "isCorrect": false, "recordingName": "MR_S4_WD_4.mp3"}, {"que_text": "ख", "noOfMistakes": "5", "que_id": "MR_S4_L_0", "isCorrect": false, "recordingName": "MR_S4_L_0.mp3"}, {"que_text": "ब", "noOfMistakes": "5", "que_id": "MR_S4_L_1", "isCorrect": false, "recordingName": "MR_S4_L_1.mp3"}, {"que_text": "ल", "noOfMistakes": "5", "que_id": "MR_S4_L_2", "isCorrect": false, "recordingName": "MR_S4_L_2.mp3"}, {"que_text": "ग", "noOfMistakes": "5", "que_id": "MR_S4_L_3", "isCorrect": false, "recordingName": "MR_S4_L_3.mp3"}, {"que_text": "फ", "noOfMistakes": "5", "que_id": "MR_S4_L_4", "isCorrect": false, "recordingName": "MR_S4_L_4.mp3"}, {"que_text": "D", "noOfMistakes": "5", "que_id": "MR_S4_CL_0", "isCorrect": false, "recordingName": "MR_S4_CL_0.mp3"}, {"que_text": "L", "noOfMistakes": "5", "que_id": "MR_S4_CL_1", "isCorrect": false, "recordingName": "MR_S4_CL_1.mp3"}, {"que_text": "T", "noOfMistakes": "5", "que_id": "MR_S4_CL_2", "isCorrect": false, "recordingName": "MR_S4_CL_2.mp3"}, {"que_text": "K", "noOfMistakes": "5", "que_id": "MR_S4_CL_3", "isCorrect": false, "recordingName": "MR_S4_CL_3.mp3"}, {"que_text": "G", "noOfMistakes": "5", "que_id": "MR_S4_CL_4", "isCorrect": false, "recordingName": "MR_S4_CL_4.mp3"}], "deviceID": "f48de9cec804d735", "ageGroup": "10-12 years", "studClass": "3", "nativeProficiency": "Beginner", "date": "Thu Sep 19 16:57:58 IST 2019"}