{"sequenceList": [{"recordingName": "HI_S4_P_0.mp3", "isCorrect": true, "que_text": "बग़ीचे में पेड़ हैं। पेड़ पर एक तोता रहता है। तोते का रंग हरा है। वह लाल टमाटर खाता है।", "noOfMistakes": "0", "que_id": "HI_S4_P_0"}, {"recordingName": "HI_S4_ST_0.mp3", "isCorrect": true, "que_text": "रामपुर में कुछ ज़मीन ख़ाली थी। वहाँ कुछ नहीं उगता था। वहाँ कोई खेलने नहीं जाता था। एक दिन कुछ लोग आए। उन्होंने गाँव के लोगों को बुलाया। सबने मिलकर तय किया कि यहाँ बग़ीचा बनाया जाए। खाद मंगाकर हर तरह के पौधे लगाये गए। सही समय पर पानी दिया गया। आज वहाँ एक सुंदर बग़ीचा है। इसलिए वहाँ सब खेलने जाते हैं।", "noOfMistakes": "0", "que_id": "HI_S4_ST_0"}, {"answer": "-", "isCorrect": false, "que_text": "92 - 48", "noOfMistakes": "2", "que_id": "HI_S4_SB_2"}, {"answer": "-", "isCorrect": false, "que_text": "43 - 29", "noOfMistakes": "2", "que_id": "HI_S4_SB_6"}, {"recordingName": "HI_S4_DD_0.mp3", "isCorrect": true, "que_text": "71", "noOfMistakes": "0", "que_id": "HI_S4_DD_0"}, {"recordingName": "HI_S4_DD_2.mp3", "isCorrect": true, "que_text": "92", "noOfMistakes": "0", "que_id": "HI_S4_DD_2"}, {"recordingName": "HI_S4_DD_4.mp3", "isCorrect": true, "que_text": "23", "noOfMistakes": "0", "que_id": "HI_S4_DD_4"}, {"recordingName": "HI_S4_DD_7.mp3", "isCorrect": true, "que_text": "61", "noOfMistakes": "0", "que_id": "HI_S4_DD_7"}, {"recordingName": "HI_S4_DD_5.mp3", "isCorrect": true, "que_text": "79", "noOfMistakes": "0", "que_id": "HI_S4_DD_5"}, {"recordingName": "HI_S4_CL_2.mp3", "isCorrect": true, "que_text": "T", "noOfMistakes": "0", "que_id": "HI_S4_CL_2"}, {"recordingName": "HI_S4_CL_5.mp3", "isCorrect": true, "que_text": "X", "noOfMistakes": "0", "que_id": "HI_S4_CL_5"}, {"recordingName": "HI_S4_CL_4.mp3", "isCorrect": true, "que_text": "G", "noOfMistakes": "0", "que_id": "HI_S4_CL_4"}, {"recordingName": "HI_S4_CL_1.mp3", "isCorrect": true, "que_text": "L", "noOfMistakes": "0", "que_id": "HI_S4_CL_1"}, {"recordingName": "HI_S4_CL_3.mp3", "isCorrect": true, "que_text": "K", "noOfMistakes": "0", "que_id": "HI_S4_CL_3"}, {"recordingName": "HI_S4_SL_1.mp3", "isCorrect": true, "que_text": "f", "noOfMistakes": "0", "que_id": "HI_S4_SL_1"}, {"recordingName": "HI_S4_SL_2.mp3", "isCorrect": true, "que_text": "i", "noOfMistakes": "0", "que_id": "HI_S4_SL_2"}, {"recordingName": "HI_S4_SL_5.mp3", "isCorrect": true, "que_text": "m", "noOfMistakes": "0", "que_id": "HI_S4_SL_5"}, {"recordingName": "HI_S4_SL_4.mp3", "isCorrect": true, "que_text": "v", "noOfMistakes": "0", "que_id": "HI_S4_SL_4"}, {"recordingName": "HI_S4_SL_7.mp3", "isCorrect": true, "que_text": "h", "noOfMistakes": "0", "que_id": "HI_S4_SL_7"}, {"recordingName": "HI_S4_W_0.mp3", "isCorrect": true, "que_text": "dog", "noOfMistakes": "0", "que_id": "HI_S4_W_0"}, {"recordingName": "HI_S4_W_3.mp3", "isCorrect": true, "que_text": "boy", "noOfMistakes": "0", "que_id": "HI_S4_W_3"}, {"recordingName": "HI_S4_W_5.mp3", "isCorrect": true, "que_text": "box", "noOfMistakes": "0", "que_id": "HI_S4_W_5"}, {"recordingName": "HI_S4_W_1.mp3", "isCorrect": true, "que_text": "fat", "noOfMistakes": "0", "que_id": "HI_S4_W_1"}, {"recordingName": "HI_S4_W_2.mp3", "isCorrect": true, "que_text": "cup", "noOfMistakes": "0", "que_id": "HI_S4_W_2"}, {"recordingName": "HI_S4_S_0.mp3", "isCorrect": true, "que_text": "What is the time?", "noOfMistakes": "0", "que_id": "HI_S4_S_0"}, {"recordingName": "HI_S4_S_1.mp3", "isCorrect": true, "que_text": "This is a blue shirt.", "noOfMistakes": "0", "que_id": "HI_S4_S_1"}, {"recordingName": "HI_S4_S_2.mp3", "isCorrect": true, "que_text": "I like to sleep.", "noOfMistakes": "0", "que_id": "HI_S4_S_2"}, {"recordingName": "HI_S4_S_3.mp3", "isCorrect": true, "que_text": "I have a big house.", "noOfMistakes": "0", "que_id": "HI_S4_S_3"}], "englishProficiency": "Sentence", "studClass": "2", "date": "Tue Jul 30 17:39:43 IST 2019", "mathematicsProficiency": "Double digit", "deviceID": "c66208a6b7100eb2", "ageGroup": "5-7 years", "nativeProficiency": "Story"}