{"sequenceList": [{"recordingName": "HI_S3_P_0.mp3", "isCorrect": false, "que_text": "नीतू के घर में गाय है। उसका रंग सफ़ेद है। गाय हरी घास खाती है। वह बहुत दूध देती है।", "noOfMistakes": "200", "que_id": "HI_S3_P_0"}, {"recordingName": "HI_S3_WD_0.mp3", "isCorrect": false, "que_text": "नाक", "noOfMistakes": "5", "que_id": "HI_S3_WD_0"}, {"recordingName": "HI_S3_WD_1.mp3", "isCorrect": false, "que_text": "तोता", "noOfMistakes": "5", "que_id": "HI_S3_WD_1"}, {"recordingName": "HI_S3_WD_4.mp3", "isCorrect": false, "que_text": "मैना", "noOfMistakes": "5", "que_id": "HI_S3_WD_4"}, {"recordingName": "HI_S3_WD_5.mp3", "isCorrect": false, "que_text": "देर", "noOfMistakes": "5", "que_id": "HI_S3_WD_5"}, {"recordingName": "HI_S3_WD_7.mp3", "isCorrect": false, "que_text": "पीला", "noOfMistakes": "5", "que_id": "HI_S3_WD_7"}, {"recordingName": "HI_S3_L_3.mp3", "isCorrect": false, "que_text": "ब", "noOfMistakes": "5", "que_id": "HI_S3_L_3"}, {"recordingName": "HI_S3_L_4.mp3", "isCorrect": false, "que_text": "ल", "noOfMistakes": "5", "que_id": "HI_S3_L_4"}, {"recordingName": "HI_S3_L_5.mp3", "isCorrect": false, "que_text": "थ", "noOfMistakes": "5", "que_id": "HI_S3_L_5"}, {"recordingName": "HI_S3_L_1.mp3", "isCorrect": false, "que_text": "क", "noOfMistakes": "5", "que_id": "HI_S3_L_1"}, {"recordingName": "HI_S3_L_0.mp3", "isCorrect": false, "que_text": "द", "noOfMistakes": "5", "que_id": "HI_S3_L_0"}, {"answer": "78", "isCorrect": false, "que_text": "93 - 76", "noOfMistakes": "2", "que_id": "HI_S3_SB_4"}, {"answer": "08", "isCorrect": false, "que_text": "56 - 29", "noOfMistakes": "2", "que_id": "HI_S3_SB_0"}, {"recordingName": "HI_S3_DD_1.mp3", "isCorrect": true, "que_text": "83", "noOfMistakes": "1", "que_id": "HI_S3_DD_1"}, {"recordingName": "HI_S3_DD_7.mp3", "isCorrect": true, "que_text": "65", "noOfMistakes": "1", "que_id": "HI_S3_DD_7"}, {"recordingName": "HI_S3_DD_2.mp3", "isCorrect": true, "que_text": "37", "noOfMistakes": "1", "que_id": "HI_S3_DD_2"}, {"recordingName": "HI_S3_DD_6.mp3", "isCorrect": true, "que_text": "91", "noOfMistakes": "1", "que_id": "HI_S3_DD_6"}, {"recordingName": "HI_S3_DD_4.mp3", "isCorrect": false, "que_text": "55", "noOfMistakes": "1", "que_id": "HI_S3_DD_4"}, {"recordingName": "HI_S3_CL_1.mp3", "isCorrect": true, "que_text": "K", "noOfMistakes": "0", "que_id": "HI_S3_CL_1"}, {"recordingName": "HI_S3_CL_4.mp3", "isCorrect": true, "que_text": "F", "noOfMistakes": "0", "que_id": "HI_S3_CL_4"}, {"recordingName": "HI_S3_CL_7.mp3", "isCorrect": true, "que_text": "Z", "noOfMistakes": "0", "que_id": "HI_S3_CL_7"}, {"recordingName": "HI_S3_CL_3.mp3", "isCorrect": true, "que_text": "Q", "noOfMistakes": "0", "que_id": "HI_S3_CL_3"}, {"recordingName": "HI_S3_CL_5.mp3", "isCorrect": true, "que_text": "W", "noOfMistakes": "0", "que_id": "HI_S3_CL_5"}, {"recordingName": "HI_S3_SL_4.mp3", "isCorrect": false, "que_text": "e", "noOfMistakes": "4", "que_id": "HI_S3_SL_4"}, {"recordingName": "HI_S3_SL_3.mp3", "isCorrect": false, "que_text": "v", "noOfMistakes": "4", "que_id": "HI_S3_SL_3"}, {"recordingName": "HI_S3_SL_0.mp3", "isCorrect": false, "que_text": "n", "noOfMistakes": "4", "que_id": "HI_S3_SL_0"}, {"recordingName": "HI_S3_SL_5.mp3", "isCorrect": false, "que_text": "j", "noOfMistakes": "4", "que_id": "HI_S3_SL_5"}, {"recordingName": "HI_S3_SL_1.mp3", "isCorrect": true, "que_text": "p", "noOfMistakes": "4", "que_id": "HI_S3_SL_1"}], "englishProficiency": "Capital letter", "studClass": "6", "date": "Mon Sep 23 16:46:30 GMT+05:30 2019", "mathematicsProficiency": "Double digit", "deviceID": "41b1ac846939d400", "ageGroup": "10-12 years", "nativeProficiency": "Beginner"}