{"sequenceList": [{"recordingName": "HI_S2_P_1.mp3", "isCorrect": true, "que_text": "मीना पढ़ने जाती है। राजू भी साथ जाता है। दोनों शाम को लौटकर आते हैं। घर आकर खाना खाते हैं।", "noOfMistakes": "0", "que_id": "HI_S2_P_1"}, {"recordingName": "HI_S2_ST_0.mp3", "isCorrect": true, "que_text": "सावन का महीना था। आसमान में बहुत से काले बादल छाये थे। ठंडी- ठंडी हवा चल रही थी। मैंने सोचा, आज झूला झूलते हैं। बड़े भैया एक मोटी सी रस्सी लेकर आए। हमने उसे पेड़ से लटका कर झूला बनाया। सब ने मिलकर खूब झूला झूला। बहुत सारे बच्चे आकर मज़े से खेलने लगे। खेलते-खेलते रात हो गई।", "noOfMistakes": "0", "que_id": "HI_S2_ST_0"}, {"answer": "86", "isCorrect": false, "que_text": "51-35", "noOfMistakes": "1", "que_id": "HI_S1_SB_0"}, {"recordingName": "HI_S2_DD_3.mp3", "isCorrect": true, "que_text": "99", "noOfMistakes": "0", "que_id": "HI_S2_DD_3"}, {"recordingName": "HI_S2_DD_2.mp3", "isCorrect": true, "que_text": "69", "noOfMistakes": "0", "que_id": "HI_S2_DD_2"}, {"recordingName": "HI_S2_DD_5.mp3", "isCorrect": true, "que_text": "61", "noOfMistakes": "0", "que_id": "HI_S2_DD_5"}, {"recordingName": "HI_S2_DD_1.mp3", "isCorrect": true, "que_text": "58", "noOfMistakes": "0", "que_id": "HI_S2_DD_1"}, {"recordingName": "HI_S2_DD_9.mp3", "isCorrect": true, "que_text": "68", "noOfMistakes": "0", "que_id": "HI_S2_DD_9"}, {"recordingName": "HI_S2_W_0.mp3", "isCorrect": true, "que_text": "rat", "noOfMistakes": "0", "que_id": "HI_S2_W_0"}, {"recordingName": "HI_S2_W_4.mp3", "isCorrect": true, "que_text": "man", "noOfMistakes": "0", "que_id": "HI_S2_W_4"}, {"recordingName": "HI_S2_W_3.mp3", "isCorrect": true, "que_text": "cow", "noOfMistakes": "0", "que_id": "HI_S2_W_3"}, {"recordingName": "HI_S2_W_2.mp3", "isCorrect": true, "que_text": "big", "noOfMistakes": "0", "que_id": "HI_S2_W_2"}, {"recordingName": "HI_S2_W_5.mp3", "isCorrect": true, "que_text": "pen", "noOfMistakes": "0", "que_id": "HI_S2_W_5"}, {"recordingName": "HI_S2_S_0.mp3", "isCorrect": true, "que_text": "What is the time?", "noOfMistakes": "0", "que_id": "HI_S2_S_0"}, {"recordingName": "HI_S2_S_2.mp3", "isCorrect": true, "que_text": "I like to play.", "noOfMistakes": "0", "que_id": "HI_S2_S_2"}, {"recordingName": "HI_S2_S_1.mp3", "isCorrect": true, "que_text": "This is a red ball.", "noOfMistakes": "0", "que_id": "HI_S2_S_1"}, {"recordingName": "HI_S2_S_3.mp3", "isCorrect": true, "que_text": "I have a small house.", "noOfMistakes": "0", "que_id": "HI_S2_S_3"}], "englishProficiency": "Sentence", "studClass": "2", "date": "Fri Jul 12 16:15:18 GMT+05:30 2019", "mathematicsProficiency": "Double digit", "deviceID": "ebaa26065aba20e5", "ageGroup": "7-10 years", "nativeProficiency": "Story"}