{"sequenceList": [{"recordingName": "HI_S1_WD_0.mp3", "isCorrect": true, "que_text": "गाना", "noOfMistakes": "2", "que_id": "HI_S1_WD_0"}, {"recordingName": "HI_S1_WD_8.mp3", "isCorrect": false, "que_text": "आग", "noOfMistakes": "2", "que_id": "HI_S1_WD_8"}, {"recordingName": "HI_S1_WD_4.mp3", "isCorrect": false, "que_text": "झोला", "noOfMistakes": "2", "que_id": "HI_S1_WD_4"}, {"recordingName": "HI_S1_L_2.mp3", "isCorrect": false, "que_text": "थ", "noOfMistakes": "2", "que_id": "HI_S1_L_2"}, {"recordingName": "HI_S1_L_6.mp3", "isCorrect": true, "que_text": "ब", "noOfMistakes": "2", "que_id": "HI_S1_L_6"}, {"recordingName": "HI_S1_L_5.mp3", "isCorrect": true, "que_text": "ल", "noOfMistakes": "2", "que_id": "HI_S1_L_5"}, {"recordingName": "HI_S1_L_4.mp3", "isCorrect": false, "que_text": "श", "noOfMistakes": "2", "que_id": "HI_S1_L_4"}, {"recordingName": "HI_S1_L_9.mp3", "isCorrect": true, "que_text": "घ", "noOfMistakes": "2", "que_id": "HI_S1_L_9"}, {"recordingName": "HI_S1_SD_6.mp3", "isCorrect": true, "que_text": "5", "noOfMistakes": "0", "que_id": "HI_S1_SD_6"}, {"recordingName": "HI_S1_SD_4.mp3", "isCorrect": true, "que_text": "8", "noOfMistakes": "0", "que_id": "HI_S1_SD_4"}, {"recordingName": "HI_S1_SD_5.mp3", "isCorrect": true, "que_text": "9", "noOfMistakes": "0", "que_id": "HI_S1_SD_5"}, {"recordingName": "HI_S1_SD_3.mp3", "isCorrect": true, "que_text": "4", "noOfMistakes": "0", "que_id": "HI_S1_SD_3"}, {"recordingName": "HI_S1_SD_7.mp3", "isCorrect": true, "que_text": "2", "noOfMistakes": "0", "que_id": "HI_S1_SD_7"}, {"recordingName": "HI_S1_CL_2.mp3", "isCorrect": false, "que_text": "Q", "noOfMistakes": "1", "que_id": "HI_S1_CL_2"}], "englishProficiency": "Beginner", "studClass": "2", "date": "Thu Aug 22 14:37:21 GMT+05:30 2019", "mathematicsProficiency": "Single digit", "deviceID": "ebaa26065aba20e5", "ageGroup": "5-7 years", "nativeProficiency": "Letter"}