{"englishProficiency": "Capital letter", "sequenceList": [{"que_text": "काले बादल छाए हैं। तेज़ बारिश हो रही है। मोर भी नाच रहा है। सब नाच देख रहे हैं।", "noOfMistakes": "200", "que_id": "HI_S3_P_1", "recordingName": "HI_S3_P_1.mp3", "isCorrect": false}, {"que_text": "क", "noOfMistakes": "1", "que_id": "HI_S3_L_1", "recordingName": "HI_S3_L_1.mp3", "isCorrect": true}, {"que_text": "च", "noOfMistakes": "1", "que_id": "HI_S3_L_2", "recordingName": "HI_S3_L_2.mp3", "isCorrect": true}, {"que_text": "ल", "noOfMistakes": "1", "que_id": "HI_S3_L_4", "recordingName": "HI_S3_L_4.mp3", "isCorrect": true}, {"que_text": "थ", "noOfMistakes": "1", "que_id": "HI_S3_L_5", "recordingName": "HI_S3_L_5.mp3", "isCorrect": false}, {"que_text": "त", "noOfMistakes": "1", "que_id": "HI_S3_L_7", "recordingName": "HI_S3_L_7.mp3", "isCorrect": true}, {"que_text": "K", "noOfMistakes": "0", "que_id": "HI_S3_CL_1", "recordingName": "HI_S3_CL_1.mp3", "isCorrect": true}, {"que_text": "S", "noOfMistakes": "0", "que_id": "HI_S3_CL_2", "recordingName": "HI_S3_CL_2.mp3", "isCorrect": true}, {"que_text": "W", "noOfMistakes": "0", "que_id": "HI_S3_CL_5", "recordingName": "HI_S3_CL_5.mp3", "isCorrect": true}, {"que_text": "F", "noOfMistakes": "0", "que_id": "HI_S3_CL_4", "recordingName": "HI_S3_CL_4.mp3", "isCorrect": true}, {"que_text": "Z", "noOfMistakes": "0", "que_id": "HI_S3_CL_7", "recordingName": "HI_S3_CL_7.mp3", "isCorrect": true}, {"que_text": "p", "noOfMistakes": "2", "que_id": "HI_S3_SL_1", "recordingName": "HI_S3_SL_1.mp3", "isCorrect": true}, {"que_text": "g", "noOfMistakes": "2", "que_id": "HI_S3_SL_2", "recordingName": "HI_S3_SL_2.mp3", "isCorrect": false}, {"que_text": "e", "noOfMistakes": "2", "que_id": "HI_S3_SL_4", "recordingName": "HI_S3_SL_4.mp3", "isCorrect": true}, {"que_text": "j", "noOfMistakes": "2", "que_id": "HI_S3_SL_5", "recordingName": "HI_S3_SL_5.mp3", "isCorrect": false}, {"que_text": "b", "noOfMistakes": "2", "que_id": "HI_S3_SL_7", "recordingName": "HI_S3_SL_7.mp3", "isCorrect": true}], "deviceID": "c66208a6b7100eb2", "ageGroup": "5-7 years", "studClass": "1", "date": "Tue Jul 23 17:28:32 IST 2019", "nativeProficiency": "Letter"}