{"sequenceList": [{"recordingName": "HI_S4_L_3.mp3", "isCorrect": true, "que_text": "च", "noOfMistakes": "0", "que_id": "HI_S4_L_3"}, {"recordingName": "HI_S4_L_6.mp3", "isCorrect": true, "que_text": "ग", "noOfMistakes": "0", "que_id": "HI_S4_L_6"}, {"recordingName": "HI_S4_L_0.mp3", "isCorrect": true, "que_text": "न", "noOfMistakes": "0", "que_id": "HI_S4_L_0"}, {"recordingName": "HI_S4_SD_7.mp3", "isCorrect": true, "que_text": "1", "noOfMistakes": "0", "que_id": "HI_S4_SD_7"}, {"recordingName": "HI_S4_SD_4.mp3", "isCorrect": true, "que_text": "2", "noOfMistakes": "0", "que_id": "HI_S4_SD_4"}, {"recordingName": "HI_S4_SD_6.mp3", "isCorrect": true, "que_text": "3", "noOfMistakes": "0", "que_id": "HI_S4_SD_6"}, {"recordingName": "HI_S4_SD_3.mp3", "isCorrect": true, "que_text": "4", "noOfMistakes": "0", "que_id": "HI_S4_SD_3"}, {"recordingName": "HI_S4_SD_1.mp3", "isCorrect": true, "que_text": "7", "noOfMistakes": "0", "que_id": "HI_S4_SD_1"}, {"recordingName": "HI_S4_CL_0.mp3", "isCorrect": true, "que_text": "D", "noOfMistakes": "0", "que_id": "HI_S4_CL_0"}], "englishProficiency": "Beginner", "studClass": "1", "date": "Sat Jul 13 17:04:02 GMT+05:30 2019", "mathematicsProficiency": "Single digit", "deviceID": "ebaa26065aba20e5", "ageGroup": "5-7 years", "nativeProficiency": "Letter"}