{"sequenceList": [{"recordingName": "HI_S3_P_1.mp3", "isCorrect": false, "que_text": "काले बादल छाए हैं। तेज़ बारिश हो रही है। मोर भी नाच रहा है। सब नाच देख रहे हैं।", "noOfMistakes": "200", "que_id": "HI_S3_P_1"}, {"recordingName": "HI_S3_WD_0.mp3", "isCorrect": true, "que_text": "नाक", "noOfMistakes": "0", "que_id": "HI_S3_WD_0"}, {"recordingName": "HI_S3_WD_1.mp3", "isCorrect": true, "que_text": "तोता", "noOfMistakes": "0", "que_id": "HI_S3_WD_1"}, {"recordingName": "HI_S3_WD_2.mp3", "isCorrect": true, "que_text": "चूहा", "noOfMistakes": "0", "que_id": "HI_S3_WD_2"}, {"recordingName": "HI_S3_WD_3.mp3", "isCorrect": true, "que_text": "धुन", "noOfMistakes": "0", "que_id": "HI_S3_WD_3"}, {"answer": "45", "isCorrect": false, "que_text": "56 - 29", "noOfMistakes": "2", "que_id": "HI_S3_SB_0"}, {"answer": "95", "isCorrect": false, "que_text": "64 - 39", "noOfMistakes": "2", "que_id": "HI_S3_SB_1"}, {"recordingName": "HI_S3_DD_0.mp3", "isCorrect": true, "que_text": "52", "noOfMistakes": "4", "que_id": "HI_S3_DD_0"}, {"recordingName": "HI_S3_DD_1.mp3", "isCorrect": false, "que_text": "83", "noOfMistakes": "4", "que_id": "HI_S3_DD_1"}, {"recordingName": "HI_S3_DD_2.mp3", "isCorrect": false, "que_text": "37", "noOfMistakes": "4", "que_id": "HI_S3_DD_2"}, {"recordingName": "HI_S3_DD_3.mp3", "isCorrect": false, "que_text": "27", "noOfMistakes": "4", "que_id": "HI_S3_DD_3"}, {"recordingName": "HI_S3_DD_4.mp3", "isCorrect": false, "que_text": "55", "noOfMistakes": "4", "que_id": "HI_S3_DD_4"}, {"recordingName": "HI_S3_SD_0.mp3", "isCorrect": true, "que_text": "1", "noOfMistakes": "0", "que_id": "HI_S3_SD_0"}, {"recordingName": "HI_S3_SD_1.mp3", "isCorrect": true, "que_text": "4", "noOfMistakes": "0", "que_id": "HI_S3_SD_1"}, {"recordingName": "HI_S3_SD_2.mp3", "isCorrect": true, "que_text": "7", "noOfMistakes": "0", "que_id": "HI_S3_SD_2"}, {"recordingName": "HI_S3_SD_3.mp3", "isCorrect": true, "que_text": "3", "noOfMistakes": "0", "que_id": "HI_S3_SD_3"}, {"recordingName": "HI_S3_SD_4.mp3", "isCorrect": true, "que_text": "6", "noOfMistakes": "0", "que_id": "HI_S3_SD_4"}, {"recordingName": "HI_S3_CL_0.mp3", "isCorrect": true, "que_text": "C", "noOfMistakes": "0", "que_id": "HI_S3_CL_0"}, {"recordingName": "HI_S3_CL_1.mp3", "isCorrect": true, "que_text": "K", "noOfMistakes": "0", "que_id": "HI_S3_CL_1"}, {"recordingName": "HI_S3_CL_2.mp3", "isCorrect": true, "que_text": "S", "noOfMistakes": "0", "que_id": "HI_S3_CL_2"}, {"recordingName": "HI_S3_CL_3.mp3", "isCorrect": true, "que_text": "Q", "noOfMistakes": "0", "que_id": "HI_S3_CL_3"}, {"recordingName": "HI_S3_CL_4.mp3", "isCorrect": true, "que_text": "F", "noOfMistakes": "0", "que_id": "HI_S3_CL_4"}, {"recordingName": "HI_S3_SL_0.mp3", "isCorrect": true, "que_text": "n", "noOfMistakes": "3", "que_id": "HI_S3_SL_0"}, {"recordingName": "HI_S3_SL_1.mp3", "isCorrect": true, "que_text": "p", "noOfMistakes": "3", "que_id": "HI_S3_SL_1"}, {"recordingName": "HI_S3_SL_2.mp3", "isCorrect": false, "que_text": "g", "noOfMistakes": "3", "que_id": "HI_S3_SL_2"}, {"recordingName": "HI_S3_SL_3.mp3", "isCorrect": false, "que_text": "v", "noOfMistakes": "3", "que_id": "HI_S3_SL_3"}, {"recordingName": "HI_S3_SL_4.mp3", "isCorrect": false, "que_text": "e", "noOfMistakes": "3", "que_id": "HI_S3_SL_4"}], "englishProficiency": "Capital letter", "studClass": "4", "date": "Mon Sep 23 17:01:22 IST 2019", "mathematicsProficiency": "Single digit", "deviceID": "c5f610bdbeea3c41", "ageGroup": "10-12 years", "nativeProficiency": "Word"}