{"sequenceList": [{"recordingName": "HI_S2_SD_7.mp3", "isCorrect": false, "que_text": "1", "noOfMistakes": "4", "que_id": "HI_S2_SD_7"}, {"recordingName": "HI_S2_SD_1.mp3", "isCorrect": false, "que_text": "7", "noOfMistakes": "4", "que_id": "HI_S2_SD_1"}, {"recordingName": "HI_S2_SD_0.mp3", "isCorrect": true, "que_text": "2", "noOfMistakes": "4", "que_id": "HI_S2_SD_0"}, {"recordingName": "HI_S2_SD_2.mp3", "isCorrect": false, "que_text": "3", "noOfMistakes": "4", "que_id": "HI_S2_SD_2"}, {"recordingName": "HI_S2_SD_6.mp3", "isCorrect": false, "que_text": "4", "noOfMistakes": "4", "que_id": "HI_S2_SD_6"}, {"recordingName": "HI_S2_CL_3.mp3", "isCorrect": false, "que_text": "L", "noOfMistakes": "5", "que_id": "HI_S2_CL_3"}, {"recordingName": "HI_S2_CL_4.mp3", "isCorrect": false, "que_text": "V", "noOfMistakes": "5", "que_id": "HI_S2_CL_4"}, {"recordingName": "HI_S2_CL_1.mp3", "isCorrect": false, "que_text": "H", "noOfMistakes": "5", "que_id": "HI_S2_CL_1"}, {"recordingName": "HI_S2_CL_0.mp3", "isCorrect": false, "que_text": "B", "noOfMistakes": "5", "que_id": "HI_S2_CL_0"}, {"recordingName": "HI_S2_CL_5.mp3", "isCorrect": false, "que_text": "M", "noOfMistakes": "5", "que_id": "HI_S2_CL_5"}], "englishProficiency": "Beginner", "studClass": "1", "date": "Fri Sep 20 15:36:45 IST 2019", "mathematicsProficiency": "Beginner", "deviceID": "6e525a9711d8a22a", "ageGroup": "5-7 years", "nativeProficiency": "Beginner"}