{"sequenceList": [{"recordingName": "MR_S2_P_0.mp3", "isCorrect": false, "que_text": "एकदा मी पडले. सगळे मला हसले. एकदा सोनल पडली. मी तिला हसले.", "noOfMistakes": "3", "que_id": "MR_S2_P_0"}, {"recordingName": "MR_S2_DD_0.mp3", "isCorrect": true, "que_text": "76", "noOfMistakes": "1", "que_id": "MR_S2_DD_0"}, {"recordingName": "MR_S2_DD_1.mp3", "isCorrect": true, "que_text": "58", "noOfMistakes": "1", "que_id": "MR_S2_DD_1"}, {"recordingName": "MR_S2_DD_2.mp3", "isCorrect": false, "que_text": "69", "noOfMistakes": "1", "que_id": "MR_S2_DD_2"}, {"recordingName": "MR_S2_DD_3.mp3", "isCorrect": true, "que_text": "99", "noOfMistakes": "1", "que_id": "MR_S2_DD_3"}, {"recordingName": "MR_S2_DD_4.mp3", "isCorrect": true, "que_text": "34", "noOfMistakes": "1", "que_id": "MR_S2_DD_4"}, {"recordingName": "MR_S2_CL_0.mp3", "isCorrect": true, "que_text": "B", "noOfMistakes": "0", "que_id": "MR_S2_CL_0"}, {"recordingName": "MR_S2_CL_1.mp3", "isCorrect": true, "que_text": "H", "noOfMistakes": "0", "que_id": "MR_S2_CL_1"}, {"recordingName": "MR_S2_CL_2.mp3", "isCorrect": true, "que_text": "R", "noOfMistakes": "0", "que_id": "MR_S2_CL_2"}, {"recordingName": "MR_S2_CL_3.mp3", "isCorrect": true, "que_text": "L", "noOfMistakes": "0", "que_id": "MR_S2_CL_3"}, {"recordingName": "MR_S2_CL_4.mp3", "isCorrect": true, "que_text": "V", "noOfMistakes": "0", "que_id": "MR_S2_CL_4"}], "englishProficiency": "word", "studClass": "4", "date": "Sat Sep 14 16:00:25 GMT+05:30 2019", "mathematicsProficiency": "Double digit", "deviceID": "1ed21de3dcb4d468", "ageGroup": "7-10 years", "nativeProficiency": "Paragraph"}