{"sequenceList": [{"recordingName": "HI_S4_L_3.mp3", "isCorrect": true, "que_text": "च", "noOfMistakes": "3", "que_id": "HI_S4_L_3"}, {"recordingName": "HI_S4_L_0.mp3", "isCorrect": true, "que_text": "न", "noOfMistakes": "3", "que_id": "HI_S4_L_0"}, {"recordingName": "HI_S4_L_7.mp3", "isCorrect": false, "que_text": "द", "noOfMistakes": "3", "que_id": "HI_S4_L_7"}, {"recordingName": "HI_S4_L_5.mp3", "isCorrect": false, "que_text": "प", "noOfMistakes": "3", "que_id": "HI_S4_L_5"}, {"recordingName": "HI_S4_L_1.mp3", "isCorrect": false, "que_text": "र", "noOfMistakes": "3", "que_id": "HI_S4_L_1"}, {"recordingName": "HI_S4_SD_0.mp3", "isCorrect": true, "que_text": "5", "noOfMistakes": "0", "que_id": "HI_S4_SD_0"}, {"recordingName": "HI_S4_SD_1.mp3", "isCorrect": true, "que_text": "7", "noOfMistakes": "0", "que_id": "HI_S4_SD_1"}, {"recordingName": "HI_S4_SD_2.mp3", "isCorrect": true, "que_text": "8", "noOfMistakes": "0", "que_id": "HI_S4_SD_2"}, {"recordingName": "HI_S4_SD_7.mp3", "isCorrect": true, "que_text": "1", "noOfMistakes": "0", "que_id": "HI_S4_SD_7"}, {"recordingName": "HI_S4_SD_3.mp3", "isCorrect": true, "que_text": "4", "noOfMistakes": "0", "que_id": "HI_S4_SD_3"}, {"recordingName": "HI_S4_CL_0.mp3", "isCorrect": false, "que_text": "D", "noOfMistakes": "3", "que_id": "HI_S4_CL_0"}, {"recordingName": "HI_S4_CL_3.mp3", "isCorrect": true, "que_text": "K", "noOfMistakes": "3", "que_id": "HI_S4_CL_3"}, {"recordingName": "HI_S4_CL_4.mp3", "isCorrect": true, "que_text": "G", "noOfMistakes": "3", "que_id": "HI_S4_CL_4"}, {"recordingName": "HI_S4_CL_5.mp3", "isCorrect": false, "que_text": "X", "noOfMistakes": "3", "que_id": "HI_S4_CL_5"}, {"recordingName": "HI_S4_CL_1.mp3", "isCorrect": false, "que_text": "L", "noOfMistakes": "3", "que_id": "HI_S4_CL_1"}], "englishProficiency": "Beginner", "studClass": "2", "date": "Fri Sep 20 13:30:25 GMT+05:30 2019", "mathematicsProficiency": "Single digit", "deviceID": "2a9f2255e7bf28d9", "ageGroup": "7-10 years", "nativeProficiency": "Beginner"}