{"sequenceList": [{"recordingName": "HI_S2_L_1.mp3", "isCorrect": false, "que_text": "क", "noOfMistakes": "3", "que_id": "HI_S2_L_1"}, {"recordingName": "HI_S2_L_4.mp3", "isCorrect": false, "que_text": "ल", "noOfMistakes": "3", "que_id": "HI_S2_L_4"}, {"recordingName": "HI_S2_L_7.mp3", "isCorrect": true, "que_text": "त", "noOfMistakes": "3", "que_id": "HI_S2_L_7"}, {"recordingName": "HI_S2_L_8.mp3", "isCorrect": false, "que_text": "म", "noOfMistakes": "3", "que_id": "HI_S2_L_8"}, {"recordingName": "HI_S2_L_2.mp3", "isCorrect": true, "que_text": "च", "noOfMistakes": "3", "que_id": "HI_S2_L_2"}, {"recordingName": "HI_S2_SD_7.mp3", "isCorrect": true, "que_text": "1", "noOfMistakes": "2", "que_id": "HI_S2_SD_7"}, {"recordingName": "HI_S2_SD_0.mp3", "isCorrect": true, "que_text": "2", "noOfMistakes": "2", "que_id": "HI_S2_SD_0"}, {"recordingName": "HI_S2_SD_2.mp3", "isCorrect": true, "que_text": "3", "noOfMistakes": "2", "que_id": "HI_S2_SD_2"}, {"recordingName": "HI_S2_SD_3.mp3", "isCorrect": false, "que_text": "5", "noOfMistakes": "2", "que_id": "HI_S2_SD_3"}, {"recordingName": "HI_S2_SD_6.mp3", "isCorrect": false, "que_text": "4", "noOfMistakes": "2", "que_id": "HI_S2_SD_6"}, {"recordingName": "HI_S2_CL_0.mp3", "isCorrect": true, "que_text": "B", "noOfMistakes": "4", "que_id": "HI_S2_CL_0"}, {"recordingName": "HI_S2_CL_5.mp3", "isCorrect": false, "que_text": "M", "noOfMistakes": "4", "que_id": "HI_S2_CL_5"}, {"recordingName": "HI_S2_CL_2.mp3", "isCorrect": false, "que_text": "R", "noOfMistakes": "4", "que_id": "HI_S2_CL_2"}, {"recordingName": "HI_S2_CL_7.mp3", "isCorrect": false, "que_text": "F", "noOfMistakes": "4", "que_id": "HI_S2_CL_7"}, {"recordingName": "HI_S2_CL_4.mp3", "isCorrect": false, "que_text": "V", "noOfMistakes": "4", "que_id": "HI_S2_CL_4"}], "englishProficiency": "Beginner", "studClass": "1", "date": "Sun Jul 07 15:23:36 IST 2019", "mathematicsProficiency": "Beginner", "deviceID": "c66208a6b7100eb2", "ageGroup": "5-7 years", "nativeProficiency": "Beginner"}