{"date": "Sun Sep 08 12:03:40 IST 2019", "sequenceList": [{"recordingName": "MR_S3_P_0.mp3", "isCorrect": false, "que_text": "फुगेवाला आला. लाल, निळे, फुगे आणले. मुलांनी फुगे घेतले. हातातून ते सुटून गेले.", "noOfMistakes": "200", "que_id": "MR_S3_P_0"}, {"recordingName": "MR_S3_WD_0.mp3", "isCorrect": false, "que_text": "कौल", "noOfMistakes": "4", "que_id": "MR_S3_WD_0"}, {"recordingName": "MR_S3_WD_1.mp3", "isCorrect": false, "que_text": "लाल", "noOfMistakes": "4", "que_id": "MR_S3_WD_1"}, {"recordingName": "MR_S3_WD_2.mp3", "isCorrect": true, "que_text": "पूर", "noOfMistakes": "4", "que_id": "MR_S3_WD_2"}, {"recordingName": "MR_S3_WD_3.mp3", "isCorrect": false, "que_text": "फेटा", "noOfMistakes": "4", "que_id": "MR_S3_WD_3"}, {"recordingName": "MR_S3_WD_4.mp3", "isCorrect": false, "que_text": "मुळा", "noOfMistakes": "4", "que_id": "MR_S3_WD_4"}, {"recordingName": "MR_S3_L_0.mp3", "isCorrect": true, "que_text": "क", "noOfMistakes": "0", "que_id": "MR_S3_L_0"}, {"recordingName": "MR_S3_L_1.mp3", "isCorrect": true, "que_text": "स", "noOfMistakes": "0", "que_id": "MR_S3_L_1"}, {"recordingName": "MR_S3_L_2.mp3", "isCorrect": true, "que_text": "ग", "noOfMistakes": "0", "que_id": "MR_S3_L_2"}, {"recordingName": "MR_S3_L_3.mp3", "isCorrect": true, "que_text": "ल", "noOfMistakes": "0", "que_id": "MR_S3_L_3"}, {"recordingName": "MR_S3_L_4.mp3", "isCorrect": true, "que_text": "न", "noOfMistakes": "0", "que_id": "MR_S3_L_4"}, {"recordingName": "MR_S3_CL_0.mp3", "isCorrect": false, "que_text": "C", "noOfMistakes": "3", "que_id": "MR_S3_CL_0"}, {"recordingName": "MR_S3_CL_1.mp3", "isCorrect": true, "que_text": "K", "noOfMistakes": "3", "que_id": "MR_S3_CL_1"}, {"recordingName": "MR_S3_CL_2.mp3", "isCorrect": true, "que_text": "S", "noOfMistakes": "3", "que_id": "MR_S3_CL_2"}, {"recordingName": "MR_S3_CL_3.mp3", "isCorrect": false, "que_text": "Q", "noOfMistakes": "3", "que_id": "MR_S3_CL_3"}, {"recordingName": "MR_S3_CL_4.mp3", "isCorrect": false, "que_text": "F", "noOfMistakes": "3", "que_id": "MR_S3_CL_4"}], "englishProficiency": "Beginner", "studClass": "8", "deviceID": "7679c9355fd3bb61", "ageGroup": "12-15 years", "nativeProficiency": "Letter"}