{"englishProficiency": "Beginner", "sequenceList": [{"que_text": "क", "noOfMistakes": "5", "que_id": "HI_S3_L_1", "isCorrect": false, "recordingName": "HI_S3_L_1.mp3"}, {"que_text": "म", "noOfMistakes": "5", "que_id": "HI_S3_L_8", "isCorrect": false, "recordingName": "HI_S3_L_8.mp3"}, {"que_text": "थ", "noOfMistakes": "5", "que_id": "HI_S3_L_5", "isCorrect": false, "recordingName": "HI_S3_L_5.mp3"}, {"que_text": "ल", "noOfMistakes": "5", "que_id": "HI_S3_L_4", "isCorrect": false, "recordingName": "HI_S3_L_4.mp3"}, {"que_text": "त", "noOfMistakes": "5", "que_id": "HI_S3_L_7", "isCorrect": false, "recordingName": "HI_S3_L_7.mp3"}, {"que_text": "C", "noOfMistakes": "5", "que_id": "HI_S3_CL_0", "isCorrect": false, "recordingName": "HI_S3_CL_0.mp3"}, {"que_text": "W", "noOfMistakes": "5", "que_id": "HI_S3_CL_5", "isCorrect": false, "recordingName": "HI_S3_CL_5.mp3"}, {"que_text": "F", "noOfMistakes": "5", "que_id": "HI_S3_CL_4", "isCorrect": false, "recordingName": "HI_S3_CL_4.mp3"}, {"que_text": "S", "noOfMistakes": "5", "que_id": "HI_S3_CL_2", "isCorrect": false, "recordingName": "HI_S3_CL_2.mp3"}, {"que_text": "K", "noOfMistakes": "5", "que_id": "HI_S3_CL_1", "isCorrect": false, "recordingName": "HI_S3_CL_1.mp3"}], "deviceID": "c66208a6b7100eb2", "ageGroup": "less than 5 years", "studClass": "1", "nativeProficiency": "Beginner", "date": "Thu Aug 22 15:56:44 IST 2019"}