{"englishProficiency": "Beginner", "sequenceList": [{"que_text": "सोनी के पास एक माला है। उसमें बहुत सारे मोती हैं। मोती पीले रंग के हैं। सोनी उसे पहनती है।", "noOfMistakes": "200", "que_id": "HI_S2_P_0", "isCorrect": false, "recordingName": "HI_S2_P_0.mp3"}, {"que_text": "नानी", "noOfMistakes": "5", "que_id": "HI_S1_WD_3", "isCorrect": false, "recordingName": "HI_S1_WD_3.mp3"}, {"que_text": "काम", "noOfMistakes": "5", "que_id": "HI_S1_WD_5", "isCorrect": false, "recordingName": "HI_S1_WD_5.mp3"}, {"que_text": "फूल", "noOfMistakes": "5", "que_id": "HI_S1_WD_7", "isCorrect": false, "recordingName": "HI_S1_WD_7.mp3"}, {"que_text": "शेर", "noOfMistakes": "5", "que_id": "HI_S1_WD_2", "isCorrect": false, "recordingName": "HI_S1_WD_2.mp3"}, {"que_text": "कैसा", "noOfMistakes": "5", "que_id": "HI_S1_WD_1", "isCorrect": false, "recordingName": "HI_S1_WD_1.mp3"}, {"que_text": "ल", "noOfMistakes": "0", "que_id": "HI_S2_L_4", "isCorrect": true, "recordingName": "HI_S2_L_4.mp3"}, {"que_text": "च", "noOfMistakes": "0", "que_id": "HI_S2_L_2", "isCorrect": true, "recordingName": "HI_S2_L_2.mp3"}, {"que_text": "थ", "noOfMistakes": "0", "que_id": "HI_S2_L_5", "isCorrect": true, "recordingName": "HI_S2_L_5.mp3"}, {"que_text": "म", "noOfMistakes": "0", "que_id": "HI_S2_L_8", "isCorrect": true, "recordingName": "HI_S2_L_8.mp3"}, {"que_text": "त", "noOfMistakes": "0", "que_id": "HI_S2_L_7", "isCorrect": true, "recordingName": "HI_S2_L_7.mp3"}, {"que_text": "B", "noOfMistakes": "4", "que_id": "HI_S2_CL_0", "isCorrect": true, "recordingName": "HI_S2_CL_0.mp3"}, {"que_text": "H", "noOfMistakes": "4", "que_id": "HI_S2_CL_1", "isCorrect": false, "recordingName": "HI_S2_CL_1.mp3"}, {"que_text": "R", "noOfMistakes": "4", "que_id": "HI_S2_CL_2", "isCorrect": false, "recordingName": "HI_S2_CL_2.mp3"}, {"que_text": "V", "noOfMistakes": "4", "que_id": "HI_S2_CL_4", "isCorrect": false, "recordingName": "HI_S2_CL_4.mp3"}, {"que_text": "M", "noOfMistakes": "4", "que_id": "HI_S2_CL_5", "isCorrect": false, "recordingName": "HI_S2_CL_5.mp3"}], "deviceID": "c66208a6b7100eb2", "ageGroup": "7-10 years", "studClass": "1", "nativeProficiency": "Letter", "date": "Wed Jul 10 14:07:07 IST 2019"}