{"sequenceList": [{"recordingName": "HI_S2_P_0.mp3", "isCorrect": false, "que_text": "सोनी के पास एक माला है। उसमें बहुत सारे मोती हैं। मोती पीले रंग के हैं। सोनी उसे पहनती है।", "noOfMistakes": "200", "que_id": "HI_S2_P_0"}, {"recordingName": "HI_S1_WD_1.mp3", "isCorrect": false, "que_text": "कैसा", "noOfMistakes": "5", "que_id": "HI_S1_WD_1"}, {"recordingName": "HI_S1_WD_5.mp3", "isCorrect": false, "que_text": "काम", "noOfMistakes": "5", "que_id": "HI_S1_WD_5"}, {"recordingName": "HI_S1_WD_3.mp3", "isCorrect": false, "que_text": "नानी", "noOfMistakes": "5", "que_id": "HI_S1_WD_3"}, {"recordingName": "HI_S1_WD_7.mp3", "isCorrect": false, "que_text": "फूल", "noOfMistakes": "5", "que_id": "HI_S1_WD_7"}, {"recordingName": "HI_S1_WD_8.mp3", "isCorrect": false, "que_text": "दिन", "noOfMistakes": "5", "que_id": "HI_S1_WD_8"}, {"recordingName": "HI_S2_L_0.mp3", "isCorrect": true, "que_text": "द", "noOfMistakes": "1", "que_id": "HI_S2_L_0"}, {"recordingName": "HI_S2_L_4.mp3", "isCorrect": true, "que_text": "ल", "noOfMistakes": "1", "que_id": "HI_S2_L_4"}, {"recordingName": "HI_S2_L_5.mp3", "isCorrect": true, "que_text": "थ", "noOfMistakes": "1", "que_id": "HI_S2_L_5"}, {"recordingName": "HI_S2_L_7.mp3", "isCorrect": true, "que_text": "त", "noOfMistakes": "1", "que_id": "HI_S2_L_7"}, {"recordingName": "HI_S2_L_8.mp3", "isCorrect": false, "que_text": "म", "noOfMistakes": "1", "que_id": "HI_S2_L_8"}, {"answer": "-", "isCorrect": false, "que_text": "51-35", "noOfMistakes": "2", "que_id": "HI_S1_SB_0"}, {"answer": "-", "isCorrect": false, "que_text": "63-34", "noOfMistakes": "2", "que_id": "HI_S2_SB_1"}, {"recordingName": "HI_S2_DD_4.mp3", "isCorrect": false, "que_text": "34", "noOfMistakes": "5", "que_id": "HI_S2_DD_4"}, {"recordingName": "HI_S2_DD_8.mp3", "isCorrect": false, "que_text": "25", "noOfMistakes": "5", "que_id": "HI_S2_DD_8"}, {"recordingName": "HI_S2_DD_2.mp3", "isCorrect": false, "que_text": "69", "noOfMistakes": "5", "que_id": "HI_S2_DD_2"}, {"recordingName": "HI_S2_DD_3.mp3", "isCorrect": false, "que_text": "99", "noOfMistakes": "5", "que_id": "HI_S2_DD_3"}, {"recordingName": "HI_S2_DD_0.mp3", "isCorrect": false, "que_text": "76", "noOfMistakes": "5", "que_id": "HI_S2_DD_0"}, {"recordingName": "HI_S2_SD_0.mp3", "isCorrect": true, "que_text": "2", "noOfMistakes": "0", "que_id": "HI_S2_SD_0"}, {"recordingName": "HI_S2_SD_2.mp3", "isCorrect": true, "que_text": "3", "noOfMistakes": "0", "que_id": "HI_S2_SD_2"}, {"recordingName": "HI_S2_SD_4.mp3", "isCorrect": true, "que_text": "9", "noOfMistakes": "0", "que_id": "HI_S2_SD_4"}, {"recordingName": "HI_S2_SD_5.mp3", "isCorrect": true, "que_text": "8", "noOfMistakes": "0", "que_id": "HI_S2_SD_5"}, {"recordingName": "HI_S2_SD_1.mp3", "isCorrect": true, "que_text": "7", "noOfMistakes": "0", "que_id": "HI_S2_SD_1"}, {"recordingName": "HI_S2_CL_6.mp3", "isCorrect": true, "que_text": "P", "noOfMistakes": "2", "que_id": "HI_S2_CL_6"}, {"recordingName": "HI_S2_CL_5.mp3", "isCorrect": true, "que_text": "M", "noOfMistakes": "2", "que_id": "HI_S2_CL_5"}, {"recordingName": "HI_S2_CL_1.mp3", "isCorrect": true, "que_text": "H", "noOfMistakes": "2", "que_id": "HI_S2_CL_1"}, {"recordingName": "HI_S2_CL_0.mp3", "isCorrect": false, "que_text": "B", "noOfMistakes": "2", "que_id": "HI_S2_CL_0"}, {"recordingName": "HI_S2_CL_2.mp3", "isCorrect": false, "que_text": "R", "noOfMistakes": "2", "que_id": "HI_S2_CL_2"}], "englishProficiency": "Beginner", "studClass": "2", "date": "Thu Sep 12 16:24:21 IST 2019", "mathematicsProficiency": "Single digit", "deviceID": "62d50eea9c5c9436", "ageGroup": "7-10 years", "nativeProficiency": "Letter"}