{"englishProficiency": "Capital letter", "sequenceList": [{"que_text": "आज गावाहून मामा आला. मला खाऊ व फुगे घेऊन आला. ताईला बाहुली घेऊन आला. आईला छान साडी आणली.", "noOfMistakes": "0", "que_id": "MR_S1_P_0", "isCorrect": true, "recordingName": "MR_S1_P_0.mp3"}, {"que_text": "R", "noOfMistakes": "1", "que_id": "MR_S1_CL_3", "isCorrect": true, "recordingName": "MR_S1_CL_3.mp3"}, {"que_text": "E", "noOfMistakes": "1", "que_id": "MR_S1_CL_4", "isCorrect": true, "recordingName": "MR_S1_CL_4.mp3"}, {"que_text": "J", "noOfMistakes": "1", "que_id": "MR_S1_CL_1", "isCorrect": true, "recordingName": "MR_S1_CL_1.mp3"}, {"que_text": "N", "noOfMistakes": "1", "que_id": "MR_S1_CL_6", "isCorrect": true, "recordingName": "MR_S1_CL_6.mp3"}, {"que_text": "Y", "noOfMistakes": "1", "que_id": "MR_S1_Cl_5", "isCorrect": false, "recordingName": "MR_S1_Cl_5.mp3"}], "deviceID": "5b150edd580a5183", "ageGroup": "7-10 years", "studClass": "4", "date": "Sun Sep 08 11:04:40 IST 2019", "nativeProficiency": "Paragraph"}