{"sequenceList": [{"recordingName": "HI_S1_P_0.mp3", "isCorrect": true, "que_text": " राधा के पास एक तोता है। उसकी चोंच लाल है। वह बहुत बोलता है। सब को हँसाता है।", "noOfMistakes": "0", "que_id": "HI_S1_P_0"}, {"recordingName": "HI_S1_ST_0.mp3", "isCorrect": true, "que_text": "बहुत दिनों से बारिश हो रही थी। गाँव में सभी जगह गंदा पानी भर गया था। सभी बारिश के रुकने की राह देख रहे थे। अचानक एक दिन बारिश रुक गई। सूरज निकल आया। सब लोग खुश हो गये। आसमान में चिड़ियाँ उड़ने लगीं। लोग अपने कपड़े सुखाने लगे। बच्चे भी घरों से बाहर निकलकर खेलने लगे।", "noOfMistakes": "0", "que_id": "HI_S1_ST_0"}, {"answer": "15", "isCorrect": false, "que_text": "51 - 35", "noOfMistakes": "1", "que_id": "HI_S1_SB_0"}, {"answer": "27", "isCorrect": true, "que_text": "45 -18", "noOfMistakes": "1", "que_id": "HI_S1_SB_6"}, {"recordingName": "HI_S1_DD_3.mp3", "isCorrect": true, "que_text": "23", "noOfMistakes": "0", "que_id": "HI_S1_DD_3"}, {"recordingName": "HI_S1_DD_1.mp3", "isCorrect": true, "que_text": "38", "noOfMistakes": "0", "que_id": "HI_S1_DD_1"}, {"recordingName": "HI_S1_DD_8.mp3", "isCorrect": true, "que_text": "29", "noOfMistakes": "0", "que_id": "HI_S1_DD_8"}, {"recordingName": "HI_S1_DD_9.mp3", "isCorrect": true, "que_text": "11", "noOfMistakes": "0", "que_id": "HI_S1_DD_9"}, {"recordingName": "HI_S1_DD_4.mp3", "isCorrect": true, "que_text": "47", "noOfMistakes": "0", "que_id": "HI_S1_DD_4"}, {"recordingName": "HI_S1_CL_0.mp3", "isCorrect": true, "que_text": "A", "noOfMistakes": "0", "que_id": "HI_S1_CL_0"}, {"recordingName": "HI_S1_CL_3.mp3", "isCorrect": true, "que_text": "R", "noOfMistakes": "0", "que_id": "HI_S1_CL_3"}, {"recordingName": "HI_S1_CL_7.mp3", "isCorrect": true, "que_text": "O", "noOfMistakes": "0", "que_id": "HI_S1_CL_7"}, {"recordingName": "HI_S1_CL_6.mp3", "isCorrect": true, "que_text": "N", "noOfMistakes": "0", "que_id": "HI_S1_CL_6"}, {"recordingName": "HI_S1_CL_4.mp3", "isCorrect": true, "que_text": "E", "noOfMistakes": "0", "que_id": "HI_S1_CL_4"}, {"recordingName": "HI_S1_SL_2.mp3", "isCorrect": true, "que_text": "x", "noOfMistakes": "1", "que_id": "HI_S1_SL_2"}, {"recordingName": "HI_S1_SL_1.mp3", "isCorrect": true, "que_text": "p", "noOfMistakes": "1", "que_id": "HI_S1_SL_1"}, {"recordingName": "HI_S1_SL_6.mp3", "isCorrect": false, "que_text": "g", "noOfMistakes": "1", "que_id": "HI_S1_SL_6"}, {"recordingName": "HI_S1_SL_7.mp3", "isCorrect": true, "que_text": "t", "noOfMistakes": "1", "que_id": "HI_S1_SL_7"}, {"recordingName": "HI_S1_SL_0.mp3", "isCorrect": true, "que_text": "h", "noOfMistakes": "1", "que_id": "HI_S1_SL_0"}, {"recordingName": "HI_S1_W_0.mp3", "isCorrect": true, "que_text": "cat", "noOfMistakes": "2", "que_id": "HI_S1_W_0"}, {"recordingName": "HI_S1_W_1.mp3", "isCorrect": true, "que_text": "red", "noOfMistakes": "2", "que_id": "HI_S1_W_1"}, {"recordingName": "HI_S1_W_4.mp3", "isCorrect": false, "que_text": "fan", "noOfMistakes": "2", "que_id": "HI_S1_W_4"}, {"recordingName": "HI_S1_W_5.mp3", "isCorrect": false, "que_text": "bus", "noOfMistakes": "2", "que_id": "HI_S1_W_5"}, {"recordingName": "HI_S1_W_3.mp3", "isCorrect": true, "que_text": "lip", "noOfMistakes": "2", "que_id": "HI_S1_W_3"}], "englishProficiency": "Small letter", "studClass": "5", "date": "Thu Sep 05 13:58:44 IST 2019", "mathematicsProficiency": "Double digit", "deviceID": "1d9f75fc9e81e9e0", "ageGroup": "7-10 years", "nativeProficiency": "Story"}