{"englishProficiency": "Small letter", "sequenceList": [{"que_text": "मीना पढ़ने जाती है। राजू भी साथ जाता है। दोनों शाम को लौटकर आते हैं। घर आकर खाना खाते हैं।", "noOfMistakes": "200", "que_id": "HI_S2_P_1", "recordingName": "HI_S2_P_1.mp3", "isCorrect": false}, {"que_text": "क", "noOfMistakes": "0", "que_id": "HI_S2_L_1", "recordingName": "HI_S2_L_1.mp3", "isCorrect": true}, {"que_text": "च", "noOfMistakes": "0", "que_id": "HI_S2_L_2", "recordingName": "HI_S2_L_2.mp3", "isCorrect": true}, {"que_text": "ख", "noOfMistakes": "0", "que_id": "HI_S2_L_9", "recordingName": "HI_S2_L_9.mp3", "isCorrect": true}, {"que_text": "ल", "noOfMistakes": "0", "que_id": "HI_S2_L_4", "recordingName": "HI_S2_L_4.mp3", "isCorrect": true}, {"que_text": "म", "noOfMistakes": "0", "que_id": "HI_S2_L_8", "recordingName": "HI_S2_L_8.mp3", "isCorrect": true}, {"que_text": "B", "noOfMistakes": "0", "que_id": "HI_S2_CL_0", "recordingName": "HI_S2_CL_0.mp3", "isCorrect": true}, {"que_text": "R", "noOfMistakes": "0", "que_id": "HI_S2_CL_2", "recordingName": "HI_S2_CL_2.mp3", "isCorrect": true}, {"que_text": "M", "noOfMistakes": "0", "que_id": "HI_S2_CL_5", "recordingName": "HI_S2_CL_5.mp3", "isCorrect": true}, {"que_text": "V", "noOfMistakes": "0", "que_id": "HI_S2_CL_4", "recordingName": "HI_S2_CL_4.mp3", "isCorrect": true}, {"que_text": "H", "noOfMistakes": "0", "que_id": "HI_S2_CL_1", "recordingName": "HI_S2_CL_1.mp3", "isCorrect": true}, {"que_text": "z", "noOfMistakes": "0", "que_id": "HI_S2_SL_0", "recordingName": "HI_S2_SL_0.mp3", "isCorrect": true}, {"que_text": "o", "noOfMistakes": "0", "que_id": "HI_S2_SL_2", "recordingName": "HI_S2_SL_2.mp3", "isCorrect": true}, {"que_text": "g", "noOfMistakes": "0", "que_id": "HI_S2_SL_4", "recordingName": "HI_S2_SL_4.mp3", "isCorrect": true}, {"que_text": "j", "noOfMistakes": "0", "que_id": "HI_S2_SL_1", "recordingName": "HI_S2_SL_1.mp3", "isCorrect": true}, {"que_text": "k", "noOfMistakes": "0", "que_id": "HI_S2_SL_7", "recordingName": "HI_S2_SL_7.mp3", "isCorrect": true}, {"que_text": "rat", "noOfMistakes": "5", "que_id": "HI_S2_W_0", "recordingName": "HI_S2_W_0.mp3", "isCorrect": false}, {"que_text": "big", "noOfMistakes": "5", "que_id": "HI_S2_W_2", "recordingName": "HI_S2_W_2.mp3", "isCorrect": false}, {"que_text": "hot", "noOfMistakes": "5", "que_id": "HI_S2_W_1", "recordingName": "HI_S2_W_1.mp3", "isCorrect": false}, {"que_text": "man", "noOfMistakes": "5", "que_id": "HI_S2_W_4", "recordingName": "HI_S2_W_4.mp3", "isCorrect": false}, {"que_text": "pen", "noOfMistakes": "5", "que_id": "HI_S2_W_5", "recordingName": "HI_S2_W_5.mp3", "isCorrect": false}], "deviceID": "c66208a6b7100eb2", "ageGroup": "7-10 years", "studClass": "2", "date": "Fri Aug 09 17:00:12 IST 2019", "nativeProficiency": "Letter"}