{"englishProficiency": "Small letter", "sequenceList": [{"que_text": "फुगेवाला आला. लाल, निळे, फुगे आणले. मुलांनी फुगे घेतले. हातातून ते सुटून गेले.", "noOfMistakes": "1", "que_id": "MR_S3_P_0", "isCorrect": true, "recordingName": "MR_S3_P_0.mp3"}, {"que_text": "p", "noOfMistakes": "0", "que_id": "MR_S3_SL_1", "isCorrect": true, "recordingName": "MR_S3_SL_1.mp3"}, {"que_text": "e", "noOfMistakes": "0", "que_id": "MR_S3_SL_4", "isCorrect": true, "recordingName": "MR_S3_SL_4.mp3"}, {"que_text": "j", "noOfMistakes": "0", "que_id": "MR_S3_SL_5", "isCorrect": true, "recordingName": "MR_S3_SL_5.mp3"}, {"que_text": "v", "noOfMistakes": "0", "que_id": "MR_S3_SL_3", "isCorrect": true, "recordingName": "MR_S3_SL_3.mp3"}, {"que_text": "r", "noOfMistakes": "0", "que_id": "MR_S3_SL_6", "isCorrect": true, "recordingName": "MR_S3_SL_6.mp3"}], "deviceID": "5b150edd580a5183", "ageGroup": "10-12 years", "studClass": "5", "date": "Sat Sep 07 16:17:44 IST 2019", "nativeProficiency": "Paragraph"}