{"sequenceList": [{"recordingName": "HI_S4_P_1.mp3", "isCorrect": false, "que_text": "रूपा बाहर खेल रही थी। खेलते-खेलते रात हो गई। वह अपने घर चली गई। रूपा खाना खाकर सो गई।", "noOfMistakes": "200", "que_id": "HI_S4_P_1"}, {"recordingName": "HI_S4_WD_2.mp3", "isCorrect": true, "que_text": "ताला", "noOfMistakes": "0", "que_id": "HI_S4_WD_2"}, {"recordingName": "HI_S4_WD_4.mp3", "isCorrect": true, "que_text": "पानी", "noOfMistakes": "0", "que_id": "HI_S4_WD_4"}, {"recordingName": "HI_S4_WD_0.mp3", "isCorrect": true, "que_text": "आग", "noOfMistakes": "0", "que_id": "HI_S4_WD_0"}, {"recordingName": "HI_S4_WD_1.mp3", "isCorrect": true, "que_text": "सोच", "noOfMistakes": "0", "que_id": "HI_S4_WD_1"}, {"recordingName": "HI_S4_WD_5.mp3", "isCorrect": true, "que_text": "चौकी", "noOfMistakes": "0", "que_id": "HI_S4_WD_5"}, {"answer": "12", "isCorrect": false, "que_text": "46 - 17", "noOfMistakes": "2", "que_id": "HI_S4_SB_7"}, {"answer": "17", "isCorrect": false, "que_text": "92 - 48", "noOfMistakes": "2", "que_id": "HI_S4_SB_2"}, {"recordingName": "HI_S4_DD_0.mp3", "isCorrect": false, "que_text": "71", "noOfMistakes": "4", "que_id": "HI_S4_DD_0"}, {"recordingName": "HI_S4_DD_1.mp3", "isCorrect": true, "que_text": "24", "noOfMistakes": "4", "que_id": "HI_S4_DD_1"}, {"recordingName": "HI_S4_DD_3.mp3", "isCorrect": false, "que_text": "86", "noOfMistakes": "4", "que_id": "HI_S4_DD_3"}, {"recordingName": "HI_S4_DD_2.mp3", "isCorrect": false, "que_text": "92", "noOfMistakes": "4", "que_id": "HI_S4_DD_2"}, {"recordingName": "HI_S4_DD_5.mp3", "isCorrect": false, "que_text": "79", "noOfMistakes": "4", "que_id": "HI_S4_DD_5"}, {"recordingName": "HI_S4_SD_1.mp3", "isCorrect": true, "que_text": "7", "noOfMistakes": "0", "que_id": "HI_S4_SD_1"}, {"recordingName": "HI_S4_SD_2.mp3", "isCorrect": true, "que_text": "8", "noOfMistakes": "0", "que_id": "HI_S4_SD_2"}, {"recordingName": "HI_S4_SD_5.mp3", "isCorrect": true, "que_text": "9", "noOfMistakes": "0", "que_id": "HI_S4_SD_5"}, {"recordingName": "HI_S4_SD_4.mp3", "isCorrect": true, "que_text": "2", "noOfMistakes": "0", "que_id": "HI_S4_SD_4"}, {"recordingName": "HI_S4_SD_3.mp3", "isCorrect": true, "que_text": "4", "noOfMistakes": "0", "que_id": "HI_S4_SD_3"}, {"recordingName": "HI_S4_CL_0.mp3", "isCorrect": true, "que_text": "D", "noOfMistakes": "0", "que_id": "HI_S4_CL_0"}, {"recordingName": "HI_S4_CL_2.mp3", "isCorrect": true, "que_text": "T", "noOfMistakes": "0", "que_id": "HI_S4_CL_2"}, {"recordingName": "HI_S4_CL_1.mp3", "isCorrect": true, "que_text": "L", "noOfMistakes": "0", "que_id": "HI_S4_CL_1"}, {"recordingName": "HI_S4_CL_3.mp3", "isCorrect": true, "que_text": "K", "noOfMistakes": "0", "que_id": "HI_S4_CL_3"}, {"recordingName": "HI_S4_CL_5.mp3", "isCorrect": true, "que_text": "X", "noOfMistakes": "0", "que_id": "HI_S4_CL_5"}, {"recordingName": "HI_S4_SL_1.mp3", "isCorrect": false, "que_text": "f", "noOfMistakes": "2", "que_id": "HI_S4_SL_1"}, {"recordingName": "HI_S4_SL_2.mp3", "isCorrect": false, "que_text": "i", "noOfMistakes": "2", "que_id": "HI_S4_SL_2"}, {"recordingName": "HI_S4_SL_4.mp3", "isCorrect": true, "que_text": "v", "noOfMistakes": "2", "que_id": "HI_S4_SL_4"}, {"recordingName": "HI_S4_SL_5.mp3", "isCorrect": true, "que_text": "m", "noOfMistakes": "2", "que_id": "HI_S4_SL_5"}, {"recordingName": "HI_S4_SL_7.mp3", "isCorrect": true, "que_text": "h", "noOfMistakes": "2", "que_id": "HI_S4_SL_7"}], "englishProficiency": "Capital letter", "studClass": "2", "date": "Sat Jul 20 17:31:09 IST 2019", "mathematicsProficiency": "Single digit", "deviceID": "c66208a6b7100eb2", "ageGroup": "7-10 years", "nativeProficiency": "Word"}