{"englishProficiency": "Beginner", "sequenceList": [{"que_text": "आज रविवार आहे. शाळेला रजा आहे. तरी आज सकाळी मला लवकर जाग आली.", "noOfMistakes": "200", "que_id": "MR_S1_P_1", "isCorrect": false, "recordingName": "MR_S1_P_1.mp3"}, {"que_text": "बस", "noOfMistakes": "3", "que_id": "MR_S1_WD_1", "isCorrect": false, "recordingName": "MR_S1_WD_1.mp3"}, {"que_text": "दिवा", "noOfMistakes": "3", "que_id": "HI_S1_WD_4", "isCorrect": false, "recordingName": "HI_S1_WD_4.mp3"}, {"que_text": "समई", "noOfMistakes": "3", "que_id": "MR_S1_WD_0", "isCorrect": false, "recordingName": "MR_S1_WD_0.mp3"}, {"que_text": "प", "noOfMistakes": "1", "que_id": "MR_S1_L_1", "isCorrect": true, "recordingName": "MR_S1_L_1.mp3"}, {"que_text": "य", "noOfMistakes": "1", "que_id": "MR_S1_L_4", "isCorrect": false, "recordingName": "MR_S1_L_4.mp3"}, {"que_text": "ड", "noOfMistakes": "1", "que_id": "MR_S1_L_3", "isCorrect": true, "recordingName": "MR_S1_L_3.mp3"}, {"que_text": "ह", "noOfMistakes": "1", "que_id": "MR_S1_L_7", "isCorrect": true, "recordingName": "MR_S1_L_7.mp3"}, {"que_text": "द", "noOfMistakes": "1", "que_id": "MR_S1_L_5", "isCorrect": true, "recordingName": "MR_S1_L_5.mp3"}, {"que_text": "A", "noOfMistakes": "5", "que_id": "MR_S1_CL_0", "isCorrect": false, "recordingName": "MR_S1_CL_0.mp3"}, {"que_text": "E", "noOfMistakes": "5", "que_id": "MR_S1_CL_4", "isCorrect": false, "recordingName": "MR_S1_CL_4.mp3"}, {"que_text": "J", "noOfMistakes": "5", "que_id": "MH_S1_CL_1", "isCorrect": false, "recordingName": "MH_S1_CL_1.mp3"}, {"que_text": "Y", "noOfMistakes": "5", "que_id": "MR_S1_Cl_5", "isCorrect": false, "recordingName": "MR_S1_Cl_5.mp3"}, {"que_text": "R", "noOfMistakes": "5", "que_id": "MR_S1_CL_3", "isCorrect": false, "recordingName": "MR_S1_CL_3.mp3"}], "deviceID": "3ebaa9d14abd9a0f", "ageGroup": "5-7 years", "studClass": "2", "nativeProficiency": "Letter", "date": "Fri Jul 05 10:44:53 GMT+05:30 2019"}