{"date": "Fri Sep 13 15:10:41 GMT+05:30 2019", "sequenceList": [{"recordingName": "MR_S3_P_1.mp3", "isCorrect": true, "que_text": "अंगणात चिमणी येते. मी तिला दाणे टाकते. चिमणी दाणे खाते. खाऊन उडून जाते.", "noOfMistakes": "1", "que_id": "MR_S3_P_1"}, {"recordingName": "MR_S3_CL_0.mp3", "isCorrect": true, "que_text": "C", "noOfMistakes": "0", "que_id": "MR_S3_CL_0"}, {"recordingName": "MR_S3_CL_1.mp3", "isCorrect": true, "que_text": "K", "noOfMistakes": "0", "que_id": "MR_S3_CL_1"}, {"recordingName": "MR_S3_CL_2.mp3", "isCorrect": true, "que_text": "S", "noOfMistakes": "0", "que_id": "MR_S3_CL_2"}, {"recordingName": "MR_S3_CL_3.mp3", "isCorrect": true, "que_text": "Q", "noOfMistakes": "0", "que_id": "MR_S3_CL_3"}, {"recordingName": "MR_S3_CL_4.mp3", "isCorrect": true, "que_text": "F", "noOfMistakes": "0", "que_id": "MR_S3_CL_4"}, {"recordingName": "MR_S3_W_0.mp3", "isCorrect": true, "que_text": "day", "noOfMistakes": "1", "que_id": "MR_S3_W_0"}, {"recordingName": "MR_S3_W_1.mp3", "isCorrect": true, "que_text": "old", "noOfMistakes": "1", "que_id": "MR_S3_W_1"}, {"recordingName": "MR_S3_W_2.mp3", "isCorrect": true, "que_text": "sit", "noOfMistakes": "1", "que_id": "MR_S3_W_2"}, {"recordingName": "MR_S3_W_3.mp3", "isCorrect": true, "que_text": "run", "noOfMistakes": "1", "que_id": "MR_S3_W_3"}, {"recordingName": "MR_S3_W_4.mp3", "isCorrect": false, "que_text": "rat", "noOfMistakes": "1", "que_id": "MR_S3_W_4"}], "englishProficiency": "word", "studClass": "7", "deviceID": "1486e5dad35b4dc1", "ageGroup": "12-15 years", "nativeProficiency": "Paragraph"}