{"sequenceList": [{"recordingName": "MR_S1_L_0.mp3", "isCorrect": false, "que_text": "श", "noOfMistakes": "1", "que_id": "MR_S1_L_0"}, {"recordingName": "MR_S1_SD_0.mp3", "isCorrect": true, "que_text": "2", "noOfMistakes": "2", "que_id": "MR_S1_SD_0"}, {"recordingName": "MR_S1_SD_7.mp3", "isCorrect": false, "que_text": "1", "noOfMistakes": "2", "que_id": "MR_S1_SD_7"}, {"recordingName": "MR_S1_SD_1.mp3", "isCorrect": false, "que_text": "7", "noOfMistakes": "2", "que_id": "MR_S1_SD_1"}, {"recordingName": "MR_S1_CL_0.mp3", "isCorrect": true, "que_text": "A", "noOfMistakes": "3", "que_id": "MR_S1_CL_0"}, {"recordingName": "MR_S1_CL_4.mp3", "isCorrect": false, "que_text": "E", "noOfMistakes": "3", "que_id": "MR_S1_CL_4"}, {"recordingName": "MR_S1_CL_3.mp3", "isCorrect": false, "que_text": "R", "noOfMistakes": "3", "que_id": "MR_S1_CL_3"}, {"recordingName": "MR_S1_CL_7.mp3", "isCorrect": false, "que_text": "O", "noOfMistakes": "3", "que_id": "MR_S1_CL_7"}], "englishProficiency": "Beginner", "studClass": "1", "date": "Fri Aug 02 17:15:19 GMT+05:30 2019", "mathematicsProficiency": "Beginner", "deviceID": "3ebaa9d14abd9a0f", "ageGroup": "5-7 years", "nativeProficiency": "Beginner"}