{"date": "Fri Sep 06 14:14:39 IST 2019", "sequenceList": [{"recordingName": "MR_S4_P_1.mp3", "isCorrect": false, "que_text": "आज रविवार आहे. शाळेला रजा आहे. सगळे मिळून खेळूया. आज खेळायचा दिवस आहे.", "noOfMistakes": "200", "que_id": "MR_S4_P_1"}, {"recordingName": "MR_S4_WD_3.mp3", "isCorrect": true, "que_text": "पाऊस", "noOfMistakes": "0", "que_id": "MR_S4_WD_3"}, {"recordingName": "MR_S4_WD_4.mp3", "isCorrect": true, "que_text": "विमान", "noOfMistakes": "0", "que_id": "MR_S4_WD_4"}, {"recordingName": "MR_S4_WD_6.mp3", "isCorrect": true, "que_text": "पोरी", "noOfMistakes": "0", "que_id": "MR_S4_WD_6"}, {"recordingName": "MR_S4_WD_1.mp3", "isCorrect": true, "que_text": "फेटा", "noOfMistakes": "0", "que_id": "MR_S4_WD_1"}, {"recordingName": "MR_S4_WD_2.mp3", "isCorrect": true, "que_text": "झाडू", "noOfMistakes": "0", "que_id": "MR_S4_WD_2"}, {"recordingName": "MR_S4_CL_6.mp3", "isCorrect": true, "que_text": "P", "noOfMistakes": "4", "que_id": "MR_S4_CL_6"}, {"recordingName": "MR_S4_CL_0.mp3", "isCorrect": false, "que_text": "D", "noOfMistakes": "4", "que_id": "MR_S4_CL_0"}, {"recordingName": "MR_S4_CL_1.mp3", "isCorrect": false, "que_text": "L", "noOfMistakes": "4", "que_id": "MR_S4_CL_1"}, {"recordingName": "MR_S4_CL_4.mp3", "isCorrect": false, "que_text": "G", "noOfMistakes": "4", "que_id": "MR_S4_CL_4"}, {"recordingName": "MR_S4_CL_2.mp3", "isCorrect": false, "que_text": "T", "noOfMistakes": "4", "que_id": "MR_S4_CL_2"}], "englishProficiency": "Beginner", "studClass": "3", "deviceID": "4ef210ea40deb34c", "ageGroup": "7-10 years", "nativeProficiency": "Word"}