{"sequenceList": [{"recordingName": "HI_S3_P_0.mp3", "isCorrect": false, "que_text": "नीतू के घर में गाय है। उसका रंग सफ़ेद है। गाय हरी घास खाती है। वह बहुत दूध देती है।", "noOfMistakes": "200", "que_id": "HI_S3_P_0"}, {"recordingName": "HI_S3_L_1.mp3", "isCorrect": true, "que_text": "क", "noOfMistakes": "1", "que_id": "HI_S3_L_1"}, {"recordingName": "HI_S3_L_7.mp3", "isCorrect": true, "que_text": "त", "noOfMistakes": "1", "que_id": "HI_S3_L_7"}, {"recordingName": "HI_S3_L_8.mp3", "isCorrect": true, "que_text": "म", "noOfMistakes": "1", "que_id": "HI_S3_L_8"}, {"recordingName": "HI_S3_L_2.mp3", "isCorrect": true, "que_text": "च", "noOfMistakes": "1", "que_id": "HI_S3_L_2"}, {"recordingName": "HI_S3_L_4.mp3", "isCorrect": false, "que_text": "ल", "noOfMistakes": "1", "que_id": "HI_S3_L_4"}, {"answer": "-", "isCorrect": false, "que_text": "64 - 39", "noOfMistakes": "2", "que_id": "HI_S3_SB_1"}, {"answer": "-", "isCorrect": false, "que_text": "43 - 28", "noOfMistakes": "2", "que_id": "HI_S3_SB_2"}, {"recordingName": "HI_S3_SD_1.mp3", "isCorrect": true, "que_text": "4", "noOfMistakes": "0", "que_id": "HI_S3_SD_1"}, {"recordingName": "HI_S3_SD_2.mp3", "isCorrect": true, "que_text": "7", "noOfMistakes": "0", "que_id": "HI_S3_SD_2"}, {"recordingName": "HI_S3_SD_5.mp3", "isCorrect": true, "que_text": "9", "noOfMistakes": "0", "que_id": "HI_S3_SD_5"}, {"recordingName": "HI_S3_SD_4.mp3", "isCorrect": true, "que_text": "6", "noOfMistakes": "0", "que_id": "HI_S3_SD_4"}, {"recordingName": "HI_S3_SD_6.mp3", "isCorrect": true, "que_text": "5", "noOfMistakes": "0", "que_id": "HI_S3_SD_6"}, {"recordingName": "HI_S3_CL_0.mp3", "isCorrect": false, "que_text": "C", "noOfMistakes": "3", "que_id": "HI_S3_CL_0"}, {"recordingName": "HI_S3_CL_2.mp3", "isCorrect": false, "que_text": "S", "noOfMistakes": "3", "que_id": "HI_S3_CL_2"}, {"recordingName": "HI_S3_CL_5.mp3", "isCorrect": true, "que_text": "W", "noOfMistakes": "3", "que_id": "HI_S3_CL_5"}, {"recordingName": "HI_S3_CL_4.mp3", "isCorrect": false, "que_text": "F", "noOfMistakes": "3", "que_id": "HI_S3_CL_4"}, {"recordingName": "HI_S3_CL_1.mp3", "isCorrect": true, "que_text": "K", "noOfMistakes": "3", "que_id": "HI_S3_CL_1"}], "englishProficiency": "Beginner", "studClass": "1", "date": "Thu Aug 08 16:28:11 IST 2019", "mathematicsProficiency": "Single digit", "deviceID": "c66208a6b7100eb2", "ageGroup": "less than 5 years", "nativeProficiency": "Letter"}