{"englishProficiency": "Capital letter", "sequenceList": [{"que_text": "क", "noOfMistakes": "3", "que_id": "HI_S3_L_1", "isCorrect": true, "recordingName": "HI_S3_L_1.mp3"}, {"que_text": "च", "noOfMistakes": "3", "que_id": "HI_S3_L_2", "isCorrect": true, "recordingName": "HI_S3_L_2.mp3"}, {"que_text": "ब", "noOfMistakes": "3", "que_id": "HI_S3_L_3", "isCorrect": false, "recordingName": "HI_S3_L_3.mp3"}, {"que_text": "ल", "noOfMistakes": "3", "que_id": "HI_S3_L_4", "isCorrect": false, "recordingName": "HI_S3_L_4.mp3"}, {"que_text": "थ", "noOfMistakes": "3", "que_id": "HI_S3_L_5", "isCorrect": false, "recordingName": "HI_S3_L_5.mp3"}, {"que_text": "C", "noOfMistakes": "0", "que_id": "HI_S3_CL_0", "isCorrect": true, "recordingName": "HI_S3_CL_0.mp3"}, {"que_text": "K", "noOfMistakes": "0", "que_id": "HI_S3_CL_1", "isCorrect": true, "recordingName": "HI_S3_CL_1.mp3"}, {"que_text": "W", "noOfMistakes": "0", "que_id": "HI_S3_CL_5", "isCorrect": true, "recordingName": "HI_S3_CL_5.mp3"}, {"que_text": "O", "noOfMistakes": "0", "que_id": "HI_S3_CL_6", "isCorrect": true, "recordingName": "HI_S3_CL_6.mp3"}, {"que_text": "Z", "noOfMistakes": "0", "que_id": "HI_S3_CL_7", "isCorrect": true, "recordingName": "HI_S3_CL_7.mp3"}], "deviceID": "c66208a6b7100eb2", "ageGroup": "less than 5 years", "studClass": "1", "nativeProficiency": "Beginner", "date": "Mon Aug 12 17:10:31 IST 2019"}