{"englishProficiency": "Test was not complete", "sequenceList": [{"que_text": "काले बादल छाए हैं। तेज़ बारिश हो रही है। मोर भी नाच रहा है। सब नाच देख रहे हैं।", "noOfMistakes": "0", "que_id": "HI_S3_P_1", "isCorrect": true, "recordingName": "HI_S3_P_1.mp3"}, {"que_text": "विमला और अजय मेला देखने गये। उन्हें मेले में तरह-तरह की दुकाने दिखीं। मेले में बहुत झूले थे। वहाँ गरम-गरम हलवा और जलेबियाँ भी बिक रहीं थीं। जलेबी देखकर दोनों के मुँह में पानी आने लगा। उन्हें जलेबी खाने का मन हुआ। विमला ने जलेबी खरीदी। दोनों दोस्तों ने मिलकर जलेबी खाई। शाम को दोनों घर लौट आये।", "noOfMistakes": "0", "que_id": "HI_S3_ST_0", "isCorrect": true, "recordingName": "HI_S3_ST_0.mp3"}, {"que_text": "sit", "noOfMistakes": "0", "que_id": "HI_S3_W_2", "isCorrect": true, "recordingName": "HI_S3_W_2.mp3"}, {"que_text": "run", "noOfMistakes": "0", "que_id": "HI_S3_W_3", "isCorrect": true, "recordingName": "HI_S3_W_3.mp3"}, {"que_text": "fox", "noOfMistakes": "0", "que_id": "HI_S3_W_4", "isCorrect": true, "recordingName": "HI_S3_W_4.mp3"}, {"que_text": "old", "noOfMistakes": "0", "que_id": "HI_S3_W_1", "isCorrect": true, "recordingName": "HI_S3_W_1.mp3"}, {"que_text": "hen", "noOfMistakes": "0", "que_id": "HI_S3_W_0", "isCorrect": true, "recordingName": "HI_S3_W_0.mp3"}, {"que_text": "This is a big bus.", "noOfMistakes": "0", "que_id": "HI_S3_S_1", "isCorrect": true, "recordingName": "HI_S3_S_1.mp3"}, {"que_text": "Where is your house?", "noOfMistakes": "0", "que_id": "HI_S3_S_0", "isCorrect": true, "recordingName": "HI_S3_S_0.mp3"}, {"que_text": "I like to sing.", "noOfMistakes": "0", "que_id": "HI_S3_S_2", "isCorrect": true, "recordingName": "HI_S3_S_2.mp3"}, {"que_text": "I have a fat cat.", "noOfMistakes": "1", "que_id": "HI_S3_S_3", "isCorrect": true, "recordingName": "HI_S3_S_3.mp3"}], "deviceID": "ebaa26065aba20e5", "ageGroup": "10-12 years", "studClass": "4", "nativeProficiency": "Story", "date": "Thu Jul 11 16:35:56 GMT+05:30 2019"}