{"sequenceList": [{"recordingName": "HI_S2_SD_4.mp3", "isCorrect": false, "que_text": "9", "noOfMistakes": "5", "que_id": "HI_S2_SD_4"}, {"recordingName": "HI_S2_SD_3.mp3", "isCorrect": false, "que_text": "5", "noOfMistakes": "5", "que_id": "HI_S2_SD_3"}, {"recordingName": "HI_S2_SD_6.mp3", "isCorrect": false, "que_text": "4", "noOfMistakes": "5", "que_id": "HI_S2_SD_6"}, {"recordingName": "HI_S2_SD_2.mp3", "isCorrect": false, "que_text": "3", "noOfMistakes": "5", "que_id": "HI_S2_SD_2"}, {"recordingName": "HI_S2_SD_1.mp3", "isCorrect": false, "que_text": "7", "noOfMistakes": "5", "que_id": "HI_S2_SD_1"}], "englishProficiency": "Beginner", "studClass": "2", "date": "Thu Sep 19 16:02:54 IST 2019", "mathematicsProficiency": "Beginner", "deviceID": "6e525a9711d8a22a", "ageGroup": "7-10 years", "nativeProficiency": "Beginner"}