{"sequenceList": [{"recordingName": "HI_S3_WD_0.mp3", "isCorrect": true, "que_text": "नाक", "noOfMistakes": "0", "que_id": "HI_S3_WD_0"}, {"recordingName": "HI_S3_WD_6.mp3", "isCorrect": true, "que_text": "रोटी", "noOfMistakes": "0", "que_id": "HI_S3_WD_6"}, {"recordingName": "HI_S3_WD_7.mp3", "isCorrect": true, "que_text": "पीला", "noOfMistakes": "0", "que_id": "HI_S3_WD_7"}, {"recordingName": "HI_S3_WD_4.mp3", "isCorrect": true, "que_text": "मैना", "noOfMistakes": "0", "que_id": "HI_S3_WD_4"}, {"recordingName": "HI_S3_WD_1.mp3", "isCorrect": true, "que_text": "तोता", "noOfMistakes": "0", "que_id": "HI_S3_WD_1"}, {"recordingName": "HI_S3_DD_0.mp3", "isCorrect": true, "que_text": "52", "noOfMistakes": "0", "que_id": "HI_S3_DD_0"}, {"recordingName": "HI_S3_DD_7.mp3", "isCorrect": true, "que_text": "65", "noOfMistakes": "0", "que_id": "HI_S3_DD_7"}, {"recordingName": "HI_S3_DD_8.mp3", "isCorrect": true, "que_text": "36", "noOfMistakes": "0", "que_id": "HI_S3_DD_8"}, {"recordingName": "HI_S3_DD_2.mp3", "isCorrect": true, "que_text": "37", "noOfMistakes": "0", "que_id": "HI_S3_DD_2"}, {"recordingName": "HI_S3_DD_3.mp3", "isCorrect": true, "que_text": "27", "noOfMistakes": "0", "que_id": "HI_S3_DD_3"}, {"recordingName": "HI_S3_CL_0.mp3", "isCorrect": true, "que_text": "C", "noOfMistakes": "1", "que_id": "HI_S3_CL_0"}, {"recordingName": "HI_S3_CL_1.mp3", "isCorrect": false, "que_text": "K", "noOfMistakes": "1", "que_id": "HI_S3_CL_1"}, {"recordingName": "HI_S3_CL_4.mp3", "isCorrect": true, "que_text": "F", "noOfMistakes": "1", "que_id": "HI_S3_CL_4"}, {"recordingName": "HI_S3_CL_3.mp3", "isCorrect": true, "que_text": "Q", "noOfMistakes": "1", "que_id": "HI_S3_CL_3"}, {"recordingName": "HI_S3_CL_2.mp3", "isCorrect": true, "que_text": "S", "noOfMistakes": "1", "que_id": "HI_S3_CL_2"}], "englishProficiency": "Capital letter", "studClass": "7", "date": "Mon Sep 23 13:30:20 GMT+05:30 2019", "mathematicsProficiency": "Double digit", "deviceID": "f88598eebcce64aa", "ageGroup": "7-10 years", "nativeProficiency": "Word"}