{"englishProficiency": "Sentence", "sequenceList": [{"que_text": "एकदा मी पडले. सगळे मला हसले. एकदा सोनल पडली. मी तिला हसले.", "noOfMistakes": "1", "que_id": "MR_S2_P_0", "isCorrect": true, "recordingName": "MR_S2_P_0.mp3"}, {"que_text": "एका गावात एक आजीबाई राहत होती. आजीचे घर छोटे होते. घरासमोर मोठी फुलबाग होती. बागेत गुलाब, जाई-जुई, अबोली, झेंडूची फुलझाडे होती. मोठीमोठी आंब्याची, फणसाची झाडे होती. झाडांवर पक्ष्यांची घरटी होती. हिरवे-कोवळे गवत होते. आजीची बाग सुंदर होती. संध्याकाळ होताच गावातील मुले बागेमध्ये खेळायला येत असत. ती भरपूर मजा करत. मुलांना खेळताना बघून आजीला आनंद होई. आजीबाई संध्याकाळी मुलांना गोष्टी सांगत असे. त्यामुळे मुलांनादेखील आजीबाई खूप आवडे.", "noOfMistakes": "1", "que_id": "MR_S2_ST_0", "isCorrect": true, "recordingName": "MR_S2_ST_0.mp3"}, {"que_text": "B", "noOfMistakes": "0", "que_id": "MR_S2_CL_0", "isCorrect": true, "recordingName": "MR_S2_CL_0.mp3"}, {"que_text": "R", "noOfMistakes": "0", "que_id": "MR_S2_CL_2", "isCorrect": true, "recordingName": "MR_S2_CL_2.mp3"}, {"que_text": "M", "noOfMistakes": "0", "que_id": "MR_S2_CL_5", "isCorrect": true, "recordingName": "MR_S2_CL_5.mp3"}, {"que_text": "V", "noOfMistakes": "0", "que_id": "MR_S2_CL_4", "isCorrect": true, "recordingName": "MR_S2_CL_4.mp3"}, {"que_text": "F", "noOfMistakes": "0", "que_id": "MR_S2_CL_7", "isCorrect": true, "recordingName": "MR_S2_CL_7.mp3"}, {"que_text": "j", "noOfMistakes": "0", "que_id": "MR_S2_SL_1", "isCorrect": true, "recordingName": "MR_S2_SL_1.mp3"}, {"que_text": "u", "noOfMistakes": "0", "que_id": "MR_S2_SL_5", "isCorrect": true, "recordingName": "MR_S2_SL_5.mp3"}, {"que_text": "g", "noOfMistakes": "0", "que_id": "MR_S2_SL_4", "isCorrect": true, "recordingName": "MR_S2_SL_4.mp3"}, {"que_text": "o", "noOfMistakes": "0", "que_id": "MR_S2_SL_2", "isCorrect": true, "recordingName": "MR_S2_SL_2.mp3"}, {"que_text": "wet", "noOfMistakes": "1", "que_id": "MR_S2_W_1", "isCorrect": false, "recordingName": "MR_S2_W_1.mp3"}, {"que_text": "big", "noOfMistakes": "1", "que_id": "MR_S2_W_2", "isCorrect": true, "recordingName": "MR_S2_W_2.mp3"}, {"que_text": "pen", "noOfMistakes": "1", "que_id": "MR_S2_W_5", "isCorrect": true, "recordingName": "MR_S2_W_5.mp3"}, {"que_text": "man", "noOfMistakes": "1", "que_id": "MR_S2_W_4", "isCorrect": true, "recordingName": "MR_S2_W_4.mp3"}, {"que_text": "hat", "noOfMistakes": "1", "que_id": "MR_S2_W_3", "isCorrect": true, "recordingName": "MR_S2_W_3.mp3"}, {"que_text": "This is a long road.", "noOfMistakes": "1", "que_id": "MR_S2_S_1", "isCorrect": true, "recordingName": "MR_S2_S_1.mp3"}, {"que_text": "I like to play.", "noOfMistakes": "0", "que_id": "MR_S2_S_2", "isCorrect": true, "recordingName": "MR_S2_S_2.mp3"}, {"que_text": "Where is your house?", "noOfMistakes": "0", "que_id": "MR_S2_S_0", "isCorrect": true, "recordingName": "MR_S2_S_0.mp3"}], "deviceID": "2a595d8d0d2c5a1b", "ageGroup": "12-15 years", "studClass": "9", "date": "Sat Sep 07 14:44:03 IST 2019", "nativeProficiency": "Story"}