{"englishProficiency": "Small letter", "sequenceList": [{"que_text": "आज रविवार आहे. शाळेला रजा आहे. तरी आज सकाळी मला लवकर जाग आली.", "noOfMistakes": "200", "que_id": "MR_S1_P_1", "isCorrect": false, "recordingName": "MR_S1_P_1.mp3"}, {"que_text": "दिवा", "noOfMistakes": "0", "que_id": "HI_S1_WD_4", "isCorrect": true, "recordingName": "HI_S1_WD_4.mp3"}, {"que_text": "मोती", "noOfMistakes": "0", "que_id": "HI_S1_WD_5", "isCorrect": true, "recordingName": "HI_S1_WD_5.mp3"}, {"que_text": "चिमटा", "noOfMistakes": "0", "que_id": "HI_S1_WD_7", "isCorrect": true, "recordingName": "HI_S1_WD_7.mp3"}, {"que_text": "तूप", "noOfMistakes": "0", "que_id": "HI_S1_WD_8", "isCorrect": true, "recordingName": "HI_S1_WD_8.mp3"}, {"que_text": "किरण", "noOfMistakes": "0", "que_id": "HI_S1_WD_6", "isCorrect": true, "recordingName": "HI_S1_WD_6.mp3"}, {"que_text": "Y", "noOfMistakes": "0", "que_id": "MR_S1_Cl_5", "isCorrect": true, "recordingName": "MR_S1_Cl_5.mp3"}, {"que_text": "Q", "noOfMistakes": "0", "que_id": "MR_S1_CL_2", "isCorrect": true, "recordingName": "MR_S1_CL_2.mp3"}, {"que_text": "O", "noOfMistakes": "0", "que_id": "MR_S1_CL_7", "isCorrect": true, "recordingName": "MR_S1_CL_7.mp3"}, {"que_text": "E", "noOfMistakes": "0", "que_id": "MR_S1_CL_4", "isCorrect": true, "recordingName": "MR_S1_CL_4.mp3"}, {"que_text": "J", "noOfMistakes": "0", "que_id": "MH_S1_CL_1", "isCorrect": true, "recordingName": "MH_S1_CL_1.mp3"}, {"que_text": "p", "noOfMistakes": "1", "que_id": "MR_S1_SL_1", "isCorrect": true, "recordingName": "MR_S1_SL_1.mp3"}, {"que_text": "m", "noOfMistakes": "1", "que_id": "MR_S1_SL_4", "isCorrect": true, "recordingName": "MR_S1_SL_4.mp3"}, {"que_text": "d", "noOfMistakes": "1", "que_id": "MR_S1_SL_5", "isCorrect": false, "recordingName": "MR_S1_SL_5.mp3"}, {"que_text": "u", "noOfMistakes": "1", "que_id": "MR_S1_SL_3", "isCorrect": true, "recordingName": "MR_S1_SL_3.mp3"}, {"que_text": "t", "noOfMistakes": "1", "que_id": "MR_S1_SL_7", "isCorrect": true, "recordingName": "MR_S1_SL_7.mp3"}, {"que_text": "red", "noOfMistakes": "2", "que_id": "MR_S1_W_1", "isCorrect": false, "recordingName": "MR_S1_W_1.mp3"}, {"que_text": "fan", "noOfMistakes": "2", "que_id": "MR_S1_W_4", "isCorrect": false, "recordingName": "MR_S1_W_4.mp3"}], "deviceID": "3ebaa9d14abd9a0f", "ageGroup": "7-10 years", "studClass": "3", "nativeProficiency": "Word", "date": "Tue Aug 06 13:41:47 GMT+05:30 2019"}