{"englishProficiency": "Small letter", "sequenceList": [{"que_text": " माँ ने हलवा बनाया। वह बहुत मीठा था। उसे सोनी ने खाया। खाने के बाद वह सो गई।", "noOfMistakes": "200", "que_id": "HI_S1_P_1", "recordingName": "HI_S1_P_1.mp3", "isCorrect": false}, {"que_text": "गाना", "noOfMistakes": "4", "que_id": "HI_S1_WD_0", "recordingName": "HI_S1_WD_0.mp3", "isCorrect": false}, {"que_text": "आग", "noOfMistakes": "4", "que_id": "HI_S1_WD_8", "recordingName": "HI_S1_WD_8.mp3", "isCorrect": false}, {"que_text": "आलू", "noOfMistakes": "4", "que_id": "HI_S1_WD_5", "recordingName": "HI_S1_WD_5.mp3", "isCorrect": true}, {"que_text": "मोती", "noOfMistakes": "4", "que_id": "HI_S1_WD_2", "recordingName": "HI_S1_WD_2.mp3", "isCorrect": false}, {"que_text": "पैर", "noOfMistakes": "4", "que_id": "HI_S1_WD_3", "recordingName": "HI_S1_WD_3.mp3", "isCorrect": false}, {"que_text": "म", "noOfMistakes": "0", "que_id": "HI_S1_L_0", "recordingName": "HI_S1_L_0.mp3", "isCorrect": true}, {"que_text": "ल", "noOfMistakes": "0", "que_id": "HI_S1_L_5", "recordingName": "HI_S1_L_5.mp3", "isCorrect": true}, {"que_text": "ब", "noOfMistakes": "0", "que_id": "HI_S1_L_6", "recordingName": "HI_S1_L_6.mp3", "isCorrect": true}, {"que_text": "क", "noOfMistakes": "0", "que_id": "HI_S1_L_8", "recordingName": "HI_S1_L_8.mp3", "isCorrect": true}, {"que_text": "र", "noOfMistakes": "0", "que_id": "HI_S1_L_1", "recordingName": "HI_S1_L_1.mp3", "isCorrect": true}, {"que_text": "A", "noOfMistakes": "0", "que_id": "HI_S1_CL_0", "recordingName": "HI_S1_CL_0.mp3", "isCorrect": true}, {"que_text": "R", "noOfMistakes": "0", "que_id": "HI_S1_CL_3", "recordingName": "HI_S1_CL_3.mp3", "isCorrect": true}, {"que_text": "Y", "noOfMistakes": "0", "que_id": "HI_S1_CL_5", "recordingName": "HI_S1_CL_5.mp3", "isCorrect": true}, {"que_text": "N", "noOfMistakes": "0", "que_id": "HI_S1_CL_6", "recordingName": "HI_S1_CL_6.mp3", "isCorrect": true}, {"que_text": "O", "noOfMistakes": "0", "que_id": "HI_S1_CL_7", "recordingName": "HI_S1_CL_7.mp3", "isCorrect": true}, {"que_text": "h", "noOfMistakes": "2", "que_id": "HI_S1_SL_0", "recordingName": "HI_S1_SL_0.mp3", "isCorrect": false}, {"que_text": "p", "noOfMistakes": "2", "que_id": "HI_S1_SL_1", "recordingName": "HI_S1_SL_1.mp3", "isCorrect": true}, {"que_text": "m", "noOfMistakes": "2", "que_id": "HI_S1_SL_4", "recordingName": "HI_S1_SL_4.mp3", "isCorrect": false}, {"que_text": "d", "noOfMistakes": "2", "que_id": "HI_S1_SL_5", "recordingName": "HI_S1_SL_5.mp3", "isCorrect": true}, {"que_text": "g", "noOfMistakes": "2", "que_id": "HI_S1_SL_6", "recordingName": "HI_S1_SL_6.mp3", "isCorrect": true}], "deviceID": "722167f7c3ff3fa5", "ageGroup": "5-7 years", "studClass": "select class", "date": "Wed Sep 04 14:56:04 IST 2019", "nativeProficiency": "Letter"}