{"sequenceList": [{"recordingName": "MR_S4_P_0.mp3", "isCorrect": false, "que_text": "गीता बागेत आली. तिकडे तिला मंजू भेटली. दोघींनी जोरात झोका घेतला. आज खूपच मजा आली.", "noOfMistakes": "200", "que_id": "MR_S4_P_0"}, {"recordingName": "MR_S4_WD_4.mp3", "isCorrect": false, "que_text": "विमान", "noOfMistakes": "3", "que_id": "MR_S4_WD_4"}, {"recordingName": "MR_S4_WD_7.mp3", "isCorrect": false, "que_text": "केळे", "noOfMistakes": "3", "que_id": "MR_S4_WD_7"}, {"recordingName": "MR_S4_WD_3.mp3", "isCorrect": false, "que_text": "पाऊस", "noOfMistakes": "3", "que_id": "MR_S4_WD_3"}, {"recordingName": "MR_S4_L_3.mp3", "isCorrect": false, "que_text": "ग", "noOfMistakes": "3", "que_id": "MR_S4_L_3"}, {"recordingName": "MR_S4_L_7.mp3", "isCorrect": false, "que_text": "ण", "noOfMistakes": "3", "que_id": "MR_S4_L_7"}, {"recordingName": "MR_S4_L_4.mp3", "isCorrect": false, "que_text": "फ", "noOfMistakes": "3", "que_id": "MR_S4_L_4"}, {"answer": "-", "isCorrect": false, "que_text": "61 - 35", "noOfMistakes": "1", "que_id": "MR_S4_SB_3"}, {"recordingName": "MR_S4_DD_1.mp3", "isCorrect": false, "que_text": "24", "noOfMistakes": "3", "que_id": "MR_S4_DD_1"}, {"recordingName": "MR_S4_DD_4.mp3", "isCorrect": false, "que_text": "23", "noOfMistakes": "3", "que_id": "MR_S4_DD_4"}, {"recordingName": "MR_S4_DD_2.mp3", "isCorrect": false, "que_text": "92", "noOfMistakes": "3", "que_id": "MR_S4_DD_2"}, {"recordingName": "MR_S4_SD_4.mp3", "isCorrect": true, "que_text": "2", "noOfMistakes": "3", "que_id": "MR_S4_SD_4"}, {"recordingName": "MR_S4_SD_7.mp3", "isCorrect": true, "que_text": "1", "noOfMistakes": "3", "que_id": "MR_S4_SD_7"}, {"recordingName": "MR_S4_SD_6.mp3", "isCorrect": false, "que_text": "3", "noOfMistakes": "3", "que_id": "MR_S4_SD_6"}, {"recordingName": "MR_S4_SD_3.mp3", "isCorrect": false, "que_text": "4", "noOfMistakes": "3", "que_id": "MR_S4_SD_3"}, {"recordingName": "MR_S4_SD_5.mp3", "isCorrect": false, "que_text": "9", "noOfMistakes": "3", "que_id": "MR_S4_SD_5"}, {"recordingName": "MR_S4_CL_0.mp3", "isCorrect": false, "que_text": "D", "noOfMistakes": "4", "que_id": "MR_S4_CL_0"}, {"recordingName": "MR_S4_CL_4.mp3", "isCorrect": false, "que_text": "G", "noOfMistakes": "4", "que_id": "MR_S4_CL_4"}, {"recordingName": "MR_S4_CL_5.mp3", "isCorrect": false, "que_text": "X", "noOfMistakes": "4", "que_id": "MR_S4_CL_5"}, {"recordingName": "MR_S4_CL_1.mp3", "isCorrect": false, "que_text": "L", "noOfMistakes": "4", "que_id": "MR_S4_CL_1"}], "englishProficiency": "Beginner", "studClass": "1", "date": "Thu Jul 11 15:19:25 GMT+05:30 2019", "mathematicsProficiency": "Beginner", "deviceID": "3ebaa9d14abd9a0f", "ageGroup": "5-7 years", "nativeProficiency": "Beginner"}