{"date": "Tue Sep 03 11:50:18 GMT+05:30 2019", "sequenceList": [{"recordingName": "MR_S1_P_0.mp3", "isCorrect": false, "que_text": "आज गावाहून मामा आला. मला खाऊ व फुगे घेऊन आला. ताईला बाहुली घेऊन आला. आईला छान साडी आणली.", "noOfMistakes": "200", "que_id": "MR_S1_P_0"}, {"recordingName": "MR_S1_WD_0.mp3", "isCorrect": true, "que_text": "समई", "noOfMistakes": "0", "que_id": "MR_S1_WD_0"}, {"recordingName": "MR_S1_WD_1.mp3", "isCorrect": true, "que_text": "बस", "noOfMistakes": "0", "que_id": "MR_S1_WD_1"}, {"recordingName": "MR_S1_WD_2.mp3", "isCorrect": true, "que_text": "गरम", "noOfMistakes": "0", "que_id": "MR_S1_WD_2"}, {"recordingName": "MR_S1_WD_3.mp3", "isCorrect": true, "que_text": "कैरी", "noOfMistakes": "0", "que_id": "MR_S1_WD_3"}, {"recordingName": "MR_S1_WD_4.mp3", "isCorrect": true, "que_text": "दिवा", "noOfMistakes": "0", "que_id": "MR_S1_WD_4"}], "studClass": "5", "deviceID": "6a18228022c62528", "ageGroup": "10-12 years", "nativeProficiency": "Word"}