{"englishProficiency": "Small letter", "sequenceList": [{"que_text": "सोनी के पास एक माला है। उसमें बहुत सारे मोती हैं। मोती पीले रंग के हैं। सोनी उसे पहनती है।", "noOfMistakes": "0", "que_id": "HI_S2_P_0", "isCorrect": true, "recordingName": "HI_S2_P_0.mp3"}, {"que_text": "R", "noOfMistakes": "0", "que_id": "HI_S2_CL_2", "isCorrect": true, "recordingName": "HI_S2_CL_2.mp3"}, {"que_text": "M", "noOfMistakes": "0", "que_id": "HI_S2_CL_5", "isCorrect": true, "recordingName": "HI_S2_CL_5.mp3"}, {"que_text": "V", "noOfMistakes": "0", "que_id": "HI_S2_CL_4", "isCorrect": true, "recordingName": "HI_S2_CL_4.mp3"}, {"que_text": "H", "noOfMistakes": "0", "que_id": "HI_S2_CL_1", "isCorrect": true, "recordingName": "HI_S2_CL_1.mp3"}, {"que_text": "B", "noOfMistakes": "0", "que_id": "HI_S2_CL_0", "isCorrect": true, "recordingName": "HI_S2_CL_0.mp3"}, {"que_text": "j", "noOfMistakes": "0", "que_id": "HI_S2_SL_1", "isCorrect": true, "recordingName": "HI_S2_SL_1.mp3"}, {"que_text": "o", "noOfMistakes": "0", "que_id": "HI_S2_SL_2", "isCorrect": true, "recordingName": "HI_S2_SL_2.mp3"}, {"que_text": "u", "noOfMistakes": "0", "que_id": "HI_S2_SL_5", "isCorrect": true, "recordingName": "HI_S2_SL_5.mp3"}, {"que_text": "g", "noOfMistakes": "0", "que_id": "HI_S2_SL_4", "isCorrect": true, "recordingName": "HI_S2_SL_4.mp3"}, {"que_text": "w", "noOfMistakes": "0", "que_id": "HI_S2_SL_3", "isCorrect": true, "recordingName": "HI_S2_SL_3.mp3"}, {"que_text": "rat", "noOfMistakes": "5", "que_id": "HI_S2_W_0", "isCorrect": false, "recordingName": "HI_S2_W_0.mp3"}, {"que_text": "hot", "noOfMistakes": "5", "que_id": "HI_S2_W_1", "isCorrect": false, "recordingName": "HI_S2_W_1.mp3"}, {"que_text": "big", "noOfMistakes": "5", "que_id": "HI_S2_W_2", "isCorrect": false, "recordingName": "HI_S2_W_2.mp3"}, {"que_text": "pen", "noOfMistakes": "5", "que_id": "HI_S2_W_5", "isCorrect": false, "recordingName": "HI_S2_W_5.mp3"}, {"que_text": "man", "noOfMistakes": "5", "que_id": "HI_S2_W_4", "isCorrect": false, "recordingName": "HI_S2_W_4.mp3"}], "deviceID": "c66208a6b7100eb2", "ageGroup": "7-10 years", "studClass": "2", "nativeProficiency": "Paragraph", "date": "Thu Aug 08 17:34:45 IST 2019"}