{"englishProficiency": "Beginner", "sequenceList": [{"que_text": "क", "noOfMistakes": "2", "que_id": "MH_S3_L_0", "isCorrect": true, "recordingName": "MH_S3_L_0.mp3"}, {"que_text": "र", "noOfMistakes": "2", "que_id": "MH_S3_L_7", "isCorrect": false, "recordingName": "MH_S3_L_7.mp3"}, {"que_text": "म", "noOfMistakes": "2", "que_id": "MH_S3_L_8", "isCorrect": false, "recordingName": "MH_S3_L_8.mp3"}, {"que_text": "C", "noOfMistakes": "2", "que_id": "MR_S3_CL_0", "isCorrect": false, "recordingName": "MR_S3_CL_0.mp3"}, {"que_text": "K", "noOfMistakes": "2", "que_id": "MR_S3_CL_1", "isCorrect": false, "recordingName": "MR_S3_CL_1.mp3"}], "deviceID": "3ebaa9d14abd9a0f", "ageGroup": "5-7 years", "studClass": "1", "nativeProficiency": "Beginner", "date": "Wed Aug 07 12:52:57 GMT+05:30 2019"}