{"sequenceList": [{"answer": "18", "isCorrect": true, "que_text": "36-18", "noOfMistakes": "0", "que_id": "MR_S1_SB_4"}, {"recordingName": "MR_S1_CL_4.mp3", "isCorrect": true, "que_text": "E", "noOfMistakes": "0", "que_id": "MR_S1_CL_4"}, {"recordingName": "MR_S1_CL_1.mp3", "isCorrect": true, "que_text": "J", "noOfMistakes": "0", "que_id": "MR_S1_CL_1"}, {"recordingName": "MR_S1_CL_3.mp3", "isCorrect": true, "que_text": "R", "noOfMistakes": "0", "que_id": "MR_S1_CL_3"}, {"recordingName": "MR_S1_Cl_5.mp3", "isCorrect": true, "que_text": "Y", "noOfMistakes": "0", "que_id": "MR_S1_Cl_5"}, {"recordingName": "MR_S1_CL_7.mp3", "isCorrect": true, "que_text": "O", "noOfMistakes": "0", "que_id": "MR_S1_CL_7"}], "englishProficiency": "Capital letter", "studClass": "6", "date": "Wed Sep 04 17:34:37 IST 2019", "mathematicsProficiency": "Subtraction", "deviceID": "5b150edd580a5183", "ageGroup": "10-12 years", "nativeProficiency": "Paragraph"}