{"englishProficiency": "Sentence", "sequenceList": [{"que_text": "आज रविवार आहे. शाळेला रजा आहे. तरी आज सकाळी मला लवकर जाग आली.", "noOfMistakes": "0", "que_id": "MR_S1_P_1", "isCorrect": true, "recordingName": "MR_S1_P_1.mp3"}, {"que_text": "दाजी आजोबा आजारी असतात. ते खूप थकलेले दिसतात. हल्ली त्यांना नीट दिसत नाही.आजोबांचा नातू रमेश त्यांची खूप काळजी घेतो. त्यांना खूप खोकलाही झाला आहे. रमेश त्यांना वेळेवर औषध देतो. नीट दिसत नसल्यामुळे आजोबा घरात बसून असतात. रमेश त्यांच्या हाताला धरून घरातल्या घरात फिरवतो. घरात बसून आजोबा जुनी गाणी ऐकतात. त्यांना नवीन गाणीही ऐकायला आवडतात. आजोबांना बरे वाटल्यावर दोघे लांबवर फिरायला जाणार आहेत.", "noOfMistakes": "0", "que_id": "MR_S1_ST_0", "isCorrect": true, "recordingName": "MR_S1_ST_0.mp3"}, {"que_text": "A", "noOfMistakes": "0", "que_id": "MR_S1_CL_0", "isCorrect": true, "recordingName": "MR_S1_CL_0.mp3"}, {"que_text": "R", "noOfMistakes": "0", "que_id": "MR_S1_CL_3", "isCorrect": true, "recordingName": "MR_S1_CL_3.mp3"}, {"que_text": "J", "noOfMistakes": "0", "que_id": "MR_S1_CL_1", "isCorrect": true, "recordingName": "MR_S1_CL_1.mp3"}, {"que_text": "Q", "noOfMistakes": "0", "que_id": "MR_S1_CL_2", "isCorrect": true, "recordingName": "MR_S1_CL_2.mp3"}, {"que_text": "Y", "noOfMistakes": "0", "que_id": "MR_S1_Cl_5", "isCorrect": true, "recordingName": "MR_S1_Cl_5.mp3"}, {"que_text": "h", "noOfMistakes": "0", "que_id": "MR_S1_SL_0", "isCorrect": true, "recordingName": "MR_S1_SL_0.mp3"}, {"que_text": "u", "noOfMistakes": "0", "que_id": "MR_S1_SL_3", "isCorrect": true, "recordingName": "MR_S1_SL_3.mp3"}, {"que_text": "x", "noOfMistakes": "0", "que_id": "MR_S1_SL_2", "isCorrect": true, "recordingName": "MR_S1_SL_2.mp3"}, {"que_text": "p", "noOfMistakes": "0", "que_id": "MR_S1_SL_1", "isCorrect": true, "recordingName": "MR_S1_SL_1.mp3"}, {"que_text": "m", "noOfMistakes": "0", "que_id": "MR_S1_SL_4", "isCorrect": true, "recordingName": "MR_S1_SL_4.mp3"}, {"que_text": "cat", "noOfMistakes": "1", "que_id": "MR_S1_W_0", "isCorrect": false, "recordingName": "MR_S1_W_0.mp3"}, {"que_text": "sun", "noOfMistakes": "1", "que_id": "MR_S1_W_2", "isCorrect": true, "recordingName": "MR_S1_W_2.mp3"}, {"que_text": "new", "noOfMistakes": "1", "que_id": "MR_S1_W_3", "isCorrect": true, "recordingName": "MR_S1_W_3.mp3"}, {"que_text": "red", "noOfMistakes": "1", "que_id": "MR_S1_W_1", "isCorrect": true, "recordingName": "MR_S1_W_1.mp3"}, {"que_text": "fan", "noOfMistakes": "1", "que_id": "MR_S1_W_4", "isCorrect": true, "recordingName": "MR_S1_W_4.mp3"}, {"que_text": "What is the time?", "noOfMistakes": "1", "que_id": "MR_S1_S_0", "isCorrect": true, "recordingName": "MR_S1_S_0.mp3"}, {"que_text": "This is a large house.", "noOfMistakes": "1", "que_id": "MR_S1_S_1", "isCorrect": true, "recordingName": "MR_S1_S_1.mp3"}, {"que_text": "I like to read.", "noOfMistakes": "0", "que_id": "MR_S1_S_2", "isCorrect": true, "recordingName": "MR_S1_S_2.mp3"}], "deviceID": "70390f9e7bdbfff1", "ageGroup": "12-15 years", "studClass": "6", "date": "Wed Sep 04 11:09:30 GMT+05:30 2019", "nativeProficiency": "Story"}