{"date": "Sun Sep 08 16:06:52 IST 2019", "sequenceList": [{"recordingName": "MR_S3_P_1.mp3", "isCorrect": false, "que_text": "अंगणात चिमणी येते. मी तिला दाणे टाकते. चिमणी दाणे खाते. खाऊन उडून जाते.", "noOfMistakes": "200", "que_id": "MR_S3_P_1"}, {"recordingName": "MR_S3_WD_1.mp3", "isCorrect": false, "que_text": "लाल", "noOfMistakes": "2", "que_id": "MR_S3_WD_1"}, {"recordingName": "MR_S3_WD_5.mp3", "isCorrect": true, "que_text": "दिवस", "noOfMistakes": "2", "que_id": "MR_S3_WD_5"}, {"recordingName": "MR_S3_WD_8.mp3", "isCorrect": true, "que_text": "विमान", "noOfMistakes": "2", "que_id": "MR_S3_WD_8"}, {"recordingName": "MR_S3_WD_4.mp3", "isCorrect": false, "que_text": "मुळा", "noOfMistakes": "2", "que_id": "MR_S3_WD_4"}, {"recordingName": "MR_S3_L_4.mp3", "isCorrect": true, "que_text": "न", "noOfMistakes": "0", "que_id": "MR_S3_L_4"}, {"recordingName": "MR_S3_L_8.mp3", "isCorrect": true, "que_text": "म", "noOfMistakes": "0", "que_id": "MR_S3_L_8"}, {"recordingName": "MR_S3_L_6.mp3", "isCorrect": true, "que_text": "ब", "noOfMistakes": "0", "que_id": "MR_S3_L_6"}, {"recordingName": "MR_S3_L_7.mp3", "isCorrect": true, "que_text": "र", "noOfMistakes": "0", "que_id": "MR_S3_L_7"}, {"recordingName": "MR_S3_L_9 .mp3", "isCorrect": true, "que_text": "ल", "noOfMistakes": "0", "que_id": "MR_S3_L_9 "}, {"recordingName": "MR_S3_CL_0.mp3", "isCorrect": true, "que_text": "C", "noOfMistakes": "0", "que_id": "MR_S3_CL_0"}, {"recordingName": "MR_S3_CL_5.mp3", "isCorrect": true, "que_text": "W", "noOfMistakes": "0", "que_id": "MR_S3_CL_5"}, {"recordingName": "MR_S3_CL_6.mp3", "isCorrect": true, "que_text": "O", "noOfMistakes": "0", "que_id": "MR_S3_CL_6"}, {"recordingName": "MR_S3_CL_3.mp3", "isCorrect": true, "que_text": "Q", "noOfMistakes": "0", "que_id": "MR_S3_CL_3"}, {"recordingName": "MR_S3_CL_4.mp3", "isCorrect": true, "que_text": "F", "noOfMistakes": "0", "que_id": "MR_S3_CL_4"}, {"recordingName": "MR_S3_SL_1.mp3", "isCorrect": false, "que_text": "p", "noOfMistakes": "1", "que_id": "MR_S3_SL_1"}, {"recordingName": "MR_S3_SL_2.mp3", "isCorrect": true, "que_text": "g", "noOfMistakes": "1", "que_id": "MR_S3_SL_2"}, {"recordingName": "MR_S3_SL_5.mp3", "isCorrect": true, "que_text": "j", "noOfMistakes": "1", "que_id": "MR_S3_SL_5"}, {"recordingName": "MR_S3_SL_3.mp3", "isCorrect": true, "que_text": "v", "noOfMistakes": "1", "que_id": "MR_S3_SL_3"}, {"recordingName": "MR_S3_SL_4.mp3", "isCorrect": true, "que_text": "e", "noOfMistakes": "1", "que_id": "MR_S3_SL_4"}, {"recordingName": "MR_S3_W_1.mp3", "isCorrect": false, "que_text": "old", "noOfMistakes": "2", "que_id": "MR_S3_W_1"}, {"recordingName": "MR_S3_W_2.mp3", "isCorrect": false, "que_text": "sit", "noOfMistakes": "2", "que_id": "MR_S3_W_2"}], "englishProficiency": "Small letter", "studClass": "2", "deviceID": "2a595d8d0d2c5a1b", "ageGroup": "5-7 years", "nativeProficiency": "Letter"}