{"englishProficiency": "Small letter", "sequenceList": [{"que_text": "अंगणात चिमणी येते. मी तिला दाणे टाकते. चिमणी दाणे खाते. खाऊन उडून जाते.", "noOfMistakes": "200", "que_id": "MR_S3_P_1", "isCorrect": false, "recordingName": "MR_S3_P_1.mp3"}, {"que_text": "लाल", "noOfMistakes": "2", "que_id": "MR_S3_WD_1", "isCorrect": false, "recordingName": "MR_S3_WD_1.mp3"}, {"que_text": "दिवस", "noOfMistakes": "2", "que_id": "MR_S3_WD_5", "isCorrect": true, "recordingName": "MR_S3_WD_5.mp3"}, {"que_text": "विमान", "noOfMistakes": "2", "que_id": "MR_S3_WD_8", "isCorrect": true, "recordingName": "MR_S3_WD_8.mp3"}, {"que_text": "मुळा", "noOfMistakes": "2", "que_id": "MR_S3_WD_4", "isCorrect": false, "recordingName": "MR_S3_WD_4.mp3"}, {"que_text": "न", "noOfMistakes": "0", "que_id": "MR_S3_L_4", "isCorrect": true, "recordingName": "MR_S3_L_4.mp3"}, {"que_text": "म", "noOfMistakes": "0", "que_id": "MR_S3_L_8", "isCorrect": true, "recordingName": "MR_S3_L_8.mp3"}, {"que_text": "ब", "noOfMistakes": "0", "que_id": "MR_S3_L_6", "isCorrect": true, "recordingName": "MR_S3_L_6.mp3"}, {"que_text": "र", "noOfMistakes": "0", "que_id": "MR_S3_L_7", "isCorrect": true, "recordingName": "MR_S3_L_7.mp3"}, {"que_text": "ल", "noOfMistakes": "0", "que_id": "MR_S3_L_9 ", "isCorrect": true, "recordingName": "MR_S3_L_9 .mp3"}, {"que_text": "C", "noOfMistakes": "0", "que_id": "MR_S3_CL_0", "isCorrect": true, "recordingName": "MR_S3_CL_0.mp3"}, {"que_text": "W", "noOfMistakes": "0", "que_id": "MR_S3_CL_5", "isCorrect": true, "recordingName": "MR_S3_CL_5.mp3"}, {"que_text": "O", "noOfMistakes": "0", "que_id": "MR_S3_CL_6", "isCorrect": true, "recordingName": "MR_S3_CL_6.mp3"}, {"que_text": "Q", "noOfMistakes": "0", "que_id": "MR_S3_CL_3", "isCorrect": true, "recordingName": "MR_S3_CL_3.mp3"}, {"que_text": "F", "noOfMistakes": "0", "que_id": "MR_S3_CL_4", "isCorrect": true, "recordingName": "MR_S3_CL_4.mp3"}, {"que_text": "p", "noOfMistakes": "1", "que_id": "MR_S3_SL_1", "isCorrect": false, "recordingName": "MR_S3_SL_1.mp3"}, {"que_text": "g", "noOfMistakes": "1", "que_id": "MR_S3_SL_2", "isCorrect": true, "recordingName": "MR_S3_SL_2.mp3"}, {"que_text": "j", "noOfMistakes": "1", "que_id": "MR_S3_SL_5", "isCorrect": true, "recordingName": "MR_S3_SL_5.mp3"}, {"que_text": "v", "noOfMistakes": "1", "que_id": "MR_S3_SL_3", "isCorrect": true, "recordingName": "MR_S3_SL_3.mp3"}, {"que_text": "e", "noOfMistakes": "1", "que_id": "MR_S3_SL_4", "isCorrect": true, "recordingName": "MR_S3_SL_4.mp3"}, {"que_text": "old", "noOfMistakes": "2", "que_id": "MR_S3_W_1", "isCorrect": false, "recordingName": "MR_S3_W_1.mp3"}, {"que_text": "sit", "noOfMistakes": "2", "que_id": "MR_S3_W_2", "isCorrect": false, "recordingName": "MR_S3_W_2.mp3"}], "deviceID": "2a595d8d0d2c5a1b", "ageGroup": "5-7 years", "studClass": "2", "date": "Sun Sep 08 16:06:52 IST 2019", "nativeProficiency": "Letter"}