{"sequenceList": [{"recordingName": "HI_S1_P_0.mp3", "isCorrect": false, "que_text": " राधा के पास एक तोता है। उसकी चोंच लाल है। वह बहुत बोलता है। सब को हँसाता है।", "noOfMistakes": "200", "que_id": "HI_S1_P_0"}, {"recordingName": "HI_S1_L_8.mp3", "isCorrect": true, "que_text": "क", "noOfMistakes": "1", "que_id": "HI_S1_L_8"}, {"recordingName": "HI_S1_L_0.mp3", "isCorrect": false, "que_text": "म", "noOfMistakes": "1", "que_id": "HI_S1_L_0"}, {"recordingName": "HI_S1_L_6.mp3", "isCorrect": true, "que_text": "ब", "noOfMistakes": "1", "que_id": "HI_S1_L_6"}, {"recordingName": "HI_S1_L_7.mp3", "isCorrect": true, "que_text": "न", "noOfMistakes": "1", "que_id": "HI_S1_L_7"}, {"recordingName": "HI_S1_L_5.mp3", "isCorrect": true, "que_text": "ल", "noOfMistakes": "1", "que_id": "HI_S1_L_5"}, {"answer": "-", "isCorrect": false, "que_text": "84 - 49", "noOfMistakes": "2", "que_id": "HI_S1_SB_2"}, {"answer": "-", "isCorrect": false, "que_text": "56 - 37", "noOfMistakes": "2", "que_id": "HI_S1_SB_4"}, {"recordingName": "HI_S1_SD_0.mp3", "isCorrect": false, "que_text": "3", "noOfMistakes": "5", "que_id": "HI_S1_SD_0"}, {"recordingName": "HI_S1_SD_2.mp3", "isCorrect": false, "que_text": "1", "noOfMistakes": "5", "que_id": "HI_S1_SD_2"}, {"recordingName": "HI_S1_SD_7.mp3", "isCorrect": false, "que_text": "2", "noOfMistakes": "5", "que_id": "HI_S1_SD_7"}, {"recordingName": "HI_S1_SD_3.mp3", "isCorrect": false, "que_text": "4", "noOfMistakes": "5", "que_id": "HI_S1_SD_3"}, {"recordingName": "HI_S1_SD_5.mp3", "isCorrect": false, "que_text": "9", "noOfMistakes": "5", "que_id": "HI_S1_SD_5"}, {"recordingName": "HI_S1_CL_0.mp3", "isCorrect": true, "que_text": "A", "noOfMistakes": "4", "que_id": "HI_S1_CL_0"}, {"recordingName": "HI_S1_CL_1.mp3", "isCorrect": false, "que_text": "J", "noOfMistakes": "4", "que_id": "HI_S1_CL_1"}, {"recordingName": "HI_S1_CL_4.mp3", "isCorrect": false, "que_text": "E", "noOfMistakes": "4", "que_id": "HI_S1_CL_4"}, {"recordingName": "HI_S1_CL_5.mp3", "isCorrect": false, "que_text": "Y", "noOfMistakes": "4", "que_id": "HI_S1_CL_5"}, {"recordingName": "HI_S1_CL_2.mp3", "isCorrect": false, "que_text": "Q", "noOfMistakes": "4", "que_id": "HI_S1_CL_2"}], "englishProficiency": "Beginner", "studClass": "1", "date": "Sun Jul 21 14:31:41 IST 2019", "mathematicsProficiency": "Beginner", "deviceID": "c66208a6b7100eb2", "ageGroup": "5-7 years", "nativeProficiency": "Letter"}