{"sequenceList": [{"recordingName": "HI_S3_P_0.mp3", "isCorrect": true, "que_text": "नीतू के घर में गाय है। उसका रंग सफ़ेद है। गाय हरी घास खाती है। वह बहुत दूध देती है।", "noOfMistakes": "2", "que_id": "HI_S3_P_0"}, {"recordingName": "HI_S3_WD_0.mp3", "isCorrect": true, "que_text": "नाक", "noOfMistakes": "0", "que_id": "HI_S3_WD_0"}, {"recordingName": "HI_S3_WD_8.mp3", "isCorrect": true, "que_text": "माला", "noOfMistakes": "0", "que_id": "HI_S3_WD_8"}, {"recordingName": "HI_S3_WD_7.mp3", "isCorrect": true, "que_text": "पीला", "noOfMistakes": "0", "que_id": "HI_S3_WD_7"}, {"recordingName": "HI_S3_WD_1.mp3", "isCorrect": true, "que_text": "तोता", "noOfMistakes": "0", "que_id": "HI_S3_WD_1"}, {"recordingName": "HI_S3_SD_0.mp3", "isCorrect": true, "que_text": "1", "noOfMistakes": "0", "que_id": "HI_S3_SD_0"}, {"recordingName": "HI_S3_SD_3.mp3", "isCorrect": true, "que_text": "3", "noOfMistakes": "0", "que_id": "HI_S3_SD_3"}, {"recordingName": "HI_S3_SD_2.mp3", "isCorrect": true, "que_text": "7", "noOfMistakes": "0", "que_id": "HI_S3_SD_2"}, {"recordingName": "HI_S3_SD_4.mp3", "isCorrect": true, "que_text": "6", "noOfMistakes": "0", "que_id": "HI_S3_SD_4"}, {"recordingName": "HI_S3_CL_0.mp3", "isCorrect": true, "que_text": "C", "noOfMistakes": "0", "que_id": "HI_S3_CL_0"}, {"recordingName": "HI_S3_CL_3.mp3", "isCorrect": true, "que_text": "Q", "noOfMistakes": "0", "que_id": "HI_S3_CL_3"}, {"recordingName": "HI_S3_CL_2.mp3", "isCorrect": true, "que_text": "S", "noOfMistakes": "0", "que_id": "HI_S3_CL_2"}, {"recordingName": "HI_S3_CL_4.mp3", "isCorrect": true, "que_text": "F", "noOfMistakes": "0", "que_id": "HI_S3_CL_4"}, {"recordingName": "HI_S3_CL_1.mp3", "isCorrect": true, "que_text": "K", "noOfMistakes": "0", "que_id": "HI_S3_CL_1"}], "englishProficiency": "Capital letter", "studClass": "5", "date": "Mon Jul 15 18:21:11 GMT+05:30 2019", "mathematicsProficiency": "Single digit", "deviceID": "ebaa26065aba20e5", "ageGroup": "10-12 years", "nativeProficiency": "Word"}