{"sequenceList": [{"recordingName": "HI_S1_P_1.mp3", "isCorrect": false, "que_text": " माँ ने हलवा बनाया। वह बहुत मीठा था। उसे सोनी ने खाया। खाने के बाद वह सो गई।", "noOfMistakes": "200", "que_id": "HI_S1_P_1"}, {"recordingName": "HI_S1_WD_0.mp3", "isCorrect": true, "que_text": "गाना", "noOfMistakes": "0", "que_id": "HI_S1_WD_0"}, {"recordingName": "HI_S1_WD_2.mp3", "isCorrect": true, "que_text": "मोती", "noOfMistakes": "0", "que_id": "HI_S1_WD_2"}, {"recordingName": "HI_S1_WD_8.mp3", "isCorrect": true, "que_text": "आग", "noOfMistakes": "0", "que_id": "HI_S1_WD_8"}, {"recordingName": "HI_S1_WD_7.mp3", "isCorrect": true, "que_text": "किला", "noOfMistakes": "0", "que_id": "HI_S1_WD_7"}, {"recordingName": "HI_S1_WD_5.mp3", "isCorrect": true, "que_text": "आलू", "noOfMistakes": "0", "que_id": "HI_S1_WD_5"}, {"answer": "20", "isCorrect": false, "que_text": "31 - 13", "noOfMistakes": "1", "que_id": "HI_S1_SB_5"}], "englishProficiency": "Beginner", "studClass": "8", "date": "Fri Aug 23 17:05:10 GMT+05:30 2019", "mathematicsProficiency": "Beginner", "deviceID": "ebaa26065aba20e5", "ageGroup": "15-18years", "nativeProficiency": "Word"}