{"sequenceList": [{"recordingName": "HI_S1_P_0.mp3", "isCorrect": true, "que_text": " राधा के पास एक तोता है। उसकी चोंच लाल है। वह बहुत बोलता है। सब को हँसाता है।", "noOfMistakes": "0", "que_id": "HI_S1_P_0"}, {"recordingName": "HI_S1_ST_0.mp3", "isCorrect": true, "que_text": "बहुत दिनों से बारिश हो रही थी। गाँव में सभी जगह गंदा पानी भर गया था। सभी बारिश के रुकने की राह देख रहे थे। अचानक एक दिन बारिश रुक गई। सूरज निकल आया। सब लोग खुश हो गये। आसमान में चिड़ियाँ उड़ने लगीं। लोग अपने कपड़े सुखाने लगे। बच्चे भी घरों से बाहर निकलकर खेलने लगे।", "noOfMistakes": "1", "que_id": "HI_S1_ST_0"}, {"answer": "-", "isCorrect": false, "que_text": "56 - 37", "noOfMistakes": "2", "que_id": "HI_S1_SB_4"}, {"answer": "-", "isCorrect": false, "que_text": "45 -18", "noOfMistakes": "2", "que_id": "HI_S1_SB_6"}, {"recordingName": "HI_S1_DD_6.mp3", "isCorrect": true, "que_text": "56", "noOfMistakes": "0", "que_id": "HI_S1_DD_6"}, {"recordingName": "HI_S1_DD_2.mp3", "isCorrect": true, "que_text": "92", "noOfMistakes": "0", "que_id": "HI_S1_DD_2"}, {"recordingName": "HI_S1_DD_0.mp3", "isCorrect": true, "que_text": "65", "noOfMistakes": "0", "que_id": "HI_S1_DD_0"}, {"recordingName": "HI_S1_DD_5.mp3", "isCorrect": true, "que_text": "72", "noOfMistakes": "0", "que_id": "HI_S1_DD_5"}, {"recordingName": "HI_S1_DD_7.mp3", "isCorrect": true, "que_text": "87", "noOfMistakes": "0", "que_id": "HI_S1_DD_7"}, {"recordingName": "HI_S1_CL_2.mp3", "isCorrect": true, "que_text": "Q", "noOfMistakes": "0", "que_id": "HI_S1_CL_2"}, {"recordingName": "HI_S1_CL_6.mp3", "isCorrect": true, "que_text": "N", "noOfMistakes": "0", "que_id": "HI_S1_CL_6"}, {"recordingName": "HI_S1_CL_3.mp3", "isCorrect": true, "que_text": "R", "noOfMistakes": "0", "que_id": "HI_S1_CL_3"}, {"recordingName": "HI_S1_CL_1.mp3", "isCorrect": true, "que_text": "J", "noOfMistakes": "0", "que_id": "HI_S1_CL_1"}, {"recordingName": "HI_S1_CL_7.mp3", "isCorrect": true, "que_text": "O", "noOfMistakes": "0", "que_id": "HI_S1_CL_7"}, {"recordingName": "HI_S1_SL_0.mp3", "isCorrect": true, "que_text": "h", "noOfMistakes": "1", "que_id": "HI_S1_SL_0"}, {"recordingName": "HI_S1_SL_3.mp3", "isCorrect": true, "que_text": "u", "noOfMistakes": "1", "que_id": "HI_S1_SL_3"}, {"recordingName": "HI_S1_SL_7.mp3", "isCorrect": false, "que_text": "t", "noOfMistakes": "1", "que_id": "HI_S1_SL_7"}, {"recordingName": "HI_S1_SL_2.mp3", "isCorrect": true, "que_text": "x", "noOfMistakes": "1", "que_id": "HI_S1_SL_2"}, {"recordingName": "HI_S1_SL_5.mp3", "isCorrect": true, "que_text": "d", "noOfMistakes": "1", "que_id": "HI_S1_SL_5"}, {"recordingName": "HI_S1_W_0.mp3", "isCorrect": true, "que_text": "cat", "noOfMistakes": "2", "que_id": "HI_S1_W_0"}, {"recordingName": "HI_S1_W_3.mp3", "isCorrect": false, "que_text": "lip", "noOfMistakes": "2", "que_id": "HI_S1_W_3"}, {"recordingName": "HI_S1_W_1.mp3", "isCorrect": true, "que_text": "red", "noOfMistakes": "2", "que_id": "HI_S1_W_1"}, {"recordingName": "HI_S1_W_2.mp3", "isCorrect": true, "que_text": "sun", "noOfMistakes": "2", "que_id": "HI_S1_W_2"}, {"recordingName": "HI_S1_W_5.mp3", "isCorrect": false, "que_text": "bus", "noOfMistakes": "2", "que_id": "HI_S1_W_5"}], "englishProficiency": "Small letter", "studClass": "2", "date": "Fri Jul 19 16:26:29 IST 2019", "mathematicsProficiency": "Double digit", "deviceID": "c66208a6b7100eb2", "ageGroup": "7-10 years", "nativeProficiency": "Story"}