{"englishProficiency": "word", "sequenceList": [{"que_text": "अंगणात चिमणी येते. मी तिला दाणे टाकते. चिमणी दाणे खाते. खाऊन उडून जाते.", "noOfMistakes": "200", "que_id": "MR_S3_P_1", "isCorrect": false, "recordingName": "MR_S3_P_1.mp3"}, {"que_text": "लाल", "noOfMistakes": "3", "que_id": "MR_S3_WD_1", "isCorrect": true, "recordingName": "MR_S3_WD_1.mp3"}, {"que_text": "पूर", "noOfMistakes": "3", "que_id": "MR_S3_WD_2", "isCorrect": true, "recordingName": "MR_S3_WD_2.mp3"}, {"que_text": "कौल", "noOfMistakes": "3", "que_id": "MR_S3_WD_0", "isCorrect": false, "recordingName": "MR_S3_WD_0.mp3"}, {"que_text": "फेटा", "noOfMistakes": "3", "que_id": "MR_S3_WD_3", "isCorrect": false, "recordingName": "MR_S3_WD_3.mp3"}, {"que_text": "मुळा", "noOfMistakes": "3", "que_id": "MR_S3_WD_4", "isCorrect": false, "recordingName": "MR_S3_WD_4.mp3"}, {"que_text": "क", "noOfMistakes": "1", "que_id": "MR_S3_L_0", "isCorrect": true, "recordingName": "MR_S3_L_0.mp3"}, {"que_text": "स", "noOfMistakes": "1", "que_id": "MR_S3_L_1", "isCorrect": true, "recordingName": "MR_S3_L_1.mp3"}, {"que_text": "ग", "noOfMistakes": "1", "que_id": "MR_S3_L_2", "isCorrect": false, "recordingName": "MR_S3_L_2.mp3"}, {"que_text": "ल", "noOfMistakes": "1", "que_id": "MR_S3_L_3", "isCorrect": true, "recordingName": "MR_S3_L_3.mp3"}, {"que_text": "न", "noOfMistakes": "1", "que_id": "MR_S3_L_4", "isCorrect": true, "recordingName": "MR_S3_L_4.mp3"}, {"que_text": "C", "noOfMistakes": "0", "que_id": "MR_S3_CL_0", "isCorrect": true, "recordingName": "MR_S3_CL_0.mp3"}, {"que_text": "K", "noOfMistakes": "0", "que_id": "MR_S3_CL_1", "isCorrect": true, "recordingName": "MR_S3_CL_1.mp3"}, {"que_text": "S", "noOfMistakes": "0", "que_id": "MR_S3_CL_2", "isCorrect": true, "recordingName": "MR_S3_CL_2.mp3"}, {"que_text": "Q", "noOfMistakes": "0", "que_id": "MR_S3_CL_3", "isCorrect": true, "recordingName": "MR_S3_CL_3.mp3"}, {"que_text": "F", "noOfMistakes": "0", "que_id": "MR_S3_CL_4", "isCorrect": true, "recordingName": "MR_S3_CL_4.mp3"}, {"que_text": "n", "noOfMistakes": "0", "que_id": "MR_S3_SL_0", "isCorrect": true, "recordingName": "MR_S3_SL_0.mp3"}, {"que_text": "p", "noOfMistakes": "0", "que_id": "MR_S3_SL_1", "isCorrect": true, "recordingName": "MR_S3_SL_1.mp3"}, {"que_text": "g", "noOfMistakes": "0", "que_id": "MR_S3_SL_2", "isCorrect": true, "recordingName": "MR_S3_SL_2.mp3"}, {"que_text": "v", "noOfMistakes": "0", "que_id": "MR_S3_SL_3", "isCorrect": true, "recordingName": "MR_S3_SL_3.mp3"}, {"que_text": "e", "noOfMistakes": "0", "que_id": "MR_S3_SL_4", "isCorrect": true, "recordingName": "MR_S3_SL_4.mp3"}, {"que_text": "day", "noOfMistakes": "1", "que_id": "MR_S3_W_0", "isCorrect": true, "recordingName": "MR_S3_W_0.mp3"}, {"que_text": "old", "noOfMistakes": "1", "que_id": "MR_S3_W_1", "isCorrect": true, "recordingName": "MR_S3_W_1.mp3"}, {"que_text": "bag", "noOfMistakes": "1", "que_id": "MR_S3_W_5", "isCorrect": true, "recordingName": "MR_S3_W_5.mp3"}, {"que_text": "rat", "noOfMistakes": "1", "que_id": "MR_S3_W_4", "isCorrect": false, "recordingName": "MR_S3_W_4.mp3"}, {"que_text": "run", "noOfMistakes": "1", "que_id": "MR_S3_W_3", "isCorrect": true, "recordingName": "MR_S3_W_3.mp3"}, {"que_text": "Where is your house?", "noOfMistakes": "200", "que_id": "MR_S3_S_0", "isCorrect": false, "recordingName": "MR_S3_S_0.mp3"}, {"que_text": "This is a tall tree.", "noOfMistakes": "200", "que_id": "MR_S3_S_1", "isCorrect": false, "recordingName": "MR_S3_S_1.mp3"}, {"que_text": "I like to sing.", "noOfMistakes": "0", "que_id": "MR_S3_S_2", "isCorrect": true, "recordingName": "MR_S3_S_2.mp3"}, {"que_text": "She has a red dress.", "noOfMistakes": "200", "que_id": "MR_S3_S_3", "isCorrect": false, "recordingName": "MR_S3_S_3.mp3"}], "deviceID": "d0c4e016866279b1", "ageGroup": "12-15 years", "studClass": "8", "date": "Thu Sep 05 18:45:18 IST 2019", "nativeProficiency": "Letter"}