{"englishProficiency": "word", "sequenceList": [{"que_text": "मीना पढ़ने जाती है। राजू भी साथ जाता है। दोनों शाम को लौटकर आते हैं। घर आकर खाना खाते हैं।", "noOfMistakes": "200", "que_id": "HI_S2_P_1", "recordingName": "HI_S2_P_1.mp3", "isCorrect": true}, {"que_text": "हीरा", "noOfMistakes": "1", "que_id": "HI_S1_WD_0", "recordingName": "HI_S1_WD_0.mp3", "isCorrect": true}, {"que_text": "कैसा", "noOfMistakes": "1", "que_id": "HI_S1_WD_1", "recordingName": "HI_S1_WD_1.mp3", "isCorrect": false}, {"que_text": "काम", "noOfMistakes": "1", "que_id": "HI_S1_WD_5", "recordingName": "HI_S1_WD_5.mp3", "isCorrect": true}, {"que_text": "नानी", "noOfMistakes": "1", "que_id": "HI_S1_WD_3", "recordingName": "HI_S1_WD_3.mp3", "isCorrect": true}, {"que_text": "पीला", "noOfMistakes": "1", "que_id": "HI_S1_WD_6", "recordingName": "HI_S1_WD_6.mp3", "isCorrect": true}, {"que_text": "B", "noOfMistakes": "0", "que_id": "HI_S2_CL_0", "recordingName": "HI_S2_CL_0.mp3", "isCorrect": true}, {"que_text": "V", "noOfMistakes": "0", "que_id": "HI_S2_CL_4", "recordingName": "HI_S2_CL_4.mp3", "isCorrect": true}, {"que_text": "P", "noOfMistakes": "0", "que_id": "HI_S2_CL_6", "recordingName": "HI_S2_CL_6.mp3", "isCorrect": true}, {"que_text": "M", "noOfMistakes": "0", "que_id": "HI_S2_CL_5", "recordingName": "HI_S2_CL_5.mp3", "isCorrect": true}, {"que_text": "F", "noOfMistakes": "0", "que_id": "HI_S2_CL_7", "recordingName": "HI_S2_CL_7.mp3", "isCorrect": true}, {"que_text": "z", "noOfMistakes": "0", "que_id": "HI_S2_SL_0", "recordingName": "HI_S2_SL_0.mp3", "isCorrect": true}, {"que_text": "g", "noOfMistakes": "0", "que_id": "HI_S2_SL_4", "recordingName": "HI_S2_SL_4.mp3", "isCorrect": true}, {"que_text": "u", "noOfMistakes": "0", "que_id": "HI_S2_SL_5", "recordingName": "HI_S2_SL_5.mp3", "isCorrect": true}, {"que_text": "o", "noOfMistakes": "0", "que_id": "HI_S2_SL_2", "recordingName": "HI_S2_SL_2.mp3", "isCorrect": true}, {"que_text": "k", "noOfMistakes": "0", "que_id": "HI_S2_SL_7", "recordingName": "HI_S2_SL_7.mp3", "isCorrect": true}, {"que_text": "rat", "noOfMistakes": "2", "que_id": "HI_S2_W_0", "recordingName": "HI_S2_W_0.mp3", "isCorrect": true}, {"que_text": "hot", "noOfMistakes": "2", "que_id": "HI_S2_W_1", "recordingName": "HI_S2_W_1.mp3", "isCorrect": true}, {"que_text": "big", "noOfMistakes": "2", "que_id": "HI_S2_W_2", "recordingName": "HI_S2_W_2.mp3", "isCorrect": false}, {"que_text": "pen", "noOfMistakes": "2", "que_id": "HI_S2_W_5", "recordingName": "HI_S2_W_5.mp3", "isCorrect": false}, {"que_text": "cow", "noOfMistakes": "2", "que_id": "HI_S2_W_3", "recordingName": "HI_S2_W_3.mp3", "isCorrect": true}, {"que_text": "What is the time?", "noOfMistakes": "200", "que_id": "HI_S2_S_0", "recordingName": "HI_S2_S_0.mp3", "isCorrect": false}], "deviceID": "b63c09ad0db55307", "ageGroup": "7-10 years", "studClass": "2", "date": "Wed Sep 04 16:50:58 IST 2019", "nativeProficiency": "Word"}