{"sequenceList": [{"answer": "-27", "isCorrect": true, "que_text": "56 - 29", "noOfMistakes": "0", "que_id": "HI_S3_SB_0"}, {"answer": "-25", "isCorrect": true, "que_text": "64 - 39", "noOfMistakes": "0", "que_id": "HI_S3_SB_1"}, {"noOfMistakes": "0", "que_id": "HI_S3_D_0", "answer": "121", "remainder": "", "isCorrect": true, "que_text": "979 / 8"}, {"recordingName": "HI_S3_CL_0.mp3", "isCorrect": true, "que_text": "C", "noOfMistakes": "0", "que_id": "HI_S3_CL_0"}, {"recordingName": "HI_S3_CL_1.mp3", "isCorrect": true, "que_text": "K", "noOfMistakes": "0", "que_id": "HI_S3_CL_1"}, {"recordingName": "HI_S3_CL_2.mp3", "isCorrect": true, "que_text": "S", "noOfMistakes": "0", "que_id": "HI_S3_CL_2"}, {"recordingName": "HI_S3_CL_3.mp3", "isCorrect": true, "que_text": "Q", "noOfMistakes": "0", "que_id": "HI_S3_CL_3"}, {"recordingName": "HI_S3_CL_4.mp3", "isCorrect": true, "que_text": "F", "noOfMistakes": "0", "que_id": "HI_S3_CL_4"}, {"recordingName": "HI_S3_SL_0.mp3", "isCorrect": true, "que_text": "n", "noOfMistakes": "0", "que_id": "HI_S3_SL_0"}, {"recordingName": "HI_S3_SL_1.mp3", "isCorrect": true, "que_text": "p", "noOfMistakes": "0", "que_id": "HI_S3_SL_1"}, {"recordingName": "HI_S3_SL_2.mp3", "isCorrect": true, "que_text": "g", "noOfMistakes": "0", "que_id": "HI_S3_SL_2"}, {"recordingName": "HI_S3_SL_3.mp3", "isCorrect": true, "que_text": "v", "noOfMistakes": "0", "que_id": "HI_S3_SL_3"}, {"recordingName": "HI_S3_SL_4.mp3", "isCorrect": true, "que_text": "e", "noOfMistakes": "0", "que_id": "HI_S3_SL_4"}], "englishProficiency": "Sentence", "studClass": "8", "date": "Thu Sep 19 15:33:25 IST 2019", "mathematicsProficiency": "Beginner", "deviceID": "2b35bdaa8978b364", "ageGroup": "12-15 years", "nativeProficiency": "Story"}