{"englishProficiency": "Small letter", "sequenceList": [{"que_text": " राधा के पास एक तोता है। उसकी चोंच लाल है। वह बहुत बोलता है। सब को हँसाता है।", "noOfMistakes": "1", "que_id": "HI_S1_P_0", "recordingName": "HI_S1_P_0.mp3", "isCorrect": true}, {"que_text": "गाना", "noOfMistakes": "1", "que_id": "HI_S1_WD_0", "recordingName": "HI_S1_WD_0.mp3", "isCorrect": true}, {"que_text": "खुश", "noOfMistakes": "1", "que_id": "HI_S1_WD_1", "recordingName": "HI_S1_WD_1.mp3", "isCorrect": true}, {"que_text": "मोती", "noOfMistakes": "1", "que_id": "HI_S1_WD_2", "recordingName": "HI_S1_WD_2.mp3", "isCorrect": true}, {"que_text": "पैर", "noOfMistakes": "1", "que_id": "HI_S1_WD_3", "recordingName": "HI_S1_WD_3.mp3", "isCorrect": false}, {"que_text": "झोला", "noOfMistakes": "1", "que_id": "HI_S1_WD_4", "recordingName": "HI_S1_WD_4.mp3", "isCorrect": true}, {"que_text": "A", "noOfMistakes": "0", "que_id": "HI_S1_CL_0", "recordingName": "HI_S1_CL_0.mp3", "isCorrect": true}, {"que_text": "J", "noOfMistakes": "0", "que_id": "HI_S1_CL_1", "recordingName": "HI_S1_CL_1.mp3", "isCorrect": true}, {"que_text": "Q", "noOfMistakes": "0", "que_id": "HI_S1_CL_2", "recordingName": "HI_S1_CL_2.mp3", "isCorrect": true}, {"que_text": "R", "noOfMistakes": "0", "que_id": "HI_S1_CL_3", "recordingName": "HI_S1_CL_3.mp3", "isCorrect": true}, {"que_text": "E", "noOfMistakes": "0", "que_id": "HI_S1_CL_4", "recordingName": "HI_S1_CL_4.mp3", "isCorrect": true}, {"que_text": "h", "noOfMistakes": "0", "que_id": "HI_S1_SL_0", "recordingName": "HI_S1_SL_0.mp3", "isCorrect": true}, {"que_text": "p", "noOfMistakes": "0", "que_id": "HI_S1_SL_1", "recordingName": "HI_S1_SL_1.mp3", "isCorrect": true}, {"que_text": "x", "noOfMistakes": "0", "que_id": "HI_S1_SL_2", "recordingName": "HI_S1_SL_2.mp3", "isCorrect": true}, {"que_text": "u", "noOfMistakes": "0", "que_id": "HI_S1_SL_3", "recordingName": "HI_S1_SL_3.mp3", "isCorrect": true}, {"que_text": "m", "noOfMistakes": "0", "que_id": "HI_S1_SL_4", "recordingName": "HI_S1_SL_4.mp3", "isCorrect": true}, {"que_text": "cat", "noOfMistakes": "5", "que_id": "HI_S1_W_0", "recordingName": "HI_S1_W_0.mp3", "isCorrect": false}, {"que_text": "red", "noOfMistakes": "5", "que_id": "HI_S1_W_1", "recordingName": "HI_S1_W_1.mp3", "isCorrect": false}, {"que_text": "sun", "noOfMistakes": "5", "que_id": "HI_S1_W_2", "recordingName": "HI_S1_W_2.mp3", "isCorrect": false}, {"que_text": "lip", "noOfMistakes": "5", "que_id": "HI_S1_W_3", "recordingName": "HI_S1_W_3.mp3", "isCorrect": false}, {"que_text": "fan", "noOfMistakes": "5", "que_id": "HI_S1_W_4", "recordingName": "HI_S1_W_4.mp3", "isCorrect": false}], "deviceID": "82f91dc352b4e418", "ageGroup": "7-10 years", "studClass": "3", "date": "Tue Sep 10 13:51:07 GMT+05:30 2019", "nativeProficiency": "Word"}