{"englishProficiency": "Capital letter", "sequenceList": [{"que_text": "बग़ीचे में पेड़ हैं। पेड़ पर एक तोता रहता है। तोते का रंग हरा है। वह लाल टमाटर खाता है।", "noOfMistakes": "0", "que_id": "HI_S4_P_0", "isCorrect": true, "recordingName": "HI_S4_P_0.mp3"}, {"que_text": "T", "noOfMistakes": "0", "que_id": "HI_S4_CL_2", "isCorrect": true, "recordingName": "HI_S4_CL_2.mp3"}, {"que_text": "X", "noOfMistakes": "0", "que_id": "HI_S4_CL_5", "isCorrect": true, "recordingName": "HI_S4_CL_5.mp3"}, {"que_text": "P", "noOfMistakes": "0", "que_id": "HI_S4_CL_6", "isCorrect": true, "recordingName": "HI_S4_CL_6.mp3"}, {"que_text": "G", "noOfMistakes": "0", "que_id": "HI_S4_CL_4", "isCorrect": true, "recordingName": "HI_S4_CL_4.mp3"}, {"que_text": "N", "noOfMistakes": "0", "que_id": "HI_S4_CL_7", "isCorrect": true, "recordingName": "HI_S4_CL_7.mp3"}, {"que_text": "f", "noOfMistakes": "2", "que_id": "HI_S4_SL_1", "isCorrect": true, "recordingName": "HI_S4_SL_1.mp3"}, {"que_text": "m", "noOfMistakes": "2", "que_id": "HI_S4_SL_5", "isCorrect": true, "recordingName": "HI_S4_SL_5.mp3"}, {"que_text": "h", "noOfMistakes": "2", "que_id": "HI_S4_SL_7", "isCorrect": true, "recordingName": "HI_S4_SL_7.mp3"}, {"que_text": "v", "noOfMistakes": "2", "que_id": "HI_S4_SL_4", "isCorrect": false, "recordingName": "HI_S4_SL_4.mp3"}, {"que_text": "i", "noOfMistakes": "2", "que_id": "HI_S4_SL_2", "isCorrect": false, "recordingName": "HI_S4_SL_2.mp3"}], "deviceID": "c66208a6b7100eb2", "ageGroup": "5-7 years", "studClass": "1", "nativeProficiency": "Paragraph", "date": "Fri Aug 09 17:03:38 IST 2019"}