{"sequenceList": [{"recordingName": "HI_S1_P_0.mp3", "isCorrect": false, "que_text": " राधा के पास एक तोता है। उसकी चोंच लाल है। वह बहुत बोलता है। सब को हँसाता है।", "noOfMistakes": "200", "que_id": "HI_S1_P_0"}, {"recordingName": "HI_S1_DD_0.mp3", "isCorrect": false, "que_text": "65", "noOfMistakes": "1", "que_id": "HI_S1_DD_0"}, {"recordingName": "HI_S1_CL_1.mp3", "isCorrect": false, "que_text": "J", "noOfMistakes": "1", "que_id": "HI_S1_CL_1"}], "englishProficiency": "Capital letter", "studClass": "6", "date": "Wed Sep 18 08:07:30 GMT+05:30 2019", "mathematicsProficiency": "Double digit", "deviceID": "dddf94d5bc3e8d07", "ageGroup": "10-12 years", "nativeProficiency": "Paragraph"}