{"sequenceList": [{"recordingName": "HI_S2_P_0.mp3", "isCorrect": false, "que_text": "सोनी के पास एक माला है। उसमें बहुत सारे मोती हैं। मोती पीले रंग के हैं। सोनी उसे पहनती है।", "noOfMistakes": "200", "que_id": "HI_S2_P_0"}, {"recordingName": "HI_S2_L_1.mp3", "isCorrect": true, "que_text": "क", "noOfMistakes": "0", "que_id": "HI_S2_L_1"}, {"recordingName": "HI_S2_L_8.mp3", "isCorrect": true, "que_text": "म", "noOfMistakes": "0", "que_id": "HI_S2_L_8"}, {"recordingName": "HI_S2_L_7.mp3", "isCorrect": true, "que_text": "त", "noOfMistakes": "0", "que_id": "HI_S2_L_7"}, {"recordingName": "HI_S2_L_4.mp3", "isCorrect": true, "que_text": "ल", "noOfMistakes": "0", "que_id": "HI_S2_L_4"}, {"recordingName": "HI_S2_L_2.mp3", "isCorrect": true, "que_text": "च", "noOfMistakes": "0", "que_id": "HI_S2_L_2"}, {"recordingName": "HI_S2_SD_1.mp3", "isCorrect": true, "que_text": "7", "noOfMistakes": "0", "que_id": "HI_S2_SD_1"}, {"recordingName": "HI_S2_SD_5.mp3", "isCorrect": true, "que_text": "8", "noOfMistakes": "0", "que_id": "HI_S2_SD_5"}, {"recordingName": "HI_S2_SD_4.mp3", "isCorrect": true, "que_text": "9", "noOfMistakes": "0", "que_id": "HI_S2_SD_4"}, {"recordingName": "HI_S2_SD_3.mp3", "isCorrect": true, "que_text": "5", "noOfMistakes": "0", "que_id": "HI_S2_SD_3"}, {"recordingName": "HI_S2_SD_6.mp3", "isCorrect": true, "que_text": "4", "noOfMistakes": "0", "que_id": "HI_S2_SD_6"}, {"recordingName": "HI_S2_DD_1.mp3", "isCorrect": true, "que_text": "58", "noOfMistakes": "4", "que_id": "HI_S2_DD_1"}, {"recordingName": "HI_S2_DD_2.mp3", "isCorrect": false, "que_text": "69", "noOfMistakes": "4", "que_id": "HI_S2_DD_2"}, {"recordingName": "HI_S2_DD_5.mp3", "isCorrect": false, "que_text": "61", "noOfMistakes": "4", "que_id": "HI_S2_DD_5"}, {"recordingName": "HI_S2_DD_9.mp3", "isCorrect": false, "que_text": "68", "noOfMistakes": "4", "que_id": "HI_S2_DD_9"}, {"recordingName": "HI_S2_DD_3.mp3", "isCorrect": false, "que_text": "99", "noOfMistakes": "4", "que_id": "HI_S2_DD_3"}, {"recordingName": "HI_S2_CL_0.mp3", "isCorrect": true, "que_text": "B", "noOfMistakes": "1", "que_id": "HI_S2_CL_0"}, {"recordingName": "HI_S2_CL_5.mp3", "isCorrect": true, "que_text": "M", "noOfMistakes": "1", "que_id": "HI_S2_CL_5"}, {"recordingName": "HI_S2_CL_2.mp3", "isCorrect": true, "que_text": "R", "noOfMistakes": "1", "que_id": "HI_S2_CL_2"}, {"recordingName": "HI_S2_CL_6.mp3", "isCorrect": false, "que_text": "P", "noOfMistakes": "1", "que_id": "HI_S2_CL_6"}, {"recordingName": "HI_S2_CL_1.mp3", "isCorrect": true, "que_text": "H", "noOfMistakes": "1", "que_id": "HI_S2_CL_1"}, {"recordingName": "HI_S2_SL_0.mp3", "isCorrect": true, "que_text": "z", "noOfMistakes": "2", "que_id": "HI_S2_SL_0"}, {"recordingName": "HI_S2_SL_2.mp3", "isCorrect": true, "que_text": "o", "noOfMistakes": "2", "que_id": "HI_S2_SL_2"}, {"recordingName": "HI_S2_SL_5.mp3", "isCorrect": false, "que_text": "u", "noOfMistakes": "2", "que_id": "HI_S2_SL_5"}, {"recordingName": "HI_S2_SL_7.mp3", "isCorrect": true, "que_text": "k", "noOfMistakes": "2", "que_id": "HI_S2_SL_7"}, {"recordingName": "HI_S2_SL_1.mp3", "isCorrect": false, "que_text": "j", "noOfMistakes": "2", "que_id": "HI_S2_SL_1"}], "englishProficiency": "Capital letter", "studClass": "1", "date": "Fri Aug 09 17:24:57 IST 2019", "mathematicsProficiency": "Single digit", "deviceID": "c66208a6b7100eb2", "ageGroup": "5-7 years", "nativeProficiency": "Letter"}