{"englishProficiency": "Beginner", "sequenceList": [{"que_text": "द", "noOfMistakes": "4", "que_id": "HI_S2_L_0", "isCorrect": false, "recordingName": "HI_S2_L_0.mp3"}, {"que_text": "क", "noOfMistakes": "4", "que_id": "HI_S2_L_1", "isCorrect": true, "recordingName": "HI_S2_L_1.mp3"}, {"que_text": "च", "noOfMistakes": "4", "que_id": "HI_S2_L_2", "isCorrect": false, "recordingName": "HI_S2_L_2.mp3"}, {"que_text": "ब", "noOfMistakes": "4", "que_id": "HI_S2_L_3", "isCorrect": false, "recordingName": "HI_S2_L_3.mp3"}, {"que_text": "ल", "noOfMistakes": "4", "que_id": "HI_S2_L_4", "isCorrect": false, "recordingName": "HI_S2_L_4.mp3"}, {"que_text": "B", "noOfMistakes": "5", "que_id": "HI_S2_CL_0", "isCorrect": false, "recordingName": "HI_S2_CL_0.mp3"}, {"que_text": "H", "noOfMistakes": "5", "que_id": "HI_S2_CL_1", "isCorrect": false, "recordingName": "HI_S2_CL_1.mp3"}, {"que_text": "R", "noOfMistakes": "5", "que_id": "HI_S2_CL_2", "isCorrect": false, "recordingName": "HI_S2_CL_2.mp3"}, {"que_text": "L", "noOfMistakes": "5", "que_id": "HI_S2_CL_3", "isCorrect": false, "recordingName": "HI_S2_CL_3.mp3"}, {"que_text": "V", "noOfMistakes": "5", "que_id": "HI_S2_CL_4", "isCorrect": false, "recordingName": "HI_S2_CL_4.mp3"}], "deviceID": "d24bcdb4ec66566d", "ageGroup": "7-10 years", "studClass": "2", "nativeProficiency": "Beginner", "date": "Sat Sep 14 17:25:50 IST 2019"}