{"sequenceList": [{"recordingName": "MR_S1_L_0.mp3", "isCorrect": true, "que_text": "श", "noOfMistakes": "0", "que_id": "MR_S1_L_0"}, {"recordingName": "MR_S1_L_4.mp3", "isCorrect": true, "que_text": "य", "noOfMistakes": "0", "que_id": "MR_S1_L_4"}, {"recordingName": "MR_S1_L_2.mp3", "isCorrect": true, "que_text": "स", "noOfMistakes": "0", "que_id": "MR_S1_L_2"}, {"recordingName": "MR_S1_WD_0.mp3", "isCorrect": true, "que_text": "समई", "noOfMistakes": "0", "que_id": "MR_S1_WD_0"}, {"recordingName": "MR_S1_WD_1.mp3", "isCorrect": true, "que_text": "बस", "noOfMistakes": "0", "que_id": "MR_S1_WD_1"}, {"recordingName": "MR_S1_WD_7.mp3", "isCorrect": true, "que_text": "चिमटा", "noOfMistakes": "0", "que_id": "MR_S1_WD_7"}, {"recordingName": "MR_S1_P_0.mp3", "isCorrect": true, "que_text": "आज गावाहून मामा आला. मला खाऊ व फुगे घेऊन आला. ताईला बाहुली घेऊन आला. आईला छान साडी आणली.", "noOfMistakes": "200", "que_id": "MR_S1_P_0"}, {"recordingName": "MR_S1_CL_0.mp3", "isCorrect": true, "que_text": "A", "noOfMistakes": "1", "que_id": "MR_S1_CL_0"}, {"recordingName": "MR_S1_CL_1.mp3", "isCorrect": true, "que_text": "J", "noOfMistakes": "1", "que_id": "MR_S1_CL_1"}, {"recordingName": "MR_S1_CL_4.mp3", "isCorrect": true, "que_text": "E", "noOfMistakes": "1", "que_id": "MR_S1_CL_4"}, {"recordingName": "MR_S1_CL_6.mp3", "isCorrect": false, "que_text": "N", "noOfMistakes": "1", "que_id": "MR_S1_CL_6"}, {"recordingName": "MR_S1_SL_0.mp3", "isCorrect": false, "que_text": "h", "noOfMistakes": "1", "que_id": "MR_S1_SL_0"}, {"recordingName": "MR_S1_SL_4.mp3", "isCorrect": true, "que_text": "m", "noOfMistakes": "1", "que_id": "MR_S1_SL_4"}, {"recordingName": "MR_S1_SL_1.mp3", "isCorrect": true, "que_text": "p", "noOfMistakes": "1", "que_id": "MR_S1_SL_1"}, {"recordingName": "MR_S1_SL_2.mp3", "isCorrect": true, "que_text": "x", "noOfMistakes": "1", "que_id": "MR_S1_SL_2"}, {"recordingName": "MR_S1_W_0.mp3", "isCorrect": false, "que_text": "cat", "noOfMistakes": "1", "que_id": "MR_S1_W_0"}], "englishProficiency": "Small letter", "studClass": "6", "date": "Wed Sep 04 17:57:57 IST 2019", "mathematicsProficiency": "Single digit", "deviceID": "43cdac7900c56fd7", "ageGroup": "7-10 years", "nativeProficiency": "Letter"}