{"englishProficiency": "Small letter", "sequenceList": [{"que_text": "एकदा मी पडले. सगळे मला हसले. एकदा सोनल पडली. मी तिला हसले.", "noOfMistakes": "3", "que_id": "MR_S2_P_0", "isCorrect": true, "recordingName": "MR_S2_P_0.mp3"}, {"que_text": "पतंग", "noOfMistakes": "0", "que_id": "MR_S2_WD_1", "isCorrect": true, "recordingName": "MR_S2_WD_1.mp3"}, {"que_text": "रवी", "noOfMistakes": "0", "que_id": "MR_S2_WD_4", "isCorrect": true, "recordingName": "MR_S2_WD_4.mp3"}, {"que_text": "विहीर", "noOfMistakes": "0", "que_id": "MR_S2_WD_6", "isCorrect": true, "recordingName": "MR_S2_WD_6.mp3"}, {"que_text": "कळी", "noOfMistakes": "0", "que_id": "MR_S2_WD_8", "isCorrect": true, "recordingName": "MR_S2_WD_8.mp3"}, {"que_text": "टोपी", "noOfMistakes": "0", "que_id": "MR_S2_WD_2", "isCorrect": true, "recordingName": "MR_S2_WD_2.mp3"}, {"que_text": "H", "noOfMistakes": "3", "que_id": "MR_S2_CL_1", "isCorrect": false, "recordingName": "MR_S2_CL_1.mp3"}, {"que_text": "V", "noOfMistakes": "3", "que_id": "MR_S2_CL_4", "isCorrect": false, "recordingName": "MR_S2_CL_4.mp3"}, {"que_text": "M", "noOfMistakes": "3", "que_id": "MR_S2_CL_5", "isCorrect": false, "recordingName": "MR_S2_CL_5.mp3"}, {"que_text": "R", "noOfMistakes": "3", "que_id": "MR_S2_CL_2", "isCorrect": true, "recordingName": "MR_S2_CL_2.mp3"}, {"que_text": "P", "noOfMistakes": "3", "que_id": "MR_S2_CL_6", "isCorrect": true, "recordingName": "MR_S2_CL_6.mp3"}], "deviceID": "7b46251fd9e69d80", "ageGroup": "7-10 years", "studClass": "3", "date": "Fri Sep 13 16:59:33 IST 2019", "nativeProficiency": "Paragraph"}