{"englishProficiency": "Small letter", "sequenceList": [{"que_text": "आज रविवार आहे. शाळेला रजा आहे. सगळे मिळून खेळूया. आज खेळायचा दिवस आहे.", "noOfMistakes": "0", "que_id": "MR_S4_P_1", "isCorrect": true, "recordingName": "MR_S4_P_1.mp3"}, {"que_text": "एक होती आजी. एकदा तिला तिच्या बहिणीचे पत्र आले. आजीला तिने आपल्या घरी पूजेला बोलाविले होते. आजीने आपल्या सामानाचे गाठोडे बांधले. निघताना तिने घराला कुलूप लावले. ती प्रवासाला पायी निघाली. वाटेत आजीला झरा दिसला. चालून चालून थकल्याने ती झऱ्याकाठी बसली. थोडे खाऊन तिने थंड पाणी प्यायले आणि ती झोपी गेली. काहीं वेळाने समोरून एक टांगा आला. टांग्यातील माणसाने तिला बहिणीकडे सोडले. आजीने त्याचे आभार मानले आणि ती घरात गेली.", "noOfMistakes": "1", "que_id": "MR_S4_ST_0", "isCorrect": true, "recordingName": "MR_S4_ST_0.mp3"}, {"que_text": "G", "noOfMistakes": "0", "que_id": "MR_S4_CL_4", "isCorrect": true, "recordingName": "MR_S4_CL_4.mp3"}, {"que_text": "X", "noOfMistakes": "0", "que_id": "MR_S4_CL_5", "isCorrect": true, "recordingName": "MR_S4_CL_5.mp3"}, {"que_text": "N", "noOfMistakes": "0", "que_id": "MR_S4_CL_7", "isCorrect": true, "recordingName": "MR_S4_CL_7.mp3"}, {"que_text": "K", "noOfMistakes": "0", "que_id": "MR_S4_CL_3", "isCorrect": true, "recordingName": "MR_S4_CL_3.mp3"}, {"que_text": "P", "noOfMistakes": "0", "que_id": "MR_S4_CL_6", "isCorrect": true, "recordingName": "MR_S4_CL_6.mp3"}, {"que_text": "f", "noOfMistakes": "0", "que_id": "MR_S4_SL_1", "isCorrect": true, "recordingName": "MR_S4_SL_1.mp3"}, {"que_text": "v", "noOfMistakes": "0", "que_id": "MR_S4_SL_4", "isCorrect": true, "recordingName": "MR_S4_SL_4.mp3"}, {"que_text": "s", "noOfMistakes": "0", "que_id": "MR_S4_SL_3", "isCorrect": true, "recordingName": "MR_S4_SL_3.mp3"}, {"que_text": "h", "noOfMistakes": "0", "que_id": "MR_S4_SL_7", "isCorrect": true, "recordingName": "MR_S4_SL_7.mp3"}, {"que_text": "m", "noOfMistakes": "0", "que_id": "MR_S4_SL_5", "isCorrect": true, "recordingName": "MR_S4_SL_5.mp3"}, {"que_text": "fat", "noOfMistakes": "3", "que_id": "MR_S4_W_1", "isCorrect": false, "recordingName": "MR_S4_W_1.mp3"}, {"que_text": "out", "noOfMistakes": "3", "que_id": "MR_S4_W_4", "isCorrect": false, "recordingName": "MR_S4_W_4.mp3"}, {"que_text": "box", "noOfMistakes": "3", "que_id": "MR_S4_W_5", "isCorrect": true, "recordingName": "MR_S4_W_5.mp3"}, {"que_text": "boy", "noOfMistakes": "3", "que_id": "MR_S4_W_3", "isCorrect": false, "recordingName": "MR_S4_W_3.mp3"}, {"que_text": "dog", "noOfMistakes": "3", "que_id": "MR_S4_W_0", "isCorrect": true, "recordingName": "MR_S4_W_0.mp3"}], "deviceID": "3ebaa9d14abd9a0f", "ageGroup": "10-12 years", "studClass": "5", "nativeProficiency": "Story", "date": "Tue Jul 16 17:08:12 GMT+05:30 2019"}