{"date": "Fri Sep 13 16:18:37 GMT+05:30 2019", "sequenceList": [{"recordingName": "MR_S3_P_0.mp3", "isCorrect": false, "que_text": "फुगेवाला आला. लाल, निळे, फुगे आणले. मुलांनी फुगे घेतले. हातातून ते सुटून गेले.", "noOfMistakes": "200", "que_id": "MR_S3_P_0"}, {"recordingName": "MR_S3_WD_1.mp3", "isCorrect": true, "que_text": "लाल", "noOfMistakes": "1", "que_id": "MR_S3_WD_1"}, {"recordingName": "MR_S3_WD_4.mp3", "isCorrect": true, "que_text": "मुळा", "noOfMistakes": "1", "que_id": "MR_S3_WD_4"}, {"recordingName": "MR_S3_WD_8.mp3", "isCorrect": true, "que_text": "विमान", "noOfMistakes": "1", "que_id": "MR_S3_WD_8"}, {"recordingName": "MR_S3_WD_7.mp3", "isCorrect": false, "que_text": "जोर", "noOfMistakes": "1", "que_id": "MR_S3_WD_7"}, {"recordingName": "MR_S3_WD_6.mp3", "isCorrect": true, "que_text": "गारा", "noOfMistakes": "1", "que_id": "MR_S3_WD_6"}, {"recordingName": "MR_S3_CL_0.mp3", "isCorrect": true, "que_text": "C", "noOfMistakes": "1", "que_id": "MR_S3_CL_0"}, {"recordingName": "MR_S3_CL_4.mp3", "isCorrect": false, "que_text": "F", "noOfMistakes": "1", "que_id": "MR_S3_CL_4"}, {"recordingName": "MR_S3_CL_7.mp3", "isCorrect": true, "que_text": "P", "noOfMistakes": "1", "que_id": "MR_S3_CL_7"}, {"recordingName": "MR_S3_CL_3.mp3", "isCorrect": true, "que_text": "Q", "noOfMistakes": "1", "que_id": "MR_S3_CL_3"}, {"recordingName": "MR_S3_CL_6.mp3", "isCorrect": true, "que_text": "O", "noOfMistakes": "1", "que_id": "MR_S3_CL_6"}, {"recordingName": "MR_S3_SL_1.mp3", "isCorrect": true, "que_text": "p", "noOfMistakes": "1", "que_id": "MR_S3_SL_1"}, {"recordingName": "MR_S3_SL_4.mp3", "isCorrect": true, "que_text": "e", "noOfMistakes": "1", "que_id": "MR_S3_SL_4"}, {"recordingName": "MR_S3_SL_5.mp3", "isCorrect": false, "que_text": "j", "noOfMistakes": "1", "que_id": "MR_S3_SL_5"}, {"recordingName": "MR_S3_SL_3.mp3", "isCorrect": true, "que_text": "v", "noOfMistakes": "1", "que_id": "MR_S3_SL_3"}, {"recordingName": "MR_S3_SL_7.mp3", "isCorrect": true, "que_text": "b", "noOfMistakes": "1", "que_id": "MR_S3_SL_7"}, {"recordingName": "MR_S3_W_1.mp3", "isCorrect": false, "que_text": "old", "noOfMistakes": "2", "que_id": "MR_S3_W_1"}, {"recordingName": "MR_S3_W_4.mp3", "isCorrect": false, "que_text": "rat", "noOfMistakes": "2", "que_id": "MR_S3_W_4"}], "englishProficiency": "Small letter", "studClass": "5", "deviceID": "59a39d49e1146fa5", "ageGroup": "10-12 years", "nativeProficiency": "Word"}