{"englishProficiency": "word", "sequenceList": [{"que_text": "मीना पढ़ने जाती है। राजू भी साथ जाता है। दोनों शाम को लौटकर आते हैं। घर आकर खाना खाते हैं।", "noOfMistakes": "0", "que_id": "HI_S2_P_1", "isCorrect": true, "recordingName": "HI_S2_P_1.mp3"}, {"que_text": "सावन का महीना था। आसमान में बहुत से काले बादल छाये थे। ठंडी- ठंडी हवा चल रही थी। मैंने सोचा, आज झूला झूलते हैं। बड़े भैया एक मोटी सी रस्सी लेकर आए। हमने उसे पेड़ से लटका कर झूला बनाया। सब ने मिलकर खूब झूला झूला। बहुत सारे बच्चे आकर मज़े से खेलने लगे। खेलते-खेलते रात हो गई।", "noOfMistakes": "1", "que_id": "HI_S2_ST_0", "isCorrect": true, "recordingName": "HI_S2_ST_0.mp3"}, {"que_text": "B", "noOfMistakes": "0", "que_id": "HI_S2_CL_0", "isCorrect": true, "recordingName": "HI_S2_CL_0.mp3"}, {"que_text": "V", "noOfMistakes": "0", "que_id": "HI_S2_CL_4", "isCorrect": true, "recordingName": "HI_S2_CL_4.mp3"}, {"que_text": "M", "noOfMistakes": "0", "que_id": "HI_S2_CL_5", "isCorrect": true, "recordingName": "HI_S2_CL_5.mp3"}, {"que_text": "R", "noOfMistakes": "0", "que_id": "HI_S2_CL_2", "isCorrect": true, "recordingName": "HI_S2_CL_2.mp3"}, {"que_text": "H", "noOfMistakes": "0", "que_id": "HI_S2_CL_1", "isCorrect": true, "recordingName": "HI_S2_CL_1.mp3"}, {"que_text": "g", "noOfMistakes": "0", "que_id": "HI_S2_SL_4", "isCorrect": true, "recordingName": "HI_S2_SL_4.mp3"}, {"que_text": "u", "noOfMistakes": "0", "que_id": "HI_S2_SL_5", "isCorrect": true, "recordingName": "HI_S2_SL_5.mp3"}, {"que_text": "j", "noOfMistakes": "0", "que_id": "HI_S2_SL_1", "isCorrect": true, "recordingName": "HI_S2_SL_1.mp3"}, {"que_text": "w", "noOfMistakes": "0", "que_id": "HI_S2_SL_3", "isCorrect": true, "recordingName": "HI_S2_SL_3.mp3"}, {"que_text": "k", "noOfMistakes": "0", "que_id": "HI_S2_SL_7", "isCorrect": true, "recordingName": "HI_S2_SL_7.mp3"}, {"que_text": "rat", "noOfMistakes": "0", "que_id": "HI_S2_W_0", "isCorrect": true, "recordingName": "HI_S2_W_0.mp3"}, {"que_text": "man", "noOfMistakes": "0", "que_id": "HI_S2_W_4", "isCorrect": true, "recordingName": "HI_S2_W_4.mp3"}, {"que_text": "pen", "noOfMistakes": "0", "que_id": "HI_S2_W_5", "isCorrect": true, "recordingName": "HI_S2_W_5.mp3"}, {"que_text": "cow", "noOfMistakes": "0", "que_id": "HI_S2_W_3", "isCorrect": true, "recordingName": "HI_S2_W_3.mp3"}, {"que_text": "big", "noOfMistakes": "0", "que_id": "HI_S2_W_2", "isCorrect": true, "recordingName": "HI_S2_W_2.mp3"}, {"que_text": "I like to play.", "noOfMistakes": "200", "que_id": "HI_S2_S_2", "isCorrect": false, "recordingName": "HI_S2_S_2.mp3"}, {"que_text": "This is a red ball.", "noOfMistakes": "200", "que_id": "HI_S2_S_1", "isCorrect": false, "recordingName": "HI_S2_S_1.mp3"}, {"que_text": "What is the time?", "noOfMistakes": "200", "que_id": "HI_S2_S_0", "isCorrect": false, "recordingName": "HI_S2_S_0.mp3"}, {"que_text": "I have a small house.", "noOfMistakes": "200", "que_id": "HI_S2_S_3", "isCorrect": false, "recordingName": "HI_S2_S_3.mp3"}], "deviceID": "b9fa18efa17065a7", "ageGroup": "7-10 years", "studClass": "5", "nativeProficiency": "Story", "date": "Fri Sep 13 17:34:22 IST 2019"}