{"sequenceList": [{"recordingName": "MR_S4_P_0.mp3", "isCorrect": false, "que_text": "गीता बागेत आली. तिकडे तिला मंजू भेटली. दोघींनी जोरात झोका घेतला. आज खूपच मजा आली.", "noOfMistakes": "200", "que_id": "MR_S4_P_0"}, {"recordingName": "MR_S4_WD_1.mp3", "isCorrect": false, "que_text": "फेटा", "noOfMistakes": "3", "que_id": "MR_S4_WD_1"}, {"recordingName": "MR_S4_WD_4.mp3", "isCorrect": false, "que_text": "विमान", "noOfMistakes": "3", "que_id": "MR_S4_WD_4"}, {"recordingName": "MR_S4_WD_3.mp3", "isCorrect": false, "que_text": "पाऊस", "noOfMistakes": "3", "que_id": "MR_S4_WD_3"}, {"recordingName": "MR_S4_L_1.mp3", "isCorrect": false, "que_text": "ब", "noOfMistakes": "3", "que_id": "MR_S4_L_1"}, {"recordingName": "MR_S4_L_4.mp3", "isCorrect": false, "que_text": "फ", "noOfMistakes": "3", "que_id": "MR_S4_L_4"}, {"recordingName": "MR_S4_L_7.mp3", "isCorrect": false, "que_text": "ण", "noOfMistakes": "3", "que_id": "MR_S4_L_7"}, {"answer": "22", "isCorrect": false, "que_text": "96 - 48", "noOfMistakes": "1", "que_id": "MR_S4_SB_4"}, {"recordingName": "MR_S4_DD_4.mp3", "isCorrect": false, "que_text": "23", "noOfMistakes": "1", "que_id": "MR_S4_DD_4"}, {"recordingName": "MR_S4_SD_0.mp3", "isCorrect": true, "que_text": "5", "noOfMistakes": "2", "que_id": "MR_S4_SD_0"}, {"recordingName": "MR_S4_SD_4.mp3", "isCorrect": true, "que_text": "2", "noOfMistakes": "2", "que_id": "MR_S4_SD_4"}, {"recordingName": "MR_S4_SD_7.mp3", "isCorrect": true, "que_text": "1", "noOfMistakes": "2", "que_id": "MR_S4_SD_7"}, {"recordingName": "MR_S4_SD_1.mp3", "isCorrect": false, "que_text": "7", "noOfMistakes": "2", "que_id": "MR_S4_SD_1"}, {"recordingName": "MR_S4_SD_3.mp3", "isCorrect": false, "que_text": "4", "noOfMistakes": "2", "que_id": "MR_S4_SD_3"}, {"recordingName": "MR_S4_CL_1.mp3", "isCorrect": false, "que_text": "L", "noOfMistakes": "4", "que_id": "MR_S4_CL_1"}, {"recordingName": "MR_S4_CL_4.mp3", "isCorrect": false, "que_text": "G", "noOfMistakes": "4", "que_id": "MR_S4_CL_4"}, {"recordingName": "MR_S4_CL_2.mp3", "isCorrect": false, "que_text": "T", "noOfMistakes": "4", "que_id": "MR_S4_CL_2"}, {"recordingName": "MR_S4_CL_5.mp3", "isCorrect": false, "que_text": "X", "noOfMistakes": "4", "que_id": "MR_S4_CL_5"}], "englishProficiency": "Beginner", "studClass": "1", "date": "Thu Jul 04 11:54:00 GMT+05:30 2019", "mathematicsProficiency": "Beginner", "deviceID": "3ebaa9d14abd9a0f", "ageGroup": "5-7 years", "nativeProficiency": "Beginner"}