{"date": "Fri Sep 06 14:17:09 IST 2019", "sequenceList": [{"recordingName": "MR_S4_L_0.mp3", "isCorrect": true, "que_text": "ख", "noOfMistakes": "0", "que_id": "MR_S4_L_0"}, {"recordingName": "MR_S4_L_4.mp3", "isCorrect": true, "que_text": "फ", "noOfMistakes": "0", "que_id": "MR_S4_L_4"}, {"recordingName": "MR_S4_L_1.mp3", "isCorrect": true, "que_text": "ब", "noOfMistakes": "0", "que_id": "MR_S4_L_1"}, {"recordingName": "MR_S4_L_3.mp3", "isCorrect": true, "que_text": "ग", "noOfMistakes": "0", "que_id": "MR_S4_L_3"}, {"recordingName": "MR_S4_L_2.mp3", "isCorrect": true, "que_text": "ल", "noOfMistakes": "0", "que_id": "MR_S4_L_2"}, {"recordingName": "MR_S4_WD_0.mp3", "isCorrect": true, "que_text": "सैल", "noOfMistakes": "2", "que_id": "MR_S4_WD_0"}, {"recordingName": "MR_S4_WD_4.mp3", "isCorrect": true, "que_text": "विमान", "noOfMistakes": "2", "que_id": "MR_S4_WD_4"}, {"recordingName": "MR_S4_WD_7.mp3", "isCorrect": false, "que_text": "केळे", "noOfMistakes": "2", "que_id": "MR_S4_WD_7"}, {"recordingName": "MR_S4_WD_2.mp3", "isCorrect": true, "que_text": "झाडू", "noOfMistakes": "2", "que_id": "MR_S4_WD_2"}, {"recordingName": "MR_S4_WD_6.mp3", "isCorrect": false, "que_text": "पोरी", "noOfMistakes": "2", "que_id": "MR_S4_WD_6"}, {"recordingName": "MR_S4_P_0.mp3", "isCorrect": true, "que_text": "गीता बागेत आली. तिकडे तिला मंजू भेटली. दोघींनी जोरात झोका घेतला. आज खूपच मजा आली.", "noOfMistakes": "0", "que_id": "MR_S4_P_0"}, {"recordingName": "MR_S4_CL_0.mp3", "isCorrect": false, "que_text": "D", "noOfMistakes": "2", "que_id": "MR_S4_CL_0"}, {"recordingName": "MR_S4_CL_1.mp3", "isCorrect": true, "que_text": "L", "noOfMistakes": "2", "que_id": "MR_S4_CL_1"}, {"recordingName": "MR_S4_CL_4.mp3", "isCorrect": true, "que_text": "G", "noOfMistakes": "2", "que_id": "MR_S4_CL_4"}, {"recordingName": "MR_S4_CL_5.mp3", "isCorrect": false, "que_text": "X", "noOfMistakes": "2", "que_id": "MR_S4_CL_5"}, {"recordingName": "MR_S4_SL_0.mp3", "isCorrect": true, "que_text": "y", "noOfMistakes": "2", "que_id": "MR_S4_SL_0"}, {"recordingName": "MR_S4_SL_4.mp3", "isCorrect": true, "que_text": "v", "noOfMistakes": "2", "que_id": "MR_S4_SL_4"}, {"recordingName": "MR_S4_SL_3.mp3", "isCorrect": true, "que_text": "s", "noOfMistakes": "2", "que_id": "MR_S4_SL_3"}, {"recordingName": "MR_S4_SL_1.mp3", "isCorrect": false, "que_text": "f", "noOfMistakes": "2", "que_id": "MR_S4_SL_1"}, {"recordingName": "MR_S4_SL_2.mp3", "isCorrect": false, "que_text": "i", "noOfMistakes": "2", "que_id": "MR_S4_SL_2"}], "englishProficiency": "Capital letter", "studClass": "6", "deviceID": "543e07a8bf02ff8", "ageGroup": "10-12 years", "nativeProficiency": "Paragraph"}