{"sequenceList": [{"recordingName": "HI_S1_P_1.mp3", "isCorrect": false, "que_text": " माँ ने हलवा बनाया। वह बहुत मीठा था। उसे सोनी ने खाया। खाने के बाद वह सो गई।", "noOfMistakes": "200", "que_id": "HI_S1_P_1"}, {"recordingName": "HI_S1_WD_0.mp3", "isCorrect": true, "que_text": "गाना", "noOfMistakes": "1", "que_id": "HI_S1_WD_0"}, {"recordingName": "HI_S1_WD_6.mp3", "isCorrect": true, "que_text": "धूप", "noOfMistakes": "1", "que_id": "HI_S1_WD_6"}, {"recordingName": "HI_S1_WD_2.mp3", "isCorrect": false, "que_text": "मोती", "noOfMistakes": "1", "que_id": "HI_S1_WD_2"}, {"recordingName": "HI_S1_WD_5.mp3", "isCorrect": true, "que_text": "आलू", "noOfMistakes": "1", "que_id": "HI_S1_WD_5"}, {"recordingName": "HI_S1_WD_7.mp3", "isCorrect": true, "que_text": "किला", "noOfMistakes": "1", "que_id": "HI_S1_WD_7"}, {"answer": "15", "isCorrect": false, "que_text": "31 - 13", "noOfMistakes": "2", "que_id": "HI_S1_SB_5"}, {"answer": "22", "isCorrect": false, "que_text": "56 - 37", "noOfMistakes": "2", "que_id": "HI_S1_SB_4"}, {"recordingName": "HI_S1_DD_1.mp3", "isCorrect": false, "que_text": "38", "noOfMistakes": "1", "que_id": "HI_S1_DD_1"}, {"recordingName": "HI_S1_DD_5.mp3", "isCorrect": true, "que_text": "72", "noOfMistakes": "1", "que_id": "HI_S1_DD_5"}, {"recordingName": "HI_S1_DD_2.mp3", "isCorrect": true, "que_text": "92", "noOfMistakes": "1", "que_id": "HI_S1_DD_2"}, {"recordingName": "HI_S1_DD_9.mp3", "isCorrect": true, "que_text": "11", "noOfMistakes": "1", "que_id": "HI_S1_DD_9"}, {"recordingName": "HI_S1_DD_3.mp3", "isCorrect": true, "que_text": "23", "noOfMistakes": "1", "que_id": "HI_S1_DD_3"}, {"recordingName": "HI_S1_CL_0.mp3", "isCorrect": true, "que_text": "A", "noOfMistakes": "3", "que_id": "HI_S1_CL_0"}, {"recordingName": "HI_S1_CL_7.mp3", "isCorrect": true, "que_text": "O", "noOfMistakes": "3", "que_id": "HI_S1_CL_7"}, {"recordingName": "HI_S1_CL_5.mp3", "isCorrect": false, "que_text": "Y", "noOfMistakes": "3", "que_id": "HI_S1_CL_5"}, {"recordingName": "HI_S1_CL_2.mp3", "isCorrect": false, "que_text": "Q", "noOfMistakes": "3", "que_id": "HI_S1_CL_2"}, {"recordingName": "HI_S1_CL_1.mp3", "isCorrect": false, "que_text": "J", "noOfMistakes": "3", "que_id": "HI_S1_CL_1"}], "englishProficiency": "Beginner", "studClass": "1", "date": "Fri Aug 30 17:46:27 IST 2019", "mathematicsProficiency": "Double digit", "deviceID": "c66208a6b7100eb2", "ageGroup": "5-7 years", "nativeProficiency": "Word"}