{"englishProficiency": "Small letter", "sequenceList": [{"que_text": "प", "noOfMistakes": "0", "que_id": "MR_S1_L_1", "isCorrect": true, "recordingName": "MR_S1_L_1.mp3"}, {"que_text": "ड", "noOfMistakes": "0", "que_id": "MR_S1_L_3", "isCorrect": true, "recordingName": "MR_S1_L_3.mp3"}, {"que_text": "त", "noOfMistakes": "0", "que_id": "MR_S1_L_8", "isCorrect": true, "recordingName": "MR_S1_L_8.mp3"}, {"que_text": "म", "noOfMistakes": "0", "que_id": "MR_S1_L_9", "isCorrect": true, "recordingName": "MR_S1_L_9.mp3"}, {"que_text": "ज", "noOfMistakes": "0", "que_id": "MR_S1_L_6", "isCorrect": true, "recordingName": "MR_S1_L_6.mp3"}, {"que_text": "A", "noOfMistakes": "0", "que_id": "MR_S1_CL_0", "isCorrect": true, "recordingName": "MR_S1_CL_0.mp3"}, {"que_text": "R", "noOfMistakes": "0", "que_id": "MR_S1_CL_3", "isCorrect": true, "recordingName": "MR_S1_CL_3.mp3"}, {"que_text": "O", "noOfMistakes": "0", "que_id": "MR_S1_CL_7", "isCorrect": true, "recordingName": "MR_S1_CL_7.mp3"}, {"que_text": "N", "noOfMistakes": "0", "que_id": "MR_S1_CL_6", "isCorrect": true, "recordingName": "MR_S1_CL_6.mp3"}, {"que_text": "Y", "noOfMistakes": "0", "que_id": "MR_S1_Cl_5", "isCorrect": true, "recordingName": "MR_S1_Cl_5.mp3"}, {"que_text": "p", "noOfMistakes": "1", "que_id": "MR_S1_SL_1", "isCorrect": true, "recordingName": "MR_S1_SL_1.mp3"}, {"que_text": "x", "noOfMistakes": "1", "que_id": "MR_S1_SL_2", "isCorrect": true, "recordingName": "MR_S1_SL_2.mp3"}, {"que_text": "u", "noOfMistakes": "1", "que_id": "MR_S1_SL_3", "isCorrect": true, "recordingName": "MR_S1_SL_3.mp3"}, {"que_text": "t", "noOfMistakes": "1", "que_id": "MR_S1_SL_7", "isCorrect": false, "recordingName": "MR_S1_SL_7.mp3"}, {"que_text": "g", "noOfMistakes": "1", "que_id": "MR_S1_SL_6", "isCorrect": true, "recordingName": "MR_S1_SL_6.mp3"}], "deviceID": "a171e372907c33e3", "ageGroup": "5-7 years", "studClass": "1", "date": "Fri Sep 06 17:48:42 GMT+05:30 2019", "nativeProficiency": "Letter"}