{"englishProficiency": "Small letter", "sequenceList": [{"que_text": "काले बादल छाए हैं। तेज़ बारिश हो रही है। मोर भी नाच रहा है। सब नाच देख रहे हैं।", "noOfMistakes": "200", "que_id": "HI_S3_P_1", "isCorrect": false, "recordingName": "HI_S3_P_1.mp3"}, {"que_text": "तोता", "noOfMistakes": "1", "que_id": "HI_S3_WD_1", "isCorrect": true, "recordingName": "HI_S3_WD_1.mp3"}, {"que_text": "मैना", "noOfMistakes": "1", "que_id": "HI_S3_WD_4", "isCorrect": true, "recordingName": "HI_S3_WD_4.mp3"}, {"que_text": "चूहा", "noOfMistakes": "1", "que_id": "HI_S3_WD_2", "isCorrect": true, "recordingName": "HI_S3_WD_2.mp3"}, {"que_text": "देर", "noOfMistakes": "1", "que_id": "HI_S3_WD_5", "isCorrect": false, "recordingName": "HI_S3_WD_5.mp3"}, {"que_text": "पीला", "noOfMistakes": "1", "que_id": "HI_S3_WD_7", "isCorrect": true, "recordingName": "HI_S3_WD_7.mp3"}, {"que_text": "K", "noOfMistakes": "0", "que_id": "HI_S3_CL_1", "isCorrect": true, "recordingName": "HI_S3_CL_1.mp3"}, {"que_text": "S", "noOfMistakes": "0", "que_id": "HI_S3_CL_2", "isCorrect": true, "recordingName": "HI_S3_CL_2.mp3"}, {"que_text": "W", "noOfMistakes": "0", "que_id": "HI_S3_CL_5", "isCorrect": true, "recordingName": "HI_S3_CL_5.mp3"}, {"que_text": "F", "noOfMistakes": "0", "que_id": "HI_S3_CL_4", "isCorrect": true, "recordingName": "HI_S3_CL_4.mp3"}, {"que_text": "O", "noOfMistakes": "0", "que_id": "HI_S3_CL_6", "isCorrect": true, "recordingName": "HI_S3_CL_6.mp3"}, {"que_text": "p", "noOfMistakes": "1", "que_id": "HI_S3_SL_1", "isCorrect": true, "recordingName": "HI_S3_SL_1.mp3"}, {"que_text": "g", "noOfMistakes": "1", "que_id": "HI_S3_SL_2", "isCorrect": true, "recordingName": "HI_S3_SL_2.mp3"}, {"que_text": "j", "noOfMistakes": "1", "que_id": "HI_S3_SL_5", "isCorrect": true, "recordingName": "HI_S3_SL_5.mp3"}, {"que_text": "b", "noOfMistakes": "1", "que_id": "HI_S3_SL_7", "isCorrect": false, "recordingName": "HI_S3_SL_7.mp3"}, {"que_text": "e", "noOfMistakes": "1", "que_id": "HI_S3_SL_4", "isCorrect": true, "recordingName": "HI_S3_SL_4.mp3"}, {"que_text": "old", "noOfMistakes": "3", "que_id": "HI_S3_W_1", "isCorrect": true, "recordingName": "HI_S3_W_1.mp3"}, {"que_text": "hen", "noOfMistakes": "3", "que_id": "HI_S3_W_0", "isCorrect": false, "recordingName": "HI_S3_W_0.mp3"}, {"que_text": "fox", "noOfMistakes": "3", "que_id": "HI_S3_W_4", "isCorrect": true, "recordingName": "HI_S3_W_4.mp3"}, {"que_text": "bag", "noOfMistakes": "3", "que_id": "HI_S3_W_5", "isCorrect": false, "recordingName": "HI_S3_W_5.mp3"}, {"que_text": "sit", "noOfMistakes": "3", "que_id": "HI_S3_W_2", "isCorrect": false, "recordingName": "HI_S3_W_2.mp3"}], "deviceID": "c66208a6b7100eb2", "ageGroup": "7-10 years", "studClass": "2", "nativeProficiency": "Word", "date": "Fri Aug 09 16:40:29 IST 2019"}