{"englishProficiency": "Sentence", "sequenceList": [{"que_text": "बस", "noOfMistakes": "1", "que_id": "MR_S1_WD_1", "isCorrect": true, "recordingName": "MR_S1_WD_1.mp3"}, {"que_text": "दिवा", "noOfMistakes": "1", "que_id": "MR_S1_WD_4", "isCorrect": true, "recordingName": "MR_S1_WD_4.mp3"}, {"que_text": "मोती", "noOfMistakes": "1", "que_id": "MR_S1_WD_5", "isCorrect": true, "recordingName": "MR_S1_WD_5.mp3"}, {"que_text": "चिमटा", "noOfMistakes": "1", "que_id": "MR_S1_WD_7", "isCorrect": false, "recordingName": "MR_S1_WD_7.mp3"}, {"que_text": "तूप", "noOfMistakes": "1", "que_id": "MR_S1_WD_8", "isCorrect": true, "recordingName": "MR_S1_WD_8.mp3"}, {"que_text": "What is the time?", "noOfMistakes": "0", "que_id": "MR_S1_S_0", "isCorrect": true, "recordingName": "MR_S1_S_0.mp3"}, {"que_text": "This is a large house.", "noOfMistakes": "1", "que_id": "MR_S1_S_1", "isCorrect": true, "recordingName": "MR_S1_S_1.mp3"}, {"que_text": "I like to read.", "noOfMistakes": "0", "que_id": "MR_S1_S_2", "isCorrect": true, "recordingName": "MR_S1_S_2.mp3"}, {"que_text": "She has many books.", "noOfMistakes": "0", "que_id": "MR_S1_S_3", "isCorrect": true, "recordingName": "MR_S1_S_3.mp3"}], "deviceID": "fa698d33d358ac32", "ageGroup": "10-12 years", "studClass": "6", "date": "Sat Sep 07 13:35:30 IST 2019", "nativeProficiency": "Word"}