{"date": "Sat Sep 07 13:35:30 IST 2019", "sequenceList": [{"recordingName": "MR_S1_WD_1.mp3", "isCorrect": true, "que_text": "बस", "noOfMistakes": "1", "que_id": "MR_S1_WD_1"}, {"recordingName": "MR_S1_WD_4.mp3", "isCorrect": true, "que_text": "दिवा", "noOfMistakes": "1", "que_id": "MR_S1_WD_4"}, {"recordingName": "MR_S1_WD_5.mp3", "isCorrect": true, "que_text": "मोती", "noOfMistakes": "1", "que_id": "MR_S1_WD_5"}, {"recordingName": "MR_S1_WD_7.mp3", "isCorrect": false, "que_text": "चिमटा", "noOfMistakes": "1", "que_id": "MR_S1_WD_7"}, {"recordingName": "MR_S1_WD_8.mp3", "isCorrect": true, "que_text": "तूप", "noOfMistakes": "1", "que_id": "MR_S1_WD_8"}, {"recordingName": "MR_S1_S_0.mp3", "isCorrect": true, "que_text": "What is the time?", "noOfMistakes": "0", "que_id": "MR_S1_S_0"}, {"recordingName": "MR_S1_S_1.mp3", "isCorrect": true, "que_text": "This is a large house.", "noOfMistakes": "1", "que_id": "MR_S1_S_1"}, {"recordingName": "MR_S1_S_2.mp3", "isCorrect": true, "que_text": "I like to read.", "noOfMistakes": "0", "que_id": "MR_S1_S_2"}, {"recordingName": "MR_S1_S_3.mp3", "isCorrect": true, "que_text": "She has many books.", "noOfMistakes": "0", "que_id": "MR_S1_S_3"}], "englishProficiency": "Sentence", "studClass": "6", "deviceID": "fa698d33d358ac32", "ageGroup": "10-12 years", "nativeProficiency": "Word"}