{"englishProficiency": "Beginner", "sequenceList": [{"que_text": "एकदा मी पडले. सगळे मला हसले. एकदा सोनल पडली. मी तिला हसले.", "noOfMistakes": "200", "que_id": "MR_S2_P_0", "isCorrect": false, "recordingName": "MR_S2_P_0.mp3"}, {"que_text": "पतंग", "noOfMistakes": "0", "que_id": "MR_S2_WD_1", "isCorrect": true, "recordingName": "MR_S2_WD_1.mp3"}, {"que_text": "रवी", "noOfMistakes": "0", "que_id": "MR_S2_WD_4", "isCorrect": true, "recordingName": "MR_S2_WD_4.mp3"}, {"que_text": "भाजी", "noOfMistakes": "0", "que_id": "MR_S2_WD_5", "isCorrect": true, "recordingName": "MR_S2_WD_5.mp3"}, {"que_text": "खडू", "noOfMistakes": "0", "que_id": "MR_S2_WD_0", "isCorrect": true, "recordingName": "MR_S2_WD_0.mp3"}, {"que_text": "टोपी", "noOfMistakes": "0", "que_id": "MR_S2_WD_2", "isCorrect": true, "recordingName": "MR_S2_WD_2.mp3"}, {"que_text": "B", "noOfMistakes": "2", "que_id": "MR_S2_CL_0", "isCorrect": true, "recordingName": "MR_S2_CL_0.mp3"}, {"que_text": "V", "noOfMistakes": "2", "que_id": "MR_S2_CL_4", "isCorrect": true, "recordingName": "MR_S2_CL_4.mp3"}, {"que_text": "M", "noOfMistakes": "2", "que_id": "MR_S2_CL_5", "isCorrect": false, "recordingName": "MR_S2_CL_5.mp3"}, {"que_text": "L", "noOfMistakes": "2", "que_id": "MR_S2_CL_3", "isCorrect": false, "recordingName": "MR_S2_CL_3.mp3"}], "deviceID": "3ebaa9d14abd9a0f", "ageGroup": "7-10 years", "studClass": "3", "nativeProficiency": "Word", "date": "Tue Aug 06 17:07:42 GMT+05:30 2019"}