{"englishProficiency": "Capital letter", "sequenceList": [{"que_text": "आज गावाहून मामा आला. मला खाऊ व फुगे घेऊन आला. ताईला बाहुली घेऊन आला. आईला छान साडी आणली.", "noOfMistakes": "200", "que_id": "MR_S1_P_0", "isCorrect": false, "recordingName": "MR_S1_P_0.mp3"}, {"que_text": "ज", "noOfMistakes": "5", "que_id": "MR_S1_L_6", "isCorrect": false, "recordingName": "MR_S1_L_6.mp3"}, {"que_text": "त", "noOfMistakes": "5", "que_id": "MR_S1_L_8", "isCorrect": false, "recordingName": "MR_S1_L_8.mp3"}, {"que_text": "ह", "noOfMistakes": "5", "que_id": "MR_S1_L_7", "isCorrect": false, "recordingName": "MR_S1_L_7.mp3"}, {"que_text": "म", "noOfMistakes": "5", "que_id": "MR_S1_L_9", "isCorrect": false, "recordingName": "MR_S1_L_9.mp3"}, {"que_text": "य", "noOfMistakes": "5", "que_id": "MR_S1_L_4", "isCorrect": false, "recordingName": "MR_S1_L_4.mp3"}, {"que_text": "A", "noOfMistakes": "0", "que_id": "MR_S1_CL_0", "isCorrect": true, "recordingName": "MR_S1_CL_0.mp3"}, {"que_text": "O", "noOfMistakes": "0", "que_id": "MR_S1_CL_7", "isCorrect": true, "recordingName": "MR_S1_CL_7.mp3"}, {"que_text": "N", "noOfMistakes": "0", "que_id": "MR_S1_CL_6", "isCorrect": true, "recordingName": "MR_S1_CL_6.mp3"}, {"que_text": "R", "noOfMistakes": "0", "que_id": "MR_S1_CL_3", "isCorrect": true, "recordingName": "MR_S1_CL_3.mp3"}, {"que_text": "E", "noOfMistakes": "0", "que_id": "MR_S1_CL_4", "isCorrect": true, "recordingName": "MR_S1_CL_4.mp3"}], "deviceID": "1ed21de3dcb4d468", "ageGroup": "5-7 years", "studClass": "2", "nativeProficiency": "Beginner", "date": "Wed Sep 25 17:59:18 GMT+05:30 2019"}