{"sequenceList": [{"recordingName": "MR_S1_P_1.mp3", "isCorrect": false, "que_text": "आज रविवार आहे. शाळेला रजा आहे. तरी आज सकाळी मला लवकर जाग आली.", "noOfMistakes": "200", "que_id": "MR_S1_P_1"}, {"recordingName": "MR_S1_WD_1.mp3", "isCorrect": false, "que_text": "बस", "noOfMistakes": "3", "que_id": "MR_S1_WD_1"}, {"recordingName": "HI_S1_WD_4.mp3", "isCorrect": false, "que_text": "दिवा", "noOfMistakes": "3", "que_id": "HI_S1_WD_4"}, {"recordingName": "HI_S1_WD_8.mp3", "isCorrect": false, "que_text": "तूप", "noOfMistakes": "3", "que_id": "HI_S1_WD_8"}, {"recordingName": "MR_S1_L_1.mp3", "isCorrect": false, "que_text": "प", "noOfMistakes": "4", "que_id": "MR_S1_L_1"}, {"recordingName": "MR_S1_L_4.mp3", "isCorrect": false, "que_text": "य", "noOfMistakes": "4", "que_id": "MR_S1_L_4"}, {"recordingName": "MR_S1_L_5.mp3", "isCorrect": false, "que_text": "द", "noOfMistakes": "4", "que_id": "MR_S1_L_5"}, {"recordingName": "MR_S1_L_3.mp3", "isCorrect": false, "que_text": "ड", "noOfMistakes": "4", "que_id": "MR_S1_L_3"}, {"answer": "-", "isCorrect": false, "que_text": "83-34", "noOfMistakes": "1", "que_id": "MR_S1_SB_1"}, {"recordingName": "MR_S1_DD_1.mp3", "isCorrect": false, "que_text": "58", "noOfMistakes": "4", "que_id": "MR_S1_DD_1"}, {"recordingName": "MR_S1_DD_4.mp3", "isCorrect": false, "que_text": "34", "noOfMistakes": "4", "que_id": "MR_S1_DD_4"}, {"recordingName": "MR_S1_DD_5.mp3", "isCorrect": false, "que_text": "61", "noOfMistakes": "4", "que_id": "MR_S1_DD_5"}, {"recordingName": "MR_S1_DD_3.mp3", "isCorrect": false, "que_text": "99", "noOfMistakes": "4", "que_id": "MR_S1_DD_3"}, {"recordingName": "MR_S1_SD_4.mp3", "isCorrect": false, "que_text": "9", "noOfMistakes": "4", "que_id": "MR_S1_SD_4"}, {"recordingName": "MR_S1_SD_5.mp3", "isCorrect": false, "que_text": "8", "noOfMistakes": "4", "que_id": "MR_S1_SD_5"}, {"recordingName": "MR_S1_SD_2.mp3", "isCorrect": true, "que_text": "3", "noOfMistakes": "4", "que_id": "MR_S1_SD_2"}, {"recordingName": "MR_S1_SD_1.mp3", "isCorrect": false, "que_text": "7", "noOfMistakes": "4", "que_id": "MR_S1_SD_1"}, {"recordingName": "MR_S1_SD_7.mp3", "isCorrect": false, "que_text": "1", "noOfMistakes": "4", "que_id": "MR_S1_SD_7"}, {"recordingName": "MH_S1_CL_1.mp3", "isCorrect": false, "que_text": "J", "noOfMistakes": "4", "que_id": "MH_S1_CL_1"}, {"recordingName": "MR_S1_CL_7.mp3", "isCorrect": false, "que_text": "O", "noOfMistakes": "4", "que_id": "MR_S1_CL_7"}, {"recordingName": "MR_S1_CL_4.mp3", "isCorrect": false, "que_text": "E", "noOfMistakes": "4", "que_id": "MR_S1_CL_4"}, {"recordingName": "MR_S1_CL_3.mp3", "isCorrect": false, "que_text": "R", "noOfMistakes": "4", "que_id": "MR_S1_CL_3"}], "englishProficiency": "Beginner", "studClass": "1", "date": "Thu Jul 04 11:17:56 GMT+05:30 2019", "mathematicsProficiency": "Beginner", "deviceID": "3ebaa9d14abd9a0f", "ageGroup": "5-7 years", "nativeProficiency": "Beginner"}