{"englishProficiency": "Capital letter", "sequenceList": [{"que_text": "D", "noOfMistakes": "0", "que_id": "MR_S4_CL_0", "isCorrect": true, "recordingName": "MR_S4_CL_0.mp3"}, {"que_text": "G", "noOfMistakes": "0", "que_id": "MR_S4_CL_4", "isCorrect": true, "recordingName": "MR_S4_CL_4.mp3"}, {"que_text": "X", "noOfMistakes": "0", "que_id": "MR_S4_CL_5", "isCorrect": true, "recordingName": "MR_S4_CL_5.mp3"}, {"que_text": "L", "noOfMistakes": "0", "que_id": "MR_S4_CL_1", "isCorrect": true, "recordingName": "MR_S4_CL_1.mp3"}, {"que_text": "N", "noOfMistakes": "0", "que_id": "MR_S4_CL_7", "isCorrect": true, "recordingName": "MR_S4_CL_7.mp3"}], "deviceID": "5b150edd580a5183", "ageGroup": "10-12 years", "studClass": "5", "nativeProficiency": "Paragraph", "date": "Wed Sep 04 16:48:35 IST 2019"}