{"englishProficiency": "word", "sequenceList": [{"que_text": "नीतू के घर में गाय है। उसका रंग सफ़ेद है। गाय हरी घास खाती है। वह बहुत दूध देती है।", "noOfMistakes": "200", "que_id": "HI_S3_P_0", "isCorrect": false, "recordingName": "HI_S3_P_0.mp3"}, {"que_text": "नाक", "noOfMistakes": "4", "que_id": "HI_S3_WD_0", "isCorrect": false, "recordingName": "HI_S3_WD_0.mp3"}, {"que_text": "तोता", "noOfMistakes": "4", "que_id": "HI_S3_WD_1", "isCorrect": true, "recordingName": "HI_S3_WD_1.mp3"}, {"que_text": "मैना", "noOfMistakes": "4", "que_id": "HI_S3_WD_4", "isCorrect": false, "recordingName": "HI_S3_WD_4.mp3"}, {"que_text": "धुन", "noOfMistakes": "4", "que_id": "HI_S3_WD_3", "isCorrect": false, "recordingName": "HI_S3_WD_3.mp3"}, {"que_text": "देर", "noOfMistakes": "4", "que_id": "HI_S3_WD_5", "isCorrect": false, "recordingName": "HI_S3_WD_5.mp3"}, {"que_text": "द", "noOfMistakes": "0", "que_id": "HI_S3_L_0", "isCorrect": true, "recordingName": "HI_S3_L_0.mp3"}, {"que_text": "ल", "noOfMistakes": "0", "que_id": "HI_S3_L_4", "isCorrect": true, "recordingName": "HI_S3_L_4.mp3"}, {"que_text": "थ", "noOfMistakes": "0", "que_id": "HI_S3_L_5", "isCorrect": true, "recordingName": "HI_S3_L_5.mp3"}, {"que_text": "ह", "noOfMistakes": "0", "que_id": "HI_S3_L_6", "isCorrect": true, "recordingName": "HI_S3_L_6.mp3"}, {"que_text": "क", "noOfMistakes": "0", "que_id": "HI_S3_L_1", "isCorrect": true, "recordingName": "HI_S3_L_1.mp3"}, {"que_text": "C", "noOfMistakes": "0", "que_id": "HI_S3_CL_0", "isCorrect": true, "recordingName": "HI_S3_CL_0.mp3"}, {"que_text": "K", "noOfMistakes": "0", "que_id": "HI_S3_CL_1", "isCorrect": true, "recordingName": "HI_S3_CL_1.mp3"}, {"que_text": "F", "noOfMistakes": "0", "que_id": "HI_S3_CL_4", "isCorrect": true, "recordingName": "HI_S3_CL_4.mp3"}, {"que_text": "Q", "noOfMistakes": "0", "que_id": "HI_S3_CL_3", "isCorrect": true, "recordingName": "HI_S3_CL_3.mp3"}, {"que_text": "W", "noOfMistakes": "0", "que_id": "HI_S3_CL_5", "isCorrect": true, "recordingName": "HI_S3_CL_5.mp3"}, {"que_text": "n", "noOfMistakes": "0", "que_id": "HI_S3_SL_0", "isCorrect": true, "recordingName": "HI_S3_SL_0.mp3"}, {"que_text": "p", "noOfMistakes": "0", "que_id": "HI_S3_SL_1", "isCorrect": true, "recordingName": "HI_S3_SL_1.mp3"}, {"que_text": "g", "noOfMistakes": "0", "que_id": "HI_S3_SL_2", "isCorrect": true, "recordingName": "HI_S3_SL_2.mp3"}, {"que_text": "v", "noOfMistakes": "0", "que_id": "HI_S3_SL_3", "isCorrect": true, "recordingName": "HI_S3_SL_3.mp3"}, {"que_text": "e", "noOfMistakes": "0", "que_id": "HI_S3_SL_4", "isCorrect": true, "recordingName": "HI_S3_SL_4.mp3"}, {"que_text": "hen", "noOfMistakes": "0", "que_id": "HI_S3_W_0", "isCorrect": true, "recordingName": "HI_S3_W_0.mp3"}, {"que_text": "old", "noOfMistakes": "0", "que_id": "HI_S3_W_1", "isCorrect": true, "recordingName": "HI_S3_W_1.mp3"}, {"que_text": "fox", "noOfMistakes": "0", "que_id": "HI_S3_W_4", "isCorrect": true, "recordingName": "HI_S3_W_4.mp3"}, {"que_text": "run", "noOfMistakes": "0", "que_id": "HI_S3_W_3", "isCorrect": true, "recordingName": "HI_S3_W_3.mp3"}, {"que_text": "bag", "noOfMistakes": "0", "que_id": "HI_S3_W_5", "isCorrect": true, "recordingName": "HI_S3_W_5.mp3"}, {"que_text": "Where is your house?", "noOfMistakes": "200", "que_id": "HI_S3_S_0", "isCorrect": false, "recordingName": "HI_S3_S_0.mp3"}, {"que_text": "This is a big bus.", "noOfMistakes": "200", "que_id": "HI_S3_S_1", "isCorrect": false, "recordingName": "HI_S3_S_1.mp3"}, {"que_text": "I like to sing.", "noOfMistakes": "200", "que_id": "HI_S3_S_2", "isCorrect": false, "recordingName": "HI_S3_S_2.mp3"}, {"que_text": "I have a fat cat.", "noOfMistakes": "200", "que_id": "HI_S3_S_3", "isCorrect": false, "recordingName": "HI_S3_S_3.mp3"}], "deviceID": "c66208a6b7100eb2", "ageGroup": "7-10 years", "studClass": "2", "nativeProficiency": "Letter", "date": "Mon Aug 26 17:38:49 IST 2019"}