{"englishProficiency": "Beginner", "sequenceList": [{"que_text": "अंगणात चिमणी येते. मी तिला दाणे टाकते. चिमणी दाणे खाते. खाऊन उडून जाते.", "noOfMistakes": "200", "que_id": "MR_S3_P_1", "isCorrect": false, "recordingName": "MR_S3_P_1.mp3"}, {"que_text": "लाल", "noOfMistakes": "3", "que_id": "MR_S3_WD_1", "isCorrect": false, "recordingName": "MR_S3_WD_1.mp3"}, {"que_text": "मुळा", "noOfMistakes": "3", "que_id": "MR_S3_WD_4", "isCorrect": false, "recordingName": "MR_S3_WD_4.mp3"}, {"que_text": "दिवस", "noOfMistakes": "3", "que_id": "MR_S3_WD_5", "isCorrect": false, "recordingName": "MR_S3_WD_5.mp3"}, {"que_text": "क", "noOfMistakes": "3", "que_id": "MH_S3_L_0", "isCorrect": true, "recordingName": "MH_S3_L_0.mp3"}, {"que_text": "न", "noOfMistakes": "3", "que_id": "MH_S3_L_4", "isCorrect": false, "recordingName": "MH_S3_L_4.mp3"}, {"que_text": "द", "noOfMistakes": "3", "que_id": "MH_S3_L_5", "isCorrect": false, "recordingName": "MH_S3_L_5.mp3"}, {"que_text": "ग", "noOfMistakes": "3", "que_id": "MH_S3_L_2", "isCorrect": false, "recordingName": "MH_S3_L_2.mp3"}, {"que_text": "C", "noOfMistakes": "5", "que_id": "MR_S3_CL_0", "isCorrect": false, "recordingName": "MR_S3_CL_0.mp3"}, {"que_text": "K", "noOfMistakes": "5", "que_id": "MR_S3_CL_1", "isCorrect": false, "recordingName": "MR_S3_CL_1.mp3"}, {"que_text": "S", "noOfMistakes": "5", "que_id": "MR_S3_CL_2", "isCorrect": false, "recordingName": "MR_S3_CL_2.mp3"}, {"que_text": "F", "noOfMistakes": "5", "que_id": "MR_S3_CL_4", "isCorrect": false, "recordingName": "MR_S3_CL_4.mp3"}, {"que_text": "W", "noOfMistakes": "5", "que_id": "MR_S3_CL_5", "isCorrect": false, "recordingName": "MR_S3_CL_5.mp3"}], "deviceID": "3ebaa9d14abd9a0f", "ageGroup": "5-7 years", "studClass": "2", "nativeProficiency": "Beginner", "date": "Fri Jul 05 10:55:37 GMT+05:30 2019"}