{"englishProficiency": "Capital letter", "sequenceList": [{"que_text": "रूपा बाहर खेल रही थी। खेलते-खेलते रात हो गई। वह अपने घर चली गई। रूपा खाना खाकर सो गई।", "noOfMistakes": "0", "que_id": "HI_S4_P_1", "isCorrect": true, "recordingName": "HI_S4_P_1.mp3"}, {"que_text": "आग", "noOfMistakes": "0", "que_id": "HI_S4_WD_0", "isCorrect": true, "recordingName": "HI_S4_WD_0.mp3"}, {"que_text": "सोच", "noOfMistakes": "0", "que_id": "HI_S4_WD_1", "isCorrect": true, "recordingName": "HI_S4_WD_1.mp3"}, {"que_text": "ताला", "noOfMistakes": "0", "que_id": "HI_S4_WD_2", "isCorrect": true, "recordingName": "HI_S4_WD_2.mp3"}, {"que_text": "देश", "noOfMistakes": "0", "que_id": "HI_S4_WD_7", "isCorrect": true, "recordingName": "HI_S4_WD_7.mp3"}, {"que_text": "पैसा", "noOfMistakes": "0", "que_id": "HI_S4_WD_8", "isCorrect": true, "recordingName": "HI_S4_WD_8.mp3"}, {"que_text": "रामपुर में कुछ ज़मीन ख़ाली थी। वहाँ कुछ नहीं उगता था। वहाँ कोई खेलने नहीं जाता था। एक दिन कुछ लोग आए। उन्होंने गाँव के लोगों को बुलाया। सबने मिलकर तय किया कि यहाँ बग़ीचा बनाया जाए। खाद मंगाकर हर तरह के पौधे लगाये गए। सही समय पर पानी दिया गया। आज वहाँ एक सुंदर बग़ीचा है। इसलिए वहाँ सब खेलने जाते हैं।", "noOfMistakes": "0", "que_id": "HI_S4_ST_0", "isCorrect": true, "recordingName": "HI_S4_ST_0.mp3"}, {"que_text": "dog", "noOfMistakes": "0", "que_id": "HI_S4_W_0", "isCorrect": true, "recordingName": "HI_S4_W_0.mp3"}, {"que_text": "fat", "noOfMistakes": "0", "que_id": "HI_S4_W_1", "isCorrect": true, "recordingName": "HI_S4_W_1.mp3"}, {"que_text": "cup", "noOfMistakes": "0", "que_id": "HI_S4_W_2", "isCorrect": true, "recordingName": "HI_S4_W_2.mp3"}, {"que_text": "man", "noOfMistakes": "0", "que_id": "HI_S4_W_4", "isCorrect": true, "recordingName": "HI_S4_W_4.mp3"}, {"que_text": "box", "noOfMistakes": "0", "que_id": "HI_S4_W_5", "isCorrect": true, "recordingName": "HI_S4_W_5.mp3"}, {"que_text": "y", "noOfMistakes": "0", "que_id": "HI_S4_SL_0", "isCorrect": true, "recordingName": "HI_S4_SL_0.mp3"}, {"que_text": "f", "noOfMistakes": "0", "que_id": "HI_S4_SL_1", "isCorrect": true, "recordingName": "HI_S4_SL_1.mp3"}, {"que_text": "h", "noOfMistakes": "0", "que_id": "HI_S4_SL_7", "isCorrect": true, "recordingName": "HI_S4_SL_7.mp3"}, {"que_text": "a", "noOfMistakes": "0", "que_id": "HI_S4_SL_6", "isCorrect": true, "recordingName": "HI_S4_SL_6.mp3"}, {"que_text": "m", "noOfMistakes": "0", "que_id": "HI_S4_SL_5", "isCorrect": true, "recordingName": "HI_S4_SL_5.mp3"}, {"que_text": "D", "noOfMistakes": "0", "que_id": "HI_S4_CL_0", "isCorrect": true, "recordingName": "HI_S4_CL_0.mp3"}, {"que_text": "N", "noOfMistakes": "0", "que_id": "HI_S4_CL_7", "isCorrect": true, "recordingName": "HI_S4_CL_7.mp3"}, {"que_text": "L", "noOfMistakes": "0", "que_id": "HI_S4_CL_1", "isCorrect": true, "recordingName": "HI_S4_CL_1.mp3"}, {"que_text": "T", "noOfMistakes": "0", "que_id": "HI_S4_CL_2", "isCorrect": true, "recordingName": "HI_S4_CL_2.mp3"}, {"que_text": "K", "noOfMistakes": "0", "que_id": "HI_S4_CL_3", "isCorrect": true, "recordingName": "HI_S4_CL_3.mp3"}], "deviceID": "cb071489fc912b36", "ageGroup": "12-15 years", "studClass": "8", "nativeProficiency": "Story", "date": "Mon Sep 23 17:25:37 IST 2019"}