{"englishProficiency": "Small letter", "sequenceList": [{"que_text": "विमान", "noOfMistakes": "1", "que_id": "MR_S4_WD_4", "isCorrect": false, "recordingName": "MR_S4_WD_4.mp3"}, {"que_text": "ग", "noOfMistakes": "3", "que_id": "MR_S4_L_3", "isCorrect": true, "recordingName": "MR_S4_L_3.mp3"}, {"que_text": "फ", "noOfMistakes": "3", "que_id": "MR_S4_L_4", "isCorrect": false, "recordingName": "MR_S4_L_4.mp3"}, {"que_text": "ड", "noOfMistakes": "3", "que_id": "MR_S4_L_5", "isCorrect": false, "recordingName": "MR_S4_L_5.mp3"}, {"que_text": "ण", "noOfMistakes": "3", "que_id": "MR_S4_L_7", "isCorrect": false, "recordingName": "MR_S4_L_7.mp3"}, {"que_text": "D", "noOfMistakes": "0", "que_id": "MR_S4_CL_0", "isCorrect": true, "recordingName": "MR_S4_CL_0.mp3"}, {"que_text": "G", "noOfMistakes": "0", "que_id": "MR_S4_CL_4", "isCorrect": true, "recordingName": "MR_S4_CL_4.mp3"}, {"que_text": "X", "noOfMistakes": "0", "que_id": "MR_S4_CL_5", "isCorrect": true, "recordingName": "MR_S4_CL_5.mp3"}, {"que_text": "T", "noOfMistakes": "0", "que_id": "MR_S4_CL_2", "isCorrect": true, "recordingName": "MR_S4_CL_2.mp3"}, {"que_text": "L", "noOfMistakes": "0", "que_id": "MR_S4_CL_1", "isCorrect": true, "recordingName": "MR_S4_CL_1.mp3"}, {"que_text": "f", "noOfMistakes": "0", "que_id": "MR_S4_SL_1", "isCorrect": true, "recordingName": "MR_S4_SL_1.mp3"}, {"que_text": "v", "noOfMistakes": "0", "que_id": "MR_S4_SL_4", "isCorrect": true, "recordingName": "MR_S4_SL_4.mp3"}, {"que_text": "m", "noOfMistakes": "0", "que_id": "MR_S4_SL_5", "isCorrect": true, "recordingName": "MR_S4_SL_5.mp3"}, {"que_text": "s", "noOfMistakes": "0", "que_id": "MR_S4_SL_3", "isCorrect": true, "recordingName": "MR_S4_SL_3.mp3"}, {"que_text": "h", "noOfMistakes": "0", "que_id": "MR_S4_SL_7", "isCorrect": true, "recordingName": "MR_S4_SL_7.mp3"}, {"que_text": "fat", "noOfMistakes": "1", "que_id": "MR_S4_W_1", "isCorrect": false, "recordingName": "MR_S4_W_1.mp3"}], "deviceID": "3ebaa9d14abd9a0f", "ageGroup": "5-7 years", "studClass": "1", "nativeProficiency": "Beginner", "date": "Fri Aug 02 17:23:14 GMT+05:30 2019"}