{"sequenceList": [{"answer": "48", "isCorrect": true, "que_text": "96 - 48", "noOfMistakes": "0", "que_id": "MR_S4_SB_4"}, {"recordingName": "MR_S4_W_0.mp3", "isCorrect": true, "que_text": "dog", "noOfMistakes": "0", "que_id": "MR_S4_W_0"}, {"recordingName": "MR_S4_W_1.mp3", "isCorrect": true, "que_text": "fat", "noOfMistakes": "0", "que_id": "MR_S4_W_1"}, {"recordingName": "MR_S4_W_4.mp3", "isCorrect": true, "que_text": "out", "noOfMistakes": "0", "que_id": "MR_S4_W_4"}, {"recordingName": "MR_S4_W_3.mp3", "isCorrect": true, "que_text": "boy", "noOfMistakes": "0", "que_id": "MR_S4_W_3"}, {"recordingName": "MR_S4_W_5.mp3", "isCorrect": true, "que_text": "box", "noOfMistakes": "0", "que_id": "MR_S4_W_5"}], "englishProficiency": "word", "studClass": "5", "date": "Wed Sep 04 18:17:28 IST 2019", "mathematicsProficiency": "Subtraction", "deviceID": "5b150edd580a5183", "ageGroup": "10-12 years", "nativeProficiency": "Paragraph"}