{"englishProficiency": "Capital letter", "sequenceList": [{"que_text": "आज रविवार आहे. शाळेला रजा आहे. सगळे मिळून खेळूया. आज खेळायचा दिवस आहे.", "noOfMistakes": "4", "que_id": "MR_S4_P_1", "isCorrect": false, "recordingName": "MR_S4_P_1.mp3"}, {"que_text": "फेटा", "noOfMistakes": "1", "que_id": "MR_S4_WD_1", "isCorrect": true, "recordingName": "MR_S4_WD_1.mp3"}, {"que_text": "विमान", "noOfMistakes": "1", "que_id": "MR_S4_WD_4", "isCorrect": false, "recordingName": "MR_S4_WD_4.mp3"}, {"que_text": "सैल", "noOfMistakes": "1", "que_id": "MR_S4_WD_0", "isCorrect": true, "recordingName": "MR_S4_WD_0.mp3"}, {"que_text": "झाडू", "noOfMistakes": "1", "que_id": "MR_S4_WD_2", "isCorrect": true, "recordingName": "MR_S4_WD_2.mp3"}, {"que_text": "पोरी", "noOfMistakes": "1", "que_id": "MR_S4_WD_6", "isCorrect": true, "recordingName": "MR_S4_WD_6.mp3"}, {"que_text": "D", "noOfMistakes": "1", "que_id": "MR_S4_CL_0", "isCorrect": true, "recordingName": "MR_S4_CL_0.mp3"}, {"que_text": "G", "noOfMistakes": "1", "que_id": "MR_S4_CL_4", "isCorrect": true, "recordingName": "MR_S4_CL_4.mp3"}, {"que_text": "X", "noOfMistakes": "1", "que_id": "MR_S4_CL_5", "isCorrect": false, "recordingName": "MR_S4_CL_5.mp3"}, {"que_text": "N", "noOfMistakes": "1", "que_id": "MR_S4_CL_7", "isCorrect": true, "recordingName": "MR_S4_CL_7.mp3"}, {"que_text": "L", "noOfMistakes": "1", "que_id": "MR_S4_CL_1", "isCorrect": true, "recordingName": "MR_S4_CL_1.mp3"}, {"que_text": "y", "noOfMistakes": "5", "que_id": "MR_S4_SL_0", "isCorrect": false, "recordingName": "MR_S4_SL_0.mp3"}, {"que_text": "f", "noOfMistakes": "5", "que_id": "MR_S4_SL_1", "isCorrect": false, "recordingName": "MR_S4_SL_1.mp3"}, {"que_text": "v", "noOfMistakes": "5", "que_id": "MR_S4_SL_4", "isCorrect": false, "recordingName": "MR_S4_SL_4.mp3"}, {"que_text": "m", "noOfMistakes": "5", "que_id": "MR_S4_SL_5", "isCorrect": false, "recordingName": "MR_S4_SL_5.mp3"}, {"que_text": "s", "noOfMistakes": "5", "que_id": "MR_S4_SL_3", "isCorrect": false, "recordingName": "MR_S4_SL_3.mp3"}], "deviceID": "3ebaa9d14abd9a0f", "ageGroup": "10-12 years", "studClass": "6", "nativeProficiency": "Word", "date": "Tue Jul 09 11:35:07 GMT+05:30 2019"}