{"sequenceList": [{"recordingName": "HI_S2_P_0.mp3", "isCorrect": true, "que_text": "सोनी के पास एक माला है। उसमें बहुत सारे मोती हैं। मोती पीले रंग के हैं। सोनी उसे पहनती है।", "noOfMistakes": "0", "que_id": "HI_S2_P_0"}, {"recordingName": "HI_S2_ST_0.mp3", "isCorrect": true, "que_text": "सावन का महीना था। आसमान में बहुत से काले बादल छाये थे। ठंडी- ठंडी हवा चल रही थी। मैंने सोचा, आज झूला झूलते हैं। बड़े भैया एक मोटी सी रस्सी लेकर आए। हमने उसे पेड़ से लटका कर झूला बनाया। सब ने मिलकर खूब झूला झूला। बहुत सारे बच्चे आकर मज़े से खेलने लगे। खेलते-खेलते रात हो गई।", "noOfMistakes": "3", "que_id": "HI_S2_ST_0"}, {"recordingName": "HI_S2_DD_3.mp3", "isCorrect": true, "que_text": "99", "noOfMistakes": "1", "que_id": "HI_S2_DD_3"}, {"recordingName": "HI_S2_DD_2.mp3", "isCorrect": false, "que_text": "69", "noOfMistakes": "1", "que_id": "HI_S2_DD_2"}, {"recordingName": "HI_S2_DD_4.mp3", "isCorrect": true, "que_text": "34", "noOfMistakes": "1", "que_id": "HI_S2_DD_4"}, {"recordingName": "HI_S2_DD_5.mp3", "isCorrect": true, "que_text": "61", "noOfMistakes": "1", "que_id": "HI_S2_DD_5"}, {"recordingName": "HI_S2_DD_8.mp3", "isCorrect": true, "que_text": "25", "noOfMistakes": "1", "que_id": "HI_S2_DD_8"}, {"recordingName": "HI_S2_CL_2.mp3", "isCorrect": true, "que_text": "R", "noOfMistakes": "1", "que_id": "HI_S2_CL_2"}, {"recordingName": "HI_S2_CL_6.mp3", "isCorrect": true, "que_text": "P", "noOfMistakes": "1", "que_id": "HI_S2_CL_6"}, {"recordingName": "HI_S2_CL_5.mp3", "isCorrect": true, "que_text": "M", "noOfMistakes": "1", "que_id": "HI_S2_CL_5"}, {"recordingName": "HI_S2_CL_4.mp3", "isCorrect": false, "que_text": "V", "noOfMistakes": "1", "que_id": "HI_S2_CL_4"}, {"recordingName": "HI_S2_CL_1.mp3", "isCorrect": true, "que_text": "H", "noOfMistakes": "1", "que_id": "HI_S2_CL_1"}, {"recordingName": "HI_S2_SL_2.mp3", "isCorrect": true, "que_text": "o", "noOfMistakes": "1", "que_id": "HI_S2_SL_2"}, {"recordingName": "HI_S2_SL_0.mp3", "isCorrect": false, "que_text": "z", "noOfMistakes": "1", "que_id": "HI_S2_SL_0"}, {"recordingName": "HI_S2_SL_3.mp3", "isCorrect": true, "que_text": "w", "noOfMistakes": "1", "que_id": "HI_S2_SL_3"}, {"recordingName": "HI_S2_SL_6.mp3", "isCorrect": true, "que_text": "s", "noOfMistakes": "1", "que_id": "HI_S2_SL_6"}, {"recordingName": "HI_S2_SL_7.mp3", "isCorrect": true, "que_text": "k", "noOfMistakes": "1", "que_id": "HI_S2_SL_7"}, {"recordingName": "HI_S2_W_4.mp3", "isCorrect": false, "que_text": "man", "noOfMistakes": "3", "que_id": "HI_S2_W_4"}, {"recordingName": "HI_S2_W_3.mp3", "isCorrect": true, "que_text": "cow", "noOfMistakes": "3", "que_id": "HI_S2_W_3"}, {"recordingName": "HI_S2_W_2.mp3", "isCorrect": false, "que_text": "big", "noOfMistakes": "3", "que_id": "HI_S2_W_2"}, {"recordingName": "HI_S2_W_1.mp3", "isCorrect": true, "que_text": "hot", "noOfMistakes": "3", "que_id": "HI_S2_W_1"}, {"recordingName": "HI_S2_W_5.mp3", "isCorrect": false, "que_text": "pen", "noOfMistakes": "3", "que_id": "HI_S2_W_5"}], "englishProficiency": "word", "studClass": "4", "date": "Sat Aug 03 20:36:36 GMT+05:30 2019", "mathematicsProficiency": "Double digit", "deviceID": "ebaa26065aba20e5", "ageGroup": "7-10 years", "nativeProficiency": "Story"}