{"sequenceList": [{"recordingName": "HI_S4_P_0.mp3", "isCorrect": true, "que_text": "बग़ीचे में पेड़ हैं। पेड़ पर एक तोता रहता है। तोते का रंग हरा है। वह लाल टमाटर खाता है।", "noOfMistakes": "200", "que_id": "HI_S4_P_0"}, {"recordingName": "HI_S4_WD_0.mp3", "isCorrect": true, "que_text": "आग", "noOfMistakes": "0", "que_id": "HI_S4_WD_0"}, {"recordingName": "HI_S4_WD_2.mp3", "isCorrect": true, "que_text": "ताला", "noOfMistakes": "0", "que_id": "HI_S4_WD_2"}, {"recordingName": "HI_S4_WD_4.mp3", "isCorrect": true, "que_text": "पानी", "noOfMistakes": "0", "que_id": "HI_S4_WD_4"}, {"recordingName": "HI_S4_WD_7.mp3", "isCorrect": true, "que_text": "देश", "noOfMistakes": "0", "que_id": "HI_S4_WD_7"}, {"recordingName": "HI_S4_WD_8.mp3", "isCorrect": true, "que_text": "पैसा", "noOfMistakes": "0", "que_id": "HI_S4_WD_8"}, {"answer": "19", "isCorrect": true, "que_text": "63 - 44", "noOfMistakes": "1", "que_id": "HI_S4_SB_0"}, {"answer": "12", "isCorrect": false, "que_text": "45 - 26", "noOfMistakes": "1", "que_id": "HI_S4_SB_4"}, {"recordingName": "HI_S4_DD_0.mp3", "isCorrect": false, "que_text": "71", "noOfMistakes": "1", "que_id": "HI_S4_DD_0"}, {"recordingName": "HI_S4_DD_4.mp3", "isCorrect": true, "que_text": "23", "noOfMistakes": "1", "que_id": "HI_S4_DD_4"}, {"recordingName": "HI_S4_DD_1.mp3", "isCorrect": true, "que_text": "24", "noOfMistakes": "1", "que_id": "HI_S4_DD_1"}, {"recordingName": "HI_S4_DD_9.mp3", "isCorrect": true, "que_text": "14", "noOfMistakes": "1", "que_id": "HI_S4_DD_9"}, {"recordingName": "HI_S4_DD_6.mp3", "isCorrect": true, "que_text": "37", "noOfMistakes": "1", "que_id": "HI_S4_DD_6"}, {"recordingName": "HI_S4_CL_0.mp3", "isCorrect": true, "que_text": "D", "noOfMistakes": "0", "que_id": "HI_S4_CL_0"}, {"recordingName": "HI_S4_CL_1.mp3", "isCorrect": true, "que_text": "L", "noOfMistakes": "0", "que_id": "HI_S4_CL_1"}, {"recordingName": "HI_S4_CL_2.mp3", "isCorrect": true, "que_text": "T", "noOfMistakes": "0", "que_id": "HI_S4_CL_2"}, {"recordingName": "HI_S4_CL_3.mp3", "isCorrect": true, "que_text": "K", "noOfMistakes": "0", "que_id": "HI_S4_CL_3"}, {"recordingName": "HI_S4_CL_4.mp3", "isCorrect": true, "que_text": "G", "noOfMistakes": "0", "que_id": "HI_S4_CL_4"}, {"recordingName": "HI_S4_SL_0.mp3", "isCorrect": false, "que_text": "y", "noOfMistakes": "1", "que_id": "HI_S4_SL_0"}, {"recordingName": "HI_S4_SL_1.mp3", "isCorrect": true, "que_text": "f", "noOfMistakes": "1", "que_id": "HI_S4_SL_1"}, {"recordingName": "HI_S4_SL_2.mp3", "isCorrect": true, "que_text": "i", "noOfMistakes": "1", "que_id": "HI_S4_SL_2"}, {"recordingName": "HI_S4_SL_3.mp3", "isCorrect": true, "que_text": "s", "noOfMistakes": "1", "que_id": "HI_S4_SL_3"}, {"recordingName": "HI_S4_SL_4.mp3", "isCorrect": true, "que_text": "v", "noOfMistakes": "1", "que_id": "HI_S4_SL_4"}, {"recordingName": "HI_S4_W_0.mp3", "isCorrect": false, "que_text": "dog", "noOfMistakes": "1", "que_id": "HI_S4_W_0"}], "englishProficiency": "Small letter", "studClass": "3", "date": "Mon Sep 09 02:00:59 IST 2019", "mathematicsProficiency": "Double digit", "deviceID": "7befc90f7d41bc35", "ageGroup": "5-7 years", "nativeProficiency": "Word"}