{"englishProficiency": "Beginner", "sequenceList": [{"que_text": "द", "noOfMistakes": "1", "que_id": "HI_S3_L_0", "isCorrect": false, "recordingName": "HI_S3_L_0.mp3"}, {"que_text": "C", "noOfMistakes": "2", "que_id": "HI_S3_CL_0", "isCorrect": true, "recordingName": "HI_S3_CL_0.mp3"}, {"que_text": "K", "noOfMistakes": "2", "que_id": "HI_S3_CL_1", "isCorrect": true, "recordingName": "HI_S3_CL_1.mp3"}, {"que_text": "O", "noOfMistakes": "2", "que_id": "HI_S3_CL_6", "isCorrect": false, "recordingName": "HI_S3_CL_6.mp3"}, {"que_text": "W", "noOfMistakes": "2", "que_id": "HI_S3_CL_5", "isCorrect": false, "recordingName": "HI_S3_CL_5.mp3"}, {"que_text": "S", "noOfMistakes": "2", "que_id": "HI_S3_CL_2", "isCorrect": true, "recordingName": "HI_S3_CL_2.mp3"}], "deviceID": "ebaa26065aba20e5", "ageGroup": "5-7 years", "studClass": "1", "nativeProficiency": "Beginner", "date": "Fri Jul 05 17:58:25 GMT+05:30 2019"}