{"sequenceList": [{"recordingName": "HI_S3_L_0.mp3", "isCorrect": false, "que_text": "द", "noOfMistakes": "1", "que_id": "HI_S3_L_0"}, {"recordingName": "HI_S3_SD_0.mp3", "isCorrect": true, "que_text": "1", "noOfMistakes": "4", "que_id": "HI_S3_SD_0"}, {"recordingName": "HI_S3_SD_5.mp3", "isCorrect": false, "que_text": "9", "noOfMistakes": "4", "que_id": "HI_S3_SD_5"}, {"recordingName": "HI_S3_SD_3.mp3", "isCorrect": false, "que_text": "3", "noOfMistakes": "4", "que_id": "HI_S3_SD_3"}, {"recordingName": "HI_S3_SD_4.mp3", "isCorrect": false, "que_text": "6", "noOfMistakes": "4", "que_id": "HI_S3_SD_4"}, {"recordingName": "HI_S3_SD_2.mp3", "isCorrect": false, "que_text": "7", "noOfMistakes": "4", "que_id": "HI_S3_SD_2"}, {"recordingName": "HI_S3_CL_0.mp3", "isCorrect": true, "que_text": "C", "noOfMistakes": "2", "que_id": "HI_S3_CL_0"}, {"recordingName": "HI_S3_CL_1.mp3", "isCorrect": true, "que_text": "K", "noOfMistakes": "2", "que_id": "HI_S3_CL_1"}, {"recordingName": "HI_S3_CL_6.mp3", "isCorrect": false, "que_text": "O", "noOfMistakes": "2", "que_id": "HI_S3_CL_6"}, {"recordingName": "HI_S3_CL_5.mp3", "isCorrect": false, "que_text": "W", "noOfMistakes": "2", "que_id": "HI_S3_CL_5"}, {"recordingName": "HI_S3_CL_2.mp3", "isCorrect": true, "que_text": "S", "noOfMistakes": "2", "que_id": "HI_S3_CL_2"}], "englishProficiency": "Beginner", "studClass": "1", "date": "Fri Jul 05 17:58:25 GMT+05:30 2019", "mathematicsProficiency": "Beginner", "deviceID": "ebaa26065aba20e5", "ageGroup": "5-7 years", "nativeProficiency": "Beginner"}