{"date": "Sun Sep 08 15:58:23 IST 2019", "sequenceList": [{"recordingName": "MR_S1_P_1.mp3", "isCorrect": false, "que_text": "आज रविवार आहे. शाळेला रजा आहे. तरी आज सकाळी मला लवकर जाग आली.", "noOfMistakes": "200", "que_id": "MR_S1_P_1"}, {"recordingName": "MR_S1_WD_0.mp3", "isCorrect": true, "que_text": "समई", "noOfMistakes": "1", "que_id": "MR_S1_WD_0"}, {"recordingName": "MR_S1_WD_1.mp3", "isCorrect": true, "que_text": "बस", "noOfMistakes": "1", "que_id": "MR_S1_WD_1"}, {"recordingName": "MR_S1_WD_2.mp3", "isCorrect": true, "que_text": "गरम", "noOfMistakes": "1", "que_id": "MR_S1_WD_2"}, {"recordingName": "MR_S1_WD_4.mp3", "isCorrect": false, "que_text": "दिवा", "noOfMistakes": "1", "que_id": "MR_S1_WD_4"}, {"recordingName": "MR_S1_WD_6.mp3", "isCorrect": true, "que_text": "किरण", "noOfMistakes": "1", "que_id": "MR_S1_WD_6"}, {"recordingName": "MR_S1_CL_0.mp3", "isCorrect": true, "que_text": "A", "noOfMistakes": "3", "que_id": "MR_S1_CL_0"}, {"recordingName": "MR_S1_CL_1.mp3", "isCorrect": false, "que_text": "J", "noOfMistakes": "3", "que_id": "MR_S1_CL_1"}, {"recordingName": "MR_S1_CL_2.mp3", "isCorrect": false, "que_text": "Q", "noOfMistakes": "3", "que_id": "MR_S1_CL_2"}, {"recordingName": "MR_S1_CL_3.mp3", "isCorrect": true, "que_text": "R", "noOfMistakes": "3", "que_id": "MR_S1_CL_3"}, {"recordingName": "MR_S1_CL_4.mp3", "isCorrect": false, "que_text": "E", "noOfMistakes": "3", "que_id": "MR_S1_CL_4"}], "englishProficiency": "Beginner", "studClass": "5", "deviceID": "7679c9355fd3bb61", "ageGroup": "10-12 years", "nativeProficiency": "Word"}