{"englishProficiency": "Beginner", "sequenceList": [{"que_text": "आज रविवार आहे. शाळेला रजा आहे. तरी आज सकाळी मला लवकर जाग आली.", "noOfMistakes": "200", "que_id": "MR_S1_P_1", "isCorrect": false, "recordingName": "MR_S1_P_1.mp3"}, {"que_text": "समई", "noOfMistakes": "1", "que_id": "MR_S1_WD_0", "isCorrect": true, "recordingName": "MR_S1_WD_0.mp3"}, {"que_text": "बस", "noOfMistakes": "1", "que_id": "MR_S1_WD_1", "isCorrect": true, "recordingName": "MR_S1_WD_1.mp3"}, {"que_text": "गरम", "noOfMistakes": "1", "que_id": "MR_S1_WD_2", "isCorrect": true, "recordingName": "MR_S1_WD_2.mp3"}, {"que_text": "दिवा", "noOfMistakes": "1", "que_id": "MR_S1_WD_4", "isCorrect": false, "recordingName": "MR_S1_WD_4.mp3"}, {"que_text": "किरण", "noOfMistakes": "1", "que_id": "MR_S1_WD_6", "isCorrect": true, "recordingName": "MR_S1_WD_6.mp3"}, {"que_text": "A", "noOfMistakes": "3", "que_id": "MR_S1_CL_0", "isCorrect": true, "recordingName": "MR_S1_CL_0.mp3"}, {"que_text": "J", "noOfMistakes": "3", "que_id": "MR_S1_CL_1", "isCorrect": false, "recordingName": "MR_S1_CL_1.mp3"}, {"que_text": "Q", "noOfMistakes": "3", "que_id": "MR_S1_CL_2", "isCorrect": false, "recordingName": "MR_S1_CL_2.mp3"}, {"que_text": "R", "noOfMistakes": "3", "que_id": "MR_S1_CL_3", "isCorrect": true, "recordingName": "MR_S1_CL_3.mp3"}, {"que_text": "E", "noOfMistakes": "3", "que_id": "MR_S1_CL_4", "isCorrect": false, "recordingName": "MR_S1_CL_4.mp3"}], "deviceID": "7679c9355fd3bb61", "ageGroup": "10-12 years", "studClass": "5", "date": "Sun Sep 08 15:58:23 IST 2019", "nativeProficiency": "Word"}