{"englishProficiency": "Small letter", "sequenceList": [{"que_text": "काले बादल छाए हैं। तेज़ बारिश हो रही है। मोर भी नाच रहा है। सब नाच देख रहे हैं।", "noOfMistakes": "0", "que_id": "HI_S3_P_1", "isCorrect": true, "recordingName": "HI_S3_P_1.mp3"}, {"que_text": "C", "noOfMistakes": "5", "que_id": "HI_S3_CL_0", "isCorrect": false, "recordingName": "HI_S3_CL_0.mp3"}, {"que_text": "O", "noOfMistakes": "5", "que_id": "HI_S3_CL_6", "isCorrect": false, "recordingName": "HI_S3_CL_6.mp3"}, {"que_text": "Z", "noOfMistakes": "5", "que_id": "HI_S3_CL_7", "isCorrect": false, "recordingName": "HI_S3_CL_7.mp3"}, {"que_text": "S", "noOfMistakes": "5", "que_id": "HI_S3_CL_2", "isCorrect": false, "recordingName": "HI_S3_CL_2.mp3"}, {"que_text": "Q", "noOfMistakes": "5", "que_id": "HI_S3_CL_3", "isCorrect": false, "recordingName": "HI_S3_CL_3.mp3"}, {"que_text": "p", "noOfMistakes": "1", "que_id": "HI_S3_SL_1", "isCorrect": true, "recordingName": "HI_S3_SL_1.mp3"}, {"que_text": "b", "noOfMistakes": "1", "que_id": "HI_S3_SL_7", "isCorrect": false, "recordingName": "HI_S3_SL_7.mp3"}, {"que_text": "e", "noOfMistakes": "1", "que_id": "HI_S3_SL_4", "isCorrect": true, "recordingName": "HI_S3_SL_4.mp3"}, {"que_text": "j", "noOfMistakes": "1", "que_id": "HI_S3_SL_5", "isCorrect": true, "recordingName": "HI_S3_SL_5.mp3"}, {"que_text": "g", "noOfMistakes": "1", "que_id": "HI_S3_SL_2", "isCorrect": true, "recordingName": "HI_S3_SL_2.mp3"}, {"que_text": "hen", "noOfMistakes": "2", "que_id": "HI_S3_W_0", "isCorrect": true, "recordingName": "HI_S3_W_0.mp3"}, {"que_text": "run", "noOfMistakes": "2", "que_id": "HI_S3_W_3", "isCorrect": false, "recordingName": "HI_S3_W_3.mp3"}, {"que_text": "fox", "noOfMistakes": "2", "que_id": "HI_S3_W_4", "isCorrect": true, "recordingName": "HI_S3_W_4.mp3"}, {"que_text": "old", "noOfMistakes": "2", "que_id": "HI_S3_W_1", "isCorrect": true, "recordingName": "HI_S3_W_1.mp3"}, {"que_text": "bag", "noOfMistakes": "2", "que_id": "HI_S3_W_5", "isCorrect": false, "recordingName": "HI_S3_W_5.mp3"}], "deviceID": "c66208a6b7100eb2", "ageGroup": "5-7 years", "studClass": "2", "nativeProficiency": "Paragraph", "date": "Wed Jul 10 15:07:05 IST 2019"}