{"sequenceList": [{"recordingName": "MR_S2_P_1.mp3", "isCorrect": false, "que_text": "पावसाळा सुरु झाला. आईने नवी तुळस लावली. तुळस भरभर वाढली. छान दिसू लागली.", "noOfMistakes": "200", "que_id": "MR_S2_P_1"}, {"recordingName": "MR_S2_WD_3.mp3", "isCorrect": false, "que_text": "बैल", "noOfMistakes": "1", "que_id": "MR_S2_WD_3"}, {"recordingName": "MH_S2_L_1.mp3", "isCorrect": true, "que_text": "त", "noOfMistakes": "1", "que_id": "MH_S2_L_1"}, {"recordingName": "MH_S2_L_4.mp3", "isCorrect": true, "que_text": "स", "noOfMistakes": "1", "que_id": "MH_S2_L_4"}, {"recordingName": "MH_S2_L_7.mp3", "isCorrect": false, "que_text": "छ", "noOfMistakes": "1", "que_id": "MH_S2_L_7"}, {"recordingName": "MH_S2_L_3.mp3", "isCorrect": true, "que_text": "ण", "noOfMistakes": "1", "que_id": "MH_S2_L_3"}, {"recordingName": "MH_S2_L_6.mp3", "isCorrect": true, "que_text": "व", "noOfMistakes": "1", "que_id": "MH_S2_L_6"}, {"recordingName": "MR_S2_SD_7.mp3", "isCorrect": true, "que_text": "1", "noOfMistakes": "1", "que_id": "MR_S2_SD_7"}, {"recordingName": "MR_S2_SD_4.mp3", "isCorrect": false, "que_text": "9", "noOfMistakes": "1", "que_id": "MR_S2_SD_4"}, {"recordingName": "MR_S2_SD_3.mp3", "isCorrect": true, "que_text": "5", "noOfMistakes": "1", "que_id": "MR_S2_SD_3"}, {"recordingName": "MR_S2_SD_5.mp3", "isCorrect": true, "que_text": "8", "noOfMistakes": "1", "que_id": "MR_S2_SD_5"}, {"recordingName": "MR_S2_SD_6.mp3", "isCorrect": true, "que_text": "4", "noOfMistakes": "1", "que_id": "MR_S2_SD_6"}, {"recordingName": "MR_S2_CL_4.mp3", "isCorrect": false, "que_text": "V", "noOfMistakes": "3", "que_id": "MR_S2_CL_4"}, {"recordingName": "MR_S2_CL_6.mp3", "isCorrect": true, "que_text": "P", "noOfMistakes": "3", "que_id": "MR_S2_CL_6"}, {"recordingName": "MR_S2_CL_7.mp3", "isCorrect": false, "que_text": "F", "noOfMistakes": "3", "que_id": "MR_S2_CL_7"}, {"recordingName": "MR_S2_CL_3.mp3", "isCorrect": false, "que_text": "L", "noOfMistakes": "3", "que_id": "MR_S2_CL_3"}], "englishProficiency": "Beginner", "studClass": "5", "date": "Tue Jul 23 15:18:14 GMT+05:30 2019", "mathematicsProficiency": "Single digit", "deviceID": "3ebaa9d14abd9a0f", "ageGroup": "10-12 years", "nativeProficiency": "Letter"}