{"englishProficiency": "Small letter", "sequenceList": [{"que_text": "एकदा मी पडले. सगळे मला हसले. एकदा सोनल पडली. मी तिला हसले.", "noOfMistakes": "200", "que_id": "MR_S2_P_0", "isCorrect": false, "recordingName": "MR_S2_P_0.mp3"}, {"que_text": "खडू", "noOfMistakes": "1", "que_id": "MR_S2_WD_0", "isCorrect": false, "recordingName": "MR_S2_WD_0.mp3"}, {"que_text": "पतंग", "noOfMistakes": "1", "que_id": "MR_S2_WD_1", "isCorrect": true, "recordingName": "MR_S2_WD_1.mp3"}, {"que_text": "टोपी", "noOfMistakes": "1", "que_id": "MR_S2_WD_2", "isCorrect": true, "recordingName": "MR_S2_WD_2.mp3"}, {"que_text": "बैल", "noOfMistakes": "1", "que_id": "MR_S2_WD_3", "isCorrect": true, "recordingName": "MR_S2_WD_3.mp3"}, {"que_text": "रवी", "noOfMistakes": "1", "que_id": "MR_S2_WD_4", "isCorrect": true, "recordingName": "MR_S2_WD_4.mp3"}, {"que_text": "B", "noOfMistakes": "0", "que_id": "MR_S2_CL_0", "isCorrect": true, "recordingName": "MR_S2_CL_0.mp3"}, {"que_text": "H", "noOfMistakes": "0", "que_id": "MR_S2_CL_1", "isCorrect": true, "recordingName": "MR_S2_CL_1.mp3"}, {"que_text": "R", "noOfMistakes": "0", "que_id": "MR_S2_CL_2", "isCorrect": true, "recordingName": "MR_S2_CL_2.mp3"}, {"que_text": "L", "noOfMistakes": "0", "que_id": "MR_S2_CL_3", "isCorrect": true, "recordingName": "MR_S2_CL_3.mp3"}, {"que_text": "V", "noOfMistakes": "0", "que_id": "MR_S2_CL_4", "isCorrect": true, "recordingName": "MR_S2_CL_4.mp3"}, {"que_text": "z", "noOfMistakes": "1", "que_id": "MR_S2_SL_0", "isCorrect": true, "recordingName": "MR_S2_SL_0.mp3"}, {"que_text": "j", "noOfMistakes": "1", "que_id": "MR_S2_SL_1", "isCorrect": false, "recordingName": "MR_S2_SL_1.mp3"}, {"que_text": "o", "noOfMistakes": "1", "que_id": "MR_S2_SL_2", "isCorrect": true, "recordingName": "MR_S2_SL_2.mp3"}, {"que_text": "w", "noOfMistakes": "1", "que_id": "MR_S2_SL_3", "isCorrect": true, "recordingName": "MR_S2_SL_3.mp3"}, {"que_text": "g", "noOfMistakes": "1", "que_id": "MR_S2_SL_4", "isCorrect": true, "recordingName": "MR_S2_SL_4.mp3"}, {"que_text": "cow", "noOfMistakes": "5", "que_id": "MR_S2_W_0", "isCorrect": false, "recordingName": "MR_S2_W_0.mp3"}, {"que_text": "wet", "noOfMistakes": "5", "que_id": "MR_S2_W_1", "isCorrect": false, "recordingName": "MR_S2_W_1.mp3"}, {"que_text": "big", "noOfMistakes": "5", "que_id": "MR_S2_W_2", "isCorrect": false, "recordingName": "MR_S2_W_2.mp3"}, {"que_text": "hat", "noOfMistakes": "5", "que_id": "MR_S2_W_3", "isCorrect": false, "recordingName": "MR_S2_W_3.mp3"}, {"que_text": "man", "noOfMistakes": "5", "que_id": "MR_S2_W_4", "isCorrect": false, "recordingName": "MR_S2_W_4.mp3"}], "deviceID": "d0e0fbc20a5d9802", "ageGroup": "10-12 years", "studClass": "5", "date": "Sat Sep 07 14:09:59 IST 2019", "nativeProficiency": "Word"}