{"englishProficiency": "Beginner", "sequenceList": [{"que_text": "नाक", "noOfMistakes": "3", "que_id": "HI_S3_WD_0", "isCorrect": false, "recordingName": "HI_S3_WD_0.mp3"}, {"que_text": "धुन", "noOfMistakes": "3", "que_id": "HI_S3_WD_3", "isCorrect": false, "recordingName": "HI_S3_WD_3.mp3"}, {"que_text": "माला", "noOfMistakes": "3", "que_id": "HI_S3_WD_8", "isCorrect": false, "recordingName": "HI_S3_WD_8.mp3"}, {"que_text": "द", "noOfMistakes": "4", "que_id": "HI_S3_L_0", "isCorrect": false, "recordingName": "HI_S3_L_0.mp3"}, {"que_text": "थ", "noOfMistakes": "4", "que_id": "HI_S3_L_5", "isCorrect": false, "recordingName": "HI_S3_L_5.mp3"}, {"que_text": "ल", "noOfMistakes": "4", "que_id": "HI_S3_L_4", "isCorrect": false, "recordingName": "HI_S3_L_4.mp3"}, {"que_text": "ब", "noOfMistakes": "4", "que_id": "HI_S3_L_3", "isCorrect": false, "recordingName": "HI_S3_L_3.mp3"}, {"que_text": "C", "noOfMistakes": "2", "que_id": "HI_S3_CL_0", "isCorrect": false, "recordingName": "HI_S3_CL_0.mp3"}, {"que_text": "S", "noOfMistakes": "2", "que_id": "HI_S3_CL_2", "isCorrect": false, "recordingName": "HI_S3_CL_2.mp3"}], "deviceID": "ebaa26065aba20e5", "ageGroup": "7-10 years", "studClass": "2", "nativeProficiency": "Beginner", "date": "Tue Jul 02 13:47:22 GMT+05:30 2019"}