{"englishProficiency": "Small letter", "sequenceList": [{"que_text": "गीता बागेत आली. तिकडे तिला मंजू भेटली. दोघींनी जोरात झोका घेतला. आज खूपच मजा आली.", "noOfMistakes": "200", "que_id": "MR_S4_P_0", "isCorrect": false, "recordingName": "MR_S4_P_0.mp3"}, {"que_text": "लाल", "noOfMistakes": "2", "que_id": "MR_S4_WD_5", "isCorrect": true, "recordingName": "MR_S4_WD_5.mp3"}, {"que_text": "केळे", "noOfMistakes": "2", "que_id": "MR_S4_WD_7", "isCorrect": false, "recordingName": "MR_S4_WD_7.mp3"}, {"que_text": "पाऊस", "noOfMistakes": "2", "que_id": "MR_S4_WD_3", "isCorrect": true, "recordingName": "MR_S4_WD_3.mp3"}, {"que_text": "विमान", "noOfMistakes": "2", "que_id": "MR_S4_WD_4", "isCorrect": true, "recordingName": "MR_S4_WD_4.mp3"}, {"que_text": "फेटा", "noOfMistakes": "2", "que_id": "MR_S4_WD_1", "isCorrect": false, "recordingName": "MR_S4_WD_1.mp3"}, {"que_text": "ख", "noOfMistakes": "1", "que_id": "MR_S4_L_0", "isCorrect": true, "recordingName": "MR_S4_L_0.mp3"}, {"que_text": "फ", "noOfMistakes": "1", "que_id": "MR_S4_L_4", "isCorrect": true, "recordingName": "MR_S4_L_4.mp3"}, {"que_text": "ण", "noOfMistakes": "1", "que_id": "MR_S4_L_7", "isCorrect": false, "recordingName": "MR_S4_L_7.mp3"}, {"que_text": "ड", "noOfMistakes": "1", "que_id": "MR_S4_L_5", "isCorrect": true, "recordingName": "MR_S4_L_5.mp3"}, {"que_text": "ल", "noOfMistakes": "1", "que_id": "MR_S4_L_2", "isCorrect": true, "recordingName": "MR_S4_L_2.mp3"}, {"que_text": "D", "noOfMistakes": "0", "que_id": "MR_S4_CL_0", "isCorrect": true, "recordingName": "MR_S4_CL_0.mp3"}, {"que_text": "G", "noOfMistakes": "0", "que_id": "MR_S4_CL_4", "isCorrect": true, "recordingName": "MR_S4_CL_4.mp3"}, {"que_text": "L", "noOfMistakes": "0", "que_id": "MR_S4_CL_1", "isCorrect": true, "recordingName": "MR_S4_CL_1.mp3"}, {"que_text": "X", "noOfMistakes": "0", "que_id": "MR_S4_CL_5", "isCorrect": true, "recordingName": "MR_S4_CL_5.mp3"}, {"que_text": "N", "noOfMistakes": "0", "que_id": "MR_S4_CL_7", "isCorrect": true, "recordingName": "MR_S4_CL_7.mp3"}, {"que_text": "v", "noOfMistakes": "0", "que_id": "MR_S4_SL_4", "isCorrect": true, "recordingName": "MR_S4_SL_4.mp3"}, {"que_text": "y", "noOfMistakes": "0", "que_id": "MR_S4_SL_0", "isCorrect": true, "recordingName": "MR_S4_SL_0.mp3"}, {"que_text": "i", "noOfMistakes": "0", "que_id": "MR_S4_SL_2", "isCorrect": true, "recordingName": "MR_S4_SL_2.mp3"}, {"que_text": "m", "noOfMistakes": "0", "que_id": "MR_S4_SL_5", "isCorrect": true, "recordingName": "MR_S4_SL_5.mp3"}, {"que_text": "s", "noOfMistakes": "0", "que_id": "MR_S4_SL_3", "isCorrect": true, "recordingName": "MR_S4_SL_3.mp3"}, {"que_text": "dog", "noOfMistakes": "2", "que_id": "MR_S4_W_0", "isCorrect": false, "recordingName": "MR_S4_W_0.mp3"}, {"que_text": "out", "noOfMistakes": "2", "que_id": "MR_S4_W_4", "isCorrect": false, "recordingName": "MR_S4_W_4.mp3"}], "deviceID": "3ebaa9d14abd9a0f", "ageGroup": "5-7 years", "studClass": "2", "nativeProficiency": "Letter", "date": "Fri Jul 12 15:43:57 GMT+05:30 2019"}