{"englishProficiency": "Sentence", "sequenceList": [{"que_text": "बग़ीचे में पेड़ हैं। पेड़ पर एक तोता रहता है। तोते का रंग हरा है। वह लाल टमाटर खाता है।", "noOfMistakes": "200", "que_id": "HI_S4_P_0", "isCorrect": false, "recordingName": "HI_S4_P_0.mp3"}, {"que_text": "बूढ़ा", "noOfMistakes": "0", "que_id": "HI_S4_WD_9", "isCorrect": true, "recordingName": "HI_S4_WD_9.mp3"}, {"que_text": "देश", "noOfMistakes": "0", "que_id": "HI_S4_WD_7", "isCorrect": true, "recordingName": "HI_S4_WD_7.mp3"}, {"que_text": "सोच", "noOfMistakes": "0", "que_id": "HI_S4_WD_1", "isCorrect": true, "recordingName": "HI_S4_WD_1.mp3"}, {"que_text": "ताला", "noOfMistakes": "0", "que_id": "HI_S4_WD_2", "isCorrect": true, "recordingName": "HI_S4_WD_2.mp3"}, {"que_text": "चौकी", "noOfMistakes": "0", "que_id": "HI_S4_WD_5", "isCorrect": true, "recordingName": "HI_S4_WD_5.mp3"}, {"que_text": "N", "noOfMistakes": "0", "que_id": "HI_S4_CL_7", "isCorrect": true, "recordingName": "HI_S4_CL_7.mp3"}, {"que_text": "T", "noOfMistakes": "0", "que_id": "HI_S4_CL_2", "isCorrect": true, "recordingName": "HI_S4_CL_2.mp3"}, {"que_text": "X", "noOfMistakes": "0", "que_id": "HI_S4_CL_5", "isCorrect": true, "recordingName": "HI_S4_CL_5.mp3"}, {"que_text": "G", "noOfMistakes": "0", "que_id": "HI_S4_CL_4", "isCorrect": true, "recordingName": "HI_S4_CL_4.mp3"}, {"que_text": "L", "noOfMistakes": "0", "que_id": "HI_S4_CL_1", "isCorrect": true, "recordingName": "HI_S4_CL_1.mp3"}, {"que_text": "i", "noOfMistakes": "0", "que_id": "HI_S4_SL_2", "isCorrect": true, "recordingName": "HI_S4_SL_2.mp3"}, {"que_text": "h", "noOfMistakes": "0", "que_id": "HI_S4_SL_7", "isCorrect": true, "recordingName": "HI_S4_SL_7.mp3"}, {"que_text": "v", "noOfMistakes": "0", "que_id": "HI_S4_SL_4", "isCorrect": true, "recordingName": "HI_S4_SL_4.mp3"}, {"que_text": "m", "noOfMistakes": "0", "que_id": "HI_S4_SL_5", "isCorrect": true, "recordingName": "HI_S4_SL_5.mp3"}, {"que_text": "f", "noOfMistakes": "0", "que_id": "HI_S4_SL_1", "isCorrect": true, "recordingName": "HI_S4_SL_1.mp3"}, {"que_text": "fat", "noOfMistakes": "0", "que_id": "HI_S4_W_1", "isCorrect": true, "recordingName": "HI_S4_W_1.mp3"}, {"que_text": "box", "noOfMistakes": "0", "que_id": "HI_S4_W_5", "isCorrect": true, "recordingName": "HI_S4_W_5.mp3"}, {"que_text": "man", "noOfMistakes": "0", "que_id": "HI_S4_W_4", "isCorrect": true, "recordingName": "HI_S4_W_4.mp3"}, {"que_text": "boy", "noOfMistakes": "0", "que_id": "HI_S4_W_3", "isCorrect": true, "recordingName": "HI_S4_W_3.mp3"}, {"que_text": "cup", "noOfMistakes": "0", "que_id": "HI_S4_W_2", "isCorrect": true, "recordingName": "HI_S4_W_2.mp3"}, {"que_text": "What is the time?", "noOfMistakes": "0", "que_id": "HI_S4_S_0", "isCorrect": true, "recordingName": "HI_S4_S_0.mp3"}, {"que_text": "This is a blue shirt.", "noOfMistakes": "200", "que_id": "HI_S4_S_1", "isCorrect": false, "recordingName": "HI_S4_S_1.mp3"}, {"que_text": "I like to sleep.", "noOfMistakes": "0", "que_id": "HI_S4_S_2", "isCorrect": true, "recordingName": "HI_S4_S_2.mp3"}, {"que_text": "I have a big house.", "noOfMistakes": "0", "que_id": "HI_S4_S_3", "isCorrect": true, "recordingName": "HI_S4_S_3.mp3"}], "deviceID": "c66208a6b7100eb2", "ageGroup": "5-7 years", "studClass": "2", "nativeProficiency": "Word", "date": "Sun Jul 14 18:21:41 IST 2019"}