{"date": "Thu Sep 05 19:18:28 IST 2019", "sequenceList": [{"recordingName": "MR_S2_P_1.mp3", "isCorrect": false, "que_text": "पावसाळा सुरु झाला. आईने नवी तुळस लावली. तुळस भरभर वाढली. छान दिसू लागली.", "noOfMistakes": "200", "que_id": "MR_S2_P_1"}, {"recordingName": "MR_S2_WD_0.mp3", "isCorrect": true, "que_text": "खडू", "noOfMistakes": "0", "que_id": "MR_S2_WD_0"}, {"recordingName": "MR_S2_WD_1.mp3", "isCorrect": true, "que_text": "पतंग", "noOfMistakes": "0", "que_id": "MR_S2_WD_1"}, {"recordingName": "MR_S2_WD_2.mp3", "isCorrect": true, "que_text": "टोपी", "noOfMistakes": "0", "que_id": "MR_S2_WD_2"}, {"recordingName": "MR_S2_WD_3.mp3", "isCorrect": true, "que_text": "बैल", "noOfMistakes": "0", "que_id": "MR_S2_WD_3"}, {"recordingName": "MR_S2_WD_4.mp3", "isCorrect": true, "que_text": "रवी", "noOfMistakes": "0", "que_id": "MR_S2_WD_4"}, {"recordingName": "MR_S2_CL_0.mp3", "isCorrect": true, "que_text": "B", "noOfMistakes": "0", "que_id": "MR_S2_CL_0"}, {"recordingName": "MR_S2_CL_1.mp3", "isCorrect": true, "que_text": "H", "noOfMistakes": "0", "que_id": "MR_S2_CL_1"}, {"recordingName": "MR_S2_CL_2.mp3", "isCorrect": true, "que_text": "R", "noOfMistakes": "0", "que_id": "MR_S2_CL_2"}, {"recordingName": "MR_S2_CL_3.mp3", "isCorrect": true, "que_text": "L", "noOfMistakes": "0", "que_id": "MR_S2_CL_3"}, {"recordingName": "MR_S2_CL_4.mp3", "isCorrect": true, "que_text": "V", "noOfMistakes": "0", "que_id": "MR_S2_CL_4"}, {"recordingName": "MR_S2_SL_0.mp3", "isCorrect": true, "que_text": "z", "noOfMistakes": "0", "que_id": "MR_S2_SL_0"}, {"recordingName": "MR_S2_SL_1.mp3", "isCorrect": true, "que_text": "j", "noOfMistakes": "0", "que_id": "MR_S2_SL_1"}, {"recordingName": "MR_S2_SL_2.mp3", "isCorrect": true, "que_text": "o", "noOfMistakes": "0", "que_id": "MR_S2_SL_2"}, {"recordingName": "MR_S2_SL_3.mp3", "isCorrect": true, "que_text": "w", "noOfMistakes": "0", "que_id": "MR_S2_SL_3"}, {"recordingName": "MR_S2_SL_4.mp3", "isCorrect": true, "que_text": "g", "noOfMistakes": "0", "que_id": "MR_S2_SL_4"}, {"recordingName": "MR_S2_W_0.mp3", "isCorrect": true, "que_text": "cow", "noOfMistakes": "1", "que_id": "MR_S2_W_0"}, {"recordingName": "MR_S2_W_1.mp3", "isCorrect": false, "que_text": "wet", "noOfMistakes": "1", "que_id": "MR_S2_W_1"}, {"recordingName": "MR_S2_W_2.mp3", "isCorrect": true, "que_text": "big", "noOfMistakes": "1", "que_id": "MR_S2_W_2"}, {"recordingName": "MR_S2_W_3.mp3", "isCorrect": true, "que_text": "hat", "noOfMistakes": "1", "que_id": "MR_S2_W_3"}, {"recordingName": "MR_S2_W_4.mp3", "isCorrect": true, "que_text": "man", "noOfMistakes": "1", "que_id": "MR_S2_W_4"}, {"recordingName": "MR_S2_S_0.mp3", "isCorrect": false, "que_text": "Where is your house?", "noOfMistakes": "200", "que_id": "MR_S2_S_0"}, {"recordingName": "MR_S2_S_1.mp3", "isCorrect": false, "que_text": "This is a long road.", "noOfMistakes": "200", "que_id": "MR_S2_S_1"}, {"recordingName": "MR_S2_S_2.mp3", "isCorrect": true, "que_text": "I like to play.", "noOfMistakes": "0", "que_id": "MR_S2_S_2"}, {"recordingName": "MR_S2_S_3.mp3", "isCorrect": false, "que_text": "She has a green kite.", "noOfMistakes": "200", "que_id": "MR_S2_S_3"}], "englishProficiency": "word", "studClass": "4", "deviceID": "d0c4e016866279b1", "ageGroup": "7-10 years", "nativeProficiency": "Word"}