{"englishProficiency": "Sentence", "sequenceList": [{"que_text": "स", "noOfMistakes": "1", "que_id": "MR_S1_L_2", "isCorrect": false, "recordingName": "MR_S1_L_2.mp3"}, {"que_text": "A", "noOfMistakes": "0", "que_id": "MR_S1_CL_0", "isCorrect": true, "recordingName": "MR_S1_CL_0.mp3"}, {"que_text": "R", "noOfMistakes": "0", "que_id": "MR_S1_CL_3", "isCorrect": true, "recordingName": "MR_S1_CL_3.mp3"}, {"que_text": "h", "noOfMistakes": "1", "que_id": "MR_S1_SL_0", "isCorrect": true, "recordingName": "MR_S1_SL_0.mp3"}, {"que_text": "p", "noOfMistakes": "1", "que_id": "MR_S1_SL_1", "isCorrect": true, "recordingName": "MR_S1_SL_1.mp3"}, {"que_text": "u", "noOfMistakes": "1", "que_id": "MR_S1_SL_3", "isCorrect": false, "recordingName": "MR_S1_SL_3.mp3"}], "deviceID": "07f8b405d23ed517", "ageGroup": "5-7 years", "studClass": "1", "date": "Fri Sep 06 17:43:29 GMT+05:30 2019", "nativeProficiency": "Word"}