{"date": "Sat Jul 20 18:00:42 IST 2019", "sequenceList": [{"recordingName": "HI_S3_P_1.mp3", "isCorrect": false, "que_text": "काले बादल छाए हैं। तेज़ बारिश हो रही है। मोर भी नाच रहा है। सब नाच देख रहे हैं।", "noOfMistakes": "200", "que_id": "HI_S3_P_1"}, {"recordingName": "HI_S3_L_1.mp3", "isCorrect": false, "que_text": "क", "noOfMistakes": "5", "que_id": "HI_S3_L_1"}, {"recordingName": "HI_S3_L_2.mp3", "isCorrect": false, "que_text": "च", "noOfMistakes": "5", "que_id": "HI_S3_L_2"}, {"recordingName": "HI_S3_L_6.mp3", "isCorrect": false, "que_text": "ह", "noOfMistakes": "5", "que_id": "HI_S3_L_6"}, {"recordingName": "HI_S3_L_4.mp3", "isCorrect": false, "que_text": "ल", "noOfMistakes": "5", "que_id": "HI_S3_L_4"}, {"recordingName": "HI_S3_L_5.mp3", "isCorrect": false, "que_text": "थ", "noOfMistakes": "5", "que_id": "HI_S3_L_5"}, {"recordingName": "HI_S3_SD_0.mp3", "isCorrect": false, "que_text": "1", "noOfMistakes": "5", "que_id": "HI_S3_SD_0"}, {"recordingName": "HI_S3_SD_7.mp3", "isCorrect": false, "que_text": "2", "noOfMistakes": "5", "que_id": "HI_S3_SD_7"}, {"recordingName": "HI_S3_SD_5.mp3", "isCorrect": false, "que_text": "9", "noOfMistakes": "5", "que_id": "HI_S3_SD_5"}, {"recordingName": "HI_S3_SD_4.mp3", "isCorrect": false, "que_text": "6", "noOfMistakes": "5", "que_id": "HI_S3_SD_4"}, {"recordingName": "HI_S3_SD_2.mp3", "isCorrect": false, "que_text": "7", "noOfMistakes": "5", "que_id": "HI_S3_SD_2"}], "nativeProficiency": "Beginner", "studClass": "1", "deviceID": "c66208a6b7100eb2", "ageGroup": "5-7 years", "mathematicsProficiency": "Beginner"}