{"nativeProficiency": "Letter", "sequenceList": [{"que_text": " राधा के पास एक तोता है। उसकी चोंच लाल है। वह बहुत बोलता है। सब को हँसाता है।", "noOfMistakes": "200", "que_id": "HI_S1_P_0", "recordingName": "HI_S1_P_0.mp3", "isCorrect": false}, {"que_text": "गाना", "noOfMistakes": "2", "que_id": "HI_S1_WD_0", "recordingName": "HI_S1_WD_0.mp3", "isCorrect": true}, {"que_text": "आग", "noOfMistakes": "2", "que_id": "HI_S1_WD_8", "recordingName": "HI_S1_WD_8.mp3", "isCorrect": false}, {"que_text": "मोर", "noOfMistakes": "2", "que_id": "HI_S1_WD_9", "recordingName": "HI_S1_WD_9.mp3", "isCorrect": true}, {"que_text": "मोती", "noOfMistakes": "2", "que_id": "HI_S1_WD_2", "recordingName": "HI_S1_WD_2.mp3", "isCorrect": true}, {"que_text": "झोला", "noOfMistakes": "2", "que_id": "HI_S1_WD_4", "recordingName": "HI_S1_WD_4.mp3", "isCorrect": false}, {"que_text": "म", "noOfMistakes": "1", "que_id": "HI_S1_L_0", "recordingName": "HI_S1_L_0.mp3", "isCorrect": true}, {"que_text": "ल", "noOfMistakes": "1", "que_id": "HI_S1_L_5", "recordingName": "HI_S1_L_5.mp3", "isCorrect": true}, {"que_text": "थ", "noOfMistakes": "1", "que_id": "HI_S1_L_2", "recordingName": "HI_S1_L_2.mp3", "isCorrect": false}, {"que_text": "र", "noOfMistakes": "1", "que_id": "HI_S1_L_1", "recordingName": "HI_S1_L_1.mp3", "isCorrect": true}, {"que_text": "न", "noOfMistakes": "1", "que_id": "HI_S1_L_7", "recordingName": "HI_S1_L_7.mp3", "isCorrect": true}], "deviceID": "c66208a6b7100eb2", "ageGroup": "7-10 years", "studClass": "3", "date": "Wed Jul 03 16:34:50 IST 2019"}