{"sequenceList": [{"recordingName": "HI_S1_P_1.mp3", "isCorrect": true, "que_text": " माँ ने हलवा बनाया। वह बहुत मीठा था। उसे सोनी ने खाया। खाने के बाद वह सो गई।", "noOfMistakes": "0", "que_id": "HI_S1_P_1"}, {"recordingName": "HI_S1_ST_0.mp3", "isCorrect": true, "que_text": "बहुत दिनों से बारिश हो रही थी। गाँव में सभी जगह गंदा पानी भर गया था। सभी बारिश के रुकने की राह देख रहे थे। अचानक एक दिन बारिश रुक गई। सूरज निकल आया। सब लोग खुश हो गये। आसमान में चिड़ियाँ उड़ने लगीं। लोग अपने कपड़े सुखाने लगे। बच्चे भी घरों से बाहर निकलकर खेलने लगे।", "noOfMistakes": "0", "que_id": "HI_S1_ST_0"}, {"answer": "19", "isCorrect": false, "que_text": "67 - 48", "noOfMistakes": "1", "que_id": "HI_S1_SB_1"}, {"answer": "18", "isCorrect": true, "que_text": "56 - 37", "noOfMistakes": "1", "que_id": "HI_S1_SB_4"}, {"recordingName": "HI_S1_DD_5.mp3", "isCorrect": true, "que_text": "72", "noOfMistakes": "0", "que_id": "HI_S1_DD_5"}, {"recordingName": "HI_S1_DD_7.mp3", "isCorrect": true, "que_text": "87", "noOfMistakes": "0", "que_id": "HI_S1_DD_7"}, {"recordingName": "HI_S1_DD_1.mp3", "isCorrect": true, "que_text": "38", "noOfMistakes": "0", "que_id": "HI_S1_DD_1"}, {"recordingName": "HI_S1_DD_0.mp3", "isCorrect": true, "que_text": "65", "noOfMistakes": "0", "que_id": "HI_S1_DD_0"}, {"recordingName": "HI_S1_DD_4.mp3", "isCorrect": true, "que_text": "47", "noOfMistakes": "0", "que_id": "HI_S1_DD_4"}, {"recordingName": "HI_S1_CL_0.mp3", "isCorrect": true, "que_text": "A", "noOfMistakes": "0", "que_id": "HI_S1_CL_0"}, {"recordingName": "HI_S1_CL_3.mp3", "isCorrect": true, "que_text": "R", "noOfMistakes": "0", "que_id": "HI_S1_CL_3"}, {"recordingName": "HI_S1_CL_6.mp3", "isCorrect": true, "que_text": "N", "noOfMistakes": "0", "que_id": "HI_S1_CL_6"}, {"recordingName": "HI_S1_CL_1.mp3", "isCorrect": true, "que_text": "J", "noOfMistakes": "0", "que_id": "HI_S1_CL_1"}, {"recordingName": "HI_S1_CL_4.mp3", "isCorrect": true, "que_text": "E", "noOfMistakes": "0", "que_id": "HI_S1_CL_4"}, {"recordingName": "HI_S1_SL_0.mp3", "isCorrect": true, "que_text": "h", "noOfMistakes": "0", "que_id": "HI_S1_SL_0"}, {"recordingName": "HI_S1_SL_4.mp3", "isCorrect": true, "que_text": "m", "noOfMistakes": "0", "que_id": "HI_S1_SL_4"}, {"recordingName": "HI_S1_SL_3.mp3", "isCorrect": true, "que_text": "u", "noOfMistakes": "0", "que_id": "HI_S1_SL_3"}, {"recordingName": "HI_S1_SL_6.mp3", "isCorrect": true, "que_text": "g", "noOfMistakes": "0", "que_id": "HI_S1_SL_6"}, {"recordingName": "HI_S1_SL_2.mp3", "isCorrect": true, "que_text": "x", "noOfMistakes": "0", "que_id": "HI_S1_SL_2"}, {"recordingName": "HI_S1_W_0.mp3", "isCorrect": true, "que_text": "cat", "noOfMistakes": "0", "que_id": "HI_S1_W_0"}, {"recordingName": "HI_S1_W_5.mp3", "isCorrect": true, "que_text": "bus", "noOfMistakes": "0", "que_id": "HI_S1_W_5"}, {"recordingName": "HI_S1_W_3.mp3", "isCorrect": true, "que_text": "lip", "noOfMistakes": "0", "que_id": "HI_S1_W_3"}, {"recordingName": "HI_S1_W_4.mp3", "isCorrect": true, "que_text": "fan", "noOfMistakes": "0", "que_id": "HI_S1_W_4"}, {"recordingName": "HI_S1_W_1.mp3", "isCorrect": true, "que_text": "red", "noOfMistakes": "0", "que_id": "HI_S1_W_1"}, {"recordingName": "HI_S1_S_0.mp3", "isCorrect": true, "que_text": "Where is your house?", "noOfMistakes": "0", "que_id": "HI_S1_S_0"}, {"recordingName": "HI_S1_S_1.mp3", "isCorrect": true, "que_text": "This is a small bag.", "noOfMistakes": "0", "que_id": "HI_S1_S_1"}, {"recordingName": "HI_S1_S_2.mp3", "isCorrect": true, "que_text": "I like to read.", "noOfMistakes": "0", "que_id": "HI_S1_S_2"}, {"recordingName": "HI_S1_S_3.mp3", "isCorrect": true, "que_text": "I have a fat  dog .", "noOfMistakes": "0", "que_id": "HI_S1_S_3"}], "englishProficiency": "Sentence", "studClass": "6", "date": "Mon Sep 23 16:13:00 IST 2019", "mathematicsProficiency": "Double digit", "deviceID": "3cfeb576e535076", "ageGroup": "10-12 years", "nativeProficiency": "Story"}