{"nativeProficiency": "Paragraph", "sequenceList": [{"que_text": "फुगेवाला आला. लाल, निळे, फुगे आणले. मुलांनी फुगे घेतले. हातातून ते सुटून गेले.", "noOfMistakes": "3", "que_id": "MR_S3_P_0", "isCorrect": true, "recordingName": "MR_S3_P_0.mp3"}, {"que_text": "कौल", "noOfMistakes": "1", "que_id": "MR_S3_WD_0", "isCorrect": false, "recordingName": "MR_S3_WD_0.mp3"}, {"que_text": "लाल", "noOfMistakes": "1", "que_id": "MR_S3_WD_1", "isCorrect": true, "recordingName": "MR_S3_WD_1.mp3"}, {"que_text": "पूर", "noOfMistakes": "1", "que_id": "MR_S3_WD_2", "isCorrect": true, "recordingName": "MR_S3_WD_2.mp3"}, {"que_text": "फेटा", "noOfMistakes": "1", "que_id": "MR_S3_WD_3", "isCorrect": true, "recordingName": "MR_S3_WD_3.mp3"}, {"que_text": "मुळा", "noOfMistakes": "1", "que_id": "MR_S3_WD_4", "isCorrect": true, "recordingName": "MR_S3_WD_4.mp3"}], "deviceID": "47f79a194bb31395", "ageGroup": "7-10 years", "studClass": "3", "date": "Sun Sep 08 12:22:06 GMT+05:30 2019"}