{"englishProficiency": "Beginner", "sequenceList": [{"que_text": "पावसाळा सुरु झाला. आईने नवी तुळस लावली. तुळस भरभर वाढली. छान दिसू लागली.", "noOfMistakes": "200", "que_id": "MR_S2_P_1", "isCorrect": false, "recordingName": "MR_S2_P_1.mp3"}, {"que_text": "पतंग", "noOfMistakes": "3", "que_id": "MR_S2_WD_1", "isCorrect": false, "recordingName": "MR_S2_WD_1.mp3"}, {"que_text": "रवी", "noOfMistakes": "3", "que_id": "MR_S2_WD_4", "isCorrect": false, "recordingName": "MR_S2_WD_4.mp3"}, {"que_text": "भाजी", "noOfMistakes": "3", "que_id": "MR_S2_WD_5", "isCorrect": false, "recordingName": "MR_S2_WD_5.mp3"}, {"que_text": "ड", "noOfMistakes": "3", "que_id": "MH_S2_L_0", "isCorrect": false, "recordingName": "MH_S2_L_0.mp3"}, {"que_text": "स", "noOfMistakes": "3", "que_id": "MH_S2_L_4", "isCorrect": false, "recordingName": "MH_S2_L_4.mp3"}, {"que_text": "छ", "noOfMistakes": "3", "que_id": "MH_S2_L_7", "isCorrect": false, "recordingName": "MH_S2_L_7.mp3"}, {"que_text": "H", "noOfMistakes": "4", "que_id": "MR_S2_CL_1", "isCorrect": false, "recordingName": "MR_S2_CL_1.mp3"}, {"que_text": "R", "noOfMistakes": "4", "que_id": "MR_S2_CL_2", "isCorrect": false, "recordingName": "MR_S2_CL_2.mp3"}, {"que_text": "L", "noOfMistakes": "4", "que_id": "MR_S2_CL_3", "isCorrect": false, "recordingName": "MR_S2_CL_3.mp3"}, {"que_text": "F", "noOfMistakes": "4", "que_id": "MR_S2_CL_7", "isCorrect": false, "recordingName": "MR_S2_CL_7.mp3"}], "deviceID": "3ebaa9d14abd9a0f", "ageGroup": "5-7 years", "studClass": "1", "nativeProficiency": "Beginner", "date": "Thu Jul 04 11:22:22 GMT+05:30 2019"}