{"sequenceList": [{"recordingName": "MR_S1_P_1.mp3", "isCorrect": true, "que_text": "आज रविवार आहे. शाळेला रजा आहे. तरी आज सकाळी मला लवकर जाग आली.", "noOfMistakes": "1", "que_id": "MR_S1_P_1"}, {"recordingName": "MR_S1_ST_0.mp3", "isCorrect": false, "que_text": "दाजी आजोबा आजारी असतात. ते खूप थकलेले दिसतात. हल्ली त्यांना नीट दिसत नाही.आजोबांचा नातू रमेश त्यांची खूप काळजी घेतो. त्यांना खूप खोकलाही झाला आहे. रमेश त्यांना वेळेवर औषध देतो. नीट दिसत नसल्यामुळे आजोबा घरात बसून असतात. रमेश त्यांच्या हाताला धरून घरातल्या घरात फिरवतो. घरात बसून आजोबा जुनी गाणी ऐकतात. त्यांना नवीन गाणीही ऐकायला आवडतात. आजोबांना बरे वाटल्यावर दोघे लांबवर फिरायला जाणार आहेत.", "noOfMistakes": "4", "que_id": "MR_S1_ST_0"}, {"recordingName": "MR_S1_CL_0.mp3", "isCorrect": true, "que_text": "A", "noOfMistakes": "0", "que_id": "MR_S1_CL_0"}, {"recordingName": "MR_S1_CL_4.mp3", "isCorrect": true, "que_text": "E", "noOfMistakes": "0", "que_id": "MR_S1_CL_4"}, {"recordingName": "MR_S1_Cl_5.mp3", "isCorrect": true, "que_text": "Y", "noOfMistakes": "0", "que_id": "MR_S1_Cl_5"}, {"recordingName": "MR_S1_CL_1.mp3", "isCorrect": true, "que_text": "J", "noOfMistakes": "0", "que_id": "MR_S1_CL_1"}, {"recordingName": "MR_S1_CL_2.mp3", "isCorrect": true, "que_text": "Q", "noOfMistakes": "0", "que_id": "MR_S1_CL_2"}, {"recordingName": "MR_S1_SL_0.mp3", "isCorrect": true, "que_text": "h", "noOfMistakes": "0", "que_id": "MR_S1_SL_0"}, {"recordingName": "MR_S1_SL_1.mp3", "isCorrect": true, "que_text": "p", "noOfMistakes": "0", "que_id": "MR_S1_SL_1"}, {"recordingName": "MR_S1_SL_4.mp3", "isCorrect": true, "que_text": "m", "noOfMistakes": "0", "que_id": "MR_S1_SL_4"}, {"recordingName": "MR_S1_SL_7.mp3", "isCorrect": true, "que_text": "t", "noOfMistakes": "0", "que_id": "MR_S1_SL_7"}, {"recordingName": "MR_S1_SL_6.mp3", "isCorrect": true, "que_text": "g", "noOfMistakes": "0", "que_id": "MR_S1_SL_6"}, {"recordingName": "MR_S1_W_0.mp3", "isCorrect": true, "que_text": "cat", "noOfMistakes": "0", "que_id": "MR_S1_W_0"}, {"recordingName": "MR_S1_W_4.mp3", "isCorrect": true, "que_text": "fan", "noOfMistakes": "0", "que_id": "MR_S1_W_4"}, {"recordingName": "MR_S1_W_5.mp3", "isCorrect": true, "que_text": "bus", "noOfMistakes": "0", "que_id": "MR_S1_W_5"}, {"recordingName": "MR_S1_W_3.mp3", "isCorrect": true, "que_text": "new", "noOfMistakes": "0", "que_id": "MR_S1_W_3"}, {"recordingName": "MR_S1_W_1.mp3", "isCorrect": true, "que_text": "red", "noOfMistakes": "0", "que_id": "MR_S1_W_1"}, {"recordingName": "MR_S1_S_2.mp3", "isCorrect": true, "que_text": "I like to read.", "noOfMistakes": "0", "que_id": "MR_S1_S_2"}, {"recordingName": "MR_S1_S_0.mp3", "isCorrect": true, "que_text": "What is the time?", "noOfMistakes": "0", "que_id": "MR_S1_S_0"}, {"recordingName": "MR_S1_S_1.mp3", "isCorrect": true, "que_text": "This is a large house.", "noOfMistakes": "0", "que_id": "MR_S1_S_1"}, {"recordingName": "MR_S1_S_3.mp3", "isCorrect": true, "que_text": "She has many books.", "noOfMistakes": "0", "que_id": "MR_S1_S_3"}], "englishProficiency": "Sentence", "studClass": "5", "date": "Thu Sep 05 18:27:39 IST 2019", "mathematicsProficiency": "Test was not complete", "deviceID": "2ac89765ea5b7085", "ageGroup": "10-12 years", "nativeProficiency": "Paragraph"}