{"sequenceList": [{"recordingName": "MR_S2_P_0.mp3", "isCorrect": false, "que_text": "एकदा मी पडले. सगळे मला हसले. एकदा सोनल पडली. मी तिला हसले.", "noOfMistakes": "3", "que_id": "MR_S2_P_0"}, {"recordingName": "MR_S2_WD_4.mp3", "isCorrect": true, "que_text": "रवी", "noOfMistakes": "1", "que_id": "MR_S2_WD_4"}, {"recordingName": "MR_S2_WD_8.mp3", "isCorrect": true, "que_text": "कळी", "noOfMistakes": "1", "que_id": "MR_S2_WD_8"}, {"recordingName": "MR_S2_WD_5.mp3", "isCorrect": true, "que_text": "भाजी", "noOfMistakes": "1", "que_id": "MR_S2_WD_5"}, {"recordingName": "MR_S2_WD_1.mp3", "isCorrect": true, "que_text": "पतंग", "noOfMistakes": "1", "que_id": "MR_S2_WD_1"}, {"recordingName": "MR_S2_WD_0.mp3", "isCorrect": false, "que_text": "खडू", "noOfMistakes": "1", "que_id": "MR_S2_WD_0"}, {"answer": "-", "isCorrect": false, "que_text": "36 - 18", "noOfMistakes": "1", "que_id": "MR_S2_SB_4"}, {"recordingName": "MR_S2_DD_0.mp3", "isCorrect": false, "que_text": "76", "noOfMistakes": "4", "que_id": "MR_S2_DD_0"}, {"recordingName": "MR_S2_DD_4.mp3", "isCorrect": true, "que_text": "34", "noOfMistakes": "4", "que_id": "MR_S2_DD_4"}, {"recordingName": "MR_S2_DD_5.mp3", "isCorrect": false, "que_text": "61", "noOfMistakes": "4", "que_id": "MR_S2_DD_5"}, {"recordingName": "MR_S2_DD_7.mp3", "isCorrect": false, "que_text": "84", "noOfMistakes": "4", "que_id": "MR_S2_DD_7"}, {"recordingName": "MR_S2_DD_3.mp3", "isCorrect": false, "que_text": "99", "noOfMistakes": "4", "que_id": "MR_S2_DD_3"}, {"recordingName": "MR_S2_SD_0.mp3", "isCorrect": true, "que_text": "2", "noOfMistakes": "1", "que_id": "MR_S2_SD_0"}, {"recordingName": "MR_S2_SD_4.mp3", "isCorrect": false, "que_text": "9", "noOfMistakes": "1", "que_id": "MR_S2_SD_4"}, {"recordingName": "MR_S2_SD_5.mp3", "isCorrect": true, "que_text": "8", "noOfMistakes": "1", "que_id": "MR_S2_SD_5"}, {"recordingName": "MR_S2_SD_3.mp3", "isCorrect": true, "que_text": "5", "noOfMistakes": "1", "que_id": "MR_S2_SD_3"}, {"recordingName": "MR_S2_SD_7.mp3", "isCorrect": true, "que_text": "1", "noOfMistakes": "1", "que_id": "MR_S2_SD_7"}, {"recordingName": "MR_S2_CL_0.mp3", "isCorrect": true, "que_text": "B", "noOfMistakes": "3", "que_id": "MR_S2_CL_0"}, {"recordingName": "MR_S2_CL_4.mp3", "isCorrect": false, "que_text": "V", "noOfMistakes": "3", "que_id": "MR_S2_CL_4"}, {"recordingName": "MR_S2_CL_7.mp3", "isCorrect": false, "que_text": "F", "noOfMistakes": "3", "que_id": "MR_S2_CL_7"}, {"recordingName": "MR_S2_CL_5.mp3", "isCorrect": false, "que_text": "M", "noOfMistakes": "3", "que_id": "MR_S2_CL_5"}, {"recordingName": "MR_S2_CL_1.mp3", "isCorrect": true, "que_text": "H", "noOfMistakes": "3", "que_id": "MR_S2_CL_1"}], "englishProficiency": "Beginner", "studClass": "2", "date": "Fri Jul 05 10:48:27 GMT+05:30 2019", "mathematicsProficiency": "Single digit", "deviceID": "3ebaa9d14abd9a0f", "ageGroup": "5-7 years", "nativeProficiency": "Word"}