{"sequenceList": [{"recordingName": "HI_S2_L_1.mp3", "isCorrect": true, "que_text": "क", "noOfMistakes": "0", "que_id": "HI_S2_L_1"}, {"recordingName": "HI_S2_L_2.mp3", "isCorrect": true, "que_text": "च", "noOfMistakes": "0", "que_id": "HI_S2_L_2"}, {"recordingName": "HI_S2_L_6.mp3", "isCorrect": true, "que_text": "ह", "noOfMistakes": "0", "que_id": "HI_S2_L_6"}, {"recordingName": "HI_S2_L_3.mp3", "isCorrect": true, "que_text": "ब", "noOfMistakes": "0", "que_id": "HI_S2_L_3"}, {"recordingName": "HI_S2_L_4.mp3", "isCorrect": true, "que_text": "ल", "noOfMistakes": "0", "que_id": "HI_S2_L_4"}, {"answer": "-", "isCorrect": false, "que_text": "63-34", "noOfMistakes": "2", "que_id": "HI_S2_SB_1"}, {"answer": "-", "isCorrect": false, "que_text": "84-35", "noOfMistakes": "2", "que_id": "HI_S2_SB_3"}, {"recordingName": "HI_S2_SD_1.mp3", "isCorrect": true, "que_text": "7", "noOfMistakes": "0", "que_id": "HI_S2_SD_1"}, {"recordingName": "HI_S2_SD_6.mp3", "isCorrect": true, "que_text": "4", "noOfMistakes": "0", "que_id": "HI_S2_SD_6"}, {"recordingName": "HI_S2_SD_3.mp3", "isCorrect": true, "que_text": "5", "noOfMistakes": "0", "que_id": "HI_S2_SD_3"}, {"recordingName": "HI_S2_SD_2.mp3", "isCorrect": true, "que_text": "3", "noOfMistakes": "0", "que_id": "HI_S2_SD_2"}, {"recordingName": "HI_S2_SD_5.mp3", "isCorrect": true, "que_text": "8", "noOfMistakes": "0", "que_id": "HI_S2_SD_5"}, {"recordingName": "HI_S2_CL_0.mp3", "isCorrect": true, "que_text": "B", "noOfMistakes": "0", "que_id": "HI_S2_CL_0"}, {"recordingName": "HI_S2_CL_6.mp3", "isCorrect": true, "que_text": "P", "noOfMistakes": "0", "que_id": "HI_S2_CL_6"}, {"recordingName": "HI_S2_CL_4.mp3", "isCorrect": true, "que_text": "V", "noOfMistakes": "0", "que_id": "HI_S2_CL_4"}, {"recordingName": "HI_S2_CL_1.mp3", "isCorrect": true, "que_text": "H", "noOfMistakes": "0", "que_id": "HI_S2_CL_1"}, {"recordingName": "HI_S2_CL_5.mp3", "isCorrect": true, "que_text": "M", "noOfMistakes": "0", "que_id": "HI_S2_CL_5"}, {"recordingName": "HI_S2_SL_2.mp3", "isCorrect": true, "que_text": "o", "noOfMistakes": "1", "que_id": "HI_S2_SL_2"}, {"recordingName": "HI_S2_SL_5.mp3", "isCorrect": true, "que_text": "u", "noOfMistakes": "1", "que_id": "HI_S2_SL_5"}, {"recordingName": "HI_S2_SL_1.mp3", "isCorrect": false, "que_text": "j", "noOfMistakes": "1", "que_id": "HI_S2_SL_1"}, {"recordingName": "HI_S2_SL_0.mp3", "isCorrect": true, "que_text": "z", "noOfMistakes": "1", "que_id": "HI_S2_SL_0"}, {"recordingName": "HI_S2_SL_3.mp3", "isCorrect": true, "que_text": "w", "noOfMistakes": "1", "que_id": "HI_S2_SL_3"}, {"recordingName": "HI_S2_W_0.mp3", "isCorrect": false, "que_text": "rat", "noOfMistakes": "5", "que_id": "HI_S2_W_0"}, {"recordingName": "HI_S2_W_4.mp3", "isCorrect": false, "que_text": "man", "noOfMistakes": "5", "que_id": "HI_S2_W_4"}, {"recordingName": "HI_S2_W_5.mp3", "isCorrect": false, "que_text": "pen", "noOfMistakes": "5", "que_id": "HI_S2_W_5"}, {"recordingName": "HI_S2_W_2.mp3", "isCorrect": false, "que_text": "big", "noOfMistakes": "5", "que_id": "HI_S2_W_2"}, {"recordingName": "HI_S2_W_1.mp3", "isCorrect": false, "que_text": "hot", "noOfMistakes": "5", "que_id": "HI_S2_W_1"}], "englishProficiency": "Small letter", "studClass": "1", "date": "Wed Aug 14 17:11:22 IST 2019", "mathematicsProficiency": "Single digit", "deviceID": "c66208a6b7100eb2", "ageGroup": "5-7 years", "nativeProficiency": "Letter"}