{"englishProficiency": "word", "sequenceList": [{"que_text": "ड", "noOfMistakes": "0", "que_id": "MR_S2_L_0", "isCorrect": true, "recordingName": "MR_S2_L_0.mp3"}, {"que_text": "त", "noOfMistakes": "0", "que_id": "MR_S2_L_1", "isCorrect": true, "recordingName": "MR_S2_L_1.mp3"}, {"que_text": "म", "noOfMistakes": "0", "que_id": "MR_S2_L_2", "isCorrect": true, "recordingName": "MR_S2_L_2.mp3"}, {"que_text": "ण", "noOfMistakes": "0", "que_id": "MR_S2_L_3", "isCorrect": true, "recordingName": "MR_S2_L_3.mp3"}, {"que_text": "स", "noOfMistakes": "0", "que_id": "MR_S2_L_4", "isCorrect": true, "recordingName": "MR_S2_L_4.mp3"}, {"que_text": "खडू", "noOfMistakes": "1", "que_id": "MR_S2_WD_0", "isCorrect": false, "recordingName": "MR_S2_WD_0.mp3"}, {"que_text": "पतंग", "noOfMistakes": "1", "que_id": "MR_S2_WD_1", "isCorrect": true, "recordingName": "MR_S2_WD_1.mp3"}, {"que_text": "टोपी", "noOfMistakes": "1", "que_id": "MR_S2_WD_2", "isCorrect": true, "recordingName": "MR_S2_WD_2.mp3"}, {"que_text": "बैल", "noOfMistakes": "1", "que_id": "MR_S2_WD_3", "isCorrect": true, "recordingName": "MR_S2_WD_3.mp3"}, {"que_text": "रवी", "noOfMistakes": "1", "que_id": "MR_S2_WD_4", "isCorrect": true, "recordingName": "MR_S2_WD_4.mp3"}, {"que_text": "B", "noOfMistakes": "0", "que_id": "MR_S2_CL_0", "isCorrect": true, "recordingName": "MR_S2_CL_0.mp3"}, {"que_text": "H", "noOfMistakes": "0", "que_id": "MR_S2_CL_1", "isCorrect": true, "recordingName": "MR_S2_CL_1.mp3"}, {"que_text": "R", "noOfMistakes": "0", "que_id": "MR_S2_CL_2", "isCorrect": true, "recordingName": "MR_S2_CL_2.mp3"}, {"que_text": "L", "noOfMistakes": "0", "que_id": "MR_S2_CL_3", "isCorrect": true, "recordingName": "MR_S2_CL_3.mp3"}, {"que_text": "V", "noOfMistakes": "0", "que_id": "MR_S2_CL_4", "isCorrect": true, "recordingName": "MR_S2_CL_4.mp3"}, {"que_text": "cow", "noOfMistakes": "0", "que_id": "MR_S2_W_0", "isCorrect": true, "recordingName": "MR_S2_W_0.mp3"}, {"que_text": "wet", "noOfMistakes": "0", "que_id": "MR_S2_W_1", "isCorrect": true, "recordingName": "MR_S2_W_1.mp3"}, {"que_text": "big", "noOfMistakes": "0", "que_id": "MR_S2_W_2", "isCorrect": true, "recordingName": "MR_S2_W_2.mp3"}, {"que_text": "hat", "noOfMistakes": "0", "que_id": "MR_S2_W_3", "isCorrect": true, "recordingName": "MR_S2_W_3.mp3"}, {"que_text": "man", "noOfMistakes": "0", "que_id": "MR_S2_W_4", "isCorrect": true, "recordingName": "MR_S2_W_4.mp3"}], "deviceID": "47f79a194bb31395", "ageGroup": "7-10 years", "studClass": "3", "date": "Sun Sep 08 12:24:54 GMT+05:30 2019", "nativeProficiency": "Word"}