{"sequenceList": [{"recordingName": "MR_S3_P_1.mp3", "isCorrect": false, "que_text": "अंगणात चिमणी येते. मी तिला दाणे टाकते. चिमणी दाणे खाते. खाऊन उडून जाते.", "noOfMistakes": "200", "que_id": "MR_S3_P_1"}, {"recordingName": "MR_S3_WD_1.mp3", "isCorrect": true, "que_text": "लाल", "noOfMistakes": "0", "que_id": "MR_S3_WD_1"}, {"recordingName": "MR_S3_WD_4.mp3", "isCorrect": true, "que_text": "मुळा", "noOfMistakes": "0", "que_id": "MR_S3_WD_4"}, {"recordingName": "MR_S3_WD_8.mp3", "isCorrect": true, "que_text": "विमान", "noOfMistakes": "0", "que_id": "MR_S3_WD_8"}, {"recordingName": "MR_S3_WD_5.mp3", "isCorrect": true, "que_text": "दिवस", "noOfMistakes": "0", "que_id": "MR_S3_WD_5"}, {"recordingName": "MR_S3_WD_2.mp3", "isCorrect": true, "que_text": "पूर", "noOfMistakes": "0", "que_id": "MR_S3_WD_2"}, {"answer": "-", "isCorrect": false, "que_text": "36 - 29", "noOfMistakes": "1", "que_id": "MR_S3_SB_0"}, {"recordingName": "MR_S3_DD_0.mp3", "isCorrect": true, "que_text": "52", "noOfMistakes": "0", "que_id": "MR_S3_DD_0"}, {"recordingName": "MR_S3_DD_4.mp3", "isCorrect": true, "que_text": "55", "noOfMistakes": "0", "que_id": "MR_S3_DD_4"}, {"recordingName": "MR_S3_DD_3.mp3", "isCorrect": true, "que_text": "27", "noOfMistakes": "0", "que_id": "MR_S3_DD_3"}, {"recordingName": "MR_S3_DD_7.mp3", "isCorrect": true, "que_text": "65", "noOfMistakes": "0", "que_id": "MR_S3_DD_7"}, {"recordingName": "MR_S3_DD_5.mp3", "isCorrect": true, "que_text": "28", "noOfMistakes": "0", "que_id": "MR_S3_DD_5"}, {"recordingName": "MR_S3_CL_0.mp3", "isCorrect": true, "que_text": "C", "noOfMistakes": "0", "que_id": "MR_S3_CL_0"}, {"recordingName": "MR_S3_CL_4.mp3", "isCorrect": true, "que_text": "F", "noOfMistakes": "0", "que_id": "MR_S3_CL_4"}, {"recordingName": "MR_S3_CL_5.mp3", "isCorrect": true, "que_text": "W", "noOfMistakes": "0", "que_id": "MR_S3_CL_5"}, {"recordingName": "MR_S3_CL_3.mp3", "isCorrect": true, "que_text": "Q", "noOfMistakes": "0", "que_id": "MR_S3_CL_3"}, {"recordingName": "MR_S3_CL_7.mp3", "isCorrect": true, "que_text": "P", "noOfMistakes": "0", "que_id": "MR_S3_CL_7"}, {"recordingName": "MR_S3_SL_1.mp3", "isCorrect": true, "que_text": "p", "noOfMistakes": "0", "que_id": "MR_S3_SL_1"}, {"recordingName": "MR_S3_SL_4.mp3", "isCorrect": true, "que_text": "e", "noOfMistakes": "0", "que_id": "MR_S3_SL_4"}, {"recordingName": "MR_S3_SL_5.mp3", "isCorrect": true, "que_text": "j", "noOfMistakes": "0", "que_id": "MR_S3_SL_5"}, {"recordingName": "MR_S3_SL_3.mp3", "isCorrect": true, "que_text": "v", "noOfMistakes": "0", "que_id": "MR_S3_SL_3"}, {"recordingName": "MR_S3_SL_7.mp3", "isCorrect": true, "que_text": "b", "noOfMistakes": "0", "que_id": "MR_S3_SL_7"}, {"recordingName": "MR_S3_W_1.mp3", "isCorrect": false, "que_text": "old", "noOfMistakes": "2", "que_id": "MR_S3_W_1"}, {"recordingName": "MR_S3_W_4.mp3", "isCorrect": false, "que_text": "rat", "noOfMistakes": "2", "que_id": "MR_S3_W_4"}], "englishProficiency": "Small letter", "studClass": "1", "date": "Fri Jul 12 15:40:02 GMT+05:30 2019", "mathematicsProficiency": "Double digit", "deviceID": "3ebaa9d14abd9a0f", "ageGroup": "5-7 years", "nativeProficiency": "Word"}