{"date": "Thu Sep 05 13:31:17 IST 2019", "sequenceList": [{"recordingName": "MR_S4_ST_0.mp3", "isCorrect": true, "que_text": "एक होती आजी. एकदा तिला तिच्या बहिणीचे पत्र आले. आजीला तिने आपल्या घरी पूजेला बोलाविले होते. आजीने आपल्या सामानाचे गाठोडे बांधले. निघताना तिने घराला कुलूप लावले. ती प्रवासाला पायी निघाली. वाटेत आजीला झरा दिसला. चालून चालून थकल्याने ती झऱ्याकाठी बसली. थोडे खाऊन तिने थंड पाणी प्यायले आणि ती झोपी गेली. काहीं वेळाने समोरून एक टांगा आला. टांग्यातील माणसाने तिला बहिणीकडे सोडले. आजीने त्याचे आभार मानले आणि ती घरात गेली.", "noOfMistakes": "0", "que_id": "MR_S4_ST_0"}, {"recordingName": "MR_S4_S_1.mp3", "isCorrect": true, "que_text": "This is a small door.", "noOfMistakes": "0", "que_id": "MR_S4_S_1"}, {"recordingName": "MR_S4_S_2.mp3", "isCorrect": true, "que_text": "I like to sleep.", "noOfMistakes": "0", "que_id": "MR_S4_S_2"}, {"recordingName": "MR_S4_S_3.mp3", "isCorrect": true, "que_text": "He has a blue shirt.", "noOfMistakes": "0", "que_id": "MR_S4_S_3"}, {"recordingName": "MR_S4_S_0.mp3", "isCorrect": true, "que_text": "What is the time?", "noOfMistakes": "0", "que_id": "MR_S4_S_0"}], "englishProficiency": "Sentence", "studClass": "6", "deviceID": "4ef210ea40deb34c", "ageGroup": "10-12 years", "nativeProficiency": "Story"}