{"nativeProficiency": "Word", "sequenceList": [{"que_text": "नाक", "noOfMistakes": "0", "que_id": "HI_S3_WD_0", "recordingName": "HI_S3_WD_0.mp3", "isCorrect": true}, {"que_text": "माला", "noOfMistakes": "0", "que_id": "HI_S3_WD_8", "recordingName": "HI_S3_WD_8.mp3", "isCorrect": true}, {"que_text": "रोटी", "noOfMistakes": "0", "que_id": "HI_S3_WD_6", "recordingName": "HI_S3_WD_6.mp3", "isCorrect": true}, {"que_text": "मैना", "noOfMistakes": "0", "que_id": "HI_S3_WD_4", "recordingName": "HI_S3_WD_4.mp3", "isCorrect": true}, {"que_text": "चूहा", "noOfMistakes": "0", "que_id": "HI_S3_WD_2", "recordingName": "HI_S3_WD_2.mp3", "isCorrect": true}], "deviceID": "c66208a6b7100eb2", "ageGroup": "7-10 years", "studClass": "2", "date": "Wed Jul 17 16:41:23 IST 2019"}