{"englishProficiency": "Small letter", "sequenceList": [{"que_text": "आज गावाहून मामा आला. मला खाऊ व फुगे घेऊन आला. ताईला बाहुली घेऊन आला. आईला छान साडी आणली.", "noOfMistakes": "200", "que_id": "MR_S1_P_0", "isCorrect": false, "recordingName": "MR_S1_P_0.mp3"}, {"que_text": "बस", "noOfMistakes": "2", "que_id": "MR_S1_WD_1", "isCorrect": false, "recordingName": "MR_S1_WD_1.mp3"}, {"que_text": "मोती", "noOfMistakes": "2", "que_id": "MR_S1_WD_5", "isCorrect": false, "recordingName": "MR_S1_WD_5.mp3"}, {"que_text": "श", "noOfMistakes": "0", "que_id": "MR_S1_L_0", "isCorrect": true, "recordingName": "MR_S1_L_0.mp3"}, {"que_text": "द", "noOfMistakes": "0", "que_id": "MR_S1_L_5", "isCorrect": true, "recordingName": "MR_S1_L_5.mp3"}, {"que_text": "स", "noOfMistakes": "0", "que_id": "MR_S1_L_2", "isCorrect": true, "recordingName": "MR_S1_L_2.mp3"}, {"que_text": "त", "noOfMistakes": "0", "que_id": "MR_S1_L_8", "isCorrect": true, "recordingName": "MR_S1_L_8.mp3"}, {"que_text": "ज", "noOfMistakes": "0", "que_id": "MR_S1_L_6", "isCorrect": true, "recordingName": "MR_S1_L_6.mp3"}, {"que_text": "A", "noOfMistakes": "1", "que_id": "MR_S1_CL_0", "isCorrect": true, "recordingName": "MR_S1_CL_0.mp3"}, {"que_text": "Q", "noOfMistakes": "1", "que_id": "MR_S1_CL_2", "isCorrect": false, "recordingName": "MR_S1_CL_2.mp3"}, {"que_text": "R", "noOfMistakes": "1", "que_id": "MR_S1_CL_3", "isCorrect": true, "recordingName": "MR_S1_CL_3.mp3"}, {"que_text": "O", "noOfMistakes": "1", "que_id": "MR_S1_CL_7", "isCorrect": true, "recordingName": "MR_S1_CL_7.mp3"}, {"que_text": "N", "noOfMistakes": "1", "que_id": "MR_S1_CL_6", "isCorrect": true, "recordingName": "MR_S1_CL_6.mp3"}, {"que_text": "m", "noOfMistakes": "2", "que_id": "MR_S1_SL_4", "isCorrect": true, "recordingName": "MR_S1_SL_4.mp3"}, {"que_text": "d", "noOfMistakes": "2", "que_id": "MR_S1_SL_5", "isCorrect": false, "recordingName": "MR_S1_SL_5.mp3"}, {"que_text": "x", "noOfMistakes": "2", "que_id": "MR_S1_SL_2", "isCorrect": true, "recordingName": "MR_S1_SL_2.mp3"}, {"que_text": "g", "noOfMistakes": "2", "que_id": "MR_S1_SL_6", "isCorrect": false, "recordingName": "MR_S1_SL_6.mp3"}], "deviceID": "2a595d8d0d2c5a1b", "ageGroup": "7-10 years", "studClass": "3", "date": "Sun Sep 08 12:10:36 IST 2019", "nativeProficiency": "Letter"}