{"sequenceList": [{"recordingName": "HI_S3_ST_0.mp3", "isCorrect": true, "que_text": "विमला और अजय मेला देखने गये। उन्हें मेले में तरह-तरह की दुकाने दिखीं। मेले में बहुत झूले थे। वहाँ गरम-गरम हलवा और जलेबियाँ भी बिक रहीं थीं। जलेबी देखकर दोनों के मुँह में पानी आने लगा। उन्हें जलेबी खाने का मन हुआ। विमला ने जलेबी खरीदी। दोनों दोस्तों ने मिलकर जलेबी खाई। शाम को दोनों घर लौट आये।", "noOfMistakes": "0", "que_id": "HI_S3_ST_0"}, {"answer": "27", "isCorrect": true, "que_text": "56 - 29", "noOfMistakes": "0", "que_id": "HI_S3_SB_0"}, {"answer": "27", "isCorrect": true, "que_text": "64 - 39", "noOfMistakes": "0", "que_id": "HI_S3_SB_1"}, {"noOfMistakes": "0", "que_id": "HI_S3_D_0", "answer": "122", "remainder": "8171619163", "isCorrect": true, "que_text": "979 / 8"}, {"recordingName": "HI_S3_W_0.mp3", "isCorrect": true, "que_text": "hen", "noOfMistakes": "0", "que_id": "HI_S3_W_0"}, {"recordingName": "HI_S3_W_1.mp3", "isCorrect": true, "que_text": "old", "noOfMistakes": "0", "que_id": "HI_S3_W_1"}, {"recordingName": "HI_S3_W_2.mp3", "isCorrect": true, "que_text": "sit", "noOfMistakes": "0", "que_id": "HI_S3_W_2"}, {"recordingName": "HI_S3_W_3.mp3", "isCorrect": true, "que_text": "run", "noOfMistakes": "0", "que_id": "HI_S3_W_3"}, {"recordingName": "HI_S3_W_4.mp3", "isCorrect": true, "que_text": "fox", "noOfMistakes": "0", "que_id": "HI_S3_W_4"}], "englishProficiency": "word", "studClass": "8", "date": "Mon Sep 23 13:47:10 IST 2019", "mathematicsProficiency": "Division", "deviceID": "220cd12b34bb1b28", "ageGroup": "12-15 years", "nativeProficiency": "Story"}