{"englishProficiency": "Small letter", "sequenceList": [{"que_text": "A", "noOfMistakes": "0", "que_id": "HI_S1_CL_0", "isCorrect": true, "recordingName": "HI_S1_CL_0.mp3"}, {"que_text": "J", "noOfMistakes": "0", "que_id": "HI_S1_CL_1", "isCorrect": true, "recordingName": "HI_S1_CL_1.mp3"}, {"que_text": "Q", "noOfMistakes": "0", "que_id": "HI_S1_CL_2", "isCorrect": true, "recordingName": "HI_S1_CL_2.mp3"}, {"que_text": "R", "noOfMistakes": "0", "que_id": "HI_S1_CL_3", "isCorrect": true, "recordingName": "HI_S1_CL_3.mp3"}, {"que_text": "E", "noOfMistakes": "0", "que_id": "HI_S1_CL_4", "isCorrect": true, "recordingName": "HI_S1_CL_4.mp3"}, {"que_text": "cat", "noOfMistakes": "2", "que_id": "HI_S1_W_0", "isCorrect": true, "recordingName": "HI_S1_W_0.mp3"}, {"que_text": "red", "noOfMistakes": "2", "que_id": "HI_S1_W_1", "isCorrect": true, "recordingName": "HI_S1_W_1.mp3"}, {"que_text": "sun", "noOfMistakes": "2", "que_id": "HI_S1_W_2", "isCorrect": true, "recordingName": "HI_S1_W_2.mp3"}, {"que_text": "lip", "noOfMistakes": "2", "que_id": "HI_S1_W_3", "isCorrect": false, "recordingName": "HI_S1_W_3.mp3"}, {"que_text": "fan", "noOfMistakes": "2", "que_id": "HI_S1_W_4", "isCorrect": false, "recordingName": "HI_S1_W_4.mp3"}], "deviceID": "c983896e32d4ba2a", "ageGroup": "10-12 years", "studClass": "5", "date": "Wed Sep 04 17:36:06 IST 2019", "nativeProficiency": "Letter"}