{"sequenceList": [{"recordingName": "MR_S3_P_0.mp3", "isCorrect": false, "que_text": "फुगेवाला आला. लाल, निळे, फुगे आणले. मुलांनी फुगे घेतले. हातातून ते सुटून गेले.", "noOfMistakes": "200", "que_id": "MR_S3_P_0"}, {"recordingName": "MR_S3_WD_1.mp3", "isCorrect": false, "que_text": "लाल", "noOfMistakes": "2", "que_id": "MR_S3_WD_1"}, {"recordingName": "MR_S3_WD_5.mp3", "isCorrect": false, "que_text": "दिवस", "noOfMistakes": "2", "que_id": "MR_S3_WD_5"}, {"recordingName": "MH_S3_L_1.mp3", "isCorrect": false, "que_text": "स", "noOfMistakes": "3", "que_id": "MH_S3_L_1"}, {"recordingName": "MH_S3_L_7.mp3", "isCorrect": false, "que_text": "र", "noOfMistakes": "3", "que_id": "MH_S3_L_7"}, {"recordingName": "MH_S3_L_4.mp3", "isCorrect": false, "que_text": "न", "noOfMistakes": "3", "que_id": "MH_S3_L_4"}, {"recordingName": "MR_S3_SD_0.mp3", "isCorrect": true, "que_text": "1", "noOfMistakes": "1", "que_id": "MR_S3_SD_0"}, {"recordingName": "MR_S3_SD_7.mp3", "isCorrect": true, "que_text": "2", "noOfMistakes": "1", "que_id": "MR_S3_SD_7"}, {"recordingName": "MR_S3_SD_1.mp3", "isCorrect": true, "que_text": "4", "noOfMistakes": "1", "que_id": "MR_S3_SD_1"}, {"recordingName": "MR_S3_SD_3.mp3", "isCorrect": false, "que_text": "3", "noOfMistakes": "1", "que_id": "MR_S3_SD_3"}, {"recordingName": "MR_S3_SD_4.mp3", "isCorrect": true, "que_text": "6", "noOfMistakes": "1", "que_id": "MR_S3_SD_4"}, {"recordingName": "MR_S3_CL_0.mp3", "isCorrect": false, "que_text": "C", "noOfMistakes": "3", "que_id": "MR_S3_CL_0"}, {"recordingName": "MR_S3_CL_4.mp3", "isCorrect": false, "que_text": "F", "noOfMistakes": "3", "que_id": "MR_S3_CL_4"}, {"recordingName": "MR_S3_CL_3.mp3", "isCorrect": false, "que_text": "Q", "noOfMistakes": "3", "que_id": "MR_S3_CL_3"}], "englishProficiency": "Beginner", "studClass": "1", "date": "Mon Jul 15 17:27:42 GMT+05:30 2019", "mathematicsProficiency": "Single digit", "deviceID": "3ebaa9d14abd9a0f", "ageGroup": "5-7 years", "nativeProficiency": "Beginner"}