{"englishProficiency": "Beginner", "sequenceList": [{"que_text": "क", "noOfMistakes": "1", "que_id": "HI_S3_L_1", "isCorrect": true, "recordingName": "HI_S3_L_1.mp3"}, {"que_text": "च", "noOfMistakes": "1", "que_id": "HI_S3_L_2", "isCorrect": true, "recordingName": "HI_S3_L_2.mp3"}, {"que_text": "ल", "noOfMistakes": "1", "que_id": "HI_S3_L_4", "isCorrect": true, "recordingName": "HI_S3_L_4.mp3"}, {"que_text": "त", "noOfMistakes": "1", "que_id": "HI_S3_L_7", "isCorrect": false, "recordingName": "HI_S3_L_7.mp3"}, {"que_text": "म", "noOfMistakes": "1", "que_id": "HI_S3_L_8", "isCorrect": true, "recordingName": "HI_S3_L_8.mp3"}, {"que_text": "C", "noOfMistakes": "4", "que_id": "HI_S3_CL_0", "isCorrect": false, "recordingName": "HI_S3_CL_0.mp3"}, {"que_text": "S", "noOfMistakes": "4", "que_id": "HI_S3_CL_2", "isCorrect": false, "recordingName": "HI_S3_CL_2.mp3"}, {"que_text": "K", "noOfMistakes": "4", "que_id": "HI_S3_CL_1", "isCorrect": false, "recordingName": "HI_S3_CL_1.mp3"}, {"que_text": "F", "noOfMistakes": "4", "que_id": "HI_S3_CL_4", "isCorrect": false, "recordingName": "HI_S3_CL_4.mp3"}, {"que_text": "W", "noOfMistakes": "4", "que_id": "HI_S3_CL_5", "isCorrect": true, "recordingName": "HI_S3_CL_5.mp3"}], "deviceID": "c66208a6b7100eb2", "ageGroup": "5-7 years", "studClass": "1", "nativeProficiency": "Letter", "date": "Fri Jul 05 17:05:43 IST 2019"}