{"sequenceList": [{"recordingName": "HI_S3_L_1.mp3", "isCorrect": true, "que_text": "क", "noOfMistakes": "1", "que_id": "HI_S3_L_1"}, {"recordingName": "HI_S3_L_2.mp3", "isCorrect": true, "que_text": "च", "noOfMistakes": "1", "que_id": "HI_S3_L_2"}, {"recordingName": "HI_S3_L_4.mp3", "isCorrect": true, "que_text": "ल", "noOfMistakes": "1", "que_id": "HI_S3_L_4"}, {"recordingName": "HI_S3_L_7.mp3", "isCorrect": false, "que_text": "त", "noOfMistakes": "1", "que_id": "HI_S3_L_7"}, {"recordingName": "HI_S3_L_8.mp3", "isCorrect": true, "que_text": "म", "noOfMistakes": "1", "que_id": "HI_S3_L_8"}, {"recordingName": "HI_S3_SD_2.mp3", "isCorrect": false, "que_text": "7", "noOfMistakes": "2", "que_id": "HI_S3_SD_2"}, {"recordingName": "HI_S3_SD_0.mp3", "isCorrect": true, "que_text": "1", "noOfMistakes": "2", "que_id": "HI_S3_SD_0"}, {"recordingName": "HI_S3_SD_7.mp3", "isCorrect": true, "que_text": "2", "noOfMistakes": "2", "que_id": "HI_S3_SD_7"}, {"recordingName": "HI_S3_SD_4.mp3", "isCorrect": false, "que_text": "6", "noOfMistakes": "2", "que_id": "HI_S3_SD_4"}, {"recordingName": "HI_S3_SD_3.mp3", "isCorrect": true, "que_text": "3", "noOfMistakes": "2", "que_id": "HI_S3_SD_3"}, {"recordingName": "HI_S3_CL_0.mp3", "isCorrect": false, "que_text": "C", "noOfMistakes": "4", "que_id": "HI_S3_CL_0"}, {"recordingName": "HI_S3_CL_2.mp3", "isCorrect": false, "que_text": "S", "noOfMistakes": "4", "que_id": "HI_S3_CL_2"}, {"recordingName": "HI_S3_CL_1.mp3", "isCorrect": false, "que_text": "K", "noOfMistakes": "4", "que_id": "HI_S3_CL_1"}, {"recordingName": "HI_S3_CL_4.mp3", "isCorrect": false, "que_text": "F", "noOfMistakes": "4", "que_id": "HI_S3_CL_4"}, {"recordingName": "HI_S3_CL_5.mp3", "isCorrect": true, "que_text": "W", "noOfMistakes": "4", "que_id": "HI_S3_CL_5"}], "englishProficiency": "Beginner", "studClass": "1", "date": "Fri Jul 05 17:05:43 IST 2019", "mathematicsProficiency": "Beginner", "deviceID": "c66208a6b7100eb2", "ageGroup": "5-7 years", "nativeProficiency": "Letter"}