{"sequenceList": [{"recordingName": "HI_S1_L_8.mp3", "isCorrect": false, "que_text": "क", "noOfMistakes": "4", "que_id": "HI_S1_L_8"}, {"recordingName": "HI_S1_L_2.mp3", "isCorrect": false, "que_text": "थ", "noOfMistakes": "4", "que_id": "HI_S1_L_2"}, {"recordingName": "HI_S1_L_1.mp3", "isCorrect": false, "que_text": "र", "noOfMistakes": "4", "que_id": "HI_S1_L_1"}, {"recordingName": "HI_S1_L_3.mp3", "isCorrect": false, "que_text": "ह", "noOfMistakes": "4", "que_id": "HI_S1_L_3"}, {"recordingName": "HI_S1_SD_2.mp3", "isCorrect": false, "que_text": "1", "noOfMistakes": "4", "que_id": "HI_S1_SD_2"}, {"recordingName": "HI_S1_SD_7.mp3", "isCorrect": false, "que_text": "2", "noOfMistakes": "4", "que_id": "HI_S1_SD_7"}, {"recordingName": "HI_S1_SD_0.mp3", "isCorrect": false, "que_text": "3", "noOfMistakes": "4", "que_id": "HI_S1_SD_0"}, {"recordingName": "HI_S1_SD_6.mp3", "isCorrect": false, "que_text": "5", "noOfMistakes": "4", "que_id": "HI_S1_SD_6"}, {"recordingName": "HI_S1_CL_0.mp3", "isCorrect": false, "que_text": "A", "noOfMistakes": "4", "que_id": "HI_S1_CL_0"}, {"recordingName": "HI_S1_CL_7.mp3", "isCorrect": false, "que_text": "O", "noOfMistakes": "4", "que_id": "HI_S1_CL_7"}, {"recordingName": "HI_S1_CL_1.mp3", "isCorrect": false, "que_text": "J", "noOfMistakes": "4", "que_id": "HI_S1_CL_1"}, {"recordingName": "HI_S1_CL_4.mp3", "isCorrect": false, "que_text": "E", "noOfMistakes": "4", "que_id": "HI_S1_CL_4"}], "englishProficiency": "Beginner", "studClass": "1", "date": "Mon Aug 26 17:08:46 GMT+05:30 2019", "mathematicsProficiency": "Beginner", "deviceID": "ebaa26065aba20e5", "ageGroup": "5-7 years", "nativeProficiency": "Beginner"}