{"englishProficiency": "Small letter", "sequenceList": [{"que_text": "नानी", "noOfMistakes": "1", "que_id": "HI_S1_WD_3", "isCorrect": true, "recordingName": "HI_S1_WD_3.mp3"}, {"que_text": "पीला", "noOfMistakes": "1", "que_id": "HI_S1_WD_6", "isCorrect": false, "recordingName": "HI_S1_WD_6.mp3"}, {"que_text": "काम", "noOfMistakes": "1", "que_id": "HI_S1_WD_5", "isCorrect": true, "recordingName": "HI_S1_WD_5.mp3"}, {"que_text": "कैसा", "noOfMistakes": "1", "que_id": "HI_S1_WD_1", "isCorrect": true, "recordingName": "HI_S1_WD_1.mp3"}, {"que_text": "फूल", "noOfMistakes": "1", "que_id": "HI_S1_WD_7", "isCorrect": true, "recordingName": "HI_S1_WD_7.mp3"}, {"que_text": "B", "noOfMistakes": "0", "que_id": "HI_S2_CL_0", "isCorrect": true, "recordingName": "HI_S2_CL_0.mp3"}, {"que_text": "L", "noOfMistakes": "0", "que_id": "HI_S2_CL_3", "isCorrect": true, "recordingName": "HI_S2_CL_3.mp3"}, {"que_text": "V", "noOfMistakes": "0", "que_id": "HI_S2_CL_4", "isCorrect": true, "recordingName": "HI_S2_CL_4.mp3"}, {"que_text": "M", "noOfMistakes": "0", "que_id": "HI_S2_CL_5", "isCorrect": true, "recordingName": "HI_S2_CL_5.mp3"}, {"que_text": "R", "noOfMistakes": "0", "que_id": "HI_S2_CL_2", "isCorrect": true, "recordingName": "HI_S2_CL_2.mp3"}, {"que_text": "w", "noOfMistakes": "0", "que_id": "HI_S2_SL_3", "isCorrect": true, "recordingName": "HI_S2_SL_3.mp3"}, {"que_text": "s", "noOfMistakes": "0", "que_id": "HI_S2_SL_6", "isCorrect": true, "recordingName": "HI_S2_SL_6.mp3"}, {"que_text": "u", "noOfMistakes": "0", "que_id": "HI_S2_SL_5", "isCorrect": true, "recordingName": "HI_S2_SL_5.mp3"}, {"que_text": "g", "noOfMistakes": "0", "que_id": "HI_S2_SL_4", "isCorrect": true, "recordingName": "HI_S2_SL_4.mp3"}, {"que_text": "k", "noOfMistakes": "0", "que_id": "HI_S2_SL_7", "isCorrect": true, "recordingName": "HI_S2_SL_7.mp3"}], "deviceID": "ebaa26065aba20e5", "ageGroup": "10-12 years", "studClass": "2", "nativeProficiency": "Word", "date": "Tue Aug 20 16:50:16 GMT+05:30 2019"}