{"sequenceList": [{"recordingName": "MR_S4_L_4.mp3", "isCorrect": false, "que_text": "फ", "noOfMistakes": "2", "que_id": "MR_S4_L_4"}, {"recordingName": "MR_S4_L_8.mp3", "isCorrect": false, "que_text": "ढ", "noOfMistakes": "2", "que_id": "MR_S4_L_8"}, {"recordingName": "MR_S4_SD_7.mp3", "isCorrect": false, "que_text": "1", "noOfMistakes": "1", "que_id": "MR_S4_SD_7"}, {"recordingName": "MR_S4_CL_0.mp3", "isCorrect": false, "que_text": "D", "noOfMistakes": "3", "que_id": "MR_S4_CL_0"}, {"recordingName": "MR_S4_CL_4.mp3", "isCorrect": false, "que_text": "G", "noOfMistakes": "3", "que_id": "MR_S4_CL_4"}, {"recordingName": "MR_S4_CL_5.mp3", "isCorrect": false, "que_text": "X", "noOfMistakes": "3", "que_id": "MR_S4_CL_5"}], "englishProficiency": "Beginner", "studClass": "1", "date": "Tue Aug 06 13:17:55 GMT+05:30 2019", "mathematicsProficiency": "Beginner", "deviceID": "3ebaa9d14abd9a0f", "ageGroup": "5-7 years", "nativeProficiency": "Beginner"}