{"englishProficiency": "Sentence", "sequenceList": [{"que_text": "फुगेवाला आला. लाल, निळे, फुगे आणले. मुलांनी फुगे घेतले. हातातून ते सुटून गेले.", "noOfMistakes": "1", "que_id": "MR_S3_P_0", "isCorrect": true, "recordingName": "MR_S3_P_0.mp3"}, {"que_text": "Where is your house?", "noOfMistakes": "2", "que_id": "MR_S3_S_0", "isCorrect": false, "recordingName": "MR_S3_S_0.mp3"}, {"que_text": "This is a tall tree.", "noOfMistakes": "0", "que_id": "MR_S3_S_1", "isCorrect": true, "recordingName": "MR_S3_S_1.mp3"}, {"que_text": "I like to sing.", "noOfMistakes": "0", "que_id": "MR_S3_S_2", "isCorrect": true, "recordingName": "MR_S3_S_2.mp3"}, {"que_text": "She has a red dress.", "noOfMistakes": "0", "que_id": "MR_S3_S_3", "isCorrect": true, "recordingName": "MR_S3_S_3.mp3"}], "deviceID": "fa698d33d358ac32", "ageGroup": "12-15 years", "studClass": "7", "date": "Wed Sep 04 13:46:08 IST 2019", "nativeProficiency": "Paragraph"}