{"englishProficiency": "Beginner", "sequenceList": [{"que_text": "स", "noOfMistakes": "2", "que_id": "MH_S2_L_4", "isCorrect": false, "recordingName": "MH_S2_L_4.mp3"}, {"que_text": "क", "noOfMistakes": "2", "que_id": "MH_S2_L_5", "isCorrect": false, "recordingName": "MH_S2_L_5.mp3"}, {"que_text": "H", "noOfMistakes": "2", "que_id": "MR_S2_CL_1", "isCorrect": false, "recordingName": "MR_S2_CL_1.mp3"}, {"que_text": "R", "noOfMistakes": "2", "que_id": "MR_S2_CL_2", "isCorrect": false, "recordingName": "MR_S2_CL_2.mp3"}], "deviceID": "3ebaa9d14abd9a0f", "ageGroup": "5-7 years", "studClass": "1", "nativeProficiency": "Beginner", "date": "Wed Aug 07 13:01:23 GMT+05:30 2019"}