{"englishProficiency": "Sentence", "sequenceList": [{"que_text": "K", "noOfMistakes": "0", "que_id": "MR_S3_CL_1", "isCorrect": true, "recordingName": "MR_S3_CL_1.mp3"}, {"que_text": "S", "noOfMistakes": "0", "que_id": "MR_S3_CL_2", "isCorrect": true, "recordingName": "MR_S3_CL_2.mp3"}, {"que_text": "F", "noOfMistakes": "0", "que_id": "MR_S3_CL_4", "isCorrect": true, "recordingName": "MR_S3_CL_4.mp3"}, {"que_text": "Q", "noOfMistakes": "0", "que_id": "MR_S3_CL_3", "isCorrect": true, "recordingName": "MR_S3_CL_3.mp3"}, {"que_text": "P", "noOfMistakes": "0", "que_id": "MR_S3_CL_7", "isCorrect": true, "recordingName": "MR_S3_CL_7.mp3"}, {"que_text": "g", "noOfMistakes": "0", "que_id": "MR_S3_SL_2", "isCorrect": true, "recordingName": "MR_S3_SL_2.mp3"}, {"que_text": "e", "noOfMistakes": "0", "que_id": "MR_S3_SL_4", "isCorrect": true, "recordingName": "MR_S3_SL_4.mp3"}, {"que_text": "j", "noOfMistakes": "0", "que_id": "MR_S3_SL_5", "isCorrect": true, "recordingName": "MR_S3_SL_5.mp3"}, {"que_text": "v", "noOfMistakes": "0", "que_id": "MR_S3_SL_3", "isCorrect": true, "recordingName": "MR_S3_SL_3.mp3"}, {"que_text": "p", "noOfMistakes": "0", "que_id": "MR_S3_SL_1", "isCorrect": true, "recordingName": "MR_S3_SL_1.mp3"}, {"que_text": "day", "noOfMistakes": "0", "que_id": "MR_S3_W_0", "isCorrect": true, "recordingName": "MR_S3_W_0.mp3"}, {"que_text": "bag", "noOfMistakes": "0", "que_id": "MR_S3_W_5", "isCorrect": true, "recordingName": "MR_S3_W_5.mp3"}, {"que_text": "run", "noOfMistakes": "0", "que_id": "MR_S3_W_3", "isCorrect": true, "recordingName": "MR_S3_W_3.mp3"}, {"que_text": "old", "noOfMistakes": "0", "que_id": "MR_S3_W_1", "isCorrect": true, "recordingName": "MR_S3_W_1.mp3"}, {"que_text": "rat", "noOfMistakes": "0", "que_id": "MR_S3_W_4", "isCorrect": true, "recordingName": "MR_S3_W_4.mp3"}, {"que_text": "Where is your house?", "noOfMistakes": "0", "que_id": "MR_S3_S_0", "isCorrect": true, "recordingName": "MR_S3_S_0.mp3"}, {"que_text": "This is a tall tree.", "noOfMistakes": "0", "que_id": "MR_S3_S_1", "isCorrect": true, "recordingName": "MR_S3_S_1.mp3"}, {"que_text": "I like to sing.", "noOfMistakes": "0", "que_id": "MR_S3_S_2", "isCorrect": true, "recordingName": "MR_S3_S_2.mp3"}], "deviceID": "7b46251fd9e69d80", "ageGroup": "10-12 years", "studClass": "6", "date": "Wed Sep 04 18:46:13 IST 2019", "nativeProficiency": "Letter"}