{"date": "Sun Sep 08 14:06:59 IST 2019", "sequenceList": [{"recordingName": "MR_S4_P_0.mp3", "isCorrect": false, "que_text": "गीता बागेत आली. तिकडे तिला मंजू भेटली. दोघींनी जोरात झोका घेतला. आज खूपच मजा आली.", "noOfMistakes": "200", "que_id": "MR_S4_P_0"}, {"recordingName": "MR_S4_WD_1.mp3", "isCorrect": false, "que_text": "फेटा", "noOfMistakes": "5", "que_id": "MR_S4_WD_1"}, {"recordingName": "MR_S4_WD_2.mp3", "isCorrect": false, "que_text": "झाडू", "noOfMistakes": "5", "que_id": "MR_S4_WD_2"}, {"recordingName": "MR_S4_WD_5.mp3", "isCorrect": false, "que_text": "लाल", "noOfMistakes": "5", "que_id": "MR_S4_WD_5"}, {"recordingName": "MR_S4_WD_4.mp3", "isCorrect": false, "que_text": "विमान", "noOfMistakes": "5", "que_id": "MR_S4_WD_4"}, {"recordingName": "MR_S4_WD_7.mp3", "isCorrect": false, "que_text": "केळे", "noOfMistakes": "5", "que_id": "MR_S4_WD_7"}, {"recordingName": "MR_S4_L_4.mp3", "isCorrect": false, "que_text": "फ", "noOfMistakes": "2", "que_id": "MR_S4_L_4"}, {"recordingName": "MR_S4_L_2.mp3", "isCorrect": true, "que_text": "ल", "noOfMistakes": "2", "que_id": "MR_S4_L_2"}, {"recordingName": "MR_S4_L_8.mp3", "isCorrect": false, "que_text": "ढ", "noOfMistakes": "2", "que_id": "MR_S4_L_8"}, {"recordingName": "MR_S4_CL_0.mp3", "isCorrect": false, "que_text": "D", "noOfMistakes": "2", "que_id": "MR_S4_CL_0"}, {"recordingName": "MR_S4_CL_4.mp3", "isCorrect": false, "que_text": "G", "noOfMistakes": "2", "que_id": "MR_S4_CL_4"}], "englishProficiency": "Beginner", "studClass": "1", "deviceID": "2a595d8d0d2c5a1b", "ageGroup": "5-7 years", "nativeProficiency": "Beginner"}