{"englishProficiency": "Small letter", "sequenceList": [{"que_text": "एकदा मी पडले. सगळे मला हसले. एकदा सोनल पडली. मी तिला हसले.", "noOfMistakes": "200", "que_id": "MR_S2_P_0", "isCorrect": false, "recordingName": "MR_S2_P_0.mp3"}, {"que_text": "पतंग", "noOfMistakes": "1", "que_id": "MR_S2_WD_1", "isCorrect": true, "recordingName": "MR_S2_WD_1.mp3"}, {"que_text": "रवी", "noOfMistakes": "1", "que_id": "MR_S2_WD_4", "isCorrect": true, "recordingName": "MR_S2_WD_4.mp3"}, {"que_text": "बैल", "noOfMistakes": "1", "que_id": "MR_S2_WD_3", "isCorrect": true, "recordingName": "MR_S2_WD_3.mp3"}, {"que_text": "खडू", "noOfMistakes": "1", "que_id": "MR_S2_WD_0", "isCorrect": false, "recordingName": "MR_S2_WD_0.mp3"}, {"que_text": "चौक", "noOfMistakes": "1", "que_id": "MR_S2_WD_7", "isCorrect": true, "recordingName": "MR_S2_WD_7.mp3"}, {"que_text": "H", "noOfMistakes": "2", "que_id": "MR_S2_CL_1", "isCorrect": false, "recordingName": "MR_S2_CL_1.mp3"}, {"que_text": "L", "noOfMistakes": "2", "que_id": "MR_S2_CL_3", "isCorrect": true, "recordingName": "MR_S2_CL_3.mp3"}, {"que_text": "P", "noOfMistakes": "2", "que_id": "MR_S2_CL_6", "isCorrect": false, "recordingName": "MR_S2_CL_6.mp3"}, {"que_text": "F", "noOfMistakes": "2", "que_id": "MR_S2_CL_7", "isCorrect": true, "recordingName": "MR_S2_CL_7.mp3"}, {"que_text": "V", "noOfMistakes": "2", "que_id": "MR_S2_CL_4", "isCorrect": true, "recordingName": "MR_S2_CL_4.mp3"}, {"que_text": "z", "noOfMistakes": "1", "que_id": "MR_S2_SL_0", "isCorrect": true, "recordingName": "MR_S2_SL_0.mp3"}, {"que_text": "j", "noOfMistakes": "1", "que_id": "MR_S2_SL_1", "isCorrect": false, "recordingName": "MR_S2_SL_1.mp3"}, {"que_text": "o", "noOfMistakes": "1", "que_id": "MR_S2_SL_2", "isCorrect": true, "recordingName": "MR_S2_SL_2.mp3"}, {"que_text": "k", "noOfMistakes": "1", "que_id": "MR_S2_SL_7", "isCorrect": true, "recordingName": "MR_S2_SL_7.mp3"}, {"que_text": "s", "noOfMistakes": "1", "que_id": "MR_S2_SL_6", "isCorrect": true, "recordingName": "MR_S2_SL_6.mp3"}, {"que_text": "pen", "noOfMistakes": "5", "que_id": "MR_S2_W_5", "isCorrect": false, "recordingName": "MR_S2_W_5.mp3"}, {"que_text": "wet", "noOfMistakes": "5", "que_id": "MR_S2_W_1", "isCorrect": false, "recordingName": "MR_S2_W_1.mp3"}, {"que_text": "big", "noOfMistakes": "5", "que_id": "MR_S2_W_2", "isCorrect": false, "recordingName": "MR_S2_W_2.mp3"}, {"que_text": "cow", "noOfMistakes": "5", "que_id": "MR_S2_W_0", "isCorrect": false, "recordingName": "MR_S2_W_0.mp3"}, {"que_text": "hat", "noOfMistakes": "5", "que_id": "MR_S2_W_3", "isCorrect": false, "recordingName": "MR_S2_W_3.mp3"}], "deviceID": "7509912fa3c60c53", "ageGroup": "7-10 years", "studClass": "3", "date": "Thu Sep 05 16:34:12 IST 2019", "nativeProficiency": "Letter"}