{"date": "Thu Sep 05 15:09:41 IST 2019", "sequenceList": [{"recordingName": "MR_S4_P_1.mp3", "isCorrect": true, "que_text": "आज रविवार आहे. शाळेला रजा आहे. सगळे मिळून खेळूया. आज खेळायचा दिवस आहे.", "noOfMistakes": "4", "que_id": "MR_S4_P_1"}, {"recordingName": "MR_S4_WD_1.mp3", "isCorrect": false, "que_text": "फेटा", "noOfMistakes": "1", "que_id": "MR_S4_WD_1"}, {"recordingName": "MR_S4_L_1.mp3", "isCorrect": false, "que_text": "ब", "noOfMistakes": "5", "que_id": "MR_S4_L_1"}, {"recordingName": "MR_S4_L_3.mp3", "isCorrect": false, "que_text": "ग", "noOfMistakes": "5", "que_id": "MR_S4_L_3"}, {"recordingName": "MR_S4_L_7.mp3", "isCorrect": false, "que_text": "ण", "noOfMistakes": "5", "que_id": "MR_S4_L_7"}, {"recordingName": "MR_S4_L_0.mp3", "isCorrect": false, "que_text": "ख", "noOfMistakes": "5", "que_id": "MR_S4_L_0"}, {"recordingName": "MR_S4_L_6.mp3", "isCorrect": false, "que_text": "भ", "noOfMistakes": "5", "que_id": "MR_S4_L_6"}], "studClass": "1", "deviceID": "4ce77d6241ae4f2c", "ageGroup": "5-7 years", "nativeProficiency": "Letter"}