{"nativeProficiency": "Letter", "sequenceList": [{"que_text": "आज रविवार आहे. शाळेला रजा आहे. सगळे मिळून खेळूया. आज खेळायचा दिवस आहे.", "noOfMistakes": "4", "que_id": "MR_S4_P_1", "isCorrect": true, "recordingName": "MR_S4_P_1.mp3"}, {"que_text": "फेटा", "noOfMistakes": "1", "que_id": "MR_S4_WD_1", "isCorrect": false, "recordingName": "MR_S4_WD_1.mp3"}, {"que_text": "ब", "noOfMistakes": "5", "que_id": "MR_S4_L_1", "isCorrect": false, "recordingName": "MR_S4_L_1.mp3"}, {"que_text": "ग", "noOfMistakes": "5", "que_id": "MR_S4_L_3", "isCorrect": false, "recordingName": "MR_S4_L_3.mp3"}, {"que_text": "ण", "noOfMistakes": "5", "que_id": "MR_S4_L_7", "isCorrect": false, "recordingName": "MR_S4_L_7.mp3"}, {"que_text": "ख", "noOfMistakes": "5", "que_id": "MR_S4_L_0", "isCorrect": false, "recordingName": "MR_S4_L_0.mp3"}, {"que_text": "भ", "noOfMistakes": "5", "que_id": "MR_S4_L_6", "isCorrect": false, "recordingName": "MR_S4_L_6.mp3"}], "deviceID": "4ce77d6241ae4f2c", "ageGroup": "5-7 years", "studClass": "1", "date": "Thu Sep 05 15:09:41 IST 2019"}