{"englishProficiency": "Small letter", "sequenceList": [{"que_text": "rat", "noOfMistakes": "1", "que_id": "HI_S2_W_0", "isCorrect": true, "recordingName": "HI_S2_W_0.mp3"}, {"que_text": "hot", "noOfMistakes": "1", "que_id": "HI_S2_W_1", "isCorrect": true, "recordingName": "HI_S2_W_1.mp3"}, {"que_text": "big", "noOfMistakes": "1", "que_id": "HI_S2_W_2", "isCorrect": false, "recordingName": "HI_S2_W_2.mp3"}, {"que_text": "cow", "noOfMistakes": "1", "que_id": "HI_S2_W_3", "isCorrect": true, "recordingName": "HI_S2_W_3.mp3"}, {"que_text": "man", "noOfMistakes": "1", "que_id": "HI_S2_W_4", "isCorrect": true, "recordingName": "HI_S2_W_4.mp3"}, {"que_text": "z", "noOfMistakes": "0", "que_id": "HI_S2_SL_0", "isCorrect": true, "recordingName": "HI_S2_SL_0.mp3"}, {"que_text": "j", "noOfMistakes": "0", "que_id": "HI_S2_SL_1", "isCorrect": true, "recordingName": "HI_S2_SL_1.mp3"}, {"que_text": "o", "noOfMistakes": "0", "que_id": "HI_S2_SL_2", "isCorrect": true, "recordingName": "HI_S2_SL_2.mp3"}, {"que_text": "w", "noOfMistakes": "0", "que_id": "HI_S2_SL_3", "isCorrect": true, "recordingName": "HI_S2_SL_3.mp3"}, {"que_text": "g", "noOfMistakes": "0", "que_id": "HI_S2_SL_4", "isCorrect": true, "recordingName": "HI_S2_SL_4.mp3"}], "deviceID": "17b1282ff4cdac0a", "ageGroup": "less than 5 years", "studClass": "2", "date": "Fri Sep 06 17:51:33 IST 2019", "nativeProficiency": "Test was not complete"}