{"englishProficiency": "Beginner", "sequenceList": [{"que_text": "आज रविवार आहे. शाळेला रजा आहे. सगळे मिळून खेळूया. आज खेळायचा दिवस आहे.", "noOfMistakes": "2", "que_id": "MR_S4_P_1", "isCorrect": true, "recordingName": "MR_S4_P_1.mp3"}, {"que_text": "फेटा", "noOfMistakes": "2", "que_id": "MR_S4_WD_1", "isCorrect": false, "recordingName": "MR_S4_WD_1.mp3"}, {"que_text": "झाडू", "noOfMistakes": "2", "que_id": "MR_S4_WD_2", "isCorrect": false, "recordingName": "MR_S4_WD_2.mp3"}, {"que_text": "पाऊस", "noOfMistakes": "2", "que_id": "MR_S4_WD_3", "isCorrect": true, "recordingName": "MR_S4_WD_3.mp3"}, {"que_text": "विमान", "noOfMistakes": "2", "que_id": "MR_S4_WD_4", "isCorrect": true, "recordingName": "MR_S4_WD_4.mp3"}, {"que_text": "लाल", "noOfMistakes": "2", "que_id": "MR_S4_WD_5", "isCorrect": true, "recordingName": "MR_S4_WD_5.mp3"}, {"que_text": "D", "noOfMistakes": "3", "que_id": "MR_S4_CL_0", "isCorrect": false, "recordingName": "MR_S4_CL_0.mp3"}, {"que_text": "L", "noOfMistakes": "3", "que_id": "MR_S4_CL_1", "isCorrect": false, "recordingName": "MR_S4_CL_1.mp3"}, {"que_text": "T", "noOfMistakes": "3", "que_id": "MR_S4_CL_2", "isCorrect": false, "recordingName": "MR_S4_CL_2.mp3"}, {"que_text": "K", "noOfMistakes": "3", "que_id": "MR_S4_CL_3", "isCorrect": true, "recordingName": "MR_S4_CL_3.mp3"}, {"que_text": "G", "noOfMistakes": "3", "que_id": "MR_S4_CL_4", "isCorrect": true, "recordingName": "MR_S4_CL_4.mp3"}], "deviceID": "2006312ab434318f", "ageGroup": "7-10 years", "studClass": "3", "date": "Sun Sep 08 16:24:54 IST 2019", "nativeProficiency": "Paragraph"}