{"englishProficiency": "Beginner", "sequenceList": [{"que_text": "क", "noOfMistakes": "4", "que_id": "HI_S3_L_1", "isCorrect": true, "recordingName": "HI_S3_L_1.mp3"}, {"que_text": "ह", "noOfMistakes": "4", "que_id": "HI_S3_L_6", "isCorrect": false, "recordingName": "HI_S3_L_6.mp3"}, {"que_text": "च", "noOfMistakes": "4", "que_id": "HI_S3_L_2", "isCorrect": false, "recordingName": "HI_S3_L_2.mp3"}, {"que_text": "म", "noOfMistakes": "4", "que_id": "HI_S3_L_8", "isCorrect": false, "recordingName": "HI_S3_L_8.mp3"}, {"que_text": "ल", "noOfMistakes": "4", "que_id": "HI_S3_L_4", "isCorrect": false, "recordingName": "HI_S3_L_4.mp3"}, {"que_text": "W", "noOfMistakes": "5", "que_id": "HI_S3_CL_5", "isCorrect": false, "recordingName": "HI_S3_CL_5.mp3"}, {"que_text": "Z", "noOfMistakes": "5", "que_id": "HI_S3_CL_7", "isCorrect": false, "recordingName": "HI_S3_CL_7.mp3"}, {"que_text": "S", "noOfMistakes": "5", "que_id": "HI_S3_CL_2", "isCorrect": false, "recordingName": "HI_S3_CL_2.mp3"}, {"que_text": "F", "noOfMistakes": "5", "que_id": "HI_S3_CL_4", "isCorrect": false, "recordingName": "HI_S3_CL_4.mp3"}, {"que_text": "K", "noOfMistakes": "5", "que_id": "HI_S3_CL_1", "isCorrect": false, "recordingName": "HI_S3_CL_1.mp3"}], "deviceID": "2a9f2255e7bf28d9", "ageGroup": "7-10 years", "studClass": "3", "nativeProficiency": "Beginner", "date": "Fri Sep 20 16:43:57 GMT+05:30 2019"}