{"sequenceList": [{"recordingName": "HI_S3_WD_0.mp3", "isCorrect": false, "que_text": "नाक", "noOfMistakes": "1", "que_id": "HI_S3_WD_0"}, {"recordingName": "HI_S3_L_0.mp3", "isCorrect": true, "que_text": "द", "noOfMistakes": "2", "que_id": "HI_S3_L_0"}, {"recordingName": "HI_S3_L_1.mp3", "isCorrect": false, "que_text": "क", "noOfMistakes": "2", "que_id": "HI_S3_L_1"}, {"recordingName": "HI_S3_L_6.mp3", "isCorrect": false, "que_text": "ह", "noOfMistakes": "2", "que_id": "HI_S3_L_6"}, {"recordingName": "HI_S3_SD_0.mp3", "isCorrect": true, "que_text": "1", "noOfMistakes": "1", "que_id": "HI_S3_SD_0"}, {"recordingName": "HI_S3_SD_3.mp3", "isCorrect": true, "que_text": "3", "noOfMistakes": "1", "que_id": "HI_S3_SD_3"}, {"recordingName": "HI_S3_SD_6.mp3", "isCorrect": true, "que_text": "5", "noOfMistakes": "1", "que_id": "HI_S3_SD_6"}, {"recordingName": "HI_S3_SD_4.mp3", "isCorrect": false, "que_text": "6", "noOfMistakes": "1", "que_id": "HI_S3_SD_4"}, {"recordingName": "HI_S3_SD_7.mp3", "isCorrect": true, "que_text": "2", "noOfMistakes": "1", "que_id": "HI_S3_SD_7"}, {"recordingName": "HI_S3_CL_0.mp3", "isCorrect": false, "que_text": "C", "noOfMistakes": "2", "que_id": "HI_S3_CL_0"}, {"recordingName": "HI_S3_CL_5.mp3", "isCorrect": false, "que_text": "W", "noOfMistakes": "2", "que_id": "HI_S3_CL_5"}], "englishProficiency": "Beginner", "studClass": "2", "date": "Wed Jul 03 15:27:46 GMT+05:30 2019", "mathematicsProficiency": "Single digit", "deviceID": "ebaa26065aba20e5", "ageGroup": "7-10 years", "nativeProficiency": "Beginner"}