{"sequenceList": [{"recordingName": "MR_S3_P_1.mp3", "isCorrect": false, "que_text": "अंगणात चिमणी येते. मी तिला दाणे टाकते. चिमणी दाणे खाते. खाऊन उडून जाते.", "noOfMistakes": "200", "que_id": "MR_S3_P_1"}, {"recordingName": "MR_S3_WD_1.mp3", "isCorrect": false, "que_text": "लाल", "noOfMistakes": "3", "que_id": "MR_S3_WD_1"}, {"recordingName": "MR_S3_WD_4.mp3", "isCorrect": false, "que_text": "मुळा", "noOfMistakes": "3", "que_id": "MR_S3_WD_4"}, {"recordingName": "MR_S3_WD_3.mp3", "isCorrect": false, "que_text": "फेटा", "noOfMistakes": "3", "que_id": "MR_S3_WD_3"}, {"recordingName": "MH_S3_L_0.mp3", "isCorrect": false, "que_text": "क", "noOfMistakes": "3", "que_id": "MH_S3_L_0"}, {"recordingName": "MH_S3_L_4.mp3", "isCorrect": false, "que_text": "न", "noOfMistakes": "3", "que_id": "MH_S3_L_4"}, {"recordingName": "MH_S3_L_5.mp3", "isCorrect": false, "que_text": "द", "noOfMistakes": "3", "que_id": "MH_S3_L_5"}, {"answer": "-", "isCorrect": false, "que_text": "93 - 76", "noOfMistakes": "1", "que_id": "MR_S3_SB_4"}, {"recordingName": "MR_S3_DD_1.mp3", "isCorrect": false, "que_text": "83", "noOfMistakes": "2", "que_id": "MR_S3_DD_1"}, {"recordingName": "MR_S3_DD_3.mp3", "isCorrect": false, "que_text": "27", "noOfMistakes": "2", "que_id": "MR_S3_DD_3"}, {"recordingName": "MR_S3_SD_0.mp3", "isCorrect": false, "que_text": "1", "noOfMistakes": "4", "que_id": "MR_S3_SD_0"}, {"recordingName": "MR_S3_SD_7.mp3", "isCorrect": false, "que_text": "2", "noOfMistakes": "4", "que_id": "MR_S3_SD_7"}, {"recordingName": "MR_S3_SD_1.mp3", "isCorrect": false, "que_text": "4", "noOfMistakes": "4", "que_id": "MR_S3_SD_1"}, {"recordingName": "MR_S3_SD_4.mp3", "isCorrect": false, "que_text": "6", "noOfMistakes": "4", "que_id": "MR_S3_SD_4"}, {"recordingName": "MR_S3_CL_1.mp3", "isCorrect": false, "que_text": "K", "noOfMistakes": "5", "que_id": "MR_S3_CL_1"}, {"recordingName": "MR_S3_CL_4.mp3", "isCorrect": false, "que_text": "F", "noOfMistakes": "5", "que_id": "MR_S3_CL_4"}, {"recordingName": "MR_S3_CL_5.mp3", "isCorrect": false, "que_text": "W", "noOfMistakes": "5", "que_id": "MR_S3_CL_5"}, {"recordingName": "MR_S3_CL_7.mp3", "isCorrect": false, "que_text": "P", "noOfMistakes": "5", "que_id": "MR_S3_CL_7"}, {"recordingName": "MR_S3_CL_3.mp3", "isCorrect": false, "que_text": "Q", "noOfMistakes": "5", "que_id": "MR_S3_CL_3"}], "englishProficiency": "Beginner", "studClass": "1", "date": "Thu Jul 04 12:04:30 GMT+05:30 2019", "mathematicsProficiency": "Beginner", "deviceID": "3ebaa9d14abd9a0f", "ageGroup": "5-7 years", "nativeProficiency": "Beginner"}