{"sequenceList": [{"recordingName": "HI_S4_P_0.mp3", "isCorrect": true, "que_text": "बग़ीचे में पेड़ हैं। पेड़ पर एक तोता रहता है। तोते का रंग हरा है। वह लाल टमाटर खाता है।", "noOfMistakes": "2", "que_id": "HI_S4_P_0"}, {"recordingName": "HI_S4_WD_0.mp3", "isCorrect": true, "que_text": "आग", "noOfMistakes": "0", "que_id": "HI_S4_WD_0"}, {"recordingName": "HI_S4_WD_1.mp3", "isCorrect": true, "que_text": "सोच", "noOfMistakes": "0", "que_id": "HI_S4_WD_1"}, {"recordingName": "HI_S4_WD_2.mp3", "isCorrect": true, "que_text": "ताला", "noOfMistakes": "0", "que_id": "HI_S4_WD_2"}, {"recordingName": "HI_S4_WD_7.mp3", "isCorrect": true, "que_text": "देश", "noOfMistakes": "0", "que_id": "HI_S4_WD_7"}, {"recordingName": "HI_S4_WD_4.mp3", "isCorrect": true, "que_text": "पानी", "noOfMistakes": "0", "que_id": "HI_S4_WD_4"}, {"recordingName": "HI_S4_DD_1.mp3", "isCorrect": true, "que_text": "24", "noOfMistakes": "2", "que_id": "HI_S4_DD_1"}, {"recordingName": "HI_S4_DD_2.mp3", "isCorrect": false, "que_text": "92", "noOfMistakes": "2", "que_id": "HI_S4_DD_2"}, {"recordingName": "HI_S4_DD_4.mp3", "isCorrect": true, "que_text": "23", "noOfMistakes": "2", "que_id": "HI_S4_DD_4"}, {"recordingName": "HI_S4_DD_9.mp3", "isCorrect": true, "que_text": "14", "noOfMistakes": "2", "que_id": "HI_S4_DD_9"}, {"recordingName": "HI_S4_DD_8.mp3", "isCorrect": false, "que_text": "58", "noOfMistakes": "2", "que_id": "HI_S4_DD_8"}, {"recordingName": "HI_S4_SD_0.mp3", "isCorrect": true, "que_text": "5", "noOfMistakes": "0", "que_id": "HI_S4_SD_0"}, {"recordingName": "HI_S4_SD_6.mp3", "isCorrect": true, "que_text": "3", "noOfMistakes": "0", "que_id": "HI_S4_SD_6"}, {"recordingName": "HI_S4_SD_2.mp3", "isCorrect": true, "que_text": "8", "noOfMistakes": "0", "que_id": "HI_S4_SD_2"}, {"recordingName": "HI_S4_SD_4.mp3", "isCorrect": true, "que_text": "2", "noOfMistakes": "0", "que_id": "HI_S4_SD_4"}, {"recordingName": "HI_S4_SD_3.mp3", "isCorrect": true, "que_text": "4", "noOfMistakes": "0", "que_id": "HI_S4_SD_3"}, {"recordingName": "HI_S4_CL_0.mp3", "isCorrect": true, "que_text": "D", "noOfMistakes": "0", "que_id": "HI_S4_CL_0"}, {"recordingName": "HI_S4_CL_6.mp3", "isCorrect": true, "que_text": "P", "noOfMistakes": "0", "que_id": "HI_S4_CL_6"}, {"recordingName": "HI_S4_CL_7.mp3", "isCorrect": true, "que_text": "N", "noOfMistakes": "0", "que_id": "HI_S4_CL_7"}, {"recordingName": "HI_S4_CL_5.mp3", "isCorrect": true, "que_text": "X", "noOfMistakes": "0", "que_id": "HI_S4_CL_5"}, {"recordingName": "HI_S4_CL_4.mp3", "isCorrect": true, "que_text": "G", "noOfMistakes": "0", "que_id": "HI_S4_CL_4"}, {"recordingName": "HI_S4_SL_1.mp3", "isCorrect": false, "que_text": "f", "noOfMistakes": "1", "que_id": "HI_S4_SL_1"}, {"recordingName": "HI_S4_SL_4.mp3", "isCorrect": true, "que_text": "v", "noOfMistakes": "1", "que_id": "HI_S4_SL_4"}, {"recordingName": "HI_S4_SL_7.mp3", "isCorrect": true, "que_text": "h", "noOfMistakes": "1", "que_id": "HI_S4_SL_7"}, {"recordingName": "HI_S4_SL_0.mp3", "isCorrect": true, "que_text": "y", "noOfMistakes": "1", "que_id": "HI_S4_SL_0"}, {"recordingName": "HI_S4_SL_6.mp3", "isCorrect": true, "que_text": "a", "noOfMistakes": "1", "que_id": "HI_S4_SL_6"}, {"recordingName": "HI_S4_W_0.mp3", "isCorrect": true, "que_text": "dog", "noOfMistakes": "3", "que_id": "HI_S4_W_0"}, {"recordingName": "HI_S4_W_4.mp3", "isCorrect": true, "que_text": "man", "noOfMistakes": "3", "que_id": "HI_S4_W_4"}, {"recordingName": "HI_S4_W_5.mp3", "isCorrect": false, "que_text": "box", "noOfMistakes": "3", "que_id": "HI_S4_W_5"}, {"recordingName": "HI_S4_W_2.mp3", "isCorrect": false, "que_text": "cup", "noOfMistakes": "3", "que_id": "HI_S4_W_2"}, {"recordingName": "HI_S4_W_3.mp3", "isCorrect": false, "que_text": "boy", "noOfMistakes": "3", "que_id": "HI_S4_W_3"}], "englishProficiency": "word", "studClass": "2", "date": "Wed Sep 04 18:30:53 IST 2019", "mathematicsProficiency": "Single digit", "deviceID": "2a4ca791bd63d9c4", "ageGroup": "5-7 years", "nativeProficiency": "Word"}