{"date": "Fri Sep 13 16:24:32 IST 2019", "sequenceList": [{"recordingName": "MR_S1_W_1.mp3", "isCorrect": true, "que_text": "red", "noOfMistakes": "1", "que_id": "MR_S1_W_1"}, {"recordingName": "MR_S1_W_5.mp3", "isCorrect": true, "que_text": "bus", "noOfMistakes": "1", "que_id": "MR_S1_W_5"}, {"recordingName": "MR_S1_W_3.mp3", "isCorrect": false, "que_text": "new", "noOfMistakes": "1", "que_id": "MR_S1_W_3"}, {"recordingName": "MR_S1_W_2.mp3", "isCorrect": true, "que_text": "sun", "noOfMistakes": "1", "que_id": "MR_S1_W_2"}, {"recordingName": "MR_S1_W_0.mp3", "isCorrect": true, "que_text": "cat", "noOfMistakes": "1", "que_id": "MR_S1_W_0"}, {"recordingName": "MR_S1_S_0.mp3", "isCorrect": false, "que_text": "What is the time?", "noOfMistakes": "0", "que_id": "MR_S1_S_0"}, {"recordingName": "MR_S1_S_1.mp3", "isCorrect": false, "que_text": "This is a large house.", "noOfMistakes": "0", "que_id": "MR_S1_S_1"}, {"recordingName": "MR_S1_S_2.mp3", "isCorrect": false, "que_text": "I like to read.", "noOfMistakes": "0", "que_id": "MR_S1_S_2"}, {"recordingName": "MR_S1_S_3.mp3", "isCorrect": false, "que_text": "She has many books.", "noOfMistakes": "0", "que_id": "MR_S1_S_3"}], "englishProficiency": "Sentence", "studClass": "7", "deviceID": "7b46251fd9e69d80", "ageGroup": "12-15 years", "nativeProficiency": "Story"}