{"englishProficiency": "Sentence", "sequenceList": [{"que_text": "आज रविवार आहे. शाळेला रजा आहे. सगळे मिळून खेळूया. आज खेळायचा दिवस आहे.", "noOfMistakes": "3", "que_id": "MR_S4_P_1", "isCorrect": true, "recordingName": "MR_S4_P_1.mp3"}, {"que_text": "विमान", "noOfMistakes": "0", "que_id": "MR_S4_WD_4", "isCorrect": true, "recordingName": "MR_S4_WD_4.mp3"}, {"que_text": "लाल", "noOfMistakes": "0", "que_id": "MR_S4_WD_5", "isCorrect": true, "recordingName": "MR_S4_WD_5.mp3"}, {"que_text": "फेटा", "noOfMistakes": "0", "que_id": "MR_S4_WD_1", "isCorrect": true, "recordingName": "MR_S4_WD_1.mp3"}, {"que_text": "पाऊस", "noOfMistakes": "0", "que_id": "MR_S4_WD_3", "isCorrect": true, "recordingName": "MR_S4_WD_3.mp3"}, {"que_text": "पोरी", "noOfMistakes": "0", "que_id": "MR_S4_WD_6", "isCorrect": true, "recordingName": "MR_S4_WD_6.mp3"}, {"que_text": "What is the time?", "noOfMistakes": "0", "que_id": "MR_S4_S_0", "isCorrect": true, "recordingName": "MR_S4_S_0.mp3"}, {"que_text": "This is a small door.", "noOfMistakes": "0", "que_id": "MR_S4_S_1", "isCorrect": true, "recordingName": "MR_S4_S_1.mp3"}, {"que_text": "I like to sleep.", "noOfMistakes": "0", "que_id": "MR_S4_S_2", "isCorrect": true, "recordingName": "MR_S4_S_2.mp3"}, {"que_text": "He has a blue shirt.", "noOfMistakes": "0", "que_id": "MR_S4_S_3", "isCorrect": true, "recordingName": "MR_S4_S_3.mp3"}], "deviceID": "fa698d33d358ac32", "ageGroup": "12-15 years", "studClass": "6", "date": "Sat Sep 07 13:30:55 IST 2019", "nativeProficiency": "Word"}