{"date": "Thu Sep 05 18:27:18 IST 2019", "sequenceList": [{"recordingName": "MR_S1_L_0.mp3", "isCorrect": true, "que_text": "श", "noOfMistakes": "0", "que_id": "MR_S1_L_0"}, {"recordingName": "MR_S1_L_3.mp3", "isCorrect": true, "que_text": "ड", "noOfMistakes": "0", "que_id": "MR_S1_L_3"}, {"recordingName": "MR_S1_L_2.mp3", "isCorrect": true, "que_text": "स", "noOfMistakes": "0", "que_id": "MR_S1_L_2"}, {"recordingName": "MR_S1_L_4.mp3", "isCorrect": true, "que_text": "य", "noOfMistakes": "0", "que_id": "MR_S1_L_4"}, {"recordingName": "MR_S1_WD_0.mp3", "isCorrect": true, "que_text": "समई", "noOfMistakes": "0", "que_id": "MR_S1_WD_0"}, {"recordingName": "MR_S1_WD_1.mp3", "isCorrect": true, "que_text": "बस", "noOfMistakes": "0", "que_id": "MR_S1_WD_1"}, {"recordingName": "MR_S1_WD_2.mp3", "isCorrect": true, "que_text": "गरम", "noOfMistakes": "0", "que_id": "MR_S1_WD_2"}, {"recordingName": "MR_S1_WD_4.mp3", "isCorrect": true, "que_text": "दिवा", "noOfMistakes": "0", "que_id": "MR_S1_WD_4"}, {"recordingName": "MR_S1_WD_3.mp3", "isCorrect": true, "que_text": "कैरी", "noOfMistakes": "0", "que_id": "MR_S1_WD_3"}, {"recordingName": "MR_S1_P_0.mp3", "isCorrect": true, "que_text": "आज गावाहून मामा आला. मला खाऊ व फुगे घेऊन आला. ताईला बाहुली घेऊन आला. आईला छान साडी आणली.", "noOfMistakes": "0", "que_id": "MR_S1_P_0"}, {"recordingName": "MR_S1_CL_0.mp3", "isCorrect": true, "que_text": "A", "noOfMistakes": "2", "que_id": "MR_S1_CL_0"}, {"recordingName": "MR_S1_CL_1.mp3", "isCorrect": false, "que_text": "J", "noOfMistakes": "2", "que_id": "MR_S1_CL_1"}, {"recordingName": "MR_S1_CL_2.mp3", "isCorrect": false, "que_text": "Q", "noOfMistakes": "2", "que_id": "MR_S1_CL_2"}, {"recordingName": "MR_S1_SL_0.mp3", "isCorrect": true, "que_text": "h", "noOfMistakes": "0", "que_id": "MR_S1_SL_0"}, {"recordingName": "MR_S1_SL_1.mp3", "isCorrect": true, "que_text": "p", "noOfMistakes": "0", "que_id": "MR_S1_SL_1"}, {"recordingName": "MR_S1_SL_4.mp3", "isCorrect": true, "que_text": "m", "noOfMistakes": "0", "que_id": "MR_S1_SL_4"}, {"recordingName": "MR_S1_SL_3.mp3", "isCorrect": true, "que_text": "u", "noOfMistakes": "0", "que_id": "MR_S1_SL_3"}, {"recordingName": "MR_S1_SL_2.mp3", "isCorrect": true, "que_text": "x", "noOfMistakes": "0", "que_id": "MR_S1_SL_2"}, {"recordingName": "MR_S1_W_0.mp3", "isCorrect": true, "que_text": "cat", "noOfMistakes": "1", "que_id": "MR_S1_W_0"}, {"recordingName": "MR_S1_W_1.mp3", "isCorrect": false, "que_text": "red", "noOfMistakes": "1", "que_id": "MR_S1_W_1"}], "englishProficiency": "Small letter", "studClass": "3", "deviceID": "543e07a8bf02ff8", "ageGroup": "7-10 years", "nativeProficiency": "Paragraph"}