{"englishProficiency": "Small letter", "sequenceList": [{"que_text": "रूपा बाहर खेल रही थी। खेलते-खेलते रात हो गई। वह अपने घर चली गई। रूपा खाना खाकर सो गई।", "noOfMistakes": "4", "que_id": "HI_S4_P_1", "recordingName": "HI_S4_P_1.mp3", "isCorrect": true}, {"que_text": "D", "noOfMistakes": "0", "que_id": "HI_S4_CL_0", "recordingName": "HI_S4_CL_0.mp3", "isCorrect": true}, {"que_text": "L", "noOfMistakes": "0", "que_id": "HI_S4_CL_1", "recordingName": "HI_S4_CL_1.mp3", "isCorrect": true}, {"que_text": "T", "noOfMistakes": "0", "que_id": "HI_S4_CL_2", "recordingName": "HI_S4_CL_2.mp3", "isCorrect": true}, {"que_text": "K", "noOfMistakes": "0", "que_id": "HI_S4_CL_3", "recordingName": "HI_S4_CL_3.mp3", "isCorrect": true}, {"que_text": "G", "noOfMistakes": "0", "que_id": "HI_S4_CL_4", "recordingName": "HI_S4_CL_4.mp3", "isCorrect": true}, {"que_text": "y", "noOfMistakes": "0", "que_id": "HI_S4_SL_0", "recordingName": "HI_S4_SL_0.mp3", "isCorrect": true}, {"que_text": "f", "noOfMistakes": "0", "que_id": "HI_S4_SL_1", "recordingName": "HI_S4_SL_1.mp3", "isCorrect": true}, {"que_text": "i", "noOfMistakes": "0", "que_id": "HI_S4_SL_2", "recordingName": "HI_S4_SL_2.mp3", "isCorrect": true}, {"que_text": "s", "noOfMistakes": "0", "que_id": "HI_S4_SL_3", "recordingName": "HI_S4_SL_3.mp3", "isCorrect": true}, {"que_text": "v", "noOfMistakes": "0", "que_id": "HI_S4_SL_4", "recordingName": "HI_S4_SL_4.mp3", "isCorrect": true}, {"que_text": "dog", "noOfMistakes": "4", "que_id": "HI_S4_W_0", "recordingName": "HI_S4_W_0.mp3", "isCorrect": false}, {"que_text": "fat", "noOfMistakes": "4", "que_id": "HI_S4_W_1", "recordingName": "HI_S4_W_1.mp3", "isCorrect": false}, {"que_text": "cup", "noOfMistakes": "4", "que_id": "HI_S4_W_2", "recordingName": "HI_S4_W_2.mp3", "isCorrect": false}, {"que_text": "boy", "noOfMistakes": "4", "que_id": "HI_S4_W_3", "recordingName": "HI_S4_W_3.mp3", "isCorrect": true}, {"que_text": "man", "noOfMistakes": "4", "que_id": "HI_S4_W_4", "recordingName": "HI_S4_W_4.mp3", "isCorrect": false}], "deviceID": "3f4f2e087203bd32", "ageGroup": "12-15 years", "studClass": "8", "date": "Mon Sep 09 13:59:16 IST 2019", "nativeProficiency": "Paragraph"}