{"sequenceList": [{"recordingName": "MR_S1_P_1.mp3", "isCorrect": false, "que_text": "आज रविवार आहे. शाळेला रजा आहे. तरी आज सकाळी मला लवकर जाग आली.", "noOfMistakes": "200", "que_id": "MR_S1_P_1"}, {"recordingName": "MR_S1_WD_0.mp3", "isCorrect": false, "que_text": "समई", "noOfMistakes": "2", "que_id": "MR_S1_WD_0"}, {"recordingName": "HI_S1_WD_4.mp3", "isCorrect": false, "que_text": "दिवा", "noOfMistakes": "2", "que_id": "HI_S1_WD_4"}, {"recordingName": "MR_S1_L_0.mp3", "isCorrect": true, "que_text": "श", "noOfMistakes": "0", "que_id": "MR_S1_L_0"}, {"recordingName": "MR_S1_L_4.mp3", "isCorrect": true, "que_text": "य", "noOfMistakes": "0", "que_id": "MR_S1_L_4"}, {"recordingName": "MR_S1_L_5.mp3", "isCorrect": true, "que_text": "द", "noOfMistakes": "0", "que_id": "MR_S1_L_5"}, {"recordingName": "MR_S1_L_7.mp3", "isCorrect": true, "que_text": "ह", "noOfMistakes": "0", "que_id": "MR_S1_L_7"}, {"recordingName": "MR_S1_L_3.mp3", "isCorrect": true, "que_text": "ड", "noOfMistakes": "0", "que_id": "MR_S1_L_3"}, {"recordingName": "MR_S1_SD_0.mp3", "isCorrect": true, "que_text": "2", "noOfMistakes": "0", "que_id": "MR_S1_SD_0"}, {"recordingName": "MR_S1_SD_4.mp3", "isCorrect": true, "que_text": "9", "noOfMistakes": "0", "que_id": "MR_S1_SD_4"}, {"recordingName": "MR_S1_SD_7.mp3", "isCorrect": true, "que_text": "1", "noOfMistakes": "0", "que_id": "MR_S1_SD_7"}, {"recordingName": "MR_S1_SD_5.mp3", "isCorrect": true, "que_text": "8", "noOfMistakes": "0", "que_id": "MR_S1_SD_5"}, {"recordingName": "MR_S1_SD_3.mp3", "isCorrect": true, "que_text": "5", "noOfMistakes": "0", "que_id": "MR_S1_SD_3"}, {"recordingName": "MR_S1_CL_0.mp3", "isCorrect": true, "que_text": "A", "noOfMistakes": "4", "que_id": "MR_S1_CL_0"}, {"recordingName": "MR_S1_CL_4.mp3", "isCorrect": false, "que_text": "E", "noOfMistakes": "4", "que_id": "MR_S1_CL_4"}, {"recordingName": "MR_S1_CL_2.mp3", "isCorrect": false, "que_text": "Q", "noOfMistakes": "4", "que_id": "MR_S1_CL_2"}, {"recordingName": "MR_S1_Cl_5.mp3", "isCorrect": false, "que_text": "Y", "noOfMistakes": "4", "que_id": "MR_S1_Cl_5"}, {"recordingName": "MR_S1_CL_3.mp3", "isCorrect": false, "que_text": "R", "noOfMistakes": "4", "que_id": "MR_S1_CL_3"}], "englishProficiency": "Beginner", "studClass": "3", "date": "Sat Jul 13 17:20:50 GMT+05:30 2019", "mathematicsProficiency": "Single digit", "deviceID": "3ebaa9d14abd9a0f", "ageGroup": "7-10 years", "nativeProficiency": "Letter"}