{"englishProficiency": "Small letter", "sequenceList": [{"que_text": "काले बादल छाए हैं। तेज़ बारिश हो रही है। मोर भी नाच रहा है। सब नाच देख रहे हैं।", "noOfMistakes": "200", "que_id": "HI_S3_P_1", "isCorrect": false, "recordingName": "HI_S3_P_1.mp3"}, {"que_text": "नाक", "noOfMistakes": "1", "que_id": "HI_S3_WD_0", "isCorrect": true, "recordingName": "HI_S3_WD_0.mp3"}, {"que_text": "देर", "noOfMistakes": "1", "que_id": "HI_S3_WD_5", "isCorrect": true, "recordingName": "HI_S3_WD_5.mp3"}, {"que_text": "मैना", "noOfMistakes": "1", "que_id": "HI_S3_WD_4", "isCorrect": true, "recordingName": "HI_S3_WD_4.mp3"}, {"que_text": "चूहा", "noOfMistakes": "1", "que_id": "HI_S3_WD_2", "isCorrect": true, "recordingName": "HI_S3_WD_2.mp3"}, {"que_text": "रोटी", "noOfMistakes": "1", "que_id": "HI_S3_WD_6", "isCorrect": false, "recordingName": "HI_S3_WD_6.mp3"}, {"que_text": "Q", "noOfMistakes": "1", "que_id": "HI_S3_CL_3", "isCorrect": false, "recordingName": "HI_S3_CL_3.mp3"}, {"que_text": "W", "noOfMistakes": "1", "que_id": "HI_S3_CL_5", "isCorrect": true, "recordingName": "HI_S3_CL_5.mp3"}, {"que_text": "Z", "noOfMistakes": "1", "que_id": "HI_S3_CL_7", "isCorrect": true, "recordingName": "HI_S3_CL_7.mp3"}, {"que_text": "S", "noOfMistakes": "1", "que_id": "HI_S3_CL_2", "isCorrect": true, "recordingName": "HI_S3_CL_2.mp3"}, {"que_text": "K", "noOfMistakes": "1", "que_id": "HI_S3_CL_1", "isCorrect": true, "recordingName": "HI_S3_CL_1.mp3"}, {"que_text": "r", "noOfMistakes": "1", "que_id": "HI_S3_SL_6", "isCorrect": true, "recordingName": "HI_S3_SL_6.mp3"}, {"que_text": "j", "noOfMistakes": "1", "que_id": "HI_S3_SL_5", "isCorrect": false, "recordingName": "HI_S3_SL_5.mp3"}, {"que_text": "g", "noOfMistakes": "1", "que_id": "HI_S3_SL_2", "isCorrect": true, "recordingName": "HI_S3_SL_2.mp3"}, {"que_text": "e", "noOfMistakes": "1", "que_id": "HI_S3_SL_4", "isCorrect": true, "recordingName": "HI_S3_SL_4.mp3"}, {"que_text": "n", "noOfMistakes": "1", "que_id": "HI_S3_SL_0", "isCorrect": true, "recordingName": "HI_S3_SL_0.mp3"}, {"que_text": "fox", "noOfMistakes": "5", "que_id": "HI_S3_W_4", "isCorrect": false, "recordingName": "HI_S3_W_4.mp3"}, {"que_text": "hen", "noOfMistakes": "5", "que_id": "HI_S3_W_0", "isCorrect": false, "recordingName": "HI_S3_W_0.mp3"}, {"que_text": "sit", "noOfMistakes": "5", "que_id": "HI_S3_W_2", "isCorrect": false, "recordingName": "HI_S3_W_2.mp3"}, {"que_text": "bag", "noOfMistakes": "5", "que_id": "HI_S3_W_5", "isCorrect": false, "recordingName": "HI_S3_W_5.mp3"}, {"que_text": "run", "noOfMistakes": "5", "que_id": "HI_S3_W_3", "isCorrect": false, "recordingName": "HI_S3_W_3.mp3"}], "deviceID": "b9fa18efa17065a7", "ageGroup": "7-10 years", "studClass": "3", "nativeProficiency": "Word", "date": "Wed Sep 11 18:24:56 IST 2019"}