{"englishProficiency": "Capital letter", "sequenceList": [{"que_text": "फुगेवाला आला. लाल, निळे, फुगे आणले. मुलांनी फुगे घेतले. हातातून ते सुटून गेले.", "noOfMistakes": "3", "que_id": "MR_S3_P_0", "isCorrect": true, "recordingName": "MR_S3_P_0.mp3"}, {"que_text": "कौल", "noOfMistakes": "4", "que_id": "MR_S3_WD_0", "isCorrect": false, "recordingName": "MR_S3_WD_0.mp3"}, {"que_text": "लाल", "noOfMistakes": "4", "que_id": "MR_S3_WD_1", "isCorrect": false, "recordingName": "MR_S3_WD_1.mp3"}, {"que_text": "फेटा", "noOfMistakes": "4", "que_id": "MR_S3_WD_3", "isCorrect": false, "recordingName": "MR_S3_WD_3.mp3"}, {"que_text": "पूर", "noOfMistakes": "4", "que_id": "MR_S3_WD_2", "isCorrect": true, "recordingName": "MR_S3_WD_2.mp3"}, {"que_text": "गारा", "noOfMistakes": "4", "que_id": "MR_S3_WD_6", "isCorrect": false, "recordingName": "MR_S3_WD_6.mp3"}, {"que_text": "क", "noOfMistakes": "0", "que_id": "MR_S3_L_0", "isCorrect": true, "recordingName": "MR_S3_L_0.mp3"}, {"que_text": "ल", "noOfMistakes": "0", "que_id": "MR_S3_L_3", "isCorrect": true, "recordingName": "MR_S3_L_3.mp3"}, {"que_text": "स", "noOfMistakes": "0", "que_id": "MR_S3_L_1", "isCorrect": true, "recordingName": "MR_S3_L_1.mp3"}, {"que_text": "ग", "noOfMistakes": "0", "que_id": "MR_S3_L_2", "isCorrect": true, "recordingName": "MR_S3_L_2.mp3"}, {"que_text": "न", "noOfMistakes": "0", "que_id": "MR_S3_L_4", "isCorrect": true, "recordingName": "MR_S3_L_4.mp3"}, {"que_text": "C", "noOfMistakes": "1", "que_id": "MR_S3_CL_0", "isCorrect": true, "recordingName": "MR_S3_CL_0.mp3"}, {"que_text": "Q", "noOfMistakes": "1", "que_id": "MR_S3_CL_3", "isCorrect": false, "recordingName": "MR_S3_CL_3.mp3"}, {"que_text": "K", "noOfMistakes": "1", "que_id": "MR_S3_CL_1", "isCorrect": true, "recordingName": "MR_S3_CL_1.mp3"}, {"que_text": "S", "noOfMistakes": "1", "que_id": "MR_S3_CL_2", "isCorrect": true, "recordingName": "MR_S3_CL_2.mp3"}, {"que_text": "W", "noOfMistakes": "1", "que_id": "MR_S3_CL_5", "isCorrect": true, "recordingName": "MR_S3_CL_5.mp3"}, {"que_text": "n", "noOfMistakes": "1", "que_id": "MR_S3_SL_0", "isCorrect": false, "recordingName": "MR_S3_SL_0.mp3"}], "deviceID": "70390f9e7bdbfff1", "ageGroup": "10-12 years", "studClass": "8", "date": "Wed Sep 04 12:24:17 GMT+05:30 2019", "nativeProficiency": "Letter"}