{"englishProficiency": "Sentence", "sequenceList": [{"que_text": "फुगेवाला आला. लाल, निळे, फुगे आणले. मुलांनी फुगे घेतले. हातातून ते सुटून गेले.", "noOfMistakes": "0", "que_id": "MR_S3_P_0", "isCorrect": true, "recordingName": "MR_S3_P_0.mp3"}, {"que_text": "मीना शाळेतून घरी आली. ती घरात एकटीच होती. तिला करमत नव्हते. मग मीनाने वाढदिवशी बाबांनी दिलेली बाहुली कपाटातून काढली. ती बाहुली घेऊन खेळायला लागली. थोड्या वेळाने राधा आली. तिने खाऊ आणला होता. मीनाने वाढदिवशी मिळालेली बाहुली राधाला दाखविली. राधाला बाहुली खूपच आवडली.मीनाने राधाला बाहुली देऊन टाकली. राधाने मीनाला खाऊ दिला. दोघी खूपच खूष झाल्या, त्यांनी एकमेकींना टाळ्या दिल्या. टाळ्या देता देता हसू लागल्या.", "noOfMistakes": "3", "que_id": "MR_S3_ST_0", "isCorrect": true, "recordingName": "MR_S3_ST_0.mp3"}, {"que_text": "C", "noOfMistakes": "0", "que_id": "MR_S3_CL_0", "isCorrect": true, "recordingName": "MR_S3_CL_0.mp3"}, {"que_text": "K", "noOfMistakes": "0", "que_id": "MR_S3_CL_1", "isCorrect": true, "recordingName": "MR_S3_CL_1.mp3"}, {"que_text": "S", "noOfMistakes": "0", "que_id": "MR_S3_CL_2", "isCorrect": true, "recordingName": "MR_S3_CL_2.mp3"}, {"que_text": "Q", "noOfMistakes": "0", "que_id": "MR_S3_CL_3", "isCorrect": true, "recordingName": "MR_S3_CL_3.mp3"}, {"que_text": "F", "noOfMistakes": "0", "que_id": "MR_S3_CL_4", "isCorrect": true, "recordingName": "MR_S3_CL_4.mp3"}, {"que_text": "n", "noOfMistakes": "2", "que_id": "MR_S3_SL_0", "isCorrect": true, "recordingName": "MR_S3_SL_0.mp3"}, {"que_text": "p", "noOfMistakes": "2", "que_id": "MR_S3_SL_1", "isCorrect": true, "recordingName": "MR_S3_SL_1.mp3"}, {"que_text": "g", "noOfMistakes": "2", "que_id": "MR_S3_SL_2", "isCorrect": false, "recordingName": "MR_S3_SL_2.mp3"}, {"que_text": "v", "noOfMistakes": "2", "que_id": "MR_S3_SL_3", "isCorrect": false, "recordingName": "MR_S3_SL_3.mp3"}, {"que_text": "e", "noOfMistakes": "2", "que_id": "MR_S3_SL_4", "isCorrect": true, "recordingName": "MR_S3_SL_4.mp3"}, {"que_text": "day", "noOfMistakes": "1", "que_id": "MR_S3_W_0", "isCorrect": true, "recordingName": "MR_S3_W_0.mp3"}, {"que_text": "old", "noOfMistakes": "1", "que_id": "MR_S3_W_1", "isCorrect": true, "recordingName": "MR_S3_W_1.mp3"}, {"que_text": "sit", "noOfMistakes": "1", "que_id": "MR_S3_W_2", "isCorrect": true, "recordingName": "MR_S3_W_2.mp3"}, {"que_text": "run", "noOfMistakes": "1", "que_id": "MR_S3_W_3", "isCorrect": false, "recordingName": "MR_S3_W_3.mp3"}, {"que_text": "rat", "noOfMistakes": "1", "que_id": "MR_S3_W_4", "isCorrect": true, "recordingName": "MR_S3_W_4.mp3"}, {"que_text": "Where is your house?", "noOfMistakes": "0", "que_id": "MR_S3_S_0", "isCorrect": true, "recordingName": "MR_S3_S_0.mp3"}, {"que_text": "This is a tall tree.", "noOfMistakes": "1", "que_id": "MR_S3_S_1", "isCorrect": true, "recordingName": "MR_S3_S_1.mp3"}, {"que_text": "I like to sing.", "noOfMistakes": "1", "que_id": "MR_S3_S_2", "isCorrect": true, "recordingName": "MR_S3_S_2.mp3"}, {"que_text": "She has a red dress.", "noOfMistakes": "2", "que_id": "MR_S3_S_3", "isCorrect": true, "recordingName": "MR_S3_S_3.mp3"}], "deviceID": "39ba11b269f1f93d", "ageGroup": "12-15 years", "studClass": "8", "date": "Sun Sep 08 06:54:04 IST 2019", "nativeProficiency": "Story"}