{"englishProficiency": "Beginner", "sequenceList": [{"que_text": "पावसाळा सुरु झाला. आईने नवी तुळस लावली. तुळस भरभर वाढली. छान दिसू लागली.", "noOfMistakes": "200", "que_id": "MR_S2_P_1", "isCorrect": false, "recordingName": "MR_S2_P_1.mp3"}, {"que_text": "रवी", "noOfMistakes": "2", "que_id": "MR_S2_WD_4", "isCorrect": false, "recordingName": "MR_S2_WD_4.mp3"}, {"que_text": "कळी", "noOfMistakes": "2", "que_id": "MR_S2_WD_8", "isCorrect": false, "recordingName": "MR_S2_WD_8.mp3"}, {"que_text": "ड", "noOfMistakes": "3", "que_id": "MH_S2_L_0", "isCorrect": false, "recordingName": "MH_S2_L_0.mp3"}, {"que_text": "स", "noOfMistakes": "3", "que_id": "MH_S2_L_4", "isCorrect": false, "recordingName": "MH_S2_L_4.mp3"}, {"que_text": "ल", "noOfMistakes": "3", "que_id": "MH_S2_L_8", "isCorrect": true, "recordingName": "MH_S2_L_8.mp3"}, {"que_text": "ण", "noOfMistakes": "3", "que_id": "MH_S2_L_3", "isCorrect": true, "recordingName": "MH_S2_L_3.mp3"}, {"que_text": "व", "noOfMistakes": "3", "que_id": "MH_S2_L_6", "isCorrect": false, "recordingName": "MH_S2_L_6.mp3"}, {"que_text": "B", "noOfMistakes": "3", "que_id": "MR_S2_CL_0", "isCorrect": true, "recordingName": "MR_S2_CL_0.mp3"}, {"que_text": "V", "noOfMistakes": "3", "que_id": "MR_S2_CL_4", "isCorrect": false, "recordingName": "MR_S2_CL_4.mp3"}, {"que_text": "M", "noOfMistakes": "3", "que_id": "MR_S2_CL_5", "isCorrect": false, "recordingName": "MR_S2_CL_5.mp3"}, {"que_text": "F", "noOfMistakes": "3", "que_id": "MR_S2_CL_7", "isCorrect": false, "recordingName": "MR_S2_CL_7.mp3"}], "deviceID": "3ebaa9d14abd9a0f", "ageGroup": "5-7 years", "studClass": "2", "nativeProficiency": "Beginner", "date": "Sat Jul 13 12:24:30 GMT+05:30 2019"}