{"sequenceList": [{"recordingName": "HI_S4_L_0.mp3", "isCorrect": true, "que_text": "न", "noOfMistakes": "1", "que_id": "HI_S4_L_0"}, {"recordingName": "HI_S4_L_4.mp3", "isCorrect": false, "que_text": "स", "noOfMistakes": "1", "que_id": "HI_S4_L_4"}, {"recordingName": "HI_S4_L_5.mp3", "isCorrect": true, "que_text": "प", "noOfMistakes": "1", "que_id": "HI_S4_L_5"}, {"recordingName": "HI_S4_L_2.mp3", "isCorrect": true, "que_text": "म", "noOfMistakes": "1", "que_id": "HI_S4_L_2"}, {"recordingName": "HI_S4_L_1.mp3", "isCorrect": true, "que_text": "र", "noOfMistakes": "1", "que_id": "HI_S4_L_1"}, {"recordingName": "HI_S4_WD_0.mp3", "isCorrect": true, "que_text": "आग", "noOfMistakes": "4", "que_id": "HI_S4_WD_0"}, {"recordingName": "HI_S4_WD_4.mp3", "isCorrect": false, "que_text": "पानी", "noOfMistakes": "4", "que_id": "HI_S4_WD_4"}, {"recordingName": "HI_S4_WD_5.mp3", "isCorrect": false, "que_text": "चौकी", "noOfMistakes": "4", "que_id": "HI_S4_WD_5"}, {"recordingName": "HI_S4_WD_2.mp3", "isCorrect": false, "que_text": "ताला", "noOfMistakes": "4", "que_id": "HI_S4_WD_2"}, {"recordingName": "HI_S4_WD_8.mp3", "isCorrect": false, "que_text": "पैसा", "noOfMistakes": "4", "que_id": "HI_S4_WD_8"}, {"recordingName": "HI_S4_SD_1.mp3", "isCorrect": true, "que_text": "7", "noOfMistakes": "0", "que_id": "HI_S4_SD_1"}, {"recordingName": "HI_S4_SD_5.mp3", "isCorrect": true, "que_text": "9", "noOfMistakes": "0", "que_id": "HI_S4_SD_5"}, {"recordingName": "HI_S4_SD_4.mp3", "isCorrect": true, "que_text": "2", "noOfMistakes": "0", "que_id": "HI_S4_SD_4"}, {"recordingName": "HI_S4_SD_2.mp3", "isCorrect": true, "que_text": "8", "noOfMistakes": "0", "que_id": "HI_S4_SD_2"}, {"recordingName": "HI_S4_SD_0.mp3", "isCorrect": true, "que_text": "5", "noOfMistakes": "0", "que_id": "HI_S4_SD_0"}, {"recordingName": "HI_S4_CL_2.mp3", "isCorrect": true, "que_text": "T", "noOfMistakes": "2", "que_id": "HI_S4_CL_2"}, {"recordingName": "HI_S4_CL_5.mp3", "isCorrect": true, "que_text": "X", "noOfMistakes": "2", "que_id": "HI_S4_CL_5"}, {"recordingName": "HI_S4_CL_0.mp3", "isCorrect": true, "que_text": "D", "noOfMistakes": "2", "que_id": "HI_S4_CL_0"}, {"recordingName": "HI_S4_CL_1.mp3", "isCorrect": false, "que_text": "L", "noOfMistakes": "2", "que_id": "HI_S4_CL_1"}, {"recordingName": "HI_S4_CL_4.mp3", "isCorrect": false, "que_text": "G", "noOfMistakes": "2", "que_id": "HI_S4_CL_4"}], "englishProficiency": "Beginner", "studClass": "2", "date": "Thu Aug 29 15:32:37 IST 2019", "mathematicsProficiency": "Single digit", "deviceID": "c66208a6b7100eb2", "ageGroup": "7-10 years", "nativeProficiency": "Letter"}