{"sequenceList": [{"recordingName": "MR_S2_P_0.mp3", "isCorrect": false, "que_text": "एकदा मी पडले. सगळे मला हसले. एकदा सोनल पडली. मी तिला हसले.", "noOfMistakes": "200", "que_id": "MR_S2_P_0"}, {"recordingName": "MR_S2_WD_4.mp3", "isCorrect": true, "que_text": "रवी", "noOfMistakes": "0", "que_id": "MR_S2_WD_4"}, {"recordingName": "MR_S2_WD_5.mp3", "isCorrect": true, "que_text": "भाजी", "noOfMistakes": "0", "que_id": "MR_S2_WD_5"}, {"recordingName": "MR_S2_WD_7.mp3", "isCorrect": true, "que_text": "चौक", "noOfMistakes": "0", "que_id": "MR_S2_WD_7"}, {"recordingName": "MR_S2_WD_0.mp3", "isCorrect": true, "que_text": "खडू", "noOfMistakes": "0", "que_id": "MR_S2_WD_0"}, {"recordingName": "MR_S2_WD_1.mp3", "isCorrect": true, "que_text": "पतंग", "noOfMistakes": "0", "que_id": "MR_S2_WD_1"}, {"answer": "-", "isCorrect": false, "que_text": "54 - 35", "noOfMistakes": "1", "que_id": "MR_S2_SB_3"}, {"recordingName": "MR_S2_DD_4.mp3", "isCorrect": true, "que_text": "34", "noOfMistakes": "0", "que_id": "MR_S2_DD_4"}, {"recordingName": "MR_S2_DD_3.mp3", "isCorrect": true, "que_text": "99", "noOfMistakes": "0", "que_id": "MR_S2_DD_3"}, {"recordingName": "MR_S2_DD_5.mp3", "isCorrect": true, "que_text": "61", "noOfMistakes": "0", "que_id": "MR_S2_DD_5"}, {"recordingName": "MR_S2_DD_8.mp3", "isCorrect": true, "que_text": "25", "noOfMistakes": "0", "que_id": "MR_S2_DD_8"}, {"recordingName": "MR_S2_DD_7.mp3", "isCorrect": true, "que_text": "84", "noOfMistakes": "0", "que_id": "MR_S2_DD_7"}, {"recordingName": "MR_S2_CL_1.mp3", "isCorrect": true, "que_text": "H", "noOfMistakes": "0", "que_id": "MR_S2_CL_1"}, {"recordingName": "MR_S2_CL_5.mp3", "isCorrect": true, "que_text": "M", "noOfMistakes": "0", "que_id": "MR_S2_CL_5"}, {"recordingName": "MR_S2_CL_4.mp3", "isCorrect": true, "que_text": "V", "noOfMistakes": "0", "que_id": "MR_S2_CL_4"}, {"recordingName": "MR_S2_CL_3.mp3", "isCorrect": true, "que_text": "L", "noOfMistakes": "0", "que_id": "MR_S2_CL_3"}, {"recordingName": "MR_S2_CL_2.mp3", "isCorrect": true, "que_text": "R", "noOfMistakes": "0", "que_id": "MR_S2_CL_2"}, {"recordingName": "MR_S2_SL_1.mp3", "isCorrect": true, "que_text": "j", "noOfMistakes": "0", "que_id": "MR_S2_SL_1"}, {"recordingName": "MR_S2_SL_5.mp3", "isCorrect": true, "que_text": "u", "noOfMistakes": "0", "que_id": "MR_S2_SL_5"}, {"recordingName": "MR_S2_SL_4.mp3", "isCorrect": true, "que_text": "g", "noOfMistakes": "0", "que_id": "MR_S2_SL_4"}, {"recordingName": "MR_S2_SL_3.mp3", "isCorrect": true, "que_text": "w", "noOfMistakes": "0", "que_id": "MR_S2_SL_3"}, {"recordingName": "MR_S2_SL_7.mp3", "isCorrect": true, "que_text": "k", "noOfMistakes": "0", "que_id": "MR_S2_SL_7"}, {"recordingName": "MR_S2_W_1.mp3", "isCorrect": false, "que_text": "wet", "noOfMistakes": "1", "que_id": "MR_S2_W_1"}], "englishProficiency": "Small letter", "studClass": "5", "date": "Sat Aug 03 16:44:18 GMT+05:30 2019", "mathematicsProficiency": "Double digit", "deviceID": "3ebaa9d14abd9a0f", "ageGroup": "10-12 years", "nativeProficiency": "Word"}