{"englishProficiency": "Small letter", "sequenceList": [{"que_text": "एकदा मी पडले. सगळे मला हसले. एकदा सोनल पडली. मी तिला हसले.", "noOfMistakes": "200", "que_id": "MR_S2_P_0", "isCorrect": false, "recordingName": "MR_S2_P_0.mp3"}, {"que_text": "रवी", "noOfMistakes": "0", "que_id": "MR_S2_WD_4", "isCorrect": true, "recordingName": "MR_S2_WD_4.mp3"}, {"que_text": "भाजी", "noOfMistakes": "0", "que_id": "MR_S2_WD_5", "isCorrect": true, "recordingName": "MR_S2_WD_5.mp3"}, {"que_text": "चौक", "noOfMistakes": "0", "que_id": "MR_S2_WD_7", "isCorrect": true, "recordingName": "MR_S2_WD_7.mp3"}, {"que_text": "खडू", "noOfMistakes": "0", "que_id": "MR_S2_WD_0", "isCorrect": true, "recordingName": "MR_S2_WD_0.mp3"}, {"que_text": "पतंग", "noOfMistakes": "0", "que_id": "MR_S2_WD_1", "isCorrect": true, "recordingName": "MR_S2_WD_1.mp3"}, {"que_text": "H", "noOfMistakes": "0", "que_id": "MR_S2_CL_1", "isCorrect": true, "recordingName": "MR_S2_CL_1.mp3"}, {"que_text": "M", "noOfMistakes": "0", "que_id": "MR_S2_CL_5", "isCorrect": true, "recordingName": "MR_S2_CL_5.mp3"}, {"que_text": "V", "noOfMistakes": "0", "que_id": "MR_S2_CL_4", "isCorrect": true, "recordingName": "MR_S2_CL_4.mp3"}, {"que_text": "L", "noOfMistakes": "0", "que_id": "MR_S2_CL_3", "isCorrect": true, "recordingName": "MR_S2_CL_3.mp3"}, {"que_text": "R", "noOfMistakes": "0", "que_id": "MR_S2_CL_2", "isCorrect": true, "recordingName": "MR_S2_CL_2.mp3"}, {"que_text": "j", "noOfMistakes": "0", "que_id": "MR_S2_SL_1", "isCorrect": true, "recordingName": "MR_S2_SL_1.mp3"}, {"que_text": "u", "noOfMistakes": "0", "que_id": "MR_S2_SL_5", "isCorrect": true, "recordingName": "MR_S2_SL_5.mp3"}, {"que_text": "g", "noOfMistakes": "0", "que_id": "MR_S2_SL_4", "isCorrect": true, "recordingName": "MR_S2_SL_4.mp3"}, {"que_text": "w", "noOfMistakes": "0", "que_id": "MR_S2_SL_3", "isCorrect": true, "recordingName": "MR_S2_SL_3.mp3"}, {"que_text": "k", "noOfMistakes": "0", "que_id": "MR_S2_SL_7", "isCorrect": true, "recordingName": "MR_S2_SL_7.mp3"}, {"que_text": "wet", "noOfMistakes": "1", "que_id": "MR_S2_W_1", "isCorrect": false, "recordingName": "MR_S2_W_1.mp3"}], "deviceID": "3ebaa9d14abd9a0f", "ageGroup": "10-12 years", "studClass": "5", "nativeProficiency": "Word", "date": "Sat Aug 03 16:44:18 GMT+05:30 2019"}