{"sequenceList": [{"recordingName": "MR_S2_P_0.mp3", "isCorrect": false, "que_text": "एकदा मी पडले. सगळे मला हसले. एकदा सोनल पडली. मी तिला हसले.", "noOfMistakes": "4", "que_id": "MR_S2_P_0"}, {"recordingName": "MR_S2_WD_1.mp3", "isCorrect": true, "que_text": "पतंग", "noOfMistakes": "1", "que_id": "MR_S2_WD_1"}, {"recordingName": "MR_S2_WD_2.mp3", "isCorrect": false, "que_text": "टोपी", "noOfMistakes": "1", "que_id": "MR_S2_WD_2"}, {"recordingName": "MR_S2_WD_7.mp3", "isCorrect": true, "que_text": "चौक", "noOfMistakes": "1", "que_id": "MR_S2_WD_7"}, {"recordingName": "MR_S2_WD_5.mp3", "isCorrect": true, "que_text": "भाजी", "noOfMistakes": "1", "que_id": "MR_S2_WD_5"}, {"recordingName": "MR_S2_WD_6.mp3", "isCorrect": true, "que_text": "विहीर", "noOfMistakes": "1", "que_id": "MR_S2_WD_6"}, {"answer": "-", "isCorrect": false, "que_text": "54 - 35", "noOfMistakes": "1", "que_id": "MR_S2_SB_3"}, {"recordingName": "MR_S2_DD_4.mp3", "isCorrect": true, "que_text": "34", "noOfMistakes": "2", "que_id": "MR_S2_DD_4"}, {"recordingName": "MR_S2_DD_7.mp3", "isCorrect": false, "que_text": "84", "noOfMistakes": "2", "que_id": "MR_S2_DD_7"}, {"recordingName": "MR_S2_DD_8.mp3", "isCorrect": true, "que_text": "25", "noOfMistakes": "2", "que_id": "MR_S2_DD_8"}, {"recordingName": "MR_S2_DD_5.mp3", "isCorrect": true, "que_text": "61", "noOfMistakes": "2", "que_id": "MR_S2_DD_5"}, {"recordingName": "MR_S2_DD_2.mp3", "isCorrect": false, "que_text": "69", "noOfMistakes": "2", "que_id": "MR_S2_DD_2"}, {"recordingName": "MR_S2_SD_0.mp3", "isCorrect": true, "que_text": "2", "noOfMistakes": "1", "que_id": "MR_S2_SD_0"}, {"recordingName": "MR_S2_SD_7.mp3", "isCorrect": true, "que_text": "1", "noOfMistakes": "1", "que_id": "MR_S2_SD_7"}, {"recordingName": "MR_S2_SD_1.mp3", "isCorrect": false, "que_text": "7", "noOfMistakes": "1", "que_id": "MR_S2_SD_1"}, {"recordingName": "MR_S2_SD_2.mp3", "isCorrect": true, "que_text": "3", "noOfMistakes": "1", "que_id": "MR_S2_SD_2"}, {"recordingName": "MR_S2_SD_4.mp3", "isCorrect": true, "que_text": "9", "noOfMistakes": "1", "que_id": "MR_S2_SD_4"}, {"recordingName": "MR_S2_CL_1.mp3", "isCorrect": false, "que_text": "H", "noOfMistakes": "3", "que_id": "MR_S2_CL_1"}, {"recordingName": "MR_S2_CL_3.mp3", "isCorrect": false, "que_text": "L", "noOfMistakes": "3", "que_id": "MR_S2_CL_3"}, {"recordingName": "MR_S2_CL_5.mp3", "isCorrect": false, "que_text": "M", "noOfMistakes": "3", "que_id": "MR_S2_CL_5"}], "englishProficiency": "Beginner", "studClass": "4", "date": "Tue Jul 16 16:44:46 GMT+05:30 2019", "mathematicsProficiency": "Single digit", "deviceID": "3ebaa9d14abd9a0f", "ageGroup": "7-10 years", "nativeProficiency": "Word"}