{"sequenceList": [{"recordingName": "HI_S3_P_1.mp3", "isCorrect": false, "que_text": "काले बादल छाए हैं। तेज़ बारिश हो रही है। मोर भी नाच रहा है। सब नाच देख रहे हैं।", "noOfMistakes": "200", "que_id": "HI_S3_P_1"}, {"recordingName": "HI_S3_WD_0.mp3", "isCorrect": true, "que_text": "नाक", "noOfMistakes": "1", "que_id": "HI_S3_WD_0"}, {"recordingName": "HI_S3_WD_8.mp3", "isCorrect": true, "que_text": "माला", "noOfMistakes": "1", "que_id": "HI_S3_WD_8"}, {"recordingName": "HI_S3_WD_1.mp3", "isCorrect": true, "que_text": "तोता", "noOfMistakes": "1", "que_id": "HI_S3_WD_1"}, {"recordingName": "HI_S3_WD_7.mp3", "isCorrect": true, "que_text": "पीला", "noOfMistakes": "1", "que_id": "HI_S3_WD_7"}, {"recordingName": "HI_S3_WD_6.mp3", "isCorrect": false, "que_text": "रोटी", "noOfMistakes": "1", "que_id": "HI_S3_WD_6"}, {"answer": "-", "isCorrect": false, "que_text": "64 - 39", "noOfMistakes": "2", "que_id": "HI_S3_SB_1"}, {"answer": "-", "isCorrect": false, "que_text": "93 - 76", "noOfMistakes": "2", "que_id": "HI_S3_SB_4"}, {"recordingName": "HI_S3_SD_5.mp3", "isCorrect": true, "que_text": "9", "noOfMistakes": "0", "que_id": "HI_S3_SD_5"}, {"recordingName": "HI_S3_SD_2.mp3", "isCorrect": true, "que_text": "7", "noOfMistakes": "0", "que_id": "HI_S3_SD_2"}, {"recordingName": "HI_S3_SD_4.mp3", "isCorrect": true, "que_text": "6", "noOfMistakes": "0", "que_id": "HI_S3_SD_4"}, {"recordingName": "HI_S3_SD_1.mp3", "isCorrect": true, "que_text": "4", "noOfMistakes": "0", "que_id": "HI_S3_SD_1"}, {"recordingName": "HI_S3_SD_3.mp3", "isCorrect": true, "que_text": "3", "noOfMistakes": "0", "que_id": "HI_S3_SD_3"}, {"recordingName": "HI_S3_CL_2.mp3", "isCorrect": true, "que_text": "S", "noOfMistakes": "0", "que_id": "HI_S3_CL_2"}, {"recordingName": "HI_S3_CL_5.mp3", "isCorrect": true, "que_text": "W", "noOfMistakes": "0", "que_id": "HI_S3_CL_5"}, {"recordingName": "HI_S3_CL_4.mp3", "isCorrect": true, "que_text": "F", "noOfMistakes": "0", "que_id": "HI_S3_CL_4"}, {"recordingName": "HI_S3_CL_1.mp3", "isCorrect": true, "que_text": "K", "noOfMistakes": "0", "que_id": "HI_S3_CL_1"}, {"recordingName": "HI_S3_CL_7.mp3", "isCorrect": true, "que_text": "Z", "noOfMistakes": "0", "que_id": "HI_S3_CL_7"}, {"recordingName": "HI_S3_SL_1.mp3", "isCorrect": true, "que_text": "p", "noOfMistakes": "2", "que_id": "HI_S3_SL_1"}, {"recordingName": "HI_S3_SL_2.mp3", "isCorrect": false, "que_text": "g", "noOfMistakes": "2", "que_id": "HI_S3_SL_2"}, {"recordingName": "HI_S3_SL_5.mp3", "isCorrect": true, "que_text": "j", "noOfMistakes": "2", "que_id": "HI_S3_SL_5"}, {"recordingName": "HI_S3_SL_4.mp3", "isCorrect": true, "que_text": "e", "noOfMistakes": "2", "que_id": "HI_S3_SL_4"}, {"recordingName": "HI_S3_SL_7.mp3", "isCorrect": false, "que_text": "b", "noOfMistakes": "2", "que_id": "HI_S3_SL_7"}], "englishProficiency": "Capital letter", "studClass": "2", "date": "Mon Jul 22 15:13:08 IST 2019", "mathematicsProficiency": "Single digit", "deviceID": "c66208a6b7100eb2", "ageGroup": "5-7 years", "nativeProficiency": "Word"}