{"englishProficiency": "Capital letter", "sequenceList": [{"que_text": " माँ ने हलवा बनाया। वह बहुत मीठा था। उसे सोनी ने खाया। खाने के बाद वह सो गई।", "noOfMistakes": "200", "que_id": "HI_S1_P_1", "isCorrect": false, "recordingName": "HI_S1_P_1.mp3"}, {"que_text": "गाना", "noOfMistakes": "1", "que_id": "HI_S1_WD_0", "isCorrect": true, "recordingName": "HI_S1_WD_0.mp3"}, {"que_text": "झोला", "noOfMistakes": "1", "que_id": "HI_S1_WD_4", "isCorrect": false, "recordingName": "HI_S1_WD_4.mp3"}, {"que_text": "किला", "noOfMistakes": "1", "que_id": "HI_S1_WD_7", "isCorrect": true, "recordingName": "HI_S1_WD_7.mp3"}, {"que_text": "आलू", "noOfMistakes": "1", "que_id": "HI_S1_WD_5", "isCorrect": true, "recordingName": "HI_S1_WD_5.mp3"}, {"que_text": "मोर", "noOfMistakes": "1", "que_id": "HI_S1_WD_9", "isCorrect": true, "recordingName": "HI_S1_WD_9.mp3"}, {"que_text": "A", "noOfMistakes": "0", "que_id": "HI_S1_CL_0", "isCorrect": true, "recordingName": "HI_S1_CL_0.mp3"}, {"que_text": "R", "noOfMistakes": "0", "que_id": "HI_S1_CL_3", "isCorrect": true, "recordingName": "HI_S1_CL_3.mp3"}, {"que_text": "E", "noOfMistakes": "0", "que_id": "HI_S1_CL_4", "isCorrect": true, "recordingName": "HI_S1_CL_4.mp3"}, {"que_text": "Y", "noOfMistakes": "0", "que_id": "HI_S1_CL_5", "isCorrect": true, "recordingName": "HI_S1_CL_5.mp3"}, {"que_text": "O", "noOfMistakes": "0", "que_id": "HI_S1_CL_7", "isCorrect": true, "recordingName": "HI_S1_CL_7.mp3"}, {"que_text": "h", "noOfMistakes": "2", "que_id": "HI_S1_SL_0", "isCorrect": true, "recordingName": "HI_S1_SL_0.mp3"}, {"que_text": "p", "noOfMistakes": "2", "que_id": "HI_S1_SL_1", "isCorrect": true, "recordingName": "HI_S1_SL_1.mp3"}, {"que_text": "d", "noOfMistakes": "2", "que_id": "HI_S1_SL_5", "isCorrect": false, "recordingName": "HI_S1_SL_5.mp3"}, {"que_text": "u", "noOfMistakes": "2", "que_id": "HI_S1_SL_3", "isCorrect": false, "recordingName": "HI_S1_SL_3.mp3"}, {"que_text": "x", "noOfMistakes": "2", "que_id": "HI_S1_SL_2", "isCorrect": true, "recordingName": "HI_S1_SL_2.mp3"}], "deviceID": "b63c09ad0db55307", "ageGroup": "10-12 years", "studClass": "5", "nativeProficiency": "Word", "date": "Tue Sep 10 15:57:39 IST 2019"}