{"sequenceList": [{"recordingName": "MR_S2_P_1.mp3", "isCorrect": false, "que_text": "पावसाळा सुरु झाला. आईने नवी तुळस लावली. तुळस भरभर वाढली. छान दिसू लागली.", "noOfMistakes": "200", "que_id": "MR_S2_P_1"}, {"recordingName": "MR_S2_WD_1.mp3", "isCorrect": false, "que_text": "पतंग", "noOfMistakes": "1", "que_id": "MR_S2_WD_1"}, {"recordingName": "MH_S2_L_0.mp3", "isCorrect": false, "que_text": "ड", "noOfMistakes": "2", "que_id": "MH_S2_L_0"}, {"recordingName": "MH_S2_L_4.mp3", "isCorrect": false, "que_text": "स", "noOfMistakes": "2", "que_id": "MH_S2_L_4"}, {"recordingName": "MR_S2_SD_2.mp3", "isCorrect": true, "que_text": "3", "noOfMistakes": "0", "que_id": "MR_S2_SD_2"}, {"recordingName": "MR_S2_SD_7.mp3", "isCorrect": true, "que_text": "1", "noOfMistakes": "0", "que_id": "MR_S2_SD_7"}, {"recordingName": "MR_S2_SD_3.mp3", "isCorrect": true, "que_text": "5", "noOfMistakes": "0", "que_id": "MR_S2_SD_3"}, {"recordingName": "MR_S2_SD_0.mp3", "isCorrect": true, "que_text": "2", "noOfMistakes": "0", "que_id": "MR_S2_SD_0"}, {"recordingName": "MR_S2_SD_4.mp3", "isCorrect": true, "que_text": "9", "noOfMistakes": "0", "que_id": "MR_S2_SD_4"}, {"recordingName": "MR_S2_CL_0.mp3", "isCorrect": true, "que_text": "B", "noOfMistakes": "2", "que_id": "MR_S2_CL_0"}, {"recordingName": "MR_S2_CL_1.mp3", "isCorrect": false, "que_text": "H", "noOfMistakes": "2", "que_id": "MR_S2_CL_1"}, {"recordingName": "MR_S2_CL_6.mp3", "isCorrect": false, "que_text": "P", "noOfMistakes": "2", "que_id": "MR_S2_CL_6"}], "englishProficiency": "Beginner", "studClass": "1", "date": "Tue Aug 06 13:12:46 GMT+05:30 2019", "mathematicsProficiency": "Single digit", "deviceID": "3ebaa9d14abd9a0f", "ageGroup": "5-7 years", "nativeProficiency": "Beginner"}