{"englishProficiency": "Beginner", "sequenceList": [{"que_text": "एकदा मी पडले. सगळे मला हसले. एकदा सोनल पडली. मी तिला हसले.", "noOfMistakes": "200", "que_id": "MR_S2_P_0", "isCorrect": false, "recordingName": "MR_S2_P_0.mp3"}, {"que_text": "पतंग", "noOfMistakes": "5", "que_id": "MR_S2_WD_1", "isCorrect": false, "recordingName": "MR_S2_WD_1.mp3"}, {"que_text": "टोपी", "noOfMistakes": "5", "que_id": "MR_S2_WD_2", "isCorrect": false, "recordingName": "MR_S2_WD_2.mp3"}, {"que_text": "रवी", "noOfMistakes": "5", "que_id": "MR_S2_WD_4", "isCorrect": false, "recordingName": "MR_S2_WD_4.mp3"}, {"que_text": "कळी", "noOfMistakes": "5", "que_id": "MR_S2_WD_8", "isCorrect": false, "recordingName": "MR_S2_WD_8.mp3"}, {"que_text": "भाजी", "noOfMistakes": "5", "que_id": "MR_S2_WD_5", "isCorrect": false, "recordingName": "MR_S2_WD_5.mp3"}, {"que_text": "ड", "noOfMistakes": "0", "que_id": "MR_S2_L_0", "isCorrect": true, "recordingName": "MR_S2_L_0.mp3"}, {"que_text": "त", "noOfMistakes": "0", "que_id": "MR_S2_L_1", "isCorrect": true, "recordingName": "MR_S2_L_1.mp3"}, {"que_text": "म", "noOfMistakes": "0", "que_id": "MR_S2_L_2", "isCorrect": true, "recordingName": "MR_S2_L_2.mp3"}, {"que_text": "क", "noOfMistakes": "0", "que_id": "MR_S2_L_5", "isCorrect": true, "recordingName": "MR_S2_L_5.mp3"}, {"que_text": "स", "noOfMistakes": "0", "que_id": "MR_S2_L_4", "isCorrect": true, "recordingName": "MR_S2_L_4.mp3"}, {"que_text": "B", "noOfMistakes": "3", "que_id": "MR_S2_CL_0", "isCorrect": true, "recordingName": "MR_S2_CL_0.mp3"}, {"que_text": "H", "noOfMistakes": "3", "que_id": "MR_S2_CL_1", "isCorrect": true, "recordingName": "MR_S2_CL_1.mp3"}, {"que_text": "R", "noOfMistakes": "3", "que_id": "MR_S2_CL_2", "isCorrect": false, "recordingName": "MR_S2_CL_2.mp3"}, {"que_text": "L", "noOfMistakes": "3", "que_id": "MR_S2_CL_3", "isCorrect": false, "recordingName": "MR_S2_CL_3.mp3"}, {"que_text": "V", "noOfMistakes": "3", "que_id": "MR_S2_CL_4", "isCorrect": false, "recordingName": "MR_S2_CL_4.mp3"}], "deviceID": "d0c4e016866279b1", "ageGroup": "10-12 years", "studClass": "5", "date": "Thu Sep 05 14:47:28 IST 2019", "nativeProficiency": "Letter"}