{"englishProficiency": "Beginner", "sequenceList": [{"que_text": "म", "noOfMistakes": "5", "que_id": "HI_S1_L_0", "isCorrect": false, "recordingName": "HI_S1_L_0.mp3"}, {"que_text": "र", "noOfMistakes": "5", "que_id": "HI_S1_L_1", "isCorrect": false, "recordingName": "HI_S1_L_1.mp3"}, {"que_text": "थ", "noOfMistakes": "5", "que_id": "HI_S1_L_2", "isCorrect": false, "recordingName": "HI_S1_L_2.mp3"}, {"que_text": "ह", "noOfMistakes": "5", "que_id": "HI_S1_L_3", "isCorrect": false, "recordingName": "HI_S1_L_3.mp3"}, {"que_text": "श", "noOfMistakes": "5", "que_id": "HI_S1_L_4", "isCorrect": false, "recordingName": "HI_S1_L_4.mp3"}, {"que_text": "A", "noOfMistakes": "3", "que_id": "HI_S1_CL_0", "isCorrect": true, "recordingName": "HI_S1_CL_0.mp3"}, {"que_text": "O", "noOfMistakes": "3", "que_id": "HI_S1_CL_7", "isCorrect": false, "recordingName": "HI_S1_CL_7.mp3"}, {"que_text": "N", "noOfMistakes": "3", "que_id": "HI_S1_CL_6", "isCorrect": false, "recordingName": "HI_S1_CL_6.mp3"}, {"que_text": "E", "noOfMistakes": "3", "que_id": "HI_S1_CL_4", "isCorrect": false, "recordingName": "HI_S1_CL_4.mp3"}, {"que_text": "Y", "noOfMistakes": "3", "que_id": "HI_S1_CL_5", "isCorrect": true, "recordingName": "HI_S1_CL_5.mp3"}], "deviceID": "1ed21de3dcb4d468", "ageGroup": "5-7 years", "studClass": "1", "nativeProficiency": "Beginner", "date": "Fri Sep 20 17:17:33 GMT+05:30 2019"}