{"sequenceList": [{"recordingName": "MR_S3_P_1.mp3", "isCorrect": true, "que_text": "अंगणात चिमणी येते. मी तिला दाणे टाकते. चिमणी दाणे खाते. खाऊन उडून जाते.", "noOfMistakes": "200", "que_id": "MR_S3_P_1"}, {"recordingName": "MR_S3_WD_0.mp3", "isCorrect": true, "que_text": "कौल", "noOfMistakes": "0", "que_id": "MR_S3_WD_0"}, {"recordingName": "MR_S3_WD_9.mp3", "isCorrect": true, "que_text": "काडी", "noOfMistakes": "0", "que_id": "MR_S3_WD_9"}, {"recordingName": "MR_S3_WD_5.mp3", "isCorrect": true, "que_text": "दिवस", "noOfMistakes": "0", "que_id": "MR_S3_WD_5"}, {"recordingName": "MR_S3_WD_3.mp3", "isCorrect": true, "que_text": "फेटा", "noOfMistakes": "0", "que_id": "MR_S3_WD_3"}, {"recordingName": "MR_S3_WD_2.mp3", "isCorrect": true, "que_text": "पूर", "noOfMistakes": "0", "que_id": "MR_S3_WD_2"}, {"answer": "07", "isCorrect": true, "que_text": "36 - 29", "noOfMistakes": "0", "que_id": "MR_S3_SB_0"}, {"answer": "25", "isCorrect": true, "que_text": "64 - 39", "noOfMistakes": "0", "que_id": "MR_S3_SB_1"}, {"recordingName": "MR_S3_CL_0.mp3", "isCorrect": true, "que_text": "C", "noOfMistakes": "0", "que_id": "MR_S3_CL_0"}, {"recordingName": "MR_S3_CL_7.mp3", "isCorrect": true, "que_text": "P", "noOfMistakes": "0", "que_id": "MR_S3_CL_7"}, {"recordingName": "MR_S3_CL_5.mp3", "isCorrect": true, "que_text": "W", "noOfMistakes": "0", "que_id": "MR_S3_CL_5"}, {"recordingName": "MR_S3_CL_2.mp3", "isCorrect": true, "que_text": "S", "noOfMistakes": "0", "que_id": "MR_S3_CL_2"}, {"recordingName": "MR_S3_CL_4.mp3", "isCorrect": true, "que_text": "F", "noOfMistakes": "0", "que_id": "MR_S3_CL_4"}, {"recordingName": "MR_S3_SL_5.mp3", "isCorrect": true, "que_text": "j", "noOfMistakes": "0", "que_id": "MR_S3_SL_5"}, {"recordingName": "MR_S3_SL_7.mp3", "isCorrect": true, "que_text": "b", "noOfMistakes": "0", "que_id": "MR_S3_SL_7"}, {"recordingName": "MR_S3_SL_6.mp3", "isCorrect": true, "que_text": "r", "noOfMistakes": "0", "que_id": "MR_S3_SL_6"}, {"recordingName": "MR_S3_SL_3.mp3", "isCorrect": true, "que_text": "v", "noOfMistakes": "0", "que_id": "MR_S3_SL_3"}, {"recordingName": "MR_S3_SL_4.mp3", "isCorrect": true, "que_text": "e", "noOfMistakes": "0", "que_id": "MR_S3_SL_4"}, {"recordingName": "MR_S3_W_0.mp3", "isCorrect": false, "que_text": "day", "noOfMistakes": "4", "que_id": "MR_S3_W_0"}, {"recordingName": "MR_S3_W_4.mp3", "isCorrect": true, "que_text": "rat", "noOfMistakes": "4", "que_id": "MR_S3_W_4"}, {"recordingName": "MR_S3_W_5.mp3", "isCorrect": false, "que_text": "bag", "noOfMistakes": "4", "que_id": "MR_S3_W_5"}, {"recordingName": "MR_S3_W_2.mp3", "isCorrect": false, "que_text": "sit", "noOfMistakes": "4", "que_id": "MR_S3_W_2"}, {"recordingName": "MR_S3_W_3.mp3", "isCorrect": false, "que_text": "run", "noOfMistakes": "4", "que_id": "MR_S3_W_3"}], "englishProficiency": "Small letter", "studClass": "2", "date": "Thu Sep 12 16:33:56 IST 2019", "mathematicsProficiency": "Subtraction", "deviceID": "2a4ca791bd63d9c4", "ageGroup": "5-7 years", "nativeProficiency": "Word"}