{"sequenceList": [{"recordingName": "MR_S1_P_0.mp3", "isCorrect": false, "que_text": "आज गावाहून मामा आला. मला खाऊ व फुगे घेऊन आला. ताईला बाहुली घेऊन आला. आईला छान साडी आणली.", "noOfMistakes": "200", "que_id": "MR_S1_P_0"}, {"recordingName": "HI_S1_WD_4.mp3", "isCorrect": false, "que_text": "दिवा", "noOfMistakes": "2", "que_id": "HI_S1_WD_4"}, {"recordingName": "HI_S1_WD_7.mp3", "isCorrect": false, "que_text": "चिमटा", "noOfMistakes": "2", "que_id": "HI_S1_WD_7"}, {"recordingName": "MR_S1_L_0.mp3", "isCorrect": false, "que_text": "श", "noOfMistakes": "3", "que_id": "MR_S1_L_0"}, {"recordingName": "MR_S1_L_4.mp3", "isCorrect": false, "que_text": "य", "noOfMistakes": "3", "que_id": "MR_S1_L_4"}, {"recordingName": "MR_S1_L_7.mp3", "isCorrect": false, "que_text": "ह", "noOfMistakes": "3", "que_id": "MR_S1_L_7"}, {"answer": "-", "isCorrect": false, "que_text": "73-56", "noOfMistakes": "1", "que_id": "MR_S1_SB_0"}, {"recordingName": "MR_S1_DD_3.mp3", "isCorrect": false, "que_text": "99", "noOfMistakes": "2", "que_id": "MR_S1_DD_3"}, {"recordingName": "MR_S1_DD_7.mp3", "isCorrect": false, "que_text": "84", "noOfMistakes": "2", "que_id": "MR_S1_DD_7"}, {"recordingName": "MR_S1_SD_0.mp3", "isCorrect": true, "que_text": "2", "noOfMistakes": "0", "que_id": "MR_S1_SD_0"}, {"recordingName": "MR_S1_SD_7.mp3", "isCorrect": true, "que_text": "1", "noOfMistakes": "0", "que_id": "MR_S1_SD_7"}, {"recordingName": "MR_S1_SD_6.mp3", "isCorrect": true, "que_text": "4", "noOfMistakes": "0", "que_id": "MR_S1_SD_6"}, {"recordingName": "MR_S1_SD_5.mp3", "isCorrect": true, "que_text": "8", "noOfMistakes": "0", "que_id": "MR_S1_SD_5"}, {"recordingName": "MR_S1_SD_3.mp3", "isCorrect": true, "que_text": "5", "noOfMistakes": "0", "que_id": "MR_S1_SD_3"}, {"recordingName": "MR_S1_CL_0.mp3", "isCorrect": true, "que_text": "A", "noOfMistakes": "0", "que_id": "MR_S1_CL_0"}, {"recordingName": "MR_S1_CL_4.mp3", "isCorrect": true, "que_text": "E", "noOfMistakes": "0", "que_id": "MR_S1_CL_4"}, {"recordingName": "MR_S1_CL_7.mp3", "isCorrect": true, "que_text": "O", "noOfMistakes": "0", "que_id": "MR_S1_CL_7"}, {"recordingName": "MR_S1_Cl_5.mp3", "isCorrect": true, "que_text": "Y", "noOfMistakes": "0", "que_id": "MR_S1_Cl_5"}, {"recordingName": "MR_S1_CL_2.mp3", "isCorrect": true, "que_text": "Q", "noOfMistakes": "0", "que_id": "MR_S1_CL_2"}, {"recordingName": "MR_S1_SL_0.mp3", "isCorrect": true, "que_text": "h", "noOfMistakes": "0", "que_id": "MR_S1_SL_0"}, {"recordingName": "MR_S1_SL_4.mp3", "isCorrect": true, "que_text": "m", "noOfMistakes": "0", "que_id": "MR_S1_SL_4"}, {"recordingName": "MR_S1_SL_5.mp3", "isCorrect": true, "que_text": "d", "noOfMistakes": "0", "que_id": "MR_S1_SL_5"}, {"recordingName": "MR_S1_SL_3.mp3", "isCorrect": true, "que_text": "u", "noOfMistakes": "0", "que_id": "MR_S1_SL_3"}, {"recordingName": "MR_S1_SL_7.mp3", "isCorrect": true, "que_text": "t", "noOfMistakes": "0", "que_id": "MR_S1_SL_7"}, {"recordingName": "MR_S1_W_0.mp3", "isCorrect": false, "que_text": "cat", "noOfMistakes": "2", "que_id": "MR_S1_W_0"}, {"recordingName": "MR_S1_W_4.mp3", "isCorrect": false, "que_text": "fan", "noOfMistakes": "2", "que_id": "MR_S1_W_4"}], "englishProficiency": "Beginner", "studClass": "1", "date": "Mon Jul 15 17:44:33 GMT+05:30 2019", "mathematicsProficiency": "Single digit", "deviceID": "3ebaa9d14abd9a0f", "ageGroup": "5-7 years", "nativeProficiency": "Beginner"}