{"englishProficiency": "Capital letter", "sequenceList": [{"que_text": "नीतू के घर में गाय है। उसका रंग सफ़ेद है। गाय हरी घास खाती है। वह बहुत दूध देती है।", "noOfMistakes": "200", "que_id": "HI_S3_P_0", "isCorrect": false, "recordingName": "HI_S3_P_0.mp3"}, {"que_text": "नाक", "noOfMistakes": "1", "que_id": "HI_S3_WD_0", "isCorrect": true, "recordingName": "HI_S3_WD_0.mp3"}, {"que_text": "तोता", "noOfMistakes": "1", "que_id": "HI_S3_WD_1", "isCorrect": true, "recordingName": "HI_S3_WD_1.mp3"}, {"que_text": "माला", "noOfMistakes": "1", "que_id": "HI_S3_WD_8", "isCorrect": true, "recordingName": "HI_S3_WD_8.mp3"}, {"que_text": "पीला", "noOfMistakes": "1", "que_id": "HI_S3_WD_7", "isCorrect": true, "recordingName": "HI_S3_WD_7.mp3"}, {"que_text": "रोटी", "noOfMistakes": "1", "que_id": "HI_S3_WD_6", "isCorrect": false, "recordingName": "HI_S3_WD_6.mp3"}, {"que_text": "S", "noOfMistakes": "0", "que_id": "HI_S3_CL_2", "isCorrect": true, "recordingName": "HI_S3_CL_2.mp3"}, {"que_text": "W", "noOfMistakes": "0", "que_id": "HI_S3_CL_5", "isCorrect": true, "recordingName": "HI_S3_CL_5.mp3"}, {"que_text": "F", "noOfMistakes": "0", "que_id": "HI_S3_CL_4", "isCorrect": true, "recordingName": "HI_S3_CL_4.mp3"}, {"que_text": "K", "noOfMistakes": "0", "que_id": "HI_S3_CL_1", "isCorrect": true, "recordingName": "HI_S3_CL_1.mp3"}, {"que_text": "C", "noOfMistakes": "0", "que_id": "HI_S3_CL_0", "isCorrect": true, "recordingName": "HI_S3_CL_0.mp3"}, {"que_text": "p", "noOfMistakes": "2", "que_id": "HI_S3_SL_1", "isCorrect": true, "recordingName": "HI_S3_SL_1.mp3"}, {"que_text": "g", "noOfMistakes": "2", "que_id": "HI_S3_SL_2", "isCorrect": false, "recordingName": "HI_S3_SL_2.mp3"}, {"que_text": "j", "noOfMistakes": "2", "que_id": "HI_S3_SL_5", "isCorrect": false, "recordingName": "HI_S3_SL_5.mp3"}, {"que_text": "e", "noOfMistakes": "2", "que_id": "HI_S3_SL_4", "isCorrect": true, "recordingName": "HI_S3_SL_4.mp3"}, {"que_text": "r", "noOfMistakes": "2", "que_id": "HI_S3_SL_6", "isCorrect": true, "recordingName": "HI_S3_SL_6.mp3"}], "deviceID": "c66208a6b7100eb2", "ageGroup": "5-7 years", "studClass": "1", "nativeProficiency": "Word", "date": "Sun Jul 07 17:45:45 IST 2019"}