{"englishProficiency": "Beginner", "sequenceList": [{"que_text": "अंगणात चिमणी येते. मी तिला दाणे टाकते. चिमणी दाणे खाते. खाऊन उडून जाते.", "noOfMistakes": "200", "que_id": "MR_S3_P_1", "isCorrect": false, "recordingName": "MR_S3_P_1.mp3"}, {"que_text": "मुळा", "noOfMistakes": "3", "que_id": "MR_S3_WD_4", "isCorrect": false, "recordingName": "MR_S3_WD_4.mp3"}, {"que_text": "लाल", "noOfMistakes": "3", "que_id": "MR_S3_WD_1", "isCorrect": false, "recordingName": "MR_S3_WD_1.mp3"}, {"que_text": "जोर", "noOfMistakes": "3", "que_id": "MR_S3_WD_7", "isCorrect": false, "recordingName": "MR_S3_WD_7.mp3"}, {"que_text": "न", "noOfMistakes": "4", "que_id": "MH_S3_L_4", "isCorrect": false, "recordingName": "MH_S3_L_4.mp3"}, {"que_text": "द", "noOfMistakes": "4", "que_id": "MH_S3_L_5", "isCorrect": false, "recordingName": "MH_S3_L_5.mp3"}, {"que_text": "स", "noOfMistakes": "4", "que_id": "MH_S3_L_1", "isCorrect": false, "recordingName": "MH_S3_L_1.mp3"}, {"que_text": "ल", "noOfMistakes": "4", "que_id": "MH_S3_L_3", "isCorrect": false, "recordingName": "MH_S3_L_3.mp3"}, {"que_text": "K", "noOfMistakes": "5", "que_id": "MR_S3_CL_1", "isCorrect": false, "recordingName": "MR_S3_CL_1.mp3"}, {"que_text": "F", "noOfMistakes": "5", "que_id": "MR_S3_CL_4", "isCorrect": false, "recordingName": "MR_S3_CL_4.mp3"}, {"que_text": "W", "noOfMistakes": "5", "que_id": "MR_S3_CL_5", "isCorrect": false, "recordingName": "MR_S3_CL_5.mp3"}, {"que_text": "S", "noOfMistakes": "5", "que_id": "MR_S3_CL_2", "isCorrect": false, "recordingName": "MR_S3_CL_2.mp3"}, {"que_text": "Q", "noOfMistakes": "5", "que_id": "MR_S3_CL_3", "isCorrect": false, "recordingName": "MR_S3_CL_3.mp3"}], "deviceID": "3ebaa9d14abd9a0f", "ageGroup": "5-7 years", "studClass": "1", "nativeProficiency": "Beginner", "date": "Thu Jul 04 12:08:23 GMT+05:30 2019"}