{"englishProficiency": "word", "sequenceList": [{"que_text": "खडू", "noOfMistakes": "0", "que_id": "MR_S2_WD_0", "isCorrect": true, "recordingName": "MR_S2_WD_0.mp3"}, {"que_text": "पतंग", "noOfMistakes": "0", "que_id": "MR_S2_WD_1", "isCorrect": true, "recordingName": "MR_S2_WD_1.mp3"}, {"que_text": "टोपी", "noOfMistakes": "0", "que_id": "MR_S2_WD_2", "isCorrect": true, "recordingName": "MR_S2_WD_2.mp3"}, {"que_text": "रवी", "noOfMistakes": "0", "que_id": "MR_S2_WD_4", "isCorrect": true, "recordingName": "MR_S2_WD_4.mp3"}, {"que_text": "विहीर", "noOfMistakes": "0", "que_id": "MR_S2_WD_6", "isCorrect": true, "recordingName": "MR_S2_WD_6.mp3"}, {"que_text": "cow", "noOfMistakes": "1", "que_id": "MR_S2_W_0", "isCorrect": true, "recordingName": "MR_S2_W_0.mp3"}, {"que_text": "wet", "noOfMistakes": "1", "que_id": "MR_S2_W_1", "isCorrect": true, "recordingName": "MR_S2_W_1.mp3"}, {"que_text": "big", "noOfMistakes": "1", "que_id": "MR_S2_W_2", "isCorrect": false, "recordingName": "MR_S2_W_2.mp3"}, {"que_text": "man", "noOfMistakes": "1", "que_id": "MR_S2_W_4", "isCorrect": true, "recordingName": "MR_S2_W_4.mp3"}, {"que_text": "hat", "noOfMistakes": "1", "que_id": "MR_S2_W_3", "isCorrect": true, "recordingName": "MR_S2_W_3.mp3"}], "deviceID": "fa698d33d358ac32", "ageGroup": "7-10 years", "studClass": "4", "date": "Sat Sep 07 13:53:00 IST 2019", "nativeProficiency": "Word"}