{"englishProficiency": "Capital letter", "sequenceList": [{"que_text": "आज रविवार आहे. शाळेला रजा आहे. तरी आज सकाळी मला लवकर जाग आली.", "noOfMistakes": "3", "que_id": "MR_S1_P_1", "isCorrect": true, "recordingName": "MR_S1_P_1.mp3"}, {"que_text": "A", "noOfMistakes": "2", "que_id": "MR_S1_CL_0", "isCorrect": true, "recordingName": "MR_S1_CL_0.mp3"}, {"que_text": "R", "noOfMistakes": "2", "que_id": "MR_S1_CL_3", "isCorrect": true, "recordingName": "MR_S1_CL_3.mp3"}, {"que_text": "E", "noOfMistakes": "2", "que_id": "MR_S1_CL_4", "isCorrect": true, "recordingName": "MR_S1_CL_4.mp3"}, {"que_text": "J", "noOfMistakes": "2", "que_id": "MR_S1_CL_1", "isCorrect": false, "recordingName": "MR_S1_CL_1.mp3"}, {"que_text": "O", "noOfMistakes": "2", "que_id": "MR_S1_CL_7", "isCorrect": false, "recordingName": "MR_S1_CL_7.mp3"}, {"que_text": "h", "noOfMistakes": "5", "que_id": "MR_S1_SL_0", "isCorrect": false, "recordingName": "MR_S1_SL_0.mp3"}, {"que_text": "p", "noOfMistakes": "5", "que_id": "MR_S1_SL_1", "isCorrect": false, "recordingName": "MR_S1_SL_1.mp3"}, {"que_text": "x", "noOfMistakes": "5", "que_id": "MR_S1_SL_2", "isCorrect": false, "recordingName": "MR_S1_SL_2.mp3"}, {"que_text": "m", "noOfMistakes": "5", "que_id": "MR_S1_SL_4", "isCorrect": false, "recordingName": "MR_S1_SL_4.mp3"}, {"que_text": "t", "noOfMistakes": "5", "que_id": "MR_S1_SL_7", "isCorrect": false, "recordingName": "MR_S1_SL_7.mp3"}], "deviceID": "a171e372907c33e3", "ageGroup": "5-7 years", "studClass": "2", "date": "Fri Sep 06 11:43:10 GMT+05:30 2019", "nativeProficiency": "Paragraph"}