{"englishProficiency": "Beginner", "sequenceList": [{"que_text": "आज रविवार आहे. शाळेला रजा आहे. तरी आज सकाळी मला लवकर जाग आली.", "noOfMistakes": "200", "que_id": "MR_S1_P_1", "isCorrect": false, "recordingName": "MR_S1_P_1.mp3"}, {"que_text": "बस", "noOfMistakes": "0", "que_id": "MR_S1_WD_1", "isCorrect": true, "recordingName": "MR_S1_WD_1.mp3"}, {"que_text": "मोती", "noOfMistakes": "0", "que_id": "HI_S1_WD_5", "isCorrect": true, "recordingName": "HI_S1_WD_5.mp3"}, {"que_text": "चिमटा", "noOfMistakes": "0", "que_id": "HI_S1_WD_7", "isCorrect": true, "recordingName": "HI_S1_WD_7.mp3"}, {"que_text": "दिवा", "noOfMistakes": "0", "que_id": "HI_S1_WD_4", "isCorrect": true, "recordingName": "HI_S1_WD_4.mp3"}, {"que_text": "गरम", "noOfMistakes": "0", "que_id": "HI_S1_WD_2", "isCorrect": true, "recordingName": "HI_S1_WD_2.mp3"}, {"que_text": "A", "noOfMistakes": "1", "que_id": "MR_S1_CL_0", "isCorrect": true, "recordingName": "MR_S1_CL_0.mp3"}, {"que_text": "E", "noOfMistakes": "1", "que_id": "MR_S1_CL_4", "isCorrect": true, "recordingName": "MR_S1_CL_4.mp3"}, {"que_text": "Y", "noOfMistakes": "1", "que_id": "MR_S1_Cl_5", "isCorrect": true, "recordingName": "MR_S1_Cl_5.mp3"}, {"que_text": "Q", "noOfMistakes": "1", "que_id": "MR_S1_CL_2", "isCorrect": false, "recordingName": "MR_S1_CL_2.mp3"}, {"que_text": "R", "noOfMistakes": "1", "que_id": "MR_S1_CL_3", "isCorrect": true, "recordingName": "MR_S1_CL_3.mp3"}, {"que_text": "h", "noOfMistakes": "3", "que_id": "MR_S1_SL_0", "isCorrect": false, "recordingName": "MR_S1_SL_0.mp3"}, {"que_text": "d", "noOfMistakes": "3", "que_id": "MR_S1_SL_5", "isCorrect": false, "recordingName": "MR_S1_SL_5.mp3"}, {"que_text": "u", "noOfMistakes": "3", "que_id": "MR_S1_SL_3", "isCorrect": false, "recordingName": "MR_S1_SL_3.mp3"}], "deviceID": "3ebaa9d14abd9a0f", "ageGroup": "7-10 years", "studClass": "4", "nativeProficiency": "Word", "date": "Fri Jul 12 17:01:03 GMT+05:30 2019"}