{"englishProficiency": "Capital letter", "sequenceList": [{"que_text": "सोनी के पास एक माला है। उसमें बहुत सारे मोती हैं। मोती पीले रंग के हैं। सोनी उसे पहनती है।", "noOfMistakes": "200", "que_id": "HI_S2_P_0", "recordingName": "HI_S2_P_0.mp3", "isCorrect": false}, {"que_text": "हीरा", "noOfMistakes": "5", "que_id": "HI_S1_WD_0", "recordingName": "HI_S1_WD_0.mp3", "isCorrect": false}, {"que_text": "कैसा", "noOfMistakes": "5", "que_id": "HI_S1_WD_1", "recordingName": "HI_S1_WD_1.mp3", "isCorrect": false}, {"que_text": "शेर", "noOfMistakes": "5", "que_id": "HI_S1_WD_2", "recordingName": "HI_S1_WD_2.mp3", "isCorrect": false}, {"que_text": "नानी", "noOfMistakes": "5", "que_id": "HI_S1_WD_3", "recordingName": "HI_S1_WD_3.mp3", "isCorrect": false}, {"que_text": "भालू", "noOfMistakes": "5", "que_id": "HI_S1_WD_4", "recordingName": "HI_S1_WD_4.mp3", "isCorrect": false}, {"que_text": "द", "noOfMistakes": "3", "que_id": "HI_S2_L_0", "recordingName": "HI_S2_L_0.mp3", "isCorrect": false}, {"que_text": "क", "noOfMistakes": "3", "que_id": "HI_S2_L_1", "recordingName": "HI_S2_L_1.mp3", "isCorrect": true}, {"que_text": "च", "noOfMistakes": "3", "que_id": "HI_S2_L_2", "recordingName": "HI_S2_L_2.mp3", "isCorrect": true}, {"que_text": "ब", "noOfMistakes": "3", "que_id": "HI_S2_L_3", "recordingName": "HI_S2_L_3.mp3", "isCorrect": false}, {"que_text": "ल", "noOfMistakes": "3", "que_id": "HI_S2_L_4", "recordingName": "HI_S2_L_4.mp3", "isCorrect": false}, {"que_text": "B", "noOfMistakes": "2", "que_id": "HI_S2_CL_0", "recordingName": "HI_S2_CL_0.mp3", "isCorrect": true}, {"que_text": "H", "noOfMistakes": "2", "que_id": "HI_S2_CL_1", "recordingName": "HI_S2_CL_1.mp3", "isCorrect": true}, {"que_text": "R", "noOfMistakes": "2", "que_id": "HI_S2_CL_2", "recordingName": "HI_S2_CL_2.mp3", "isCorrect": true}, {"que_text": "L", "noOfMistakes": "2", "que_id": "HI_S2_CL_3", "recordingName": "HI_S2_CL_3.mp3", "isCorrect": false}, {"que_text": "V", "noOfMistakes": "2", "que_id": "HI_S2_CL_4", "recordingName": "HI_S2_CL_4.mp3", "isCorrect": false}], "deviceID": "b5e018f6cd6986ef", "ageGroup": "10-12 years", "studClass": "7", "date": "Sat Sep 14 15:23:23 IST 2019", "nativeProficiency": "Letter"}