{"englishProficiency": "Capital letter", "sequenceList": [{"que_text": "सोनी के पास एक माला है। उसमें बहुत सारे मोती हैं। मोती पीले रंग के हैं। सोनी उसे पहनती है।", "noOfMistakes": "200", "que_id": "HI_S2_P_0", "isCorrect": false, "recordingName": "HI_S2_P_0.mp3"}, {"que_text": "हीरा", "noOfMistakes": "0", "que_id": "HI_S1_WD_0", "isCorrect": true, "recordingName": "HI_S1_WD_0.mp3"}, {"que_text": "कैसा", "noOfMistakes": "0", "que_id": "HI_S1_WD_1", "isCorrect": true, "recordingName": "HI_S1_WD_1.mp3"}, {"que_text": "नानी", "noOfMistakes": "0", "que_id": "HI_S1_WD_3", "isCorrect": true, "recordingName": "HI_S1_WD_3.mp3"}, {"que_text": "शेर", "noOfMistakes": "0", "que_id": "HI_S1_WD_2", "isCorrect": true, "recordingName": "HI_S1_WD_2.mp3"}, {"que_text": "भालू", "noOfMistakes": "0", "que_id": "HI_S1_WD_4", "isCorrect": true, "recordingName": "HI_S1_WD_4.mp3"}, {"que_text": "B", "noOfMistakes": "0", "que_id": "HI_S2_CL_0", "isCorrect": true, "recordingName": "HI_S2_CL_0.mp3"}, {"que_text": "H", "noOfMistakes": "0", "que_id": "HI_S2_CL_1", "isCorrect": true, "recordingName": "HI_S2_CL_1.mp3"}, {"que_text": "L", "noOfMistakes": "0", "que_id": "HI_S2_CL_3", "isCorrect": true, "recordingName": "HI_S2_CL_3.mp3"}, {"que_text": "R", "noOfMistakes": "0", "que_id": "HI_S2_CL_2", "isCorrect": true, "recordingName": "HI_S2_CL_2.mp3"}, {"que_text": "V", "noOfMistakes": "0", "que_id": "HI_S2_CL_4", "isCorrect": true, "recordingName": "HI_S2_CL_4.mp3"}, {"que_text": "z", "noOfMistakes": "2", "que_id": "HI_S2_SL_0", "isCorrect": true, "recordingName": "HI_S2_SL_0.mp3"}, {"que_text": "j", "noOfMistakes": "2", "que_id": "HI_S2_SL_1", "isCorrect": true, "recordingName": "HI_S2_SL_1.mp3"}, {"que_text": "o", "noOfMistakes": "2", "que_id": "HI_S2_SL_2", "isCorrect": true, "recordingName": "HI_S2_SL_2.mp3"}, {"que_text": "w", "noOfMistakes": "2", "que_id": "HI_S2_SL_3", "isCorrect": false, "recordingName": "HI_S2_SL_3.mp3"}, {"que_text": "g", "noOfMistakes": "2", "que_id": "HI_S2_SL_4", "isCorrect": false, "recordingName": "HI_S2_SL_4.mp3"}], "deviceID": "d77c539dd056811a", "ageGroup": "10-12 years", "studClass": "7", "nativeProficiency": "Word", "date": "Tue Sep 17 16:32:17 GMT+05:30 2019"}