{"date": "Thu Sep 05 18:21:47 IST 2019", "sequenceList": [{"recordingName": "MR_S3_P_1.mp3", "isCorrect": true, "que_text": "अंगणात चिमणी येते. मी तिला दाणे टाकते. चिमणी दाणे खाते. खाऊन उडून जाते.", "noOfMistakes": "0", "que_id": "MR_S3_P_1"}, {"recordingName": "MR_S3_W_0.mp3", "isCorrect": true, "que_text": "day", "noOfMistakes": "0", "que_id": "MR_S3_W_0"}, {"recordingName": "MR_S3_W_1.mp3", "isCorrect": true, "que_text": "old", "noOfMistakes": "0", "que_id": "MR_S3_W_1"}, {"recordingName": "MR_S3_W_2.mp3", "isCorrect": true, "que_text": "sit", "noOfMistakes": "0", "que_id": "MR_S3_W_2"}, {"recordingName": "MR_S3_W_3.mp3", "isCorrect": true, "que_text": "run", "noOfMistakes": "0", "que_id": "MR_S3_W_3"}, {"recordingName": "MR_S3_W_4.mp3", "isCorrect": true, "que_text": "rat", "noOfMistakes": "0", "que_id": "MR_S3_W_4"}, {"recordingName": "MR_S3_S_0.mp3", "isCorrect": true, "que_text": "Where is your house?", "noOfMistakes": "0", "que_id": "MR_S3_S_0"}, {"recordingName": "MR_S3_S_1.mp3", "isCorrect": true, "que_text": "This is a tall tree.", "noOfMistakes": "0", "que_id": "MR_S3_S_1"}, {"recordingName": "MR_S3_S_2.mp3", "isCorrect": true, "que_text": "I like to sing.", "noOfMistakes": "0", "que_id": "MR_S3_S_2"}, {"recordingName": "MR_S3_S_3.mp3", "isCorrect": true, "que_text": "She has a red dress.", "noOfMistakes": "0", "que_id": "MR_S3_S_3"}], "englishProficiency": "Capital letter", "studClass": "5", "deviceID": "2fad3c789f80115e", "ageGroup": "10-12 years", "nativeProficiency": "Word"}