{"englishProficiency": "Capital letter", "sequenceList": [{"que_text": "ख", "noOfMistakes": "0", "que_id": "MR_S4_L_0", "isCorrect": true, "recordingName": "MR_S4_L_0.mp3"}, {"que_text": "ड", "noOfMistakes": "0", "que_id": "MR_S4_L_5", "isCorrect": true, "recordingName": "MR_S4_L_5.mp3"}, {"que_text": "ब", "noOfMistakes": "0", "que_id": "MR_S4_L_1", "isCorrect": true, "recordingName": "MR_S4_L_1.mp3"}, {"que_text": "ण", "noOfMistakes": "0", "que_id": "MR_S4_L_7", "isCorrect": true, "recordingName": "MR_S4_L_7.mp3"}, {"que_text": "ग", "noOfMistakes": "0", "que_id": "MR_S4_L_3", "isCorrect": true, "recordingName": "MR_S4_L_3.mp3"}, {"que_text": "D", "noOfMistakes": "0", "que_id": "MR_S4_CL_0", "isCorrect": true, "recordingName": "MR_S4_CL_0.mp3"}, {"que_text": "T", "noOfMistakes": "0", "que_id": "MR_S4_CL_2", "isCorrect": true, "recordingName": "MR_S4_CL_2.mp3"}, {"que_text": "N", "noOfMistakes": "0", "que_id": "MR_S4_CL_7", "isCorrect": true, "recordingName": "MR_S4_CL_7.mp3"}, {"que_text": "P", "noOfMistakes": "0", "que_id": "MR_S4_CL_6", "isCorrect": true, "recordingName": "MR_S4_CL_6.mp3"}, {"que_text": "G", "noOfMistakes": "0", "que_id": "MR_S4_CL_4", "isCorrect": true, "recordingName": "MR_S4_CL_4.mp3"}], "deviceID": "9152084fbfecfc39", "ageGroup": "5-7 years", "studClass": "1", "date": "Sat Sep 07 13:44:35 IST 2019", "nativeProficiency": "Letter"}