{"date": "Sat Sep 07 13:44:35 IST 2019", "sequenceList": [{"recordingName": "MR_S4_L_0.mp3", "isCorrect": true, "que_text": "ख", "noOfMistakes": "0", "que_id": "MR_S4_L_0"}, {"recordingName": "MR_S4_L_5.mp3", "isCorrect": true, "que_text": "ड", "noOfMistakes": "0", "que_id": "MR_S4_L_5"}, {"recordingName": "MR_S4_L_1.mp3", "isCorrect": true, "que_text": "ब", "noOfMistakes": "0", "que_id": "MR_S4_L_1"}, {"recordingName": "MR_S4_L_7.mp3", "isCorrect": true, "que_text": "ण", "noOfMistakes": "0", "que_id": "MR_S4_L_7"}, {"recordingName": "MR_S4_L_3.mp3", "isCorrect": true, "que_text": "ग", "noOfMistakes": "0", "que_id": "MR_S4_L_3"}, {"recordingName": "MR_S4_CL_0.mp3", "isCorrect": true, "que_text": "D", "noOfMistakes": "0", "que_id": "MR_S4_CL_0"}, {"recordingName": "MR_S4_CL_2.mp3", "isCorrect": true, "que_text": "T", "noOfMistakes": "0", "que_id": "MR_S4_CL_2"}, {"recordingName": "MR_S4_CL_7.mp3", "isCorrect": true, "que_text": "N", "noOfMistakes": "0", "que_id": "MR_S4_CL_7"}, {"recordingName": "MR_S4_CL_6.mp3", "isCorrect": true, "que_text": "P", "noOfMistakes": "0", "que_id": "MR_S4_CL_6"}, {"recordingName": "MR_S4_CL_4.mp3", "isCorrect": true, "que_text": "G", "noOfMistakes": "0", "que_id": "MR_S4_CL_4"}], "englishProficiency": "Capital letter", "studClass": "1", "deviceID": "9152084fbfecfc39", "ageGroup": "5-7 years", "nativeProficiency": "Letter"}