{"sequenceList": [{"recordingName": "HI_S3_P_0.mp3", "isCorrect": false, "que_text": "नीतू के घर में गाय है। उसका रंग सफ़ेद है। गाय हरी घास खाती है। वह बहुत दूध देती है।", "noOfMistakes": "200", "que_id": "HI_S3_P_0"}, {"recordingName": "HI_S3_WD_1.mp3", "isCorrect": true, "que_text": "तोता", "noOfMistakes": "0", "que_id": "HI_S3_WD_1"}, {"recordingName": "HI_S3_WD_8.mp3", "isCorrect": true, "que_text": "माला", "noOfMistakes": "0", "que_id": "HI_S3_WD_8"}, {"recordingName": "HI_S3_WD_5.mp3", "isCorrect": true, "que_text": "देर", "noOfMistakes": "0", "que_id": "HI_S3_WD_5"}, {"recordingName": "HI_S3_WD_2.mp3", "isCorrect": true, "que_text": "चूहा", "noOfMistakes": "0", "que_id": "HI_S3_WD_2"}, {"recordingName": "HI_S3_WD_4.mp3", "isCorrect": true, "que_text": "मैना", "noOfMistakes": "0", "que_id": "HI_S3_WD_4"}, {"recordingName": "HI_S3_SD_1.mp3", "isCorrect": true, "que_text": "4", "noOfMistakes": "0", "que_id": "HI_S3_SD_1"}, {"recordingName": "HI_S3_SD_2.mp3", "isCorrect": true, "que_text": "7", "noOfMistakes": "0", "que_id": "HI_S3_SD_2"}, {"recordingName": "HI_S3_SD_5.mp3", "isCorrect": true, "que_text": "9", "noOfMistakes": "0", "que_id": "HI_S3_SD_5"}, {"recordingName": "HI_S3_SD_4.mp3", "isCorrect": true, "que_text": "6", "noOfMistakes": "0", "que_id": "HI_S3_SD_4"}, {"recordingName": "HI_S3_SD_7.mp3", "isCorrect": true, "que_text": "2", "noOfMistakes": "0", "que_id": "HI_S3_SD_7"}, {"recordingName": "HI_S3_CL_0.mp3", "isCorrect": true, "que_text": "C", "noOfMistakes": "0", "que_id": "HI_S3_CL_0"}, {"recordingName": "HI_S3_CL_5.mp3", "isCorrect": true, "que_text": "W", "noOfMistakes": "0", "que_id": "HI_S3_CL_5"}, {"recordingName": "HI_S3_CL_7.mp3", "isCorrect": true, "que_text": "Z", "noOfMistakes": "0", "que_id": "HI_S3_CL_7"}, {"recordingName": "HI_S3_CL_2.mp3", "isCorrect": true, "que_text": "S", "noOfMistakes": "0", "que_id": "HI_S3_CL_2"}, {"recordingName": "HI_S3_CL_4.mp3", "isCorrect": true, "que_text": "F", "noOfMistakes": "0", "que_id": "HI_S3_CL_4"}, {"recordingName": "HI_S3_SL_1.mp3", "isCorrect": true, "que_text": "p", "noOfMistakes": "1", "que_id": "HI_S3_SL_1"}, {"recordingName": "HI_S3_SL_2.mp3", "isCorrect": true, "que_text": "g", "noOfMistakes": "1", "que_id": "HI_S3_SL_2"}, {"recordingName": "HI_S3_SL_5.mp3", "isCorrect": true, "que_text": "j", "noOfMistakes": "1", "que_id": "HI_S3_SL_5"}, {"recordingName": "HI_S3_SL_4.mp3", "isCorrect": true, "que_text": "e", "noOfMistakes": "1", "que_id": "HI_S3_SL_4"}, {"recordingName": "HI_S3_SL_7.mp3", "isCorrect": false, "que_text": "b", "noOfMistakes": "1", "que_id": "HI_S3_SL_7"}, {"recordingName": "HI_S3_W_0.mp3", "isCorrect": false, "que_text": "hen", "noOfMistakes": "5", "que_id": "HI_S3_W_0"}, {"recordingName": "HI_S3_W_1.mp3", "isCorrect": false, "que_text": "old", "noOfMistakes": "5", "que_id": "HI_S3_W_1"}, {"recordingName": "HI_S3_W_2.mp3", "isCorrect": false, "que_text": "sit", "noOfMistakes": "5", "que_id": "HI_S3_W_2"}, {"recordingName": "HI_S3_W_3.mp3", "isCorrect": false, "que_text": "run", "noOfMistakes": "5", "que_id": "HI_S3_W_3"}, {"recordingName": "HI_S3_W_4.mp3", "isCorrect": false, "que_text": "fox", "noOfMistakes": "5", "que_id": "HI_S3_W_4"}], "englishProficiency": "Small letter", "studClass": "2", "date": "Wed Aug 28 16:43:52 IST 2019", "mathematicsProficiency": "Single digit", "deviceID": "c66208a6b7100eb2", "ageGroup": "7-10 years", "nativeProficiency": "Word"}