{"sequenceList": [{"recordingName": "MR_S3_P_1.mp3", "isCorrect": false, "que_text": "अंगणात चिमणी येते. मी तिला दाणे टाकते. चिमणी दाणे खाते. खाऊन उडून जाते.", "noOfMistakes": "200", "que_id": "MR_S3_P_1"}, {"recordingName": "MR_S3_WD_1.mp3", "isCorrect": true, "que_text": "लाल", "noOfMistakes": "0", "que_id": "MR_S3_WD_1"}, {"recordingName": "MR_S3_WD_8.mp3", "isCorrect": true, "que_text": "विमान", "noOfMistakes": "0", "que_id": "MR_S3_WD_8"}, {"recordingName": "MR_S3_WD_2.mp3", "isCorrect": true, "que_text": "पूर", "noOfMistakes": "0", "que_id": "MR_S3_WD_2"}, {"recordingName": "MR_S3_WD_6.mp3", "isCorrect": true, "que_text": "गारा", "noOfMistakes": "0", "que_id": "MR_S3_WD_6"}, {"recordingName": "MR_S3_WD_4.mp3", "isCorrect": true, "que_text": "मुळा", "noOfMistakes": "0", "que_id": "MR_S3_WD_4"}, {"answer": "-", "isCorrect": false, "que_text": "25 - 17", "noOfMistakes": "1", "que_id": "MR_S3_SB_3"}, {"recordingName": "MR_S3_DD_5.mp3", "isCorrect": true, "que_text": "28", "noOfMistakes": "1", "que_id": "MR_S3_DD_5"}, {"recordingName": "MR_S3_DD_8.mp3", "isCorrect": false, "que_text": "36", "noOfMistakes": "1", "que_id": "MR_S3_DD_8"}, {"recordingName": "MR_S3_DD_3.mp3", "isCorrect": true, "que_text": "27", "noOfMistakes": "1", "que_id": "MR_S3_DD_3"}, {"recordingName": "MR_S3_DD_4.mp3", "isCorrect": true, "que_text": "55", "noOfMistakes": "1", "que_id": "MR_S3_DD_4"}, {"recordingName": "MR_S3_DD_0.mp3", "isCorrect": true, "que_text": "52", "noOfMistakes": "1", "que_id": "MR_S3_DD_0"}, {"recordingName": "MR_S3_CL_1.mp3", "isCorrect": true, "que_text": "K", "noOfMistakes": "1", "que_id": "MR_S3_CL_1"}, {"recordingName": "MR_S3_CL_7.mp3", "isCorrect": true, "que_text": "P", "noOfMistakes": "1", "que_id": "MR_S3_CL_7"}, {"recordingName": "MR_S3_CL_4.mp3", "isCorrect": true, "que_text": "F", "noOfMistakes": "1", "que_id": "MR_S3_CL_4"}, {"recordingName": "MR_S3_CL_5.mp3", "isCorrect": true, "que_text": "W", "noOfMistakes": "1", "que_id": "MR_S3_CL_5"}, {"recordingName": "MR_S3_CL_3.mp3", "isCorrect": false, "que_text": "Q", "noOfMistakes": "1", "que_id": "MR_S3_CL_3"}, {"recordingName": "MR_S3_SL_1.mp3", "isCorrect": true, "que_text": "p", "noOfMistakes": "1", "que_id": "MR_S3_SL_1"}, {"recordingName": "MR_S3_SL_4.mp3", "isCorrect": false, "que_text": "e", "noOfMistakes": "1", "que_id": "MR_S3_SL_4"}, {"recordingName": "MR_S3_SL_7.mp3", "isCorrect": true, "que_text": "b", "noOfMistakes": "1", "que_id": "MR_S3_SL_7"}, {"recordingName": "MR_S3_SL_3.mp3", "isCorrect": true, "que_text": "v", "noOfMistakes": "1", "que_id": "MR_S3_SL_3"}, {"recordingName": "MR_S3_SL_2.mp3", "isCorrect": true, "que_text": "g", "noOfMistakes": "1", "que_id": "MR_S3_SL_2"}, {"recordingName": "MR_S3_W_3.mp3", "isCorrect": false, "que_text": "run", "noOfMistakes": "1", "que_id": "MR_S3_W_3"}], "englishProficiency": "Small letter", "studClass": "3", "date": "Thu Jul 11 13:57:52 GMT+05:30 2019", "mathematicsProficiency": "Double digit", "deviceID": "3ebaa9d14abd9a0f", "ageGroup": "7-10 years", "nativeProficiency": "Word"}