{"sequenceList": [{"recordingName": "HI_S3_P_0.mp3", "isCorrect": false, "que_text": "नीतू के घर में गाय है। उसका रंग सफ़ेद है। गाय हरी घास खाती है। वह बहुत दूध देती है।", "noOfMistakes": "200", "que_id": "HI_S3_P_0"}, {"recordingName": "HI_S3_WD_0.mp3", "isCorrect": true, "que_text": "नाक", "noOfMistakes": "0", "que_id": "HI_S3_WD_0"}, {"recordingName": "HI_S3_WD_1.mp3", "isCorrect": true, "que_text": "तोता", "noOfMistakes": "0", "que_id": "HI_S3_WD_1"}, {"recordingName": "HI_S3_WD_4.mp3", "isCorrect": true, "que_text": "मैना", "noOfMistakes": "0", "que_id": "HI_S3_WD_4"}, {"recordingName": "HI_S3_WD_8.mp3", "isCorrect": true, "que_text": "माला", "noOfMistakes": "0", "que_id": "HI_S3_WD_8"}, {"recordingName": "HI_S3_WD_6.mp3", "isCorrect": true, "que_text": "रोटी", "noOfMistakes": "0", "que_id": "HI_S3_WD_6"}, {"answer": "27", "isCorrect": true, "que_text": "56 - 29", "noOfMistakes": "0", "que_id": "HI_S3_SB_0"}, {"answer": "25", "isCorrect": true, "que_text": "64 - 39", "noOfMistakes": "0", "que_id": "HI_S3_SB_1"}, {"recordingName": "HI_S3_CL_0.mp3", "isCorrect": true, "que_text": "C", "noOfMistakes": "0", "que_id": "HI_S3_CL_0"}, {"recordingName": "HI_S3_CL_1.mp3", "isCorrect": true, "que_text": "K", "noOfMistakes": "0", "que_id": "HI_S3_CL_1"}, {"recordingName": "HI_S3_CL_2.mp3", "isCorrect": true, "que_text": "S", "noOfMistakes": "0", "que_id": "HI_S3_CL_2"}, {"recordingName": "HI_S3_CL_3.mp3", "isCorrect": true, "que_text": "Q", "noOfMistakes": "0", "que_id": "HI_S3_CL_3"}, {"recordingName": "HI_S3_CL_4.mp3", "isCorrect": true, "que_text": "F", "noOfMistakes": "0", "que_id": "HI_S3_CL_4"}, {"recordingName": "HI_S3_SL_0.mp3", "isCorrect": true, "que_text": "n", "noOfMistakes": "1", "que_id": "HI_S3_SL_0"}, {"recordingName": "HI_S3_SL_1.mp3", "isCorrect": true, "que_text": "p", "noOfMistakes": "1", "que_id": "HI_S3_SL_1"}, {"recordingName": "HI_S3_SL_4.mp3", "isCorrect": false, "que_text": "e", "noOfMistakes": "1", "que_id": "HI_S3_SL_4"}, {"recordingName": "HI_S3_SL_2.mp3", "isCorrect": true, "que_text": "g", "noOfMistakes": "1", "que_id": "HI_S3_SL_2"}, {"recordingName": "HI_S3_SL_3.mp3", "isCorrect": true, "que_text": "v", "noOfMistakes": "1", "que_id": "HI_S3_SL_3"}, {"recordingName": "HI_S3_W_0.mp3", "isCorrect": false, "que_text": "hen", "noOfMistakes": "1", "que_id": "HI_S3_W_0"}], "englishProficiency": "Small letter", "studClass": "5", "date": "Sat Sep 07 03:19:37 IST 2019", "mathematicsProficiency": "Subtraction", "deviceID": "7befc90f7d41bc35", "ageGroup": "10-12 years", "nativeProficiency": "Word"}