{"englishProficiency": "Capital letter", "sequenceList": [{"que_text": "एकदा मी पडले. सगळे मला हसले. एकदा सोनल पडली. मी तिला हसले.", "noOfMistakes": "200", "que_id": "MR_S2_P_0", "isCorrect": false, "recordingName": "MR_S2_P_0.mp3"}, {"que_text": "पतंग", "noOfMistakes": "3", "que_id": "MR_S2_WD_1", "isCorrect": false, "recordingName": "MR_S2_WD_1.mp3"}, {"que_text": "चौक", "noOfMistakes": "3", "que_id": "MR_S2_WD_7", "isCorrect": false, "recordingName": "MR_S2_WD_7.mp3"}, {"que_text": "कळी", "noOfMistakes": "3", "que_id": "MR_S2_WD_8", "isCorrect": true, "recordingName": "MR_S2_WD_8.mp3"}, {"que_text": "विहीर", "noOfMistakes": "3", "que_id": "MR_S2_WD_6", "isCorrect": false, "recordingName": "MR_S2_WD_6.mp3"}, {"que_text": "बैल", "noOfMistakes": "3", "que_id": "MR_S2_WD_3", "isCorrect": true, "recordingName": "MR_S2_WD_3.mp3"}, {"que_text": "ण", "noOfMistakes": "0", "que_id": "MR_S2_L_3", "isCorrect": true, "recordingName": "MR_S2_L_3.mp3"}, {"que_text": "स", "noOfMistakes": "0", "que_id": "MR_S2_L_4", "isCorrect": true, "recordingName": "MR_S2_L_4.mp3"}, {"que_text": "व", "noOfMistakes": "0", "que_id": "MR_S2_L_6", "isCorrect": true, "recordingName": "MR_S2_L_6.mp3"}, {"que_text": "छ", "noOfMistakes": "0", "que_id": "MR_S2_L_7", "isCorrect": true, "recordingName": "MR_S2_L_7.mp3"}, {"que_text": "ल", "noOfMistakes": "0", "que_id": "MR_S2_L_8", "isCorrect": true, "recordingName": "MR_S2_L_8.mp3"}, {"que_text": "B", "noOfMistakes": "3", "que_id": "MR_S2_CL_0", "isCorrect": false, "recordingName": "MR_S2_CL_0.mp3"}, {"que_text": "L", "noOfMistakes": "3", "que_id": "MR_S2_CL_3", "isCorrect": false, "recordingName": "MR_S2_CL_3.mp3"}, {"que_text": "V", "noOfMistakes": "3", "que_id": "MR_S2_CL_4", "isCorrect": false, "recordingName": "MR_S2_CL_4.mp3"}, {"que_text": "M", "noOfMistakes": "3", "que_id": "MR_S2_CL_5", "isCorrect": true, "recordingName": "MR_S2_CL_5.mp3"}, {"que_text": "F", "noOfMistakes": "3", "que_id": "MR_S2_CL_7", "isCorrect": true, "recordingName": "MR_S2_CL_7.mp3"}], "deviceID": "7509912fa3c60c53", "ageGroup": "10-12 years", "studClass": "6", "date": "Thu Sep 05 16:16:01 IST 2019", "nativeProficiency": "Letter"}