{"englishProficiency": "Beginner", "sequenceList": [{"que_text": "मीना पढ़ने जाती है। राजू भी साथ जाता है। दोनों शाम को लौटकर आते हैं। घर आकर खाना खाते हैं।", "noOfMistakes": "4", "que_id": "HI_S2_P_1", "isCorrect": false, "recordingName": "HI_S2_P_1.mp3"}, {"que_text": "कैसा", "noOfMistakes": "1", "que_id": "HI_S1_WD_1", "isCorrect": true, "recordingName": "HI_S1_WD_1.mp3"}, {"que_text": "फूल", "noOfMistakes": "1", "que_id": "HI_S1_WD_7", "isCorrect": true, "recordingName": "HI_S1_WD_7.mp3"}, {"que_text": "पीला", "noOfMistakes": "1", "que_id": "HI_S1_WD_6", "isCorrect": true, "recordingName": "HI_S1_WD_6.mp3"}, {"que_text": "काम", "noOfMistakes": "1", "que_id": "HI_S1_WD_5", "isCorrect": true, "recordingName": "HI_S1_WD_5.mp3"}, {"que_text": "शेर", "noOfMistakes": "1", "que_id": "HI_S1_WD_2", "isCorrect": false, "recordingName": "HI_S1_WD_2.mp3"}, {"que_text": "F", "noOfMistakes": "0", "que_id": "HI_S2_CL_7", "isCorrect": true, "recordingName": "HI_S2_CL_7.mp3"}, {"que_text": "P", "noOfMistakes": "0", "que_id": "HI_S2_CL_6", "isCorrect": true, "recordingName": "HI_S2_CL_6.mp3"}, {"que_text": "R", "noOfMistakes": "0", "que_id": "HI_S2_CL_2", "isCorrect": true, "recordingName": "HI_S2_CL_2.mp3"}, {"que_text": "H", "noOfMistakes": "0", "que_id": "HI_S2_CL_1", "isCorrect": true, "recordingName": "HI_S2_CL_1.mp3"}, {"que_text": "V", "noOfMistakes": "0", "que_id": "HI_S2_CL_4", "isCorrect": true, "recordingName": "HI_S2_CL_4.mp3"}, {"que_text": "g", "noOfMistakes": "2", "que_id": "HI_S2_SL_4", "isCorrect": true, "recordingName": "HI_S2_SL_4.mp3"}, {"que_text": "o", "noOfMistakes": "2", "que_id": "HI_S2_SL_2", "isCorrect": true, "recordingName": "HI_S2_SL_2.mp3"}, {"que_text": "j", "noOfMistakes": "2", "que_id": "HI_S2_SL_1", "isCorrect": false, "recordingName": "HI_S2_SL_1.mp3"}, {"que_text": "u", "noOfMistakes": "2", "que_id": "HI_S2_SL_5", "isCorrect": false, "recordingName": "HI_S2_SL_5.mp3"}, {"que_text": "w", "noOfMistakes": "2", "que_id": "HI_S2_SL_3", "isCorrect": true, "recordingName": "HI_S2_SL_3.mp3"}], "deviceID": "c66208a6b7100eb2", "ageGroup": "7-10 years", "studClass": "3", "nativeProficiency": "Word", "date": "Thu Jul 04 17:05:54 IST 2019"}