{"sequenceList": [{"recordingName": "HI_S1_P_0.mp3", "isCorrect": true, "que_text": " राधा के पास एक तोता है। उसकी चोंच लाल है। वह बहुत बोलता है। सब को हँसाता है।", "noOfMistakes": "200", "que_id": "HI_S1_P_0"}, {"recordingName": "HI_S1_ST_0.mp3", "isCorrect": false, "que_text": "बहुत दिनों से बारिश हो रही थी। गाँव में सभी जगह गंदा पानी भर गया था। सभी बारिश के रुकने की राह देख रहे थे। अचानक एक दिन बारिश रुक गई। सूरज निकल आया। सब लोग खुश हो गये। आसमान में चिड़ियाँ उड़ने लगीं। लोग अपने कपड़े सुखाने लगे। बच्चे भी घरों से बाहर निकलकर खेलने लगे।", "noOfMistakes": "200", "que_id": "HI_S1_ST_0"}, {"recordingName": "HI_S1_WD_0.mp3", "isCorrect": true, "que_text": "गाना", "noOfMistakes": "0", "que_id": "HI_S1_WD_0"}, {"recordingName": "HI_S1_WD_1.mp3", "isCorrect": true, "que_text": "खुश", "noOfMistakes": "0", "que_id": "HI_S1_WD_1"}, {"recordingName": "HI_S1_WD_2.mp3", "isCorrect": true, "que_text": "मोती", "noOfMistakes": "0", "que_id": "HI_S1_WD_2"}, {"recordingName": "HI_S1_WD_3.mp3", "isCorrect": true, "que_text": "पैर", "noOfMistakes": "0", "que_id": "HI_S1_WD_3"}, {"recordingName": "HI_S1_WD_4.mp3", "isCorrect": true, "que_text": "झोला", "noOfMistakes": "0", "que_id": "HI_S1_WD_4"}, {"recordingName": "HI_S1_L_0.mp3", "isCorrect": true, "que_text": "म", "noOfMistakes": "0", "que_id": "HI_S1_L_0"}, {"recordingName": "HI_S1_L_1.mp3", "isCorrect": true, "que_text": "र", "noOfMistakes": "0", "que_id": "HI_S1_L_1"}, {"recordingName": "HI_S1_L_7.mp3", "isCorrect": true, "que_text": "न", "noOfMistakes": "0", "que_id": "HI_S1_L_7"}, {"recordingName": "HI_S1_L_8.mp3", "isCorrect": true, "que_text": "क", "noOfMistakes": "0", "que_id": "HI_S1_L_8"}, {"recordingName": "HI_S1_L_5.mp3", "isCorrect": true, "que_text": "ल", "noOfMistakes": "0", "que_id": "HI_S1_L_5"}, {"answer": "16", "isCorrect": true, "que_text": "51 - 35", "noOfMistakes": "0", "que_id": "HI_S1_SB_0"}, {"answer": "19", "isCorrect": true, "que_text": "67 - 48", "noOfMistakes": "0", "que_id": "HI_S1_SB_1"}, {"recordingName": "HI_S1_DD_0.mp3", "isCorrect": true, "que_text": "65", "noOfMistakes": "1", "que_id": "HI_S1_DD_0"}, {"recordingName": "HI_S1_DD_4.mp3", "isCorrect": false, "que_text": "47", "noOfMistakes": "1", "que_id": "HI_S1_DD_4"}, {"recordingName": "HI_S1_DD_1.mp3", "isCorrect": true, "que_text": "38", "noOfMistakes": "1", "que_id": "HI_S1_DD_1"}, {"recordingName": "HI_S1_DD_8.mp3", "isCorrect": true, "que_text": "29", "noOfMistakes": "1", "que_id": "HI_S1_DD_8"}, {"recordingName": "HI_S1_DD_5.mp3", "isCorrect": true, "que_text": "72", "noOfMistakes": "1", "que_id": "HI_S1_DD_5"}, {"recordingName": "HI_S1_SD_0.mp3", "isCorrect": true, "que_text": "3", "noOfMistakes": "0", "que_id": "HI_S1_SD_0"}, {"recordingName": "HI_S1_SD_7.mp3", "isCorrect": true, "que_text": "2", "noOfMistakes": "0", "que_id": "HI_S1_SD_7"}, {"recordingName": "HI_S1_SD_5.mp3", "isCorrect": true, "que_text": "9", "noOfMistakes": "0", "que_id": "HI_S1_SD_5"}, {"recordingName": "HI_S1_SD_4.mp3", "isCorrect": true, "que_text": "8", "noOfMistakes": "0", "que_id": "HI_S1_SD_4"}, {"recordingName": "HI_S1_SD_2.mp3", "isCorrect": true, "que_text": "1", "noOfMistakes": "0", "que_id": "HI_S1_SD_2"}, {"recordingName": "HI_S1_CL_0.mp3", "isCorrect": true, "que_text": "A", "noOfMistakes": "0", "que_id": "HI_S1_CL_0"}, {"recordingName": "HI_S1_CL_4.mp3", "isCorrect": true, "que_text": "E", "noOfMistakes": "0", "que_id": "HI_S1_CL_4"}, {"recordingName": "HI_S1_CL_5.mp3", "isCorrect": true, "que_text": "Y", "noOfMistakes": "0", "que_id": "HI_S1_CL_5"}, {"recordingName": "HI_S1_CL_7.mp3", "isCorrect": true, "que_text": "O", "noOfMistakes": "0", "que_id": "HI_S1_CL_7"}, {"recordingName": "HI_S1_CL_6.mp3", "isCorrect": true, "que_text": "N", "noOfMistakes": "0", "que_id": "HI_S1_CL_6"}, {"recordingName": "HI_S1_SL_0.mp3", "isCorrect": true, "que_text": "h", "noOfMistakes": "0", "que_id": "HI_S1_SL_0"}, {"recordingName": "HI_S1_SL_4.mp3", "isCorrect": true, "que_text": "m", "noOfMistakes": "0", "que_id": "HI_S1_SL_4"}, {"recordingName": "HI_S1_SL_7.mp3", "isCorrect": true, "que_text": "t", "noOfMistakes": "0", "que_id": "HI_S1_SL_7"}, {"recordingName": "HI_S1_SL_6.mp3", "isCorrect": true, "que_text": "g", "noOfMistakes": "0", "que_id": "HI_S1_SL_6"}, {"recordingName": "HI_S1_SL_5.mp3", "isCorrect": true, "que_text": "d", "noOfMistakes": "0", "que_id": "HI_S1_SL_5"}, {"recordingName": "HI_S1_W_0.mp3", "isCorrect": true, "que_text": "cat", "noOfMistakes": "0", "que_id": "HI_S1_W_0"}, {"recordingName": "HI_S1_W_1.mp3", "isCorrect": true, "que_text": "red", "noOfMistakes": "0", "que_id": "HI_S1_W_1"}, {"recordingName": "HI_S1_W_2.mp3", "isCorrect": true, "que_text": "sun", "noOfMistakes": "0", "que_id": "HI_S1_W_2"}, {"recordingName": "HI_S1_W_4.mp3", "isCorrect": true, "que_text": "fan", "noOfMistakes": "0", "que_id": "HI_S1_W_4"}, {"recordingName": "HI_S1_W_5.mp3", "isCorrect": true, "que_text": "bus", "noOfMistakes": "0", "que_id": "HI_S1_W_5"}, {"recordingName": "HI_S1_S_0.mp3", "isCorrect": true, "que_text": "Where is your house?", "noOfMistakes": "0", "que_id": "HI_S1_S_0"}, {"recordingName": "HI_S1_S_2.mp3", "isCorrect": true, "que_text": "I like to read.", "noOfMistakes": "0", "que_id": "HI_S1_S_2"}], "englishProficiency": "Sentence", "studClass": "8", "date": "Tue Sep 03 11:25:19 IST 2019", "mathematicsProficiency": "Subtraction", "deviceID": "1d9f75fc9e81e9e0", "ageGroup": "10-12 years", "nativeProficiency": "Story"}