{"sequenceList": [{"recordingName": "HI_S3_WD_1.mp3", "isCorrect": true, "que_text": "तोता", "noOfMistakes": "0", "que_id": "HI_S3_WD_1"}, {"recordingName": "HI_S3_WD_2.mp3", "isCorrect": true, "que_text": "चूहा", "noOfMistakes": "0", "que_id": "HI_S3_WD_2"}, {"recordingName": "HI_S3_WD_8.mp3", "isCorrect": true, "que_text": "माला", "noOfMistakes": "0", "que_id": "HI_S3_WD_8"}, {"recordingName": "HI_S3_WD_0.mp3", "isCorrect": true, "que_text": "नाक", "noOfMistakes": "0", "que_id": "HI_S3_WD_0"}, {"recordingName": "HI_S3_WD_7.mp3", "isCorrect": true, "que_text": "पीला", "noOfMistakes": "0", "que_id": "HI_S3_WD_7"}, {"recordingName": "HI_S3_DD_8.mp3", "isCorrect": true, "que_text": "36", "noOfMistakes": "0", "que_id": "HI_S3_DD_8"}, {"recordingName": "HI_S3_DD_5.mp3", "isCorrect": true, "que_text": "28", "noOfMistakes": "0", "que_id": "HI_S3_DD_5"}, {"recordingName": "HI_S3_DD_4.mp3", "isCorrect": true, "que_text": "55", "noOfMistakes": "0", "que_id": "HI_S3_DD_4"}, {"recordingName": "HI_S3_DD_3.mp3", "isCorrect": true, "que_text": "27", "noOfMistakes": "0", "que_id": "HI_S3_DD_3"}, {"recordingName": "HI_S3_DD_6.mp3", "isCorrect": true, "que_text": "91", "noOfMistakes": "0", "que_id": "HI_S3_DD_6"}, {"recordingName": "HI_S3_CL_0.mp3", "isCorrect": true, "que_text": "C", "noOfMistakes": "1", "que_id": "HI_S3_CL_0"}, {"recordingName": "HI_S3_CL_1.mp3", "isCorrect": true, "que_text": "K", "noOfMistakes": "1", "que_id": "HI_S3_CL_1"}, {"recordingName": "HI_S3_CL_2.mp3", "isCorrect": true, "que_text": "S", "noOfMistakes": "1", "que_id": "HI_S3_CL_2"}, {"recordingName": "HI_S3_CL_7.mp3", "isCorrect": true, "que_text": "Z", "noOfMistakes": "1", "que_id": "HI_S3_CL_7"}, {"recordingName": "HI_S3_CL_6.mp3", "isCorrect": false, "que_text": "O", "noOfMistakes": "1", "que_id": "HI_S3_CL_6"}, {"recordingName": "HI_S3_SL_2.mp3", "isCorrect": true, "que_text": "g", "noOfMistakes": "0", "que_id": "HI_S3_SL_2"}, {"recordingName": "HI_S3_SL_6.mp3", "isCorrect": true, "que_text": "r", "noOfMistakes": "0", "que_id": "HI_S3_SL_6"}, {"recordingName": "HI_S3_SL_1.mp3", "isCorrect": true, "que_text": "p", "noOfMistakes": "0", "que_id": "HI_S3_SL_1"}, {"recordingName": "HI_S3_SL_3.mp3", "isCorrect": true, "que_text": "v", "noOfMistakes": "0", "que_id": "HI_S3_SL_3"}, {"recordingName": "HI_S3_SL_4.mp3", "isCorrect": true, "que_text": "e", "noOfMistakes": "0", "que_id": "HI_S3_SL_4"}], "englishProficiency": "Small letter", "studClass": "6", "date": "Mon Aug 19 17:13:29 GMT+05:30 2019", "mathematicsProficiency": "Double digit", "deviceID": "ebaa26065aba20e5", "ageGroup": "12-15 years", "nativeProficiency": "Word"}