{"date": "Wed Sep 04 15:34:00 IST 2019", "sequenceList": [{"answer": "16", "isCorrect": true, "que_text": "51-35", "noOfMistakes": "1", "que_id": "HI_S1_SB_0"}, {"answer": "39", "isCorrect": false, "que_text": "63-34", "noOfMistakes": "1", "que_id": "HI_S2_SB_1"}, {"noOfMistakes": "0", "que_id": "HI_S2_D_0", "answer": "", "remainder": "124", "isCorrect": true, "que_text": "993/8"}], "nativeProficiency": "Story", "studClass": "7", "deviceID": "c983896e32d4ba2a", "ageGroup": "12-15 years", "mathematicsProficiency": "Division"}