{"sequenceList": [{"recordingName": "HI_S1_P_1.mp3", "isCorrect": true, "que_text": " माँ ने हलवा बनाया। वह बहुत मीठा था। उसे सोनी ने खाया। खाने के बाद वह सो गई।", "noOfMistakes": "0", "que_id": "HI_S1_P_1"}, {"recordingName": "HI_S1_ST_0.mp3", "isCorrect": true, "que_text": "बहुत दिनों से बारिश हो रही थी। गाँव में सभी जगह गंदा पानी भर गया था। सभी बारिश के रुकने की राह देख रहे थे। अचानक एक दिन बारिश रुक गई। सूरज निकल आया। सब लोग खुश हो गये। आसमान में चिड़ियाँ उड़ने लगीं। लोग अपने कपड़े सुखाने लगे। बच्चे भी घरों से बाहर निकलकर खेलने लगे।", "noOfMistakes": "1", "que_id": "HI_S1_ST_0"}, {"answer": "16", "isCorrect": true, "que_text": "51 - 35", "noOfMistakes": "0", "que_id": "HI_S1_SB_0"}, {"answer": "19", "isCorrect": true, "que_text": "67 - 48", "noOfMistakes": "0", "que_id": "HI_S1_SB_1"}, {"noOfMistakes": "0", "que_id": "HI_S1_D_0", "answer": "5", "remainder": "158", "isCorrect": true, "que_text": "918 / 7"}, {"recordingName": "HI_S1_CL_0.mp3", "isCorrect": true, "que_text": "A", "noOfMistakes": "0", "que_id": "HI_S1_CL_0"}, {"recordingName": "HI_S1_CL_2.mp3", "isCorrect": true, "que_text": "Q", "noOfMistakes": "0", "que_id": "HI_S1_CL_2"}, {"recordingName": "HI_S1_CL_5.mp3", "isCorrect": true, "que_text": "Y", "noOfMistakes": "0", "que_id": "HI_S1_CL_5"}, {"recordingName": "HI_S1_CL_4.mp3", "isCorrect": true, "que_text": "E", "noOfMistakes": "0", "que_id": "HI_S1_CL_4"}, {"recordingName": "HI_S1_CL_3.mp3", "isCorrect": true, "que_text": "R", "noOfMistakes": "0", "que_id": "HI_S1_CL_3"}, {"recordingName": "HI_S1_SL_0.mp3", "isCorrect": true, "que_text": "h", "noOfMistakes": "0", "que_id": "HI_S1_SL_0"}, {"recordingName": "HI_S1_SL_1.mp3", "isCorrect": true, "que_text": "p", "noOfMistakes": "0", "que_id": "HI_S1_SL_1"}, {"recordingName": "HI_S1_SL_5.mp3", "isCorrect": true, "que_text": "d", "noOfMistakes": "0", "que_id": "HI_S1_SL_5"}, {"recordingName": "HI_S1_SL_7.mp3", "isCorrect": true, "que_text": "t", "noOfMistakes": "0", "que_id": "HI_S1_SL_7"}, {"recordingName": "HI_S1_SL_4.mp3", "isCorrect": true, "que_text": "m", "noOfMistakes": "0", "que_id": "HI_S1_SL_4"}, {"recordingName": "HI_S1_W_0.mp3", "isCorrect": true, "que_text": "cat", "noOfMistakes": "1", "que_id": "HI_S1_W_0"}, {"recordingName": "HI_S1_W_4.mp3", "isCorrect": true, "que_text": "fan", "noOfMistakes": "1", "que_id": "HI_S1_W_4"}, {"recordingName": "HI_S1_W_5.mp3", "isCorrect": false, "que_text": "bus", "noOfMistakes": "1", "que_id": "HI_S1_W_5"}, {"recordingName": "HI_S1_W_1.mp3", "isCorrect": true, "que_text": "red", "noOfMistakes": "1", "que_id": "HI_S1_W_1"}, {"recordingName": "HI_S1_W_3.mp3", "isCorrect": true, "que_text": "lip", "noOfMistakes": "1", "que_id": "HI_S1_W_3"}, {"recordingName": "HI_S1_S_2.mp3", "isCorrect": false, "que_text": "I like to read.", "noOfMistakes": "200", "que_id": "HI_S1_S_2"}], "englishProficiency": "word", "studClass": "5", "date": "Mon Sep 09 10:33:31 IST 2019", "mathematicsProficiency": "Subtraction", "deviceID": "b63c09ad0db55307", "ageGroup": "10-12 years", "nativeProficiency": "Story"}