{"englishProficiency": "Capital letter", "sequenceList": [{"que_text": "क", "noOfMistakes": "0", "que_id": "HI_S3_L_1", "recordingName": "HI_S3_L_1.mp3", "isCorrect": true}, {"que_text": "च", "noOfMistakes": "0", "que_id": "HI_S3_L_2", "recordingName": "HI_S3_L_2.mp3", "isCorrect": true}, {"que_text": "थ", "noOfMistakes": "0", "que_id": "HI_S3_L_5", "recordingName": "HI_S3_L_5.mp3", "isCorrect": true}, {"que_text": "म", "noOfMistakes": "0", "que_id": "HI_S3_L_8", "recordingName": "HI_S3_L_8.mp3", "isCorrect": true}, {"que_text": "ल", "noOfMistakes": "0", "que_id": "HI_S3_L_4", "recordingName": "HI_S3_L_4.mp3", "isCorrect": true}, {"que_text": "K", "noOfMistakes": "0", "que_id": "HI_S3_CL_1", "recordingName": "HI_S3_CL_1.mp3", "isCorrect": true}, {"que_text": "S", "noOfMistakes": "0", "que_id": "HI_S3_CL_2", "recordingName": "HI_S3_CL_2.mp3", "isCorrect": true}, {"que_text": "W", "noOfMistakes": "0", "que_id": "HI_S3_CL_5", "recordingName": "HI_S3_CL_5.mp3", "isCorrect": true}, {"que_text": "F", "noOfMistakes": "0", "que_id": "HI_S3_CL_4", "recordingName": "HI_S3_CL_4.mp3", "isCorrect": true}, {"que_text": "Z", "noOfMistakes": "0", "que_id": "HI_S3_CL_7", "recordingName": "HI_S3_CL_7.mp3", "isCorrect": true}, {"que_text": "n", "noOfMistakes": "2", "que_id": "HI_S3_SL_0", "recordingName": "HI_S3_SL_0.mp3", "isCorrect": true}, {"que_text": "p", "noOfMistakes": "2", "que_id": "HI_S3_SL_1", "recordingName": "HI_S3_SL_1.mp3", "isCorrect": false}, {"que_text": "g", "noOfMistakes": "2", "que_id": "HI_S3_SL_2", "recordingName": "HI_S3_SL_2.mp3", "isCorrect": false}, {"que_text": "j", "noOfMistakes": "2", "que_id": "HI_S3_SL_5", "recordingName": "HI_S3_SL_5.mp3", "isCorrect": true}, {"que_text": "r", "noOfMistakes": "2", "que_id": "HI_S3_SL_6", "recordingName": "HI_S3_SL_6.mp3", "isCorrect": true}], "deviceID": "c66208a6b7100eb2", "ageGroup": "5-7 years", "studClass": "1", "date": "Mon Jul 08 13:50:50 IST 2019", "nativeProficiency": "Letter"}