{"englishProficiency": "Beginner", "sequenceList": [{"que_text": "आज रविवार आहे. शाळेला रजा आहे. तरी आज सकाळी मला लवकर जाग आली.", "noOfMistakes": "2", "que_id": "MR_S1_P_1", "isCorrect": true, "recordingName": "MR_S1_P_1.mp3"}, {"que_text": "A", "noOfMistakes": "3", "que_id": "MR_S1_CL_0", "isCorrect": true, "recordingName": "MR_S1_CL_0.mp3"}, {"que_text": "J", "noOfMistakes": "3", "que_id": "MR_S1_CL_1", "isCorrect": false, "recordingName": "MR_S1_CL_1.mp3"}, {"que_text": "Q", "noOfMistakes": "3", "que_id": "MR_S1_CL_2", "isCorrect": false, "recordingName": "MR_S1_CL_2.mp3"}, {"que_text": "E", "noOfMistakes": "3", "que_id": "MR_S1_CL_4", "isCorrect": false, "recordingName": "MR_S1_CL_4.mp3"}, {"que_text": "O", "noOfMistakes": "3", "que_id": "MR_S1_CL_7", "isCorrect": true, "recordingName": "MR_S1_CL_7.mp3"}], "deviceID": "1486e5dad35b4dc1", "ageGroup": "7-10 years", "studClass": "4", "date": "Sat Sep 07 16:53:39 GMT+05:30 2019", "nativeProficiency": "Paragraph"}