{"englishProficiency": "Capital letter", "sequenceList": [{"que_text": "क", "noOfMistakes": "4", "que_id": "MR_S3_L_0", "isCorrect": true, "recordingName": "MR_S3_L_0.mp3"}, {"que_text": "स", "noOfMistakes": "4", "que_id": "MR_S3_L_1", "isCorrect": false, "recordingName": "MR_S3_L_1.mp3"}, {"que_text": "ग", "noOfMistakes": "4", "que_id": "MR_S3_L_2", "isCorrect": false, "recordingName": "MR_S3_L_2.mp3"}, {"que_text": "ल", "noOfMistakes": "4", "que_id": "MR_S3_L_3", "isCorrect": false, "recordingName": "MR_S3_L_3.mp3"}, {"que_text": "न", "noOfMistakes": "4", "que_id": "MR_S3_L_4", "isCorrect": false, "recordingName": "MR_S3_L_4.mp3"}, {"que_text": "C", "noOfMistakes": "5", "que_id": "MR_S3_CL_0", "isCorrect": false, "recordingName": "MR_S3_CL_0.mp3"}, {"que_text": "K", "noOfMistakes": "5", "que_id": "MR_S3_CL_1", "isCorrect": false, "recordingName": "MR_S3_CL_1.mp3"}, {"que_text": "S", "noOfMistakes": "5", "que_id": "MR_S3_CL_2", "isCorrect": false, "recordingName": "MR_S3_CL_2.mp3"}, {"que_text": "Q", "noOfMistakes": "5", "que_id": "MR_S3_CL_3", "isCorrect": false, "recordingName": "MR_S3_CL_3.mp3"}, {"que_text": "F", "noOfMistakes": "5", "que_id": "MR_S3_CL_4", "isCorrect": false, "recordingName": "MR_S3_CL_4.mp3"}], "deviceID": "39ba11b269f1f93d", "ageGroup": "5-7 years", "studClass": "1", "date": "Sun Sep 08 02:25:30 IST 2019", "nativeProficiency": "Letter"}