{"sequenceList": [{"recordingName": "HI_S2_P_0.mp3", "isCorrect": true, "que_text": "सोनी के पास एक माला है। उसमें बहुत सारे मोती हैं। मोती पीले रंग के हैं। सोनी उसे पहनती है।", "noOfMistakes": "0", "que_id": "HI_S2_P_0"}, {"answer": "16", "isCorrect": true, "que_text": "51-35", "noOfMistakes": "0", "que_id": "HI_S1_SB_0"}, {"answer": "29", "isCorrect": true, "que_text": "63-34", "noOfMistakes": "0", "que_id": "HI_S2_SB_1"}, {"recordingName": "HI_S2_SL_0.mp3", "isCorrect": true, "que_text": "z", "noOfMistakes": "0", "que_id": "HI_S2_SL_0"}, {"recordingName": "HI_S2_SL_1.mp3", "isCorrect": true, "que_text": "j", "noOfMistakes": "0", "que_id": "HI_S2_SL_1"}, {"recordingName": "HI_S2_SL_2.mp3", "isCorrect": true, "que_text": "o", "noOfMistakes": "0", "que_id": "HI_S2_SL_2"}, {"recordingName": "HI_S2_SL_3.mp3", "isCorrect": true, "que_text": "w", "noOfMistakes": "0", "que_id": "HI_S2_SL_3"}, {"recordingName": "HI_S2_SL_4.mp3", "isCorrect": true, "que_text": "g", "noOfMistakes": "0", "que_id": "HI_S2_SL_4"}], "englishProficiency": "Small letter", "studClass": "5", "date": "Fri Sep 20 16:04:38 GMT+05:30 2019", "mathematicsProficiency": "Subtraction", "deviceID": "1ed21de3dcb4d468", "ageGroup": "7-10 years", "nativeProficiency": "Paragraph"}