{"englishProficiency": "Sentence", "sequenceList": [{"que_text": "A", "noOfMistakes": "0", "que_id": "HI_S1_CL_0", "isCorrect": true, "recordingName": "HI_S1_CL_0.mp3"}, {"que_text": "J", "noOfMistakes": "0", "que_id": "HI_S1_CL_1", "isCorrect": true, "recordingName": "HI_S1_CL_1.mp3"}, {"que_text": "E", "noOfMistakes": "0", "que_id": "HI_S1_CL_4", "isCorrect": true, "recordingName": "HI_S1_CL_4.mp3"}, {"que_text": "Y", "noOfMistakes": "0", "que_id": "HI_S1_CL_5", "isCorrect": true, "recordingName": "HI_S1_CL_5.mp3"}, {"que_text": "R", "noOfMistakes": "0", "que_id": "HI_S1_CL_3", "isCorrect": true, "recordingName": "HI_S1_CL_3.mp3"}, {"que_text": "h", "noOfMistakes": "0", "que_id": "HI_S1_SL_0", "isCorrect": true, "recordingName": "HI_S1_SL_0.mp3"}, {"que_text": "p", "noOfMistakes": "0", "que_id": "HI_S1_SL_1", "isCorrect": true, "recordingName": "HI_S1_SL_1.mp3"}, {"que_text": "x", "noOfMistakes": "0", "que_id": "HI_S1_SL_2", "isCorrect": true, "recordingName": "HI_S1_SL_2.mp3"}, {"que_text": "m", "noOfMistakes": "0", "que_id": "HI_S1_SL_4", "isCorrect": true, "recordingName": "HI_S1_SL_4.mp3"}, {"que_text": "t", "noOfMistakes": "0", "que_id": "HI_S1_SL_7", "isCorrect": true, "recordingName": "HI_S1_SL_7.mp3"}, {"que_text": "cat", "noOfMistakes": "0", "que_id": "HI_S1_W_0", "isCorrect": true, "recordingName": "HI_S1_W_0.mp3"}, {"que_text": "red", "noOfMistakes": "0", "que_id": "HI_S1_W_1", "isCorrect": true, "recordingName": "HI_S1_W_1.mp3"}, {"que_text": "fan", "noOfMistakes": "0", "que_id": "HI_S1_W_4", "isCorrect": true, "recordingName": "HI_S1_W_4.mp3"}, {"que_text": "bus", "noOfMistakes": "0", "que_id": "HI_S1_W_5", "isCorrect": true, "recordingName": "HI_S1_W_5.mp3"}, {"que_text": "sun", "noOfMistakes": "0", "que_id": "HI_S1_W_2", "isCorrect": true, "recordingName": "HI_S1_W_2.mp3"}, {"que_text": "Where is your house?", "noOfMistakes": "200", "que_id": "HI_S1_S_0", "isCorrect": false, "recordingName": "HI_S1_S_0.mp3"}, {"que_text": "This is a small bag.", "noOfMistakes": "200", "que_id": "HI_S1_S_1", "isCorrect": false, "recordingName": "HI_S1_S_1.mp3"}, {"que_text": "I like to read.", "noOfMistakes": "0", "que_id": "HI_S1_S_2", "isCorrect": true, "recordingName": "HI_S1_S_2.mp3"}, {"que_text": "I have a fat  dog .", "noOfMistakes": "0", "que_id": "HI_S1_S_3", "isCorrect": true, "recordingName": "HI_S1_S_3.mp3"}], "deviceID": "73b0919e383f08da", "ageGroup": "10-12 years", "studClass": "6", "nativeProficiency": "Story", "date": "Wed Sep 11 15:32:30 IST 2019"}