{"englishProficiency": "Beginner", "sequenceList": [{"que_text": "आज रविवार आहे. शाळेला रजा आहे. तरी आज सकाळी मला लवकर जाग आली.", "noOfMistakes": "200", "que_id": "MR_S1_P_1", "isCorrect": false, "recordingName": "MR_S1_P_1.mp3"}, {"que_text": "य", "noOfMistakes": "0", "que_id": "MR_S1_L_4", "isCorrect": true, "recordingName": "MR_S1_L_4.mp3"}, {"que_text": "द", "noOfMistakes": "0", "que_id": "MR_S1_L_5", "isCorrect": true, "recordingName": "MR_S1_L_5.mp3"}, {"que_text": "त", "noOfMistakes": "0", "que_id": "MR_S1_L_8", "isCorrect": true, "recordingName": "MR_S1_L_8.mp3"}, {"que_text": "ह", "noOfMistakes": "0", "que_id": "MR_S1_L_7", "isCorrect": true, "recordingName": "MR_S1_L_7.mp3"}, {"que_text": "ड", "noOfMistakes": "0", "que_id": "MR_S1_L_3", "isCorrect": true, "recordingName": "MR_S1_L_3.mp3"}, {"que_text": "J", "noOfMistakes": "2", "que_id": "MH_S1_CL_1", "isCorrect": false, "recordingName": "MH_S1_CL_1.mp3"}, {"que_text": "E", "noOfMistakes": "2", "que_id": "MR_S1_CL_4", "isCorrect": false, "recordingName": "MR_S1_CL_4.mp3"}], "deviceID": "3ebaa9d14abd9a0f", "ageGroup": "5-7 years", "studClass": "1", "nativeProficiency": "Letter", "date": "Thu Aug 29 17:47:45 GMT+05:30 2019"}