{"sequenceList": [{"recordingName": "MR_S1_P_1.mp3", "isCorrect": false, "que_text": "आज रविवार आहे. शाळेला रजा आहे. तरी आज सकाळी मला लवकर जाग आली.", "noOfMistakes": "200", "que_id": "MR_S1_P_1"}, {"recordingName": "MR_S1_L_4.mp3", "isCorrect": true, "que_text": "य", "noOfMistakes": "0", "que_id": "MR_S1_L_4"}, {"recordingName": "MR_S1_L_5.mp3", "isCorrect": true, "que_text": "द", "noOfMistakes": "0", "que_id": "MR_S1_L_5"}, {"recordingName": "MR_S1_L_8.mp3", "isCorrect": true, "que_text": "त", "noOfMistakes": "0", "que_id": "MR_S1_L_8"}, {"recordingName": "MR_S1_L_7.mp3", "isCorrect": true, "que_text": "ह", "noOfMistakes": "0", "que_id": "MR_S1_L_7"}, {"recordingName": "MR_S1_L_3.mp3", "isCorrect": true, "que_text": "ड", "noOfMistakes": "0", "que_id": "MR_S1_L_3"}, {"recordingName": "MR_S1_SD_7.mp3", "isCorrect": true, "que_text": "1", "noOfMistakes": "2", "que_id": "MR_S1_SD_7"}, {"recordingName": "MR_S1_SD_4.mp3", "isCorrect": false, "que_text": "9", "noOfMistakes": "2", "que_id": "MR_S1_SD_4"}, {"recordingName": "MR_S1_SD_5.mp3", "isCorrect": false, "que_text": "8", "noOfMistakes": "2", "que_id": "MR_S1_SD_5"}, {"recordingName": "MH_S1_CL_1.mp3", "isCorrect": false, "que_text": "J", "noOfMistakes": "2", "que_id": "MH_S1_CL_1"}, {"recordingName": "MR_S1_CL_4.mp3", "isCorrect": false, "que_text": "E", "noOfMistakes": "2", "que_id": "MR_S1_CL_4"}], "englishProficiency": "Beginner", "studClass": "1", "date": "Thu Aug 29 17:47:45 GMT+05:30 2019", "mathematicsProficiency": "Beginner", "deviceID": "3ebaa9d14abd9a0f", "ageGroup": "5-7 years", "nativeProficiency": "Letter"}