{"englishProficiency": "Beginner", "sequenceList": [{"que_text": "रूपा बाहर खेल रही थी। खेलते-खेलते रात हो गई। वह अपने घर चली गई। रूपा खाना खाकर सो गई।", "noOfMistakes": "200", "que_id": "HI_S4_P_1", "isCorrect": false, "recordingName": "HI_S4_P_1.mp3"}, {"que_text": "न", "noOfMistakes": "0", "que_id": "HI_S4_L_0", "isCorrect": true, "recordingName": "HI_S4_L_0.mp3"}, {"que_text": "ल", "noOfMistakes": "0", "que_id": "HI_S4_L_8", "isCorrect": true, "recordingName": "HI_S4_L_8.mp3"}, {"que_text": "प", "noOfMistakes": "0", "que_id": "HI_S4_L_5", "isCorrect": true, "recordingName": "HI_S4_L_5.mp3"}, {"que_text": "म", "noOfMistakes": "0", "que_id": "HI_S4_L_2", "isCorrect": true, "recordingName": "HI_S4_L_2.mp3"}, {"que_text": "स", "noOfMistakes": "0", "que_id": "HI_S4_L_4", "isCorrect": true, "recordingName": "HI_S4_L_4.mp3"}, {"que_text": "D", "noOfMistakes": "3", "que_id": "HI_S4_CL_0", "isCorrect": false, "recordingName": "HI_S4_CL_0.mp3"}, {"que_text": "T", "noOfMistakes": "3", "que_id": "HI_S4_CL_2", "isCorrect": true, "recordingName": "HI_S4_CL_2.mp3"}, {"que_text": "X", "noOfMistakes": "3", "que_id": "HI_S4_CL_5", "isCorrect": false, "recordingName": "HI_S4_CL_5.mp3"}, {"que_text": "L", "noOfMistakes": "3", "que_id": "HI_S4_CL_1", "isCorrect": true, "recordingName": "HI_S4_CL_1.mp3"}, {"que_text": "G", "noOfMistakes": "3", "que_id": "HI_S4_CL_4", "isCorrect": false, "recordingName": "HI_S4_CL_4.mp3"}], "deviceID": "c66208a6b7100eb2", "ageGroup": "less than 5 years", "studClass": "1", "nativeProficiency": "Letter", "date": "Fri Aug 23 16:28:05 IST 2019"}