{"sequenceList": [{"recordingName": "MR_S4_P_0.mp3", "isCorrect": true, "que_text": "गीता बागेत आली. तिकडे तिला मंजू भेटली. दोघींनी जोरात झोका घेतला. आज खूपच मजा आली.", "noOfMistakes": "0", "que_id": "MR_S4_P_0"}, {"recordingName": "MR_S4_ST_0.mp3", "isCorrect": true, "que_text": "एक होती आजी. एकदा तिला तिच्या बहिणीचे पत्र आले. आजीला तिने आपल्या घरी पूजेला बोलाविले होते. आजीने आपल्या सामानाचे गाठोडे बांधले. निघताना तिने घराला कुलूप लावले. ती प्रवासाला पायी निघाली. वाटेत आजीला झरा दिसला. चालून चालून थकल्याने ती झऱ्याकाठी बसली. थोडे खाऊन तिने थंड पाणी प्यायले आणि ती झोपी गेली. काहीं वेळाने समोरून एक टांगा आला. टांग्यातील माणसाने तिला बहिणीकडे सोडले. आजीने त्याचे आभार मानले आणि ती घरात गेली.", "noOfMistakes": "2", "que_id": "MR_S4_ST_0"}, {"answer": "8", "isCorrect": true, "que_text": "26 - 18", "noOfMistakes": "0", "que_id": "MR_S4_SB_7"}, {"answer": "15", "isCorrect": true, "que_text": "34 - 19", "noOfMistakes": "0", "que_id": "MR_S4_SB_5"}, {"noOfMistakes": "0", "que_id": "MR_S4_D_1", "answer": "162", "remainder": "", "isCorrect": true, "que_text": "654 / 4"}, {"recordingName": "MR_S4_CL_1.mp3", "isCorrect": true, "que_text": "L", "noOfMistakes": "0", "que_id": "MR_S4_CL_1"}, {"recordingName": "MR_S4_CL_4.mp3", "isCorrect": true, "que_text": "G", "noOfMistakes": "0", "que_id": "MR_S4_CL_4"}, {"recordingName": "MR_S4_CL_5.mp3", "isCorrect": true, "que_text": "X", "noOfMistakes": "0", "que_id": "MR_S4_CL_5"}, {"recordingName": "MR_S4_CL_3.mp3", "isCorrect": true, "que_text": "K", "noOfMistakes": "0", "que_id": "MR_S4_CL_3"}, {"recordingName": "MR_S4_CL_7.mp3", "isCorrect": true, "que_text": "N", "noOfMistakes": "0", "que_id": "MR_S4_CL_7"}, {"recordingName": "MR_S4_SL_1.mp3", "isCorrect": true, "que_text": "f", "noOfMistakes": "0", "que_id": "MR_S4_SL_1"}, {"recordingName": "MR_S4_SL_4.mp3", "isCorrect": true, "que_text": "v", "noOfMistakes": "0", "que_id": "MR_S4_SL_4"}, {"recordingName": "MR_S4_SL_3.mp3", "isCorrect": true, "que_text": "s", "noOfMistakes": "0", "que_id": "MR_S4_SL_3"}, {"recordingName": "MR_S4_SL_5.mp3", "isCorrect": true, "que_text": "m", "noOfMistakes": "0", "que_id": "MR_S4_SL_5"}, {"recordingName": "MR_S4_SL_7.mp3", "isCorrect": true, "que_text": "h", "noOfMistakes": "0", "que_id": "MR_S4_SL_7"}, {"recordingName": "MR_S4_W_1.mp3", "isCorrect": false, "que_text": "fat", "noOfMistakes": "2", "que_id": "MR_S4_W_1"}, {"recordingName": "MR_S4_W_3.mp3", "isCorrect": false, "que_text": "boy", "noOfMistakes": "2", "que_id": "MR_S4_W_3"}], "englishProficiency": "Small letter", "studClass": "4", "date": "Fri Aug 16 15:42:45 GMT+05:30 2019", "mathematicsProficiency": "Division", "deviceID": "3ebaa9d14abd9a0f", "ageGroup": "7-10 years", "nativeProficiency": "Story"}