{"englishProficiency": "Small letter", "sequenceList": [{"que_text": "नाक", "noOfMistakes": "1", "que_id": "HI_S3_WD_0", "isCorrect": true, "recordingName": "HI_S3_WD_0.mp3"}, {"que_text": "माला", "noOfMistakes": "1", "que_id": "HI_S3_WD_8", "isCorrect": true, "recordingName": "HI_S3_WD_8.mp3"}, {"que_text": "चूहा", "noOfMistakes": "1", "que_id": "HI_S3_WD_2", "isCorrect": true, "recordingName": "HI_S3_WD_2.mp3"}, {"que_text": "पीला", "noOfMistakes": "1", "que_id": "HI_S3_WD_7", "isCorrect": true, "recordingName": "HI_S3_WD_7.mp3"}, {"que_text": "तोता", "noOfMistakes": "1", "que_id": "HI_S3_WD_1", "isCorrect": false, "recordingName": "HI_S3_WD_1.mp3"}, {"que_text": "द", "noOfMistakes": "0", "que_id": "HI_S3_L_0", "isCorrect": true, "recordingName": "HI_S3_L_0.mp3"}, {"que_text": "ब", "noOfMistakes": "0", "que_id": "HI_S3_L_3", "isCorrect": true, "recordingName": "HI_S3_L_3.mp3"}, {"que_text": "ल", "noOfMistakes": "0", "que_id": "HI_S3_L_4", "isCorrect": true, "recordingName": "HI_S3_L_4.mp3"}, {"que_text": "थ", "noOfMistakes": "0", "que_id": "HI_S3_L_5", "isCorrect": true, "recordingName": "HI_S3_L_5.mp3"}, {"que_text": "च", "noOfMistakes": "0", "que_id": "HI_S3_L_2", "isCorrect": true, "recordingName": "HI_S3_L_2.mp3"}, {"que_text": "C", "noOfMistakes": "1", "que_id": "HI_S3_CL_0", "isCorrect": true, "recordingName": "HI_S3_CL_0.mp3"}, {"que_text": "Q", "noOfMistakes": "1", "que_id": "HI_S3_CL_3", "isCorrect": false, "recordingName": "HI_S3_CL_3.mp3"}, {"que_text": "S", "noOfMistakes": "1", "que_id": "HI_S3_CL_2", "isCorrect": true, "recordingName": "HI_S3_CL_2.mp3"}, {"que_text": "F", "noOfMistakes": "1", "que_id": "HI_S3_CL_4", "isCorrect": true, "recordingName": "HI_S3_CL_4.mp3"}, {"que_text": "Z", "noOfMistakes": "1", "que_id": "HI_S3_CL_7", "isCorrect": true, "recordingName": "HI_S3_CL_7.mp3"}, {"que_text": "g", "noOfMistakes": "1", "que_id": "HI_S3_SL_2", "isCorrect": true, "recordingName": "HI_S3_SL_2.mp3"}, {"que_text": "v", "noOfMistakes": "1", "que_id": "HI_S3_SL_3", "isCorrect": true, "recordingName": "HI_S3_SL_3.mp3"}, {"que_text": "p", "noOfMistakes": "1", "que_id": "HI_S3_SL_1", "isCorrect": true, "recordingName": "HI_S3_SL_1.mp3"}, {"que_text": "n", "noOfMistakes": "1", "que_id": "HI_S3_SL_0", "isCorrect": true, "recordingName": "HI_S3_SL_0.mp3"}, {"que_text": "r", "noOfMistakes": "1", "que_id": "HI_S3_SL_6", "isCorrect": false, "recordingName": "HI_S3_SL_6.mp3"}, {"que_text": "fox", "noOfMistakes": "1", "que_id": "HI_S3_W_4", "isCorrect": false, "recordingName": "HI_S3_W_4.mp3"}], "deviceID": "ebaa26065aba20e5", "ageGroup": "7-10 years", "studClass": "3", "nativeProficiency": "Word", "date": "Mon Jul 08 14:59:48 GMT+05:30 2019"}