{"englishProficiency": "word", "sequenceList": [{"que_text": "fat", "noOfMistakes": "1", "que_id": "MR_S4_W_1", "isCorrect": true, "recordingName": "MR_S4_W_1.mp3"}, {"que_text": "out", "noOfMistakes": "1", "que_id": "MR_S4_W_4", "isCorrect": true, "recordingName": "MR_S4_W_4.mp3"}, {"que_text": "boy", "noOfMistakes": "1", "que_id": "MR_S4_W_3", "isCorrect": false, "recordingName": "MR_S4_W_3.mp3"}, {"que_text": "dog", "noOfMistakes": "1", "que_id": "MR_S4_W_0", "isCorrect": true, "recordingName": "MR_S4_W_0.mp3"}, {"que_text": "box", "noOfMistakes": "1", "que_id": "MR_S4_W_5", "isCorrect": true, "recordingName": "MR_S4_W_5.mp3"}], "deviceID": "5b150edd580a5183", "ageGroup": "12-15 years", "studClass": "7", "nativeProficiency": "Paragraph", "date": "Wed Sep 04 18:05:34 IST 2019"}