{"sequenceList": [{"recordingName": "HI_S3_WD_0.mp3", "isCorrect": true, "que_text": "नाक", "noOfMistakes": "3", "que_id": "HI_S3_WD_0"}, {"recordingName": "HI_S3_WD_5.mp3", "isCorrect": true, "que_text": "देर", "noOfMistakes": "3", "que_id": "HI_S3_WD_5"}, {"recordingName": "HI_S3_WD_2.mp3", "isCorrect": false, "que_text": "चूहा", "noOfMistakes": "3", "que_id": "HI_S3_WD_2"}, {"recordingName": "HI_S3_WD_6.mp3", "isCorrect": false, "que_text": "रोटी", "noOfMistakes": "3", "que_id": "HI_S3_WD_6"}, {"recordingName": "HI_S3_WD_9.mp3", "isCorrect": false, "que_text": "दिन", "noOfMistakes": "3", "que_id": "HI_S3_WD_9"}, {"recordingName": "HI_S3_DD_0.mp3", "isCorrect": true, "que_text": "52", "noOfMistakes": "4", "que_id": "HI_S3_DD_0"}, {"recordingName": "HI_S3_DD_3.mp3", "isCorrect": false, "que_text": "27", "noOfMistakes": "4", "que_id": "HI_S3_DD_3"}, {"recordingName": "HI_S3_DD_5.mp3", "isCorrect": false, "que_text": "28", "noOfMistakes": "4", "que_id": "HI_S3_DD_5"}, {"recordingName": "HI_S3_DD_2.mp3", "isCorrect": false, "que_text": "37", "noOfMistakes": "4", "que_id": "HI_S3_DD_2"}, {"recordingName": "HI_S3_DD_6.mp3", "isCorrect": false, "que_text": "91", "noOfMistakes": "4", "que_id": "HI_S3_DD_6"}, {"recordingName": "HI_S3_CL_0.mp3", "isCorrect": true, "que_text": "C", "noOfMistakes": "1", "que_id": "HI_S3_CL_0"}, {"recordingName": "HI_S3_CL_4.mp3", "isCorrect": false, "que_text": "F", "noOfMistakes": "1", "que_id": "HI_S3_CL_4"}, {"recordingName": "HI_S3_CL_2.mp3", "isCorrect": true, "que_text": "S", "noOfMistakes": "1", "que_id": "HI_S3_CL_2"}, {"recordingName": "HI_S3_CL_6.mp3", "isCorrect": true, "que_text": "O", "noOfMistakes": "1", "que_id": "HI_S3_CL_6"}, {"recordingName": "HI_S3_CL_1.mp3", "isCorrect": true, "que_text": "K", "noOfMistakes": "1", "que_id": "HI_S3_CL_1"}], "englishProficiency": "Capital letter", "studClass": "3", "date": "Mon Sep 16 13:05:03 GMT+02:00 2019", "mathematicsProficiency": "Single digit", "deviceID": "e895bbe4fd47de35", "ageGroup": "7-10 years", "nativeProficiency": "Word"}