{"sequenceList": [{"recordingName": "HI_S3_P_1.mp3", "isCorrect": false, "que_text": "काले बादल छाए हैं। तेज़ बारिश हो रही है। मोर भी नाच रहा है। सब नाच देख रहे हैं।", "noOfMistakes": "200", "que_id": "HI_S3_P_1"}, {"recordingName": "HI_S3_WD_1.mp3", "isCorrect": false, "que_text": "तोता", "noOfMistakes": "5", "que_id": "HI_S3_WD_1"}, {"recordingName": "HI_S3_WD_7.mp3", "isCorrect": false, "que_text": "पीला", "noOfMistakes": "5", "que_id": "HI_S3_WD_7"}, {"recordingName": "HI_S3_WD_2.mp3", "isCorrect": false, "que_text": "चूहा", "noOfMistakes": "5", "que_id": "HI_S3_WD_2"}, {"recordingName": "HI_S3_WD_3.mp3", "isCorrect": false, "que_text": "धुन", "noOfMistakes": "5", "que_id": "HI_S3_WD_3"}, {"recordingName": "HI_S3_WD_4.mp3", "isCorrect": false, "que_text": "मैना", "noOfMistakes": "5", "que_id": "HI_S3_WD_4"}, {"recordingName": "HI_S3_L_1.mp3", "isCorrect": true, "que_text": "क", "noOfMistakes": "2", "que_id": "HI_S3_L_1"}, {"recordingName": "HI_S3_L_2.mp3", "isCorrect": true, "que_text": "च", "noOfMistakes": "2", "que_id": "HI_S3_L_2"}, {"recordingName": "HI_S3_L_7.mp3", "isCorrect": false, "que_text": "त", "noOfMistakes": "2", "que_id": "HI_S3_L_7"}, {"recordingName": "HI_S3_L_4.mp3", "isCorrect": true, "que_text": "ल", "noOfMistakes": "2", "que_id": "HI_S3_L_4"}, {"recordingName": "HI_S3_L_6.mp3", "isCorrect": false, "que_text": "ह", "noOfMistakes": "2", "que_id": "HI_S3_L_6"}, {"answer": "-", "isCorrect": false, "que_text": "64 - 39", "noOfMistakes": "2", "que_id": "HI_S3_SB_1"}, {"answer": "-", "isCorrect": false, "que_text": "45 - 17", "noOfMistakes": "2", "que_id": "HI_S3_SB_3"}, {"recordingName": "HI_S3_SD_4.mp3", "isCorrect": true, "que_text": "6", "noOfMistakes": "0", "que_id": "HI_S3_SD_4"}, {"recordingName": "HI_S3_SD_5.mp3", "isCorrect": true, "que_text": "9", "noOfMistakes": "0", "que_id": "HI_S3_SD_5"}, {"recordingName": "HI_S3_SD_2.mp3", "isCorrect": true, "que_text": "7", "noOfMistakes": "0", "que_id": "HI_S3_SD_2"}, {"recordingName": "HI_S3_SD_1.mp3", "isCorrect": true, "que_text": "4", "noOfMistakes": "0", "que_id": "HI_S3_SD_1"}, {"recordingName": "HI_S3_SD_6.mp3", "isCorrect": true, "que_text": "5", "noOfMistakes": "0", "que_id": "HI_S3_SD_6"}, {"recordingName": "HI_S3_CL_0.mp3", "isCorrect": true, "que_text": "C", "noOfMistakes": "2", "que_id": "HI_S3_CL_0"}, {"recordingName": "HI_S3_CL_7.mp3", "isCorrect": true, "que_text": "Z", "noOfMistakes": "2", "que_id": "HI_S3_CL_7"}, {"recordingName": "HI_S3_CL_6.mp3", "isCorrect": false, "que_text": "O", "noOfMistakes": "2", "que_id": "HI_S3_CL_6"}, {"recordingName": "HI_S3_CL_5.mp3", "isCorrect": false, "que_text": "W", "noOfMistakes": "2", "que_id": "HI_S3_CL_5"}, {"recordingName": "HI_S3_CL_2.mp3", "isCorrect": true, "que_text": "S", "noOfMistakes": "2", "que_id": "HI_S3_CL_2"}], "englishProficiency": "Beginner", "studClass": "2", "date": "Thu Jul 11 16:17:32 IST 2019", "mathematicsProficiency": "Single digit", "deviceID": "c66208a6b7100eb2", "ageGroup": "5-7 years", "nativeProficiency": "Beginner"}