{"date": "Wed Sep 04 15:26:31 IST 2019", "sequenceList": [{"recordingName": "MR_S1_P_1.mp3", "isCorrect": true, "que_text": "आज रविवार आहे. शाळेला रजा आहे. तरी आज सकाळी मला लवकर जाग आली.", "noOfMistakes": "1", "que_id": "MR_S1_P_1"}, {"recordingName": "MR_S1_W_0.mp3", "isCorrect": true, "que_text": "cat", "noOfMistakes": "1", "que_id": "MR_S1_W_0"}, {"recordingName": "MR_S1_W_1.mp3", "isCorrect": true, "que_text": "red", "noOfMistakes": "1", "que_id": "MR_S1_W_1"}, {"recordingName": "MR_S1_W_3.mp3", "isCorrect": false, "que_text": "new", "noOfMistakes": "1", "que_id": "MR_S1_W_3"}, {"recordingName": "MR_S1_W_2.mp3", "isCorrect": true, "que_text": "sun", "noOfMistakes": "1", "que_id": "MR_S1_W_2"}, {"recordingName": "MR_S1_W_5.mp3", "isCorrect": true, "que_text": "bus", "noOfMistakes": "1", "que_id": "MR_S1_W_5"}], "englishProficiency": "word", "studClass": "4", "deviceID": "d44a18809b90f7e1", "ageGroup": "7-10 years", "nativeProficiency": "Word"}