{"sequenceList": [{"recordingName": "HI_S4_P_0.mp3", "isCorrect": true, "que_text": "बग़ीचे में पेड़ हैं। पेड़ पर एक तोता रहता है। तोते का रंग हरा है। वह लाल टमाटर खाता है।", "noOfMistakes": "200", "que_id": "HI_S4_P_0"}, {"recordingName": "HI_S4_WD_2.mp3", "isCorrect": false, "que_text": "ताला", "noOfMistakes": "4", "que_id": "HI_S4_WD_2"}, {"recordingName": "HI_S4_WD_0.mp3", "isCorrect": true, "que_text": "आग", "noOfMistakes": "4", "que_id": "HI_S4_WD_0"}, {"recordingName": "HI_S4_WD_1.mp3", "isCorrect": false, "que_text": "सोच", "noOfMistakes": "4", "que_id": "HI_S4_WD_1"}, {"recordingName": "HI_S4_WD_3.mp3", "isCorrect": false, "que_text": "गिर", "noOfMistakes": "4", "que_id": "HI_S4_WD_3"}, {"recordingName": "HI_S4_WD_4.mp3", "isCorrect": false, "que_text": "पानी", "noOfMistakes": "4", "que_id": "HI_S4_WD_4"}, {"recordingName": "HI_S4_L_0.mp3", "isCorrect": true, "que_text": "न", "noOfMistakes": "0", "que_id": "HI_S4_L_0"}, {"recordingName": "HI_S4_L_1.mp3", "isCorrect": true, "que_text": "र", "noOfMistakes": "0", "que_id": "HI_S4_L_1"}, {"recordingName": "HI_S4_L_2.mp3", "isCorrect": true, "que_text": "म", "noOfMistakes": "0", "que_id": "HI_S4_L_2"}, {"recordingName": "HI_S4_L_3.mp3", "isCorrect": true, "que_text": "च", "noOfMistakes": "0", "que_id": "HI_S4_L_3"}, {"recordingName": "HI_S4_L_4.mp3", "isCorrect": true, "que_text": "स", "noOfMistakes": "0", "que_id": "HI_S4_L_4"}, {"recordingName": "HI_S4_SD_0.mp3", "isCorrect": true, "que_text": "5", "noOfMistakes": "0", "que_id": "HI_S4_SD_0"}, {"recordingName": "HI_S4_SD_1.mp3", "isCorrect": true, "que_text": "7", "noOfMistakes": "0", "que_id": "HI_S4_SD_1"}, {"recordingName": "HI_S4_SD_2.mp3", "isCorrect": true, "que_text": "8", "noOfMistakes": "0", "que_id": "HI_S4_SD_2"}, {"recordingName": "HI_S4_SD_3.mp3", "isCorrect": true, "que_text": "4", "noOfMistakes": "0", "que_id": "HI_S4_SD_3"}, {"recordingName": "HI_S4_SD_4.mp3", "isCorrect": true, "que_text": "2", "noOfMistakes": "0", "que_id": "HI_S4_SD_4"}, {"recordingName": "HI_S4_DD_0.mp3", "isCorrect": false, "que_text": "71", "noOfMistakes": "5", "que_id": "HI_S4_DD_0"}, {"recordingName": "HI_S4_DD_1.mp3", "isCorrect": false, "que_text": "24", "noOfMistakes": "5", "que_id": "HI_S4_DD_1"}, {"recordingName": "HI_S4_DD_2.mp3", "isCorrect": false, "que_text": "92", "noOfMistakes": "5", "que_id": "HI_S4_DD_2"}, {"recordingName": "HI_S4_DD_3.mp3", "isCorrect": false, "que_text": "86", "noOfMistakes": "5", "que_id": "HI_S4_DD_3"}, {"recordingName": "HI_S4_DD_4.mp3", "isCorrect": false, "que_text": "23", "noOfMistakes": "5", "que_id": "HI_S4_DD_4"}, {"answer": "56", "isCorrect": false, "que_text": "63 - 44", "noOfMistakes": "2", "que_id": "HI_S4_SB_0"}, {"answer": "52", "isCorrect": false, "que_text": "41 - 13", "noOfMistakes": "2", "que_id": "HI_S4_SB_1"}, {"noOfMistakes": "1", "que_id": "HI_S4_D_2", "answer": "23", "remainder": "57", "isCorrect": false, "que_text": "946 / 8"}, {"recordingName": "HI_S4_CL_0.mp3", "isCorrect": true, "que_text": "D", "noOfMistakes": "4", "que_id": "HI_S4_CL_0"}, {"recordingName": "HI_S4_CL_2.mp3", "isCorrect": false, "que_text": "T", "noOfMistakes": "4", "que_id": "HI_S4_CL_2"}, {"recordingName": "HI_S4_CL_1.mp3", "isCorrect": false, "que_text": "L", "noOfMistakes": "4", "que_id": "HI_S4_CL_1"}, {"recordingName": "HI_S4_CL_3.mp3", "isCorrect": false, "que_text": "K", "noOfMistakes": "4", "que_id": "HI_S4_CL_3"}, {"recordingName": "HI_S4_CL_4.mp3", "isCorrect": false, "que_text": "G", "noOfMistakes": "4", "que_id": "HI_S4_CL_4"}, {"recordingName": "HI_S4_SL_0.mp3", "isCorrect": false, "que_text": "y", "noOfMistakes": "5", "que_id": "HI_S4_SL_0"}, {"recordingName": "HI_S4_SL_1.mp3", "isCorrect": false, "que_text": "f", "noOfMistakes": "5", "que_id": "HI_S4_SL_1"}, {"recordingName": "HI_S4_SL_2.mp3", "isCorrect": false, "que_text": "i", "noOfMistakes": "5", "que_id": "HI_S4_SL_2"}, {"recordingName": "HI_S4_SL_3.mp3", "isCorrect": false, "que_text": "s", "noOfMistakes": "5", "que_id": "HI_S4_SL_3"}, {"recordingName": "HI_S4_SL_4.mp3", "isCorrect": false, "que_text": "v", "noOfMistakes": "5", "que_id": "HI_S4_SL_4"}, {"recordingName": "HI_S4_W_0.mp3", "isCorrect": false, "que_text": "dog", "noOfMistakes": "5", "que_id": "HI_S4_W_0"}, {"recordingName": "HI_S4_W_1.mp3", "isCorrect": false, "que_text": "fat", "noOfMistakes": "5", "que_id": "HI_S4_W_1"}, {"recordingName": "HI_S4_W_2.mp3", "isCorrect": false, "que_text": "cup", "noOfMistakes": "5", "que_id": "HI_S4_W_2"}, {"recordingName": "HI_S4_W_3.mp3", "isCorrect": false, "que_text": "boy", "noOfMistakes": "5", "que_id": "HI_S4_W_3"}, {"recordingName": "HI_S4_W_4.mp3", "isCorrect": false, "que_text": "man", "noOfMistakes": "5", "que_id": "HI_S4_W_4"}, {"recordingName": "HI_S4_S_0.mp3", "isCorrect": false, "que_text": "What is the time?", "noOfMistakes": "200", "que_id": "HI_S4_S_0"}, {"recordingName": "HI_S4_S_1.mp3", "isCorrect": false, "que_text": "This is a blue shirt.", "noOfMistakes": "200", "que_id": "HI_S4_S_1"}, {"recordingName": "HI_S4_S_2.mp3", "isCorrect": false, "que_text": "I like to sleep.", "noOfMistakes": "200", "que_id": "HI_S4_S_2"}, {"recordingName": "HI_S4_S_3.mp3", "isCorrect": false, "que_text": "I have a big house.", "noOfMistakes": "200", "que_id": "HI_S4_S_3"}], "englishProficiency": "Beginner", "studClass": "6", "date": "Fri Sep 13 18:07:53 GMT+05:30 2019", "mathematicsProficiency": "Single digit", "deviceID": "9381f13ce937c46d", "ageGroup": "10-12 years", "nativeProficiency": "Letter"}