{"sequenceList": [{"recordingName": "HI_S4_P_1.mp3", "isCorrect": true, "que_text": "रूपा बाहर खेल रही थी। खेलते-खेलते रात हो गई। वह अपने घर चली गई। रूपा खाना खाकर सो गई।", "noOfMistakes": "1", "que_id": "HI_S4_P_1"}, {"recordingName": "HI_S4_DD_1.mp3", "isCorrect": true, "que_text": "24", "noOfMistakes": "0", "que_id": "HI_S4_DD_1"}, {"recordingName": "HI_S4_DD_0.mp3", "isCorrect": true, "que_text": "71", "noOfMistakes": "0", "que_id": "HI_S4_DD_0"}, {"recordingName": "HI_S4_DD_3.mp3", "isCorrect": true, "que_text": "86", "noOfMistakes": "0", "que_id": "HI_S4_DD_3"}, {"recordingName": "HI_S4_DD_7.mp3", "isCorrect": true, "que_text": "61", "noOfMistakes": "0", "que_id": "HI_S4_DD_7"}, {"recordingName": "HI_S4_DD_8.mp3", "isCorrect": true, "que_text": "58", "noOfMistakes": "0", "que_id": "HI_S4_DD_8"}, {"recordingName": "HI_S4_CL_3.mp3", "isCorrect": true, "que_text": "K", "noOfMistakes": "0", "que_id": "HI_S4_CL_3"}, {"recordingName": "HI_S4_CL_4.mp3", "isCorrect": true, "que_text": "G", "noOfMistakes": "0", "que_id": "HI_S4_CL_4"}, {"recordingName": "HI_S4_CL_0.mp3", "isCorrect": true, "que_text": "D", "noOfMistakes": "0", "que_id": "HI_S4_CL_0"}, {"recordingName": "HI_S4_CL_7.mp3", "isCorrect": true, "que_text": "N", "noOfMistakes": "0", "que_id": "HI_S4_CL_7"}, {"recordingName": "HI_S4_CL_6.mp3", "isCorrect": true, "que_text": "P", "noOfMistakes": "0", "que_id": "HI_S4_CL_6"}, {"recordingName": "HI_S4_SL_1.mp3", "isCorrect": true, "que_text": "f", "noOfMistakes": "0", "que_id": "HI_S4_SL_1"}, {"recordingName": "HI_S4_SL_6.mp3", "isCorrect": true, "que_text": "a", "noOfMistakes": "0", "que_id": "HI_S4_SL_6"}, {"recordingName": "HI_S4_SL_3.mp3", "isCorrect": true, "que_text": "s", "noOfMistakes": "0", "que_id": "HI_S4_SL_3"}, {"recordingName": "HI_S4_SL_0.mp3", "isCorrect": true, "que_text": "y", "noOfMistakes": "0", "que_id": "HI_S4_SL_0"}, {"recordingName": "HI_S4_SL_4.mp3", "isCorrect": true, "que_text": "v", "noOfMistakes": "0", "que_id": "HI_S4_SL_4"}, {"recordingName": "HI_S4_W_0.mp3", "isCorrect": false, "que_text": "dog", "noOfMistakes": "1", "que_id": "HI_S4_W_0"}], "englishProficiency": "Small letter", "studClass": "6", "date": "Fri Sep 06 15:19:48 IST 2019", "mathematicsProficiency": "Double digit", "deviceID": "c000bc6529c79e65", "ageGroup": "10-12 years", "nativeProficiency": "Paragraph"}