{"sequenceList": [{"recordingName": "HI_S1_P_0.mp3", "isCorrect": false, "que_text": " राधा के पास एक तोता है। उसकी चोंच लाल है। वह बहुत बोलता है। सब को हँसाता है।", "noOfMistakes": "200", "que_id": "HI_S1_P_0"}, {"recordingName": "HI_S1_WD_0.mp3", "isCorrect": true, "que_text": "गाना", "noOfMistakes": "3", "que_id": "HI_S1_WD_0"}, {"recordingName": "HI_S1_WD_4.mp3", "isCorrect": false, "que_text": "झोला", "noOfMistakes": "3", "que_id": "HI_S1_WD_4"}, {"recordingName": "HI_S1_WD_2.mp3", "isCorrect": false, "que_text": "मोती", "noOfMistakes": "3", "que_id": "HI_S1_WD_2"}, {"recordingName": "HI_S1_WD_5.mp3", "isCorrect": false, "que_text": "आलू", "noOfMistakes": "3", "que_id": "HI_S1_WD_5"}, {"recordingName": "HI_S1_WD_8.mp3", "isCorrect": true, "que_text": "आग", "noOfMistakes": "3", "que_id": "HI_S1_WD_8"}, {"recordingName": "HI_S1_L_8.mp3", "isCorrect": true, "que_text": "क", "noOfMistakes": "0", "que_id": "HI_S1_L_8"}, {"recordingName": "HI_S1_L_1.mp3", "isCorrect": true, "que_text": "र", "noOfMistakes": "0", "que_id": "HI_S1_L_1"}, {"recordingName": "HI_S1_L_5.mp3", "isCorrect": true, "que_text": "ल", "noOfMistakes": "0", "que_id": "HI_S1_L_5"}, {"recordingName": "HI_S1_L_4.mp3", "isCorrect": true, "que_text": "श", "noOfMistakes": "0", "que_id": "HI_S1_L_4"}, {"recordingName": "HI_S1_L_2.mp3", "isCorrect": true, "que_text": "थ", "noOfMistakes": "0", "que_id": "HI_S1_L_2"}, {"recordingName": "HI_S1_SD_1.mp3", "isCorrect": true, "que_text": "7", "noOfMistakes": "0", "que_id": "HI_S1_SD_1"}, {"recordingName": "HI_S1_SD_5.mp3", "isCorrect": true, "que_text": "9", "noOfMistakes": "0", "que_id": "HI_S1_SD_5"}, {"recordingName": "HI_S1_SD_4.mp3", "isCorrect": true, "que_text": "8", "noOfMistakes": "0", "que_id": "HI_S1_SD_4"}, {"recordingName": "HI_S1_SD_3.mp3", "isCorrect": true, "que_text": "4", "noOfMistakes": "0", "que_id": "HI_S1_SD_3"}, {"recordingName": "HI_S1_SD_6.mp3", "isCorrect": true, "que_text": "5", "noOfMistakes": "0", "que_id": "HI_S1_SD_6"}, {"recordingName": "HI_S1_CL_0.mp3", "isCorrect": true, "que_text": "A", "noOfMistakes": "0", "que_id": "HI_S1_CL_0"}, {"recordingName": "HI_S1_CL_2.mp3", "isCorrect": true, "que_text": "Q", "noOfMistakes": "0", "que_id": "HI_S1_CL_2"}, {"recordingName": "HI_S1_CL_5.mp3", "isCorrect": true, "que_text": "Y", "noOfMistakes": "0", "que_id": "HI_S1_CL_5"}, {"recordingName": "HI_S1_CL_4.mp3", "isCorrect": true, "que_text": "E", "noOfMistakes": "0", "que_id": "HI_S1_CL_4"}, {"recordingName": "HI_S1_CL_1.mp3", "isCorrect": true, "que_text": "J", "noOfMistakes": "0", "que_id": "HI_S1_CL_1"}, {"recordingName": "HI_S1_SL_0.mp3", "isCorrect": false, "que_text": "h", "noOfMistakes": "5", "que_id": "HI_S1_SL_0"}, {"recordingName": "HI_S1_SL_2.mp3", "isCorrect": false, "que_text": "x", "noOfMistakes": "5", "que_id": "HI_S1_SL_2"}, {"recordingName": "HI_S1_SL_5.mp3", "isCorrect": false, "que_text": "d", "noOfMistakes": "5", "que_id": "HI_S1_SL_5"}, {"recordingName": "HI_S1_SL_4.mp3", "isCorrect": false, "que_text": "m", "noOfMistakes": "5", "que_id": "HI_S1_SL_4"}, {"recordingName": "HI_S1_SL_1.mp3", "isCorrect": false, "que_text": "p", "noOfMistakes": "5", "que_id": "HI_S1_SL_1"}], "englishProficiency": "Capital letter", "studClass": "2", "date": "Tue Aug 27 15:31:11 IST 2019", "mathematicsProficiency": "Single digit", "deviceID": "c66208a6b7100eb2", "ageGroup": "7-10 years", "nativeProficiency": "Letter"}