{"englishProficiency": "Beginner", "sequenceList": [{"que_text": "फुगेवाला आला. लाल, निळे, फुगे आणले. मुलांनी फुगे घेतले. हातातून ते सुटून गेले.", "noOfMistakes": "200", "que_id": "MR_S3_P_0", "isCorrect": false, "recordingName": "MR_S3_P_0.mp3"}, {"que_text": "लाल", "noOfMistakes": "1", "que_id": "MR_S3_WD_1", "isCorrect": false, "recordingName": "MR_S3_WD_1.mp3"}, {"que_text": "ल", "noOfMistakes": "2", "que_id": "MH_S3_L_3", "isCorrect": false, "recordingName": "MH_S3_L_3.mp3"}, {"que_text": "न", "noOfMistakes": "2", "que_id": "MH_S3_L_4", "isCorrect": true, "recordingName": "MH_S3_L_4.mp3"}, {"que_text": "र", "noOfMistakes": "2", "que_id": "MH_S3_L_7", "isCorrect": false, "recordingName": "MH_S3_L_7.mp3"}, {"que_text": "S", "noOfMistakes": "1", "que_id": "MR_S3_CL_2", "isCorrect": false, "recordingName": "MR_S3_CL_2.mp3"}], "deviceID": "3ebaa9d14abd9a0f", "ageGroup": "7-10 years", "studClass": "2", "nativeProficiency": "Beginner", "date": "Sat Aug 03 16:57:10 GMT+05:30 2019"}