{"sequenceList": [{"recordingName": "MR_S3_P_0.mp3", "isCorrect": false, "que_text": "फुगेवाला आला. लाल, निळे, फुगे आणले. मुलांनी फुगे घेतले. हातातून ते सुटून गेले.", "noOfMistakes": "200", "que_id": "MR_S3_P_0"}, {"recordingName": "MR_S3_WD_1.mp3", "isCorrect": false, "que_text": "लाल", "noOfMistakes": "1", "que_id": "MR_S3_WD_1"}, {"recordingName": "MH_S3_L_3.mp3", "isCorrect": false, "que_text": "ल", "noOfMistakes": "2", "que_id": "MH_S3_L_3"}, {"recordingName": "MH_S3_L_4.mp3", "isCorrect": true, "que_text": "न", "noOfMistakes": "2", "que_id": "MH_S3_L_4"}, {"recordingName": "MH_S3_L_7.mp3", "isCorrect": false, "que_text": "र", "noOfMistakes": "2", "que_id": "MH_S3_L_7"}, {"answer": "-", "isCorrect": false, "que_text": "64 - 39", "noOfMistakes": "1", "que_id": "MR_S3_SB_1"}, {"recordingName": "MR_S3_SD_0.mp3", "isCorrect": true, "que_text": "1", "noOfMistakes": "0", "que_id": "MR_S3_SD_0"}, {"recordingName": "MR_S3_SD_3.mp3", "isCorrect": true, "que_text": "3", "noOfMistakes": "0", "que_id": "MR_S3_SD_3"}, {"recordingName": "MR_S3_SD_7.mp3", "isCorrect": true, "que_text": "2", "noOfMistakes": "0", "que_id": "MR_S3_SD_7"}, {"recordingName": "MR_S3_SD_6.mp3", "isCorrect": true, "que_text": "5", "noOfMistakes": "0", "que_id": "MR_S3_SD_6"}, {"recordingName": "MR_S3_SD_4.mp3", "isCorrect": true, "que_text": "6", "noOfMistakes": "0", "que_id": "MR_S3_SD_4"}, {"recordingName": "MR_S3_CL_2.mp3", "isCorrect": false, "que_text": "S", "noOfMistakes": "1", "que_id": "MR_S3_CL_2"}], "englishProficiency": "Beginner", "studClass": "2", "date": "Sat Aug 03 16:57:10 GMT+05:30 2019", "mathematicsProficiency": "Single digit", "deviceID": "3ebaa9d14abd9a0f", "ageGroup": "7-10 years", "nativeProficiency": "Beginner"}