{"englishProficiency": "Capital letter", "sequenceList": [{"que_text": "गीता बागेत आली. तिकडे तिला मंजू भेटली. दोघींनी जोरात झोका घेतला. आज खूपच मजा आली.", "noOfMistakes": "4", "que_id": "MR_S4_P_0", "isCorrect": false, "recordingName": "MR_S4_P_0.mp3"}, {"que_text": "फेटा", "noOfMistakes": "0", "que_id": "MR_S4_WD_1", "isCorrect": true, "recordingName": "MR_S4_WD_1.mp3"}, {"que_text": "विमान", "noOfMistakes": "0", "que_id": "MR_S4_WD_4", "isCorrect": true, "recordingName": "MR_S4_WD_4.mp3"}, {"que_text": "पाऊस", "noOfMistakes": "0", "que_id": "MR_S4_WD_3", "isCorrect": true, "recordingName": "MR_S4_WD_3.mp3"}, {"que_text": "पोरी", "noOfMistakes": "0", "que_id": "MR_S4_WD_6", "isCorrect": true, "recordingName": "MR_S4_WD_6.mp3"}, {"que_text": "लाल", "noOfMistakes": "0", "que_id": "MR_S4_WD_5", "isCorrect": true, "recordingName": "MR_S4_WD_5.mp3"}, {"que_text": "D", "noOfMistakes": "0", "que_id": "MR_S4_CL_0", "isCorrect": true, "recordingName": "MR_S4_CL_0.mp3"}, {"que_text": "G", "noOfMistakes": "0", "que_id": "MR_S4_CL_4", "isCorrect": true, "recordingName": "MR_S4_CL_4.mp3"}, {"que_text": "N", "noOfMistakes": "0", "que_id": "MR_S4_CL_7", "isCorrect": true, "recordingName": "MR_S4_CL_7.mp3"}, {"que_text": "K", "noOfMistakes": "0", "que_id": "MR_S4_CL_3", "isCorrect": true, "recordingName": "MR_S4_CL_3.mp3"}, {"que_text": "P", "noOfMistakes": "0", "que_id": "MR_S4_CL_6", "isCorrect": true, "recordingName": "MR_S4_CL_6.mp3"}, {"que_text": "f", "noOfMistakes": "2", "que_id": "MR_S4_SL_1", "isCorrect": false, "recordingName": "MR_S4_SL_1.mp3"}, {"que_text": "v", "noOfMistakes": "2", "que_id": "MR_S4_SL_4", "isCorrect": true, "recordingName": "MR_S4_SL_4.mp3"}, {"que_text": "h", "noOfMistakes": "2", "que_id": "MR_S4_SL_7", "isCorrect": false, "recordingName": "MR_S4_SL_7.mp3"}, {"que_text": "y", "noOfMistakes": "2", "que_id": "MR_S4_SL_0", "isCorrect": true, "recordingName": "MR_S4_SL_0.mp3"}, {"que_text": "s", "noOfMistakes": "2", "que_id": "MR_S4_SL_3", "isCorrect": true, "recordingName": "MR_S4_SL_3.mp3"}], "deviceID": "3ebaa9d14abd9a0f", "ageGroup": "7-10 years", "studClass": "3", "nativeProficiency": "Word", "date": "Mon Jul 22 12:43:02 GMT+05:30 2019"}