{"englishProficiency": "Small letter", "sequenceList": [{"que_text": " राधा के पास एक तोता है। उसकी चोंच लाल है। वह बहुत बोलता है। सब को हँसाता है।", "noOfMistakes": "200", "que_id": "HI_S1_P_0", "isCorrect": false, "recordingName": "HI_S1_P_0.mp3"}, {"que_text": "घ", "noOfMistakes": "0", "que_id": "HI_S1_L_9", "isCorrect": true, "recordingName": "HI_S1_L_9.mp3"}, {"que_text": "थ", "noOfMistakes": "0", "que_id": "HI_S1_L_2", "isCorrect": true, "recordingName": "HI_S1_L_2.mp3"}, {"que_text": "र", "noOfMistakes": "0", "que_id": "HI_S1_L_1", "isCorrect": true, "recordingName": "HI_S1_L_1.mp3"}, {"que_text": "श", "noOfMistakes": "0", "que_id": "HI_S1_L_4", "isCorrect": true, "recordingName": "HI_S1_L_4.mp3"}, {"que_text": "ल", "noOfMistakes": "0", "que_id": "HI_S1_L_5", "isCorrect": true, "recordingName": "HI_S1_L_5.mp3"}, {"que_text": "N", "noOfMistakes": "0", "que_id": "HI_S1_CL_6", "isCorrect": true, "recordingName": "HI_S1_CL_6.mp3"}, {"que_text": "O", "noOfMistakes": "0", "que_id": "HI_S1_CL_7", "isCorrect": true, "recordingName": "HI_S1_CL_7.mp3"}, {"que_text": "Y", "noOfMistakes": "0", "que_id": "HI_S1_CL_5", "isCorrect": true, "recordingName": "HI_S1_CL_5.mp3"}, {"que_text": "Q", "noOfMistakes": "0", "que_id": "HI_S1_CL_2", "isCorrect": true, "recordingName": "HI_S1_CL_2.mp3"}, {"que_text": "E", "noOfMistakes": "0", "que_id": "HI_S1_CL_4", "isCorrect": true, "recordingName": "HI_S1_CL_4.mp3"}, {"que_text": "h", "noOfMistakes": "0", "que_id": "HI_S1_SL_0", "isCorrect": true, "recordingName": "HI_S1_SL_0.mp3"}, {"que_text": "x", "noOfMistakes": "0", "que_id": "HI_S1_SL_2", "isCorrect": true, "recordingName": "HI_S1_SL_2.mp3"}, {"que_text": "p", "noOfMistakes": "0", "que_id": "HI_S1_SL_1", "isCorrect": true, "recordingName": "HI_S1_SL_1.mp3"}, {"que_text": "d", "noOfMistakes": "0", "que_id": "HI_S1_SL_5", "isCorrect": true, "recordingName": "HI_S1_SL_5.mp3"}, {"que_text": "m", "noOfMistakes": "0", "que_id": "HI_S1_SL_4", "isCorrect": true, "recordingName": "HI_S1_SL_4.mp3"}], "deviceID": "c66208a6b7100eb2", "ageGroup": "5-7 years", "studClass": "1", "nativeProficiency": "Letter", "date": "Sun Aug 18 16:55:01 IST 2019"}