{"englishProficiency": "Sentence", "sequenceList": [{"que_text": "सोनी के पास एक माला है। उसमें बहुत सारे मोती हैं। मोती पीले रंग के हैं। सोनी उसे पहनती है।", "noOfMistakes": "2", "que_id": "HI_S2_P_0", "isCorrect": true, "recordingName": "HI_S2_P_0.mp3"}, {"que_text": "rat", "noOfMistakes": "1", "que_id": "HI_S2_W_0", "isCorrect": true, "recordingName": "HI_S2_W_0.mp3"}, {"que_text": "hot", "noOfMistakes": "1", "que_id": "HI_S2_W_1", "isCorrect": false, "recordingName": "HI_S2_W_1.mp3"}, {"que_text": "big", "noOfMistakes": "1", "que_id": "HI_S2_W_2", "isCorrect": true, "recordingName": "HI_S2_W_2.mp3"}, {"que_text": "man", "noOfMistakes": "1", "que_id": "HI_S2_W_4", "isCorrect": true, "recordingName": "HI_S2_W_4.mp3"}, {"que_text": "cow", "noOfMistakes": "1", "que_id": "HI_S2_W_3", "isCorrect": true, "recordingName": "HI_S2_W_3.mp3"}, {"que_text": "What is the time?", "noOfMistakes": "0", "que_id": "HI_S2_S_0", "isCorrect": false, "recordingName": "HI_S2_S_0.mp3"}, {"que_text": "This is a red ball.", "noOfMistakes": "1", "que_id": "HI_S2_S_1", "isCorrect": false, "recordingName": "HI_S2_S_1.mp3"}], "deviceID": "dcb358780fdd9cca", "ageGroup": "10-12 years", "studClass": "7", "nativeProficiency": "Story", "date": "Mon Sep 16 18:10:16 GMT+05:30 2019"}