{"englishProficiency": "Beginner", "sequenceList": [{"que_text": "त", "noOfMistakes": "0", "que_id": "HI_S2_L_7", "isCorrect": true, "recordingName": "HI_S2_L_7.mp3"}, {"que_text": "ख", "noOfMistakes": "0", "que_id": "HI_S2_L_9", "isCorrect": true, "recordingName": "HI_S2_L_9.mp3"}, {"que_text": "च", "noOfMistakes": "0", "que_id": "HI_S2_L_2", "isCorrect": true, "recordingName": "HI_S2_L_2.mp3"}, {"que_text": "ब", "noOfMistakes": "0", "que_id": "HI_S2_L_3", "isCorrect": true, "recordingName": "HI_S2_L_3.mp3"}, {"que_text": "क", "noOfMistakes": "0", "que_id": "HI_S2_L_1", "isCorrect": true, "recordingName": "HI_S2_L_1.mp3"}, {"que_text": "H", "noOfMistakes": "1", "que_id": "HI_S2_CL_1", "isCorrect": false, "recordingName": "HI_S2_CL_1.mp3"}], "deviceID": "ebaa26065aba20e5", "ageGroup": "5-7 years", "studClass": "1", "nativeProficiency": "Letter", "date": "Thu Aug 01 18:37:54 GMT+05:30 2019"}