{"sequenceList": [{"recordingName": "HI_S2_L_7.mp3", "isCorrect": true, "que_text": "त", "noOfMistakes": "0", "que_id": "HI_S2_L_7"}, {"recordingName": "HI_S2_L_9.mp3", "isCorrect": true, "que_text": "ख", "noOfMistakes": "0", "que_id": "HI_S2_L_9"}, {"recordingName": "HI_S2_L_2.mp3", "isCorrect": true, "que_text": "च", "noOfMistakes": "0", "que_id": "HI_S2_L_2"}, {"recordingName": "HI_S2_L_3.mp3", "isCorrect": true, "que_text": "ब", "noOfMistakes": "0", "que_id": "HI_S2_L_3"}, {"recordingName": "HI_S2_L_1.mp3", "isCorrect": true, "que_text": "क", "noOfMistakes": "0", "que_id": "HI_S2_L_1"}, {"recordingName": "HI_S2_DD_2.mp3", "isCorrect": false, "que_text": "69", "noOfMistakes": "1", "que_id": "HI_S2_DD_2"}, {"recordingName": "HI_S2_SD_4.mp3", "isCorrect": true, "que_text": "9", "noOfMistakes": "0", "que_id": "HI_S2_SD_4"}, {"recordingName": "HI_S2_SD_5.mp3", "isCorrect": true, "que_text": "8", "noOfMistakes": "0", "que_id": "HI_S2_SD_5"}, {"recordingName": "HI_S2_SD_1.mp3", "isCorrect": true, "que_text": "7", "noOfMistakes": "0", "que_id": "HI_S2_SD_1"}, {"recordingName": "HI_S2_SD_2.mp3", "isCorrect": true, "que_text": "3", "noOfMistakes": "0", "que_id": "HI_S2_SD_2"}, {"recordingName": "HI_S2_SD_3.mp3", "isCorrect": true, "que_text": "5", "noOfMistakes": "0", "que_id": "HI_S2_SD_3"}, {"recordingName": "HI_S2_CL_1.mp3", "isCorrect": false, "que_text": "H", "noOfMistakes": "1", "que_id": "HI_S2_CL_1"}], "englishProficiency": "Beginner", "studClass": "1", "date": "Thu Aug 01 18:37:54 GMT+05:30 2019", "mathematicsProficiency": "Single digit", "deviceID": "ebaa26065aba20e5", "ageGroup": "5-7 years", "nativeProficiency": "Letter"}