{"date": "Thu Sep 05 18:31:32 IST 2019", "sequenceList": [{"recordingName": "MR_S2_P_0.mp3", "isCorrect": true, "que_text": "एकदा मी पडले. सगळे मला हसले. एकदा सोनल पडली. मी तिला हसले.", "noOfMistakes": "0", "que_id": "MR_S2_P_0"}, {"recordingName": "MR_S2_ST_0.mp3", "isCorrect": true, "que_text": "एका गावात एक आजीबाई राहत होती. आजीचे घर छोटे होते. घरासमोर मोठी फुलबाग होती. बागेत गुलाब, जाई-जुई, अबोली, झेंडूची फुलझाडे होती. मोठीमोठी आंब्याची, फणसाची झाडे होती. झाडांवर पक्ष्यांची घरटी होती. हिरवे-कोवळे गवत होते. आजीची बाग सुंदर होती. संध्याकाळ होताच गावातील मुले बागेमध्ये खेळायला येत असत. ती भरपूर मजा करत. मुलांना खेळताना बघून आजीला आनंद होई. आजीबाई संध्याकाळी मुलांना गोष्टी सांगत असे. त्यामुळे मुलांनादेखील आजीबाई खूप आवडे.", "noOfMistakes": "0", "que_id": "MR_S2_ST_0"}, {"recordingName": "MR_S2_W_0.mp3", "isCorrect": true, "que_text": "cow", "noOfMistakes": "0", "que_id": "MR_S2_W_0"}, {"recordingName": "MR_S2_W_1.mp3", "isCorrect": true, "que_text": "wet", "noOfMistakes": "0", "que_id": "MR_S2_W_1"}, {"recordingName": "MR_S2_W_2.mp3", "isCorrect": true, "que_text": "big", "noOfMistakes": "0", "que_id": "MR_S2_W_2"}, {"recordingName": "MR_S2_W_5.mp3", "isCorrect": true, "que_text": "pen", "noOfMistakes": "0", "que_id": "MR_S2_W_5"}, {"recordingName": "MR_S2_S_0.mp3", "isCorrect": true, "que_text": "Where is your house?", "noOfMistakes": "0", "que_id": "MR_S2_S_0"}, {"recordingName": "MR_S2_S_1.mp3", "isCorrect": true, "que_text": "This is a long road.", "noOfMistakes": "0", "que_id": "MR_S2_S_1"}, {"recordingName": "MR_S2_S_2.mp3", "isCorrect": true, "que_text": "I like to play.", "noOfMistakes": "0", "que_id": "MR_S2_S_2"}, {"recordingName": "MR_S2_S_3.mp3", "isCorrect": true, "que_text": "She has a green kite.", "noOfMistakes": "0", "que_id": "MR_S2_S_3"}], "englishProficiency": "Sentence", "studClass": "6", "deviceID": "543e07a8bf02ff8", "ageGroup": "10-12 years", "nativeProficiency": "Story"}