{"englishProficiency": "Capital letter", "sequenceList": [{"que_text": "आज रविवार आहे. शाळेला रजा आहे. तरी आज सकाळी मला लवकर जाग आली.", "noOfMistakes": "0", "que_id": "MR_S1_P_1", "isCorrect": true, "recordingName": "MR_S1_P_1.mp3"}, {"que_text": "A", "noOfMistakes": "1", "que_id": "MR_S1_CL_0", "isCorrect": true, "recordingName": "MR_S1_CL_0.mp3"}, {"que_text": "J", "noOfMistakes": "1", "que_id": "MR_S1_CL_1", "isCorrect": false, "recordingName": "MR_S1_CL_1.mp3"}, {"que_text": "Q", "noOfMistakes": "1", "que_id": "MR_S1_CL_2", "isCorrect": true, "recordingName": "MR_S1_CL_2.mp3"}, {"que_text": "R", "noOfMistakes": "1", "que_id": "MR_S1_CL_3", "isCorrect": true, "recordingName": "MR_S1_CL_3.mp3"}, {"que_text": "E", "noOfMistakes": "1", "que_id": "MR_S1_CL_4", "isCorrect": true, "recordingName": "MR_S1_CL_4.mp3"}], "deviceID": "d44a18809b90f7e1", "ageGroup": "5-7 years", "studClass": "2", "date": "Fri Sep 13 16:07:43 IST 2019", "nativeProficiency": "Paragraph"}