{"englishProficiency": "Sentence", "sequenceList": [{"que_text": "काले बादल छाए हैं। तेज़ बारिश हो रही है। मोर भी नाच रहा है। सब नाच देख रहे हैं।", "noOfMistakes": "0", "que_id": "HI_S3_P_1", "recordingName": "HI_S3_P_1.mp3", "isCorrect": true}, {"que_text": "विमला और अजय मेला देखने गये। उन्हें मेले में तरह-तरह की दुकाने दिखीं। मेले में बहुत झूले थे। वहाँ गरम-गरम हलवा और जलेबियाँ भी बिक रहीं थीं। जलेबी देखकर दोनों के मुँह में पानी आने लगा। उन्हें जलेबी खाने का मन हुआ। विमला ने जलेबी खरीदी। दोनों दोस्तों ने मिलकर जलेबी खाई। शाम को दोनों घर लौट आये।", "noOfMistakes": "0", "que_id": "HI_S3_ST_0", "recordingName": "HI_S3_ST_0.mp3", "isCorrect": true}, {"que_text": "C", "noOfMistakes": "0", "que_id": "HI_S3_CL_0", "recordingName": "HI_S3_CL_0.mp3", "isCorrect": true}, {"que_text": "K", "noOfMistakes": "0", "que_id": "HI_S3_CL_1", "recordingName": "HI_S3_CL_1.mp3", "isCorrect": true}, {"que_text": "S", "noOfMistakes": "0", "que_id": "HI_S3_CL_2", "recordingName": "HI_S3_CL_2.mp3", "isCorrect": true}, {"que_text": "Q", "noOfMistakes": "0", "que_id": "HI_S3_CL_3", "recordingName": "HI_S3_CL_3.mp3", "isCorrect": true}, {"que_text": "F", "noOfMistakes": "0", "que_id": "HI_S3_CL_4", "recordingName": "HI_S3_CL_4.mp3", "isCorrect": true}, {"que_text": "n", "noOfMistakes": "0", "que_id": "HI_S3_SL_0", "recordingName": "HI_S3_SL_0.mp3", "isCorrect": true}, {"que_text": "p", "noOfMistakes": "0", "que_id": "HI_S3_SL_1", "recordingName": "HI_S3_SL_1.mp3", "isCorrect": true}, {"que_text": "g", "noOfMistakes": "0", "que_id": "HI_S3_SL_2", "recordingName": "HI_S3_SL_2.mp3", "isCorrect": true}, {"que_text": "v", "noOfMistakes": "0", "que_id": "HI_S3_SL_3", "recordingName": "HI_S3_SL_3.mp3", "isCorrect": true}, {"que_text": "e", "noOfMistakes": "0", "que_id": "HI_S3_SL_4", "recordingName": "HI_S3_SL_4.mp3", "isCorrect": true}, {"que_text": "hen", "noOfMistakes": "0", "que_id": "HI_S3_W_0", "recordingName": "HI_S3_W_0.mp3", "isCorrect": true}, {"que_text": "old", "noOfMistakes": "0", "que_id": "HI_S3_W_1", "recordingName": "HI_S3_W_1.mp3", "isCorrect": true}, {"que_text": "sit", "noOfMistakes": "0", "que_id": "HI_S3_W_2", "recordingName": "HI_S3_W_2.mp3", "isCorrect": true}, {"que_text": "run", "noOfMistakes": "0", "que_id": "HI_S3_W_3", "recordingName": "HI_S3_W_3.mp3", "isCorrect": true}, {"que_text": "fox", "noOfMistakes": "0", "que_id": "HI_S3_W_4", "recordingName": "HI_S3_W_4.mp3", "isCorrect": true}, {"que_text": "Where is your house?", "noOfMistakes": "0", "que_id": "HI_S3_S_0", "recordingName": "HI_S3_S_0.mp3", "isCorrect": true}, {"que_text": "This is a big bus.", "noOfMistakes": "0", "que_id": "HI_S3_S_1", "recordingName": "HI_S3_S_1.mp3", "isCorrect": true}, {"que_text": "I like to sing.", "noOfMistakes": "2", "que_id": "HI_S3_S_2", "recordingName": "HI_S3_S_2.mp3", "isCorrect": false}], "deviceID": "6f25fd7d695cd215", "ageGroup": "10-12 years", "studClass": "8", "date": "Tue Sep 10 16:45:19 IST 2019", "nativeProficiency": "Story"}