{"sequenceList": [{"recordingName": "HI_S3_P_1.mp3", "isCorrect": false, "que_text": "काले बादल छाए हैं। तेज़ बारिश हो रही है। मोर भी नाच रहा है। सब नाच देख रहे हैं।", "noOfMistakes": "200", "que_id": "HI_S3_P_1"}, {"recordingName": "HI_S3_WD_1.mp3", "isCorrect": true, "que_text": "तोता", "noOfMistakes": "1", "que_id": "HI_S3_WD_1"}, {"recordingName": "HI_S3_WD_8.mp3", "isCorrect": true, "que_text": "माला", "noOfMistakes": "1", "que_id": "HI_S3_WD_8"}, {"recordingName": "HI_S3_WD_9.mp3", "isCorrect": true, "que_text": "दिन", "noOfMistakes": "1", "que_id": "HI_S3_WD_9"}, {"recordingName": "HI_S3_WD_0.mp3", "isCorrect": true, "que_text": "नाक", "noOfMistakes": "1", "que_id": "HI_S3_WD_0"}, {"recordingName": "HI_S3_WD_2.mp3", "isCorrect": false, "que_text": "चूहा", "noOfMistakes": "1", "que_id": "HI_S3_WD_2"}, {"recordingName": "HI_S3_L_1.mp3", "isCorrect": true, "que_text": "क", "noOfMistakes": "0", "que_id": "HI_S3_L_1"}, {"recordingName": "HI_S3_L_7.mp3", "isCorrect": true, "que_text": "त", "noOfMistakes": "0", "que_id": "HI_S3_L_7"}, {"recordingName": "HI_S3_L_8.mp3", "isCorrect": true, "que_text": "म", "noOfMistakes": "0", "que_id": "HI_S3_L_8"}, {"recordingName": "HI_S3_L_9.mp3", "isCorrect": true, "que_text": "ख", "noOfMistakes": "0", "que_id": "HI_S3_L_9"}, {"recordingName": "HI_S3_L_5.mp3", "isCorrect": true, "que_text": "थ", "noOfMistakes": "0", "que_id": "HI_S3_L_5"}, {"answer": "-", "isCorrect": false, "que_text": "75 - 57", "noOfMistakes": "2", "que_id": "HI_S3_SB_5"}, {"answer": "-", "isCorrect": false, "que_text": "52 - 15", "noOfMistakes": "2", "que_id": "HI_S3_SB_6"}, {"recordingName": "HI_S3_DD_4.mp3", "isCorrect": false, "que_text": "55", "noOfMistakes": "3", "que_id": "HI_S3_DD_4"}, {"recordingName": "HI_S3_DD_6.mp3", "isCorrect": false, "que_text": "91", "noOfMistakes": "3", "que_id": "HI_S3_DD_6"}, {"recordingName": "HI_S3_DD_9.mp3", "isCorrect": false, "que_text": "43", "noOfMistakes": "3", "que_id": "HI_S3_DD_9"}, {"recordingName": "HI_S3_DD_5.mp3", "isCorrect": true, "que_text": "28", "noOfMistakes": "3", "que_id": "HI_S3_DD_5"}, {"recordingName": "HI_S3_DD_3.mp3", "isCorrect": true, "que_text": "27", "noOfMistakes": "3", "que_id": "HI_S3_DD_3"}, {"recordingName": "HI_S3_SD_1.mp3", "isCorrect": true, "que_text": "4", "noOfMistakes": "0", "que_id": "HI_S3_SD_1"}, {"recordingName": "HI_S3_SD_4.mp3", "isCorrect": true, "que_text": "6", "noOfMistakes": "0", "que_id": "HI_S3_SD_4"}, {"recordingName": "HI_S3_SD_5.mp3", "isCorrect": true, "que_text": "9", "noOfMistakes": "0", "que_id": "HI_S3_SD_5"}, {"recordingName": "HI_S3_SD_2.mp3", "isCorrect": true, "que_text": "7", "noOfMistakes": "0", "que_id": "HI_S3_SD_2"}, {"recordingName": "HI_S3_SD_7.mp3", "isCorrect": true, "que_text": "2", "noOfMistakes": "0", "que_id": "HI_S3_SD_7"}, {"recordingName": "HI_S3_CL_1.mp3", "isCorrect": false, "que_text": "K", "noOfMistakes": "4", "que_id": "HI_S3_CL_1"}, {"recordingName": "HI_S3_CL_5.mp3", "isCorrect": false, "que_text": "W", "noOfMistakes": "4", "que_id": "HI_S3_CL_5"}, {"recordingName": "HI_S3_CL_6.mp3", "isCorrect": true, "que_text": "O", "noOfMistakes": "4", "que_id": "HI_S3_CL_6"}, {"recordingName": "HI_S3_CL_4.mp3", "isCorrect": false, "que_text": "F", "noOfMistakes": "4", "que_id": "HI_S3_CL_4"}, {"recordingName": "HI_S3_CL_2.mp3", "isCorrect": false, "que_text": "S", "noOfMistakes": "4", "que_id": "HI_S3_CL_2"}], "englishProficiency": "Beginner", "studClass": "6", "date": "Mon Jul 01 14:18:11 IST 2019", "mathematicsProficiency": "Single digit", "deviceID": "c66208a6b7100eb2", "ageGroup": "10-12 years", "nativeProficiency": "Letter"}