{"sequenceList": [{"recordingName": "MR_S4_P_0.mp3", "isCorrect": false, "que_text": "गीता बागेत आली. तिकडे तिला मंजू भेटली. दोघींनी जोरात झोका घेतला. आज खूपच मजा आली.", "noOfMistakes": "200", "que_id": "MR_S4_P_0"}, {"recordingName": "MR_S4_WD_4.mp3", "isCorrect": true, "que_text": "विमान", "noOfMistakes": "3", "que_id": "MR_S4_WD_4"}, {"recordingName": "MR_S4_WD_3.mp3", "isCorrect": false, "que_text": "पाऊस", "noOfMistakes": "3", "que_id": "MR_S4_WD_3"}, {"recordingName": "MR_S4_WD_1.mp3", "isCorrect": true, "que_text": "फेटा", "noOfMistakes": "3", "que_id": "MR_S4_WD_1"}, {"recordingName": "MR_S4_WD_7.mp3", "isCorrect": false, "que_text": "केळे", "noOfMistakes": "3", "que_id": "MR_S4_WD_7"}, {"recordingName": "MR_S4_WD_0.mp3", "isCorrect": false, "que_text": "सैल", "noOfMistakes": "3", "que_id": "MR_S4_WD_0"}, {"recordingName": "MR_S4_L_0.mp3", "isCorrect": true, "que_text": "ख", "noOfMistakes": "0", "que_id": "MR_S4_L_0"}, {"recordingName": "MR_S4_L_7.mp3", "isCorrect": true, "que_text": "ण", "noOfMistakes": "0", "que_id": "MR_S4_L_7"}, {"recordingName": "MR_S4_L_4.mp3", "isCorrect": true, "que_text": "फ", "noOfMistakes": "0", "que_id": "MR_S4_L_4"}, {"recordingName": "MR_S4_L_5.mp3", "isCorrect": true, "que_text": "ड", "noOfMistakes": "0", "que_id": "MR_S4_L_5"}, {"recordingName": "MR_S4_L_2.mp3", "isCorrect": true, "que_text": "ल", "noOfMistakes": "0", "que_id": "MR_S4_L_2"}, {"answer": "-", "isCorrect": false, "que_text": "61 - 35", "noOfMistakes": "1", "que_id": "MR_S4_SB_3"}, {"recordingName": "MR_S4_DD_0.mp3", "isCorrect": true, "que_text": "71", "noOfMistakes": "0", "que_id": "MR_S4_DD_0"}, {"recordingName": "MR_S4_DD_7.mp3", "isCorrect": true, "que_text": "61", "noOfMistakes": "0", "que_id": "MR_S4_DD_7"}, {"recordingName": "MR_S4_DD_4.mp3", "isCorrect": true, "que_text": "23", "noOfMistakes": "0", "que_id": "MR_S4_DD_4"}, {"recordingName": "MR_S4_DD_5.mp3", "isCorrect": true, "que_text": "79", "noOfMistakes": "0", "que_id": "MR_S4_DD_5"}, {"recordingName": "MR_S4_DD_3.mp3", "isCorrect": true, "que_text": "86", "noOfMistakes": "0", "que_id": "MR_S4_DD_3"}, {"recordingName": "MR_S4_CL_0.mp3", "isCorrect": true, "que_text": "D", "noOfMistakes": "0", "que_id": "MR_S4_CL_0"}, {"recordingName": "MR_S4_CL_1.mp3", "isCorrect": true, "que_text": "L", "noOfMistakes": "0", "que_id": "MR_S4_CL_1"}, {"recordingName": "MR_S4_CL_2.mp3", "isCorrect": true, "que_text": "T", "noOfMistakes": "0", "que_id": "MR_S4_CL_2"}, {"recordingName": "MR_S4_CL_5.mp3", "isCorrect": true, "que_text": "X", "noOfMistakes": "0", "que_id": "MR_S4_CL_5"}, {"recordingName": "MR_S4_CL_4.mp3", "isCorrect": true, "que_text": "G", "noOfMistakes": "0", "que_id": "MR_S4_CL_4"}, {"recordingName": "MR_S4_SL_0.mp3", "isCorrect": true, "que_text": "y", "noOfMistakes": "0", "que_id": "MR_S4_SL_0"}, {"recordingName": "MR_S4_SL_1.mp3", "isCorrect": true, "que_text": "f", "noOfMistakes": "0", "que_id": "MR_S4_SL_1"}, {"recordingName": "MR_S4_SL_2.mp3", "isCorrect": true, "que_text": "i", "noOfMistakes": "0", "que_id": "MR_S4_SL_2"}, {"recordingName": "MR_S4_SL_4.mp3", "isCorrect": true, "que_text": "v", "noOfMistakes": "0", "que_id": "MR_S4_SL_4"}, {"recordingName": "MR_S4_SL_5.mp3", "isCorrect": true, "que_text": "m", "noOfMistakes": "0", "que_id": "MR_S4_SL_5"}, {"recordingName": "MR_S4_W_0.mp3", "isCorrect": true, "que_text": "dog", "noOfMistakes": "3", "que_id": "MR_S4_W_0"}, {"recordingName": "MR_S4_W_4.mp3", "isCorrect": false, "que_text": "out", "noOfMistakes": "3", "que_id": "MR_S4_W_4"}, {"recordingName": "MR_S4_W_3.mp3", "isCorrect": false, "que_text": "boy", "noOfMistakes": "3", "que_id": "MR_S4_W_3"}, {"recordingName": "MR_S4_W_5.mp3", "isCorrect": false, "que_text": "box", "noOfMistakes": "3", "que_id": "MR_S4_W_5"}], "englishProficiency": "Test was not complete", "studClass": "2", "date": "Fri Jul 12 17:32:31 GMT+05:30 2019", "mathematicsProficiency": "Double digit", "deviceID": "3ebaa9d14abd9a0f", "ageGroup": "5-7 years", "nativeProficiency": "Letter"}