{"sequenceList": [{"answer": "17", "isCorrect": true, "que_text": "73-56", "noOfMistakes": "0", "que_id": "MR_S1_SB_0"}, {"recordingName": "MR_S1_CL_0.mp3", "isCorrect": true, "que_text": "A", "noOfMistakes": "1", "que_id": "MR_S1_CL_0"}, {"recordingName": "MR_S1_CL_4.mp3", "isCorrect": true, "que_text": "E", "noOfMistakes": "1", "que_id": "MR_S1_CL_4"}, {"recordingName": "MR_S1_CL_3.mp3", "isCorrect": true, "que_text": "R", "noOfMistakes": "1", "que_id": "MR_S1_CL_3"}, {"recordingName": "MR_S1_Cl_5.mp3", "isCorrect": false, "que_text": "Y", "noOfMistakes": "1", "que_id": "MR_S1_Cl_5"}, {"recordingName": "MR_S1_CL_1.mp3", "isCorrect": true, "que_text": "J", "noOfMistakes": "1", "que_id": "MR_S1_CL_1"}], "englishProficiency": "Capital letter", "studClass": "7", "date": "Wed Sep 04 16:35:10 IST 2019", "mathematicsProficiency": "Double digit", "deviceID": "5b150edd580a5183", "ageGroup": "12-15 years", "nativeProficiency": "Paragraph"}