{"sequenceList": [{"recordingName": "MR_S4_P_1.mp3", "isCorrect": false, "que_text": "आज रविवार आहे. शाळेला रजा आहे. सगळे मिळून खेळूया. आज खेळायचा दिवस आहे.", "noOfMistakes": "200", "que_id": "MR_S4_P_1"}, {"recordingName": "MR_S4_WD_1.mp3", "isCorrect": false, "que_text": "फेटा", "noOfMistakes": "3", "que_id": "MR_S4_WD_1"}, {"recordingName": "MR_S4_WD_2.mp3", "isCorrect": false, "que_text": "झाडू", "noOfMistakes": "3", "que_id": "MR_S4_WD_2"}, {"recordingName": "MR_S4_WD_3.mp3", "isCorrect": false, "que_text": "पाऊस", "noOfMistakes": "3", "que_id": "MR_S4_WD_3"}, {"recordingName": "MR_S4_L_0.mp3", "isCorrect": true, "que_text": "ख", "noOfMistakes": "3", "que_id": "MR_S4_L_0"}, {"recordingName": "MR_S4_L_4.mp3", "isCorrect": false, "que_text": "फ", "noOfMistakes": "3", "que_id": "MR_S4_L_4"}, {"recordingName": "MR_S4_L_5.mp3", "isCorrect": false, "que_text": "ड", "noOfMistakes": "3", "que_id": "MR_S4_L_5"}, {"recordingName": "MR_S4_L_1.mp3", "isCorrect": true, "que_text": "ब", "noOfMistakes": "3", "que_id": "MR_S4_L_1"}, {"recordingName": "MR_S4_L_2.mp3", "isCorrect": false, "que_text": "ल", "noOfMistakes": "3", "que_id": "MR_S4_L_2"}, {"answer": "-", "isCorrect": false, "que_text": "96 - 48", "noOfMistakes": "1", "que_id": "MR_S4_SB_4"}, {"recordingName": "MR_S4_SD_0.mp3", "isCorrect": false, "que_text": "5", "noOfMistakes": "3", "que_id": "MR_S4_SD_0"}, {"recordingName": "MR_S4_SD_4.mp3", "isCorrect": false, "que_text": "2", "noOfMistakes": "3", "que_id": "MR_S4_SD_4"}, {"recordingName": "MR_S4_SD_5.mp3", "isCorrect": false, "que_text": "9", "noOfMistakes": "3", "que_id": "MR_S4_SD_5"}, {"recordingName": "MR_S4_CL_1.mp3", "isCorrect": false, "que_text": "L", "noOfMistakes": "4", "que_id": "MR_S4_CL_1"}, {"recordingName": "MR_S4_CL_4.mp3", "isCorrect": false, "que_text": "G", "noOfMistakes": "4", "que_id": "MR_S4_CL_4"}, {"recordingName": "MR_S4_CL_5.mp3", "isCorrect": false, "que_text": "X", "noOfMistakes": "4", "que_id": "MR_S4_CL_5"}, {"recordingName": "MR_S4_CL_2.mp3", "isCorrect": false, "que_text": "T", "noOfMistakes": "4", "que_id": "MR_S4_CL_2"}], "englishProficiency": "Beginner", "studClass": "1", "date": "Fri Jul 05 11:53:20 GMT+05:30 2019", "mathematicsProficiency": "Beginner", "deviceID": "3ebaa9d14abd9a0f", "ageGroup": "5-7 years", "nativeProficiency": "Beginner"}