{"englishProficiency": "Beginner", "sequenceList": [{"que_text": "आज रविवार आहे. शाळेला रजा आहे. सगळे मिळून खेळूया. आज खेळायचा दिवस आहे.", "noOfMistakes": "200", "que_id": "MR_S4_P_1", "isCorrect": false, "recordingName": "MR_S4_P_1.mp3"}, {"que_text": "फेटा", "noOfMistakes": "3", "que_id": "MR_S4_WD_1", "isCorrect": false, "recordingName": "MR_S4_WD_1.mp3"}, {"que_text": "झाडू", "noOfMistakes": "3", "que_id": "MR_S4_WD_2", "isCorrect": false, "recordingName": "MR_S4_WD_2.mp3"}, {"que_text": "पाऊस", "noOfMistakes": "3", "que_id": "MR_S4_WD_3", "isCorrect": false, "recordingName": "MR_S4_WD_3.mp3"}, {"que_text": "ख", "noOfMistakes": "3", "que_id": "MR_S4_L_0", "isCorrect": true, "recordingName": "MR_S4_L_0.mp3"}, {"que_text": "फ", "noOfMistakes": "3", "que_id": "MR_S4_L_4", "isCorrect": false, "recordingName": "MR_S4_L_4.mp3"}, {"que_text": "ड", "noOfMistakes": "3", "que_id": "MR_S4_L_5", "isCorrect": false, "recordingName": "MR_S4_L_5.mp3"}, {"que_text": "ब", "noOfMistakes": "3", "que_id": "MR_S4_L_1", "isCorrect": true, "recordingName": "MR_S4_L_1.mp3"}, {"que_text": "ल", "noOfMistakes": "3", "que_id": "MR_S4_L_2", "isCorrect": false, "recordingName": "MR_S4_L_2.mp3"}, {"que_text": "L", "noOfMistakes": "4", "que_id": "MR_S4_CL_1", "isCorrect": false, "recordingName": "MR_S4_CL_1.mp3"}, {"que_text": "G", "noOfMistakes": "4", "que_id": "MR_S4_CL_4", "isCorrect": false, "recordingName": "MR_S4_CL_4.mp3"}, {"que_text": "X", "noOfMistakes": "4", "que_id": "MR_S4_CL_5", "isCorrect": false, "recordingName": "MR_S4_CL_5.mp3"}, {"que_text": "T", "noOfMistakes": "4", "que_id": "MR_S4_CL_2", "isCorrect": false, "recordingName": "MR_S4_CL_2.mp3"}], "deviceID": "3ebaa9d14abd9a0f", "ageGroup": "5-7 years", "studClass": "1", "nativeProficiency": "Beginner", "date": "Fri Jul 05 11:53:20 GMT+05:30 2019"}