{"englishProficiency": "Capital letter", "sequenceList": [{"que_text": "द", "noOfMistakes": "0", "que_id": "HI_S3_L_0", "isCorrect": true, "recordingName": "HI_S3_L_0.mp3"}, {"que_text": "क", "noOfMistakes": "0", "que_id": "HI_S3_L_1", "isCorrect": true, "recordingName": "HI_S3_L_1.mp3"}, {"que_text": "C", "noOfMistakes": "2", "que_id": "HI_S3_CL_0", "isCorrect": true, "recordingName": "HI_S3_CL_0.mp3"}, {"que_text": "F", "noOfMistakes": "2", "que_id": "HI_S3_CL_4", "isCorrect": true, "recordingName": "HI_S3_CL_4.mp3"}, {"que_text": "O", "noOfMistakes": "2", "que_id": "HI_S3_CL_6", "isCorrect": true, "recordingName": "HI_S3_CL_6.mp3"}, {"que_text": "K", "noOfMistakes": "2", "que_id": "HI_S3_CL_1", "isCorrect": false, "recordingName": "HI_S3_CL_1.mp3"}, {"que_text": "S", "noOfMistakes": "2", "que_id": "HI_S3_CL_2", "isCorrect": false, "recordingName": "HI_S3_CL_2.mp3"}], "deviceID": "41b1ac846939d400", "ageGroup": "5-7 years", "studClass": "2", "nativeProficiency": "Letter", "date": "Sat Sep 28 10:01:39 GMT+05:30 2019"}