{"englishProficiency": "Capital letter", "sequenceList": [{"que_text": "न", "noOfMistakes": "0", "que_id": "HI_S4_L_0", "isCorrect": true, "recordingName": "HI_S4_L_0.mp3"}, {"que_text": "ग", "noOfMistakes": "0", "que_id": "HI_S4_L_6", "isCorrect": true, "recordingName": "HI_S4_L_6.mp3"}, {"que_text": "द", "noOfMistakes": "0", "que_id": "HI_S4_L_7", "isCorrect": true, "recordingName": "HI_S4_L_7.mp3"}, {"que_text": "म", "noOfMistakes": "0", "que_id": "HI_S4_L_2", "isCorrect": true, "recordingName": "HI_S4_L_2.mp3"}, {"que_text": "च", "noOfMistakes": "0", "que_id": "HI_S4_L_3", "isCorrect": true, "recordingName": "HI_S4_L_3.mp3"}, {"que_text": "G", "noOfMistakes": "0", "que_id": "HI_S4_CL_4", "isCorrect": true, "recordingName": "HI_S4_CL_4.mp3"}, {"que_text": "L", "noOfMistakes": "0", "que_id": "HI_S4_CL_1", "isCorrect": true, "recordingName": "HI_S4_CL_1.mp3"}, {"que_text": "K", "noOfMistakes": "0", "que_id": "HI_S4_CL_3", "isCorrect": true, "recordingName": "HI_S4_CL_3.mp3"}, {"que_text": "D", "noOfMistakes": "0", "que_id": "HI_S4_CL_0", "isCorrect": true, "recordingName": "HI_S4_CL_0.mp3"}, {"que_text": "X", "noOfMistakes": "0", "que_id": "HI_S4_CL_5", "isCorrect": true, "recordingName": "HI_S4_CL_5.mp3"}], "deviceID": "6e525a9711d8a22a", "ageGroup": "7-10 years", "studClass": "3", "nativeProficiency": "Letter", "date": "Tue Sep 17 16:47:47 IST 2019"}