{"date": "Wed Sep 04 16:56:11 IST 2019", "sequenceList": [{"recordingName": "MR_S1_P_0.mp3", "isCorrect": true, "que_text": "आज गावाहून मामा आला. मला खाऊ व फुगे घेऊन आला. ताईला बाहुली घेऊन आला. आईला छान साडी आणली.", "noOfMistakes": "2", "que_id": "MR_S1_P_0"}], "studClass": "7", "deviceID": "bb8a30fb7a109447", "ageGroup": "12-15 years", "nativeProficiency": "Paragraph"}