{"sequenceList": [{"answer": "15", "isCorrect": true, "que_text": "43 - 28", "noOfMistakes": "0", "que_id": "MR_S3_SB_2"}, {"recordingName": "MR_S3_CL_5.mp3", "isCorrect": true, "que_text": "W", "noOfMistakes": "0", "que_id": "MR_S3_CL_5"}, {"recordingName": "MR_S3_CL_4.mp3", "isCorrect": true, "que_text": "F", "noOfMistakes": "0", "que_id": "MR_S3_CL_4"}, {"recordingName": "MR_S3_CL_3.mp3", "isCorrect": true, "que_text": "Q", "noOfMistakes": "0", "que_id": "MR_S3_CL_3"}, {"recordingName": "MR_S3_CL_7.mp3", "isCorrect": true, "que_text": "P", "noOfMistakes": "0", "que_id": "MR_S3_CL_7"}, {"recordingName": "MR_S3_CL_1.mp3", "isCorrect": true, "que_text": "K", "noOfMistakes": "0", "que_id": "MR_S3_CL_1"}], "englishProficiency": "Capital letter", "studClass": "6", "date": "Wed Sep 04 18:14:20 IST 2019", "mathematicsProficiency": "Subtraction", "deviceID": "5b150edd580a5183", "ageGroup": "10-12 years", "nativeProficiency": "Paragraph"}