{"englishProficiency": "Small letter", "sequenceList": [{"que_text": "रूपा बाहर खेल रही थी। खेलते-खेलते रात हो गई। वह अपने घर चली गई। रूपा खाना खाकर सो गई।", "noOfMistakes": "1", "que_id": "HI_S4_P_1", "isCorrect": true, "recordingName": "HI_S4_P_1.mp3"}, {"que_text": "सोच", "noOfMistakes": "0", "que_id": "HI_S4_WD_1", "isCorrect": true, "recordingName": "HI_S4_WD_1.mp3"}, {"que_text": "चौकी", "noOfMistakes": "0", "que_id": "HI_S4_WD_5", "isCorrect": true, "recordingName": "HI_S4_WD_5.mp3"}, {"que_text": "देश", "noOfMistakes": "0", "que_id": "HI_S4_WD_7", "isCorrect": true, "recordingName": "HI_S4_WD_7.mp3"}, {"que_text": "पैसा", "noOfMistakes": "0", "que_id": "HI_S4_WD_8", "isCorrect": true, "recordingName": "HI_S4_WD_8.mp3"}, {"que_text": "पानी", "noOfMistakes": "0", "que_id": "HI_S4_WD_4", "isCorrect": true, "recordingName": "HI_S4_WD_4.mp3"}, {"que_text": "L", "noOfMistakes": "0", "que_id": "HI_S4_CL_1", "isCorrect": true, "recordingName": "HI_S4_CL_1.mp3"}, {"que_text": "G", "noOfMistakes": "0", "que_id": "HI_S4_CL_4", "isCorrect": true, "recordingName": "HI_S4_CL_4.mp3"}, {"que_text": "X", "noOfMistakes": "0", "que_id": "HI_S4_CL_5", "isCorrect": true, "recordingName": "HI_S4_CL_5.mp3"}, {"que_text": "T", "noOfMistakes": "0", "que_id": "HI_S4_CL_2", "isCorrect": true, "recordingName": "HI_S4_CL_2.mp3"}, {"que_text": "N", "noOfMistakes": "0", "que_id": "HI_S4_CL_7", "isCorrect": true, "recordingName": "HI_S4_CL_7.mp3"}, {"que_text": "f", "noOfMistakes": "0", "que_id": "HI_S4_SL_1", "isCorrect": true, "recordingName": "HI_S4_SL_1.mp3"}, {"que_text": "i", "noOfMistakes": "0", "que_id": "HI_S4_SL_2", "isCorrect": true, "recordingName": "HI_S4_SL_2.mp3"}, {"que_text": "m", "noOfMistakes": "0", "que_id": "HI_S4_SL_5", "isCorrect": true, "recordingName": "HI_S4_SL_5.mp3"}, {"que_text": "v", "noOfMistakes": "0", "que_id": "HI_S4_SL_4", "isCorrect": true, "recordingName": "HI_S4_SL_4.mp3"}, {"que_text": "h", "noOfMistakes": "0", "que_id": "HI_S4_SL_7", "isCorrect": true, "recordingName": "HI_S4_SL_7.mp3"}, {"que_text": "man", "noOfMistakes": "5", "que_id": "HI_S4_W_4", "isCorrect": false, "recordingName": "HI_S4_W_4.mp3"}, {"que_text": "box", "noOfMistakes": "5", "que_id": "HI_S4_W_5", "isCorrect": false, "recordingName": "HI_S4_W_5.mp3"}, {"que_text": "cup", "noOfMistakes": "5", "que_id": "HI_S4_W_2", "isCorrect": false, "recordingName": "HI_S4_W_2.mp3"}, {"que_text": "fat", "noOfMistakes": "5", "que_id": "HI_S4_W_1", "isCorrect": false, "recordingName": "HI_S4_W_1.mp3"}, {"que_text": "boy", "noOfMistakes": "5", "que_id": "HI_S4_W_3", "isCorrect": false, "recordingName": "HI_S4_W_3.mp3"}], "deviceID": "c66208a6b7100eb2", "ageGroup": "7-10 years", "studClass": "2", "nativeProficiency": "Word", "date": "Tue Jul 09 15:31:08 IST 2019"}