{"sequenceList": [{"recordingName": "MR_S2_P_1.mp3", "isCorrect": false, "que_text": "पावसाळा सुरु झाला. आईने नवी तुळस लावली. तुळस भरभर वाढली. छान दिसू लागली.", "noOfMistakes": "200", "que_id": "MR_S2_P_1"}, {"recordingName": "MR_S2_WD_1.mp3", "isCorrect": true, "que_text": "पतंग", "noOfMistakes": "0", "que_id": "MR_S2_WD_1"}, {"recordingName": "MR_S2_WD_4.mp3", "isCorrect": true, "que_text": "रवी", "noOfMistakes": "0", "que_id": "MR_S2_WD_4"}, {"recordingName": "MR_S2_WD_8.mp3", "isCorrect": true, "que_text": "कळी", "noOfMistakes": "0", "que_id": "MR_S2_WD_8"}, {"recordingName": "MR_S2_WD_0.mp3", "isCorrect": true, "que_text": "खडू", "noOfMistakes": "0", "que_id": "MR_S2_WD_0"}, {"recordingName": "MR_S2_WD_6.mp3", "isCorrect": true, "que_text": "विहीर", "noOfMistakes": "0", "que_id": "MR_S2_WD_6"}, {"answer": "-", "isCorrect": false, "que_text": "83 - 34", "noOfMistakes": "1", "que_id": "MR_S2_SB_1"}, {"recordingName": "MR_S2_DD_4.mp3", "isCorrect": true, "que_text": "34", "noOfMistakes": "1", "que_id": "MR_S2_DD_4"}, {"recordingName": "MR_S2_DD_5.mp3", "isCorrect": false, "que_text": "61", "noOfMistakes": "1", "que_id": "MR_S2_DD_5"}, {"recordingName": "MR_S2_DD_8.mp3", "isCorrect": true, "que_text": "25", "noOfMistakes": "1", "que_id": "MR_S2_DD_8"}, {"recordingName": "MR_S2_DD_7.mp3", "isCorrect": true, "que_text": "84", "noOfMistakes": "1", "que_id": "MR_S2_DD_7"}, {"recordingName": "MR_S2_DD_3.mp3", "isCorrect": true, "que_text": "99", "noOfMistakes": "1", "que_id": "MR_S2_DD_3"}, {"recordingName": "MR_S2_CL_0.mp3", "isCorrect": true, "que_text": "B", "noOfMistakes": "3", "que_id": "MR_S2_CL_0"}, {"recordingName": "MR_S2_CL_1.mp3", "isCorrect": false, "que_text": "H", "noOfMistakes": "3", "que_id": "MR_S2_CL_1"}, {"recordingName": "MR_S2_CL_4.mp3", "isCorrect": true, "que_text": "V", "noOfMistakes": "3", "que_id": "MR_S2_CL_4"}, {"recordingName": "MR_S2_CL_7.mp3", "isCorrect": false, "que_text": "F", "noOfMistakes": "3", "que_id": "MR_S2_CL_7"}, {"recordingName": "MR_S2_CL_3.mp3", "isCorrect": false, "que_text": "L", "noOfMistakes": "3", "que_id": "MR_S2_CL_3"}], "englishProficiency": "Beginner", "studClass": "3", "date": "Mon Jul 15 16:39:37 GMT+05:30 2019", "mathematicsProficiency": "Double digit", "deviceID": "3ebaa9d14abd9a0f", "ageGroup": "7-10 years", "nativeProficiency": "Word"}