{"englishProficiency": "Beginner", "sequenceList": [{"que_text": "पावसाळा सुरु झाला. आईने नवी तुळस लावली. तुळस भरभर वाढली. छान दिसू लागली.", "noOfMistakes": "200", "que_id": "MR_S2_P_1", "isCorrect": false, "recordingName": "MR_S2_P_1.mp3"}, {"que_text": "पतंग", "noOfMistakes": "0", "que_id": "MR_S2_WD_1", "isCorrect": true, "recordingName": "MR_S2_WD_1.mp3"}, {"que_text": "रवी", "noOfMistakes": "0", "que_id": "MR_S2_WD_4", "isCorrect": true, "recordingName": "MR_S2_WD_4.mp3"}, {"que_text": "कळी", "noOfMistakes": "0", "que_id": "MR_S2_WD_8", "isCorrect": true, "recordingName": "MR_S2_WD_8.mp3"}, {"que_text": "खडू", "noOfMistakes": "0", "que_id": "MR_S2_WD_0", "isCorrect": true, "recordingName": "MR_S2_WD_0.mp3"}, {"que_text": "विहीर", "noOfMistakes": "0", "que_id": "MR_S2_WD_6", "isCorrect": true, "recordingName": "MR_S2_WD_6.mp3"}, {"que_text": "B", "noOfMistakes": "3", "que_id": "MR_S2_CL_0", "isCorrect": true, "recordingName": "MR_S2_CL_0.mp3"}, {"que_text": "H", "noOfMistakes": "3", "que_id": "MR_S2_CL_1", "isCorrect": false, "recordingName": "MR_S2_CL_1.mp3"}, {"que_text": "V", "noOfMistakes": "3", "que_id": "MR_S2_CL_4", "isCorrect": true, "recordingName": "MR_S2_CL_4.mp3"}, {"que_text": "F", "noOfMistakes": "3", "que_id": "MR_S2_CL_7", "isCorrect": false, "recordingName": "MR_S2_CL_7.mp3"}, {"que_text": "L", "noOfMistakes": "3", "que_id": "MR_S2_CL_3", "isCorrect": false, "recordingName": "MR_S2_CL_3.mp3"}], "deviceID": "3ebaa9d14abd9a0f", "ageGroup": "7-10 years", "studClass": "3", "nativeProficiency": "Word", "date": "Mon Jul 15 16:39:37 GMT+05:30 2019"}