{"englishProficiency": "Capital letter", "sequenceList": [{"que_text": " राधा के पास एक तोता है। उसकी चोंच लाल है। वह बहुत बोलता है। सब को हँसाता है।", "noOfMistakes": "200", "que_id": "HI_S1_P_0", "recordingName": "HI_S1_P_0.mp3", "isCorrect": false}, {"que_text": "म", "noOfMistakes": "0", "que_id": "HI_S1_L_0", "recordingName": "HI_S1_L_0.mp3", "isCorrect": true}, {"que_text": "क", "noOfMistakes": "0", "que_id": "HI_S1_L_8", "recordingName": "HI_S1_L_8.mp3", "isCorrect": true}, {"que_text": "ल", "noOfMistakes": "0", "que_id": "HI_S1_L_5", "recordingName": "HI_S1_L_5.mp3", "isCorrect": true}, {"que_text": "ब", "noOfMistakes": "0", "que_id": "HI_S1_L_6", "recordingName": "HI_S1_L_6.mp3", "isCorrect": true}, {"que_text": "न", "noOfMistakes": "0", "que_id": "HI_S1_L_7", "recordingName": "HI_S1_L_7.mp3", "isCorrect": true}, {"que_text": "A", "noOfMistakes": "0", "que_id": "HI_S1_CL_0", "recordingName": "HI_S1_CL_0.mp3", "isCorrect": true}, {"que_text": "Q", "noOfMistakes": "0", "que_id": "HI_S1_CL_2", "recordingName": "HI_S1_CL_2.mp3", "isCorrect": true}, {"que_text": "E", "noOfMistakes": "0", "que_id": "HI_S1_CL_4", "recordingName": "HI_S1_CL_4.mp3", "isCorrect": true}, {"que_text": "O", "noOfMistakes": "0", "que_id": "HI_S1_CL_7", "recordingName": "HI_S1_CL_7.mp3", "isCorrect": true}, {"que_text": "Y", "noOfMistakes": "0", "que_id": "HI_S1_CL_5", "recordingName": "HI_S1_CL_5.mp3", "isCorrect": true}, {"que_text": "p", "noOfMistakes": "4", "que_id": "HI_S1_SL_1", "recordingName": "HI_S1_SL_1.mp3", "isCorrect": false}, {"que_text": "x", "noOfMistakes": "4", "que_id": "HI_S1_SL_2", "recordingName": "HI_S1_SL_2.mp3", "isCorrect": false}, {"que_text": "d", "noOfMistakes": "4", "que_id": "HI_S1_SL_5", "recordingName": "HI_S1_SL_5.mp3", "isCorrect": false}, {"que_text": "m", "noOfMistakes": "4", "que_id": "HI_S1_SL_4", "recordingName": "HI_S1_SL_4.mp3", "isCorrect": true}, {"que_text": "t", "noOfMistakes": "4", "que_id": "HI_S1_SL_7", "recordingName": "HI_S1_SL_7.mp3", "isCorrect": false}], "deviceID": "c66208a6b7100eb2", "ageGroup": "less than 5 years", "studClass": "1", "date": "Sun Aug 18 16:51:24 IST 2019", "nativeProficiency": "Letter"}