{"englishProficiency": "Sentence", "sequenceList": [{"que_text": "गीता बागेत आली. तिकडे तिला मंजू भेटली. दोघींनी जोरात झोका घेतला. आज खूपच मजा आली.", "noOfMistakes": "1", "que_id": "MR_S4_P_0", "isCorrect": true, "recordingName": "MR_S4_P_0.mp3"}, {"que_text": "What is the time?", "noOfMistakes": "1", "que_id": "MR_S4_S_0", "isCorrect": true, "recordingName": "MR_S4_S_0.mp3"}, {"que_text": "This is a small door.", "noOfMistakes": "0", "que_id": "MR_S4_S_1", "isCorrect": true, "recordingName": "MR_S4_S_1.mp3"}, {"que_text": "I like to sleep.", "noOfMistakes": "1", "que_id": "MR_S4_S_2", "isCorrect": true, "recordingName": "MR_S4_S_2.mp3"}, {"que_text": "He has a blue shirt.", "noOfMistakes": "0", "que_id": "MR_S4_S_3", "isCorrect": true, "recordingName": "MR_S4_S_3.mp3"}], "deviceID": "fa698d33d358ac32", "ageGroup": "12-15 years", "studClass": "7", "date": "Wed Sep 04 13:50:13 IST 2019", "nativeProficiency": "Paragraph"}