{"date": "Thu Sep 05 15:42:47 IST 2019", "sequenceList": [{"recordingName": "MR_S2_P_0.mp3", "isCorrect": false, "que_text": "एकदा मी पडले. सगळे मला हसले. एकदा सोनल पडली. मी तिला हसले.", "noOfMistakes": "200", "que_id": "MR_S2_P_0"}, {"recordingName": "MR_S2_WD_0.mp3", "isCorrect": true, "que_text": "खडू", "noOfMistakes": "1", "que_id": "MR_S2_WD_0"}, {"recordingName": "MR_S2_WD_7.mp3", "isCorrect": false, "que_text": "चौक", "noOfMistakes": "1", "que_id": "MR_S2_WD_7"}, {"recordingName": "MR_S2_WD_8.mp3", "isCorrect": true, "que_text": "कळी", "noOfMistakes": "1", "que_id": "MR_S2_WD_8"}, {"recordingName": "MR_S2_WD_4.mp3", "isCorrect": true, "que_text": "रवी", "noOfMistakes": "1", "que_id": "MR_S2_WD_4"}, {"recordingName": "MR_S2_WD_5.mp3", "isCorrect": true, "que_text": "भाजी", "noOfMistakes": "1", "que_id": "MR_S2_WD_5"}, {"recordingName": "MR_S2_CL_7.mp3", "isCorrect": true, "que_text": "F", "noOfMistakes": "0", "que_id": "MR_S2_CL_7"}, {"recordingName": "MR_S2_CL_4.mp3", "isCorrect": true, "que_text": "V", "noOfMistakes": "0", "que_id": "MR_S2_CL_4"}, {"recordingName": "MR_S2_CL_3.mp3", "isCorrect": true, "que_text": "L", "noOfMistakes": "0", "que_id": "MR_S2_CL_3"}, {"recordingName": "MR_S2_CL_6.mp3", "isCorrect": true, "que_text": "P", "noOfMistakes": "0", "que_id": "MR_S2_CL_6"}, {"recordingName": "MR_S2_CL_5.mp3", "isCorrect": true, "que_text": "M", "noOfMistakes": "0", "que_id": "MR_S2_CL_5"}, {"recordingName": "MR_S2_SL_0.mp3", "isCorrect": true, "que_text": "z", "noOfMistakes": "0", "que_id": "MR_S2_SL_0"}, {"recordingName": "MR_S2_SL_7.mp3", "isCorrect": true, "que_text": "k", "noOfMistakes": "0", "que_id": "MR_S2_SL_7"}, {"recordingName": "MR_S2_SL_4.mp3", "isCorrect": true, "que_text": "g", "noOfMistakes": "0", "que_id": "MR_S2_SL_4"}, {"recordingName": "MR_S2_SL_5.mp3", "isCorrect": true, "que_text": "u", "noOfMistakes": "0", "que_id": "MR_S2_SL_5"}, {"recordingName": "MR_S2_SL_1.mp3", "isCorrect": true, "que_text": "j", "noOfMistakes": "0", "que_id": "MR_S2_SL_1"}, {"recordingName": "MR_S2_W_5.mp3", "isCorrect": true, "que_text": "pen", "noOfMistakes": "0", "que_id": "MR_S2_W_5"}, {"recordingName": "MR_S2_W_3.mp3", "isCorrect": true, "que_text": "hat", "noOfMistakes": "0", "que_id": "MR_S2_W_3"}, {"recordingName": "MR_S2_W_0.mp3", "isCorrect": true, "que_text": "cow", "noOfMistakes": "0", "que_id": "MR_S2_W_0"}, {"recordingName": "MR_S2_W_1.mp3", "isCorrect": true, "que_text": "wet", "noOfMistakes": "0", "que_id": "MR_S2_W_1"}, {"recordingName": "MR_S2_W_4.mp3", "isCorrect": true, "que_text": "man", "noOfMistakes": "0", "que_id": "MR_S2_W_4"}, {"recordingName": "MR_S2_S_2.mp3", "isCorrect": true, "que_text": "I like to play.", "noOfMistakes": "0", "que_id": "MR_S2_S_2"}, {"recordingName": "MR_S2_S_1.mp3", "isCorrect": true, "que_text": "This is a long road.", "noOfMistakes": "0", "que_id": "MR_S2_S_1"}], "englishProficiency": "Sentence", "studClass": "5", "deviceID": "7509912fa3c60c53", "ageGroup": "10-12 years", "nativeProficiency": "Letter"}