{"englishProficiency": "Beginner", "sequenceList": [{"que_text": "क", "noOfMistakes": "2", "que_id": "HI_S1_L_8", "isCorrect": true, "recordingName": "HI_S1_L_8.mp3"}, {"que_text": "घ", "noOfMistakes": "2", "que_id": "HI_S1_L_9", "isCorrect": true, "recordingName": "HI_S1_L_9.mp3"}, {"que_text": "न", "noOfMistakes": "2", "que_id": "HI_S1_L_7", "isCorrect": false, "recordingName": "HI_S1_L_7.mp3"}, {"que_text": "ब", "noOfMistakes": "2", "que_id": "HI_S1_L_6", "isCorrect": false, "recordingName": "HI_S1_L_6.mp3"}, {"que_text": "ल", "noOfMistakes": "2", "que_id": "HI_S1_L_5", "isCorrect": true, "recordingName": "HI_S1_L_5.mp3"}, {"que_text": "A", "noOfMistakes": "2", "que_id": "HI_S1_CL_0", "isCorrect": true, "recordingName": "HI_S1_CL_0.mp3"}, {"que_text": "N", "noOfMistakes": "2", "que_id": "HI_S1_CL_6", "isCorrect": false, "recordingName": "HI_S1_CL_6.mp3"}, {"que_text": "E", "noOfMistakes": "2", "que_id": "HI_S1_CL_4", "isCorrect": false, "recordingName": "HI_S1_CL_4.mp3"}], "deviceID": "7da2b5a2d7a60f13", "ageGroup": "10-12 years", "studClass": "3", "nativeProficiency": "Beginner", "date": "Thu Sep 19 14:17:39 IST 2019"}