{"sequenceList": [{"recordingName": "HI_S2_P_0.mp3", "isCorrect": true, "que_text": "सोनी के पास एक माला है। उसमें बहुत सारे मोती हैं। मोती पीले रंग के हैं। सोनी उसे पहनती है।", "noOfMistakes": "0", "que_id": "HI_S2_P_0"}, {"recordingName": "HI_S2_ST_0.mp3", "isCorrect": true, "que_text": "सावन का महीना था। आसमान में बहुत से काले बादल छाये थे। ठंडी- ठंडी हवा चल रही थी। मैंने सोचा, आज झूला झूलते हैं। बड़े भैया एक मोटी सी रस्सी लेकर आए। हमने उसे पेड़ से लटका कर झूला बनाया। सब ने मिलकर खूब झूला झूला। बहुत सारे बच्चे आकर मज़े से खेलने लगे। खेलते-खेलते रात हो गई।", "noOfMistakes": "0", "que_id": "HI_S2_ST_0"}, {"answer": "52", "isCorrect": false, "que_text": "51-35", "noOfMistakes": "2", "que_id": "HI_S1_SB_0"}, {"answer": "25", "isCorrect": false, "que_text": "84-35", "noOfMistakes": "2", "que_id": "HI_S2_SB_3"}, {"recordingName": "HI_S2_DD_1.mp3", "isCorrect": false, "que_text": "58", "noOfMistakes": "5", "que_id": "HI_S2_DD_1"}, {"recordingName": "HI_S2_DD_7.mp3", "isCorrect": false, "que_text": "84", "noOfMistakes": "5", "que_id": "HI_S2_DD_7"}, {"recordingName": "HI_S2_DD_6.mp3", "isCorrect": false, "que_text": "46", "noOfMistakes": "5", "que_id": "HI_S2_DD_6"}, {"recordingName": "HI_S2_DD_4.mp3", "isCorrect": false, "que_text": "34", "noOfMistakes": "5", "que_id": "HI_S2_DD_4"}, {"recordingName": "HI_S2_DD_5.mp3", "isCorrect": false, "que_text": "61", "noOfMistakes": "5", "que_id": "HI_S2_DD_5"}, {"recordingName": "HI_S2_CL_1.mp3", "isCorrect": true, "que_text": "H", "noOfMistakes": "0", "que_id": "HI_S2_CL_1"}, {"recordingName": "HI_S2_CL_2.mp3", "isCorrect": true, "que_text": "R", "noOfMistakes": "0", "que_id": "HI_S2_CL_2"}, {"recordingName": "HI_S2_CL_7.mp3", "isCorrect": true, "que_text": "F", "noOfMistakes": "0", "que_id": "HI_S2_CL_7"}, {"recordingName": "HI_S2_CL_4.mp3", "isCorrect": true, "que_text": "V", "noOfMistakes": "0", "que_id": "HI_S2_CL_4"}, {"recordingName": "HI_S2_CL_6.mp3", "isCorrect": true, "que_text": "P", "noOfMistakes": "0", "que_id": "HI_S2_CL_6"}, {"recordingName": "HI_S2_SL_3.mp3", "isCorrect": true, "que_text": "w", "noOfMistakes": "0", "que_id": "HI_S2_SL_3"}, {"recordingName": "HI_S2_SL_2.mp3", "isCorrect": true, "que_text": "o", "noOfMistakes": "0", "que_id": "HI_S2_SL_2"}, {"recordingName": "HI_S2_SL_1.mp3", "isCorrect": true, "que_text": "j", "noOfMistakes": "0", "que_id": "HI_S2_SL_1"}, {"recordingName": "HI_S2_SL_0.mp3", "isCorrect": true, "que_text": "z", "noOfMistakes": "0", "que_id": "HI_S2_SL_0"}, {"recordingName": "HI_S2_SL_5.mp3", "isCorrect": true, "que_text": "u", "noOfMistakes": "0", "que_id": "HI_S2_SL_5"}, {"recordingName": "HI_S2_W_2.mp3", "isCorrect": false, "que_text": "big", "noOfMistakes": "5", "que_id": "HI_S2_W_2"}, {"recordingName": "HI_S2_W_1.mp3", "isCorrect": false, "que_text": "hot", "noOfMistakes": "5", "que_id": "HI_S2_W_1"}, {"recordingName": "HI_S2_W_5.mp3", "isCorrect": false, "que_text": "pen", "noOfMistakes": "5", "que_id": "HI_S2_W_5"}, {"recordingName": "HI_S2_W_4.mp3", "isCorrect": false, "que_text": "man", "noOfMistakes": "5", "que_id": "HI_S2_W_4"}, {"recordingName": "HI_S2_W_3.mp3", "isCorrect": false, "que_text": "cow", "noOfMistakes": "5", "que_id": "HI_S2_W_3"}, {"recordingName": "HI_S2_S_0.mp3", "isCorrect": false, "que_text": "What is the time?", "noOfMistakes": "200", "que_id": "HI_S2_S_0"}, {"recordingName": "HI_S2_S_1.mp3", "isCorrect": false, "que_text": "This is a red ball.", "noOfMistakes": "200", "que_id": "HI_S2_S_1"}, {"recordingName": "HI_S2_S_2.mp3", "isCorrect": false, "que_text": "I like to play.", "noOfMistakes": "200", "que_id": "HI_S2_S_2"}, {"recordingName": "HI_S2_S_3.mp3", "isCorrect": false, "que_text": "I have a small house.", "noOfMistakes": "200", "que_id": "HI_S2_S_3"}], "englishProficiency": "Sentence", "studClass": "select class", "date": "Sat Aug 31 20:49:29 GMT+05:30 2019", "mathematicsProficiency": "Single digit", "deviceID": "ebaa26065aba20e5", "ageGroup": "12-15 years", "nativeProficiency": "Story"}