{"date": "Sun Sep 08 02:33:35 IST 2019", "sequenceList": [{"recordingName": "MR_S4_L_0.mp3", "isCorrect": true, "que_text": "ख", "noOfMistakes": "0", "que_id": "MR_S4_L_0"}, {"recordingName": "MR_S4_L_1.mp3", "isCorrect": true, "que_text": "ब", "noOfMistakes": "0", "que_id": "MR_S4_L_1"}, {"recordingName": "MR_S4_L_2.mp3", "isCorrect": true, "que_text": "ल", "noOfMistakes": "0", "que_id": "MR_S4_L_2"}, {"recordingName": "MR_S4_L_3.mp3", "isCorrect": true, "que_text": "ग", "noOfMistakes": "0", "que_id": "MR_S4_L_3"}, {"recordingName": "MR_S4_L_4.mp3", "isCorrect": true, "que_text": "फ", "noOfMistakes": "0", "que_id": "MR_S4_L_4"}, {"recordingName": "MR_S4_WD_0.mp3", "isCorrect": true, "que_text": "सैल", "noOfMistakes": "1", "que_id": "MR_S4_WD_0"}, {"recordingName": "MR_S4_WD_1.mp3", "isCorrect": true, "que_text": "फेटा", "noOfMistakes": "1", "que_id": "MR_S4_WD_1"}, {"recordingName": "MR_S4_WD_2.mp3", "isCorrect": false, "que_text": "झाडू", "noOfMistakes": "1", "que_id": "MR_S4_WD_2"}, {"recordingName": "MR_S4_WD_3.mp3", "isCorrect": true, "que_text": "पाऊस", "noOfMistakes": "1", "que_id": "MR_S4_WD_3"}, {"recordingName": "MR_S4_WD_4.mp3", "isCorrect": true, "que_text": "विमान", "noOfMistakes": "1", "que_id": "MR_S4_WD_4"}, {"recordingName": "MR_S4_CL_0.mp3", "isCorrect": true, "que_text": "D", "noOfMistakes": "1", "que_id": "MR_S4_CL_0"}, {"recordingName": "MR_S4_CL_1.mp3", "isCorrect": true, "que_text": "L", "noOfMistakes": "1", "que_id": "MR_S4_CL_1"}, {"recordingName": "MR_S4_CL_2.mp3", "isCorrect": true, "que_text": "T", "noOfMistakes": "1", "que_id": "MR_S4_CL_2"}, {"recordingName": "MR_S4_CL_3.mp3", "isCorrect": true, "que_text": "K", "noOfMistakes": "1", "que_id": "MR_S4_CL_3"}, {"recordingName": "MR_S4_CL_4.mp3", "isCorrect": false, "que_text": "G", "noOfMistakes": "1", "que_id": "MR_S4_CL_4"}], "englishProficiency": "Capital letter", "studClass": "2", "deviceID": "39ba11b269f1f93d", "ageGroup": "5-7 years", "nativeProficiency": "Letter"}