{"englishProficiency": "Small letter", "sequenceList": [{"que_text": "नानी", "noOfMistakes": "1", "que_id": "HI_S1_WD_3", "isCorrect": false, "recordingName": "HI_S1_WD_3.mp3"}, {"que_text": "क", "noOfMistakes": "5", "que_id": "HI_S2_L_1", "isCorrect": false, "recordingName": "HI_S2_L_1.mp3"}, {"que_text": "थ", "noOfMistakes": "5", "que_id": "HI_S2_L_5", "isCorrect": false, "recordingName": "HI_S2_L_5.mp3"}, {"que_text": "म", "noOfMistakes": "5", "que_id": "HI_S2_L_8", "isCorrect": false, "recordingName": "HI_S2_L_8.mp3"}, {"que_text": "च", "noOfMistakes": "5", "que_id": "HI_S2_L_2", "isCorrect": false, "recordingName": "HI_S2_L_2.mp3"}, {"que_text": "ब", "noOfMistakes": "5", "que_id": "HI_S2_L_3", "isCorrect": false, "recordingName": "HI_S2_L_3.mp3"}, {"que_text": "B", "noOfMistakes": "0", "que_id": "HI_S2_CL_0", "isCorrect": true, "recordingName": "HI_S2_CL_0.mp3"}, {"que_text": "P", "noOfMistakes": "0", "que_id": "HI_S2_CL_6", "isCorrect": true, "recordingName": "HI_S2_CL_6.mp3"}, {"que_text": "M", "noOfMistakes": "0", "que_id": "HI_S2_CL_5", "isCorrect": true, "recordingName": "HI_S2_CL_5.mp3"}, {"que_text": "H", "noOfMistakes": "0", "que_id": "HI_S2_CL_1", "isCorrect": true, "recordingName": "HI_S2_CL_1.mp3"}, {"que_text": "F", "noOfMistakes": "0", "que_id": "HI_S2_CL_7", "isCorrect": true, "recordingName": "HI_S2_CL_7.mp3"}, {"que_text": "z", "noOfMistakes": "0", "que_id": "HI_S2_SL_0", "isCorrect": true, "recordingName": "HI_S2_SL_0.mp3"}, {"que_text": "s", "noOfMistakes": "0", "que_id": "HI_S2_SL_6", "isCorrect": true, "recordingName": "HI_S2_SL_6.mp3"}, {"que_text": "k", "noOfMistakes": "0", "que_id": "HI_S2_SL_7", "isCorrect": true, "recordingName": "HI_S2_SL_7.mp3"}, {"que_text": "o", "noOfMistakes": "0", "que_id": "HI_S2_SL_2", "isCorrect": true, "recordingName": "HI_S2_SL_2.mp3"}, {"que_text": "w", "noOfMistakes": "0", "que_id": "HI_S2_SL_3", "isCorrect": true, "recordingName": "HI_S2_SL_3.mp3"}], "deviceID": "ebaa26065aba20e5", "ageGroup": "7-10 years", "studClass": "4", "nativeProficiency": "Beginner", "date": "Sat Jul 06 17:02:38 GMT+05:30 2019"}