{"englishProficiency": "Capital letter", "sequenceList": [{"que_text": "नीतू के घर में गाय है। उसका रंग सफ़ेद है। गाय हरी घास खाती है। वह बहुत दूध देती है।", "noOfMistakes": "200", "que_id": "HI_S3_P_0", "isCorrect": false, "recordingName": "HI_S3_P_0.mp3"}, {"que_text": "C", "noOfMistakes": "0", "que_id": "HI_S3_CL_0", "isCorrect": true, "recordingName": "HI_S3_CL_0.mp3"}, {"que_text": "K", "noOfMistakes": "0", "que_id": "HI_S3_CL_1", "isCorrect": true, "recordingName": "HI_S3_CL_1.mp3"}, {"que_text": "S", "noOfMistakes": "0", "que_id": "HI_S3_CL_2", "isCorrect": true, "recordingName": "HI_S3_CL_2.mp3"}, {"que_text": "Q", "noOfMistakes": "0", "que_id": "HI_S3_CL_3", "isCorrect": true, "recordingName": "HI_S3_CL_3.mp3"}, {"que_text": "F", "noOfMistakes": "0", "que_id": "HI_S3_CL_4", "isCorrect": true, "recordingName": "HI_S3_CL_4.mp3"}, {"que_text": "n", "noOfMistakes": "0", "que_id": "HI_S3_SL_0", "isCorrect": true, "recordingName": "HI_S3_SL_0.mp3"}, {"que_text": "p", "noOfMistakes": "0", "que_id": "HI_S3_SL_1", "isCorrect": true, "recordingName": "HI_S3_SL_1.mp3"}, {"que_text": "g", "noOfMistakes": "0", "que_id": "HI_S3_SL_2", "isCorrect": true, "recordingName": "HI_S3_SL_2.mp3"}, {"que_text": "v", "noOfMistakes": "0", "que_id": "HI_S3_SL_3", "isCorrect": true, "recordingName": "HI_S3_SL_3.mp3"}, {"que_text": "e", "noOfMistakes": "0", "que_id": "HI_S3_SL_4", "isCorrect": true, "recordingName": "HI_S3_SL_4.mp3"}, {"que_text": "hen", "noOfMistakes": "5", "que_id": "HI_S3_W_0", "isCorrect": false, "recordingName": "HI_S3_W_0.mp3"}, {"que_text": "old", "noOfMistakes": "5", "que_id": "HI_S3_W_1", "isCorrect": false, "recordingName": "HI_S3_W_1.mp3"}, {"que_text": "sit", "noOfMistakes": "5", "que_id": "HI_S3_W_2", "isCorrect": false, "recordingName": "HI_S3_W_2.mp3"}, {"que_text": "run", "noOfMistakes": "5", "que_id": "HI_S3_W_3", "isCorrect": false, "recordingName": "HI_S3_W_3.mp3"}, {"que_text": "fox", "noOfMistakes": "5", "que_id": "HI_S3_W_4", "isCorrect": false, "recordingName": "HI_S3_W_4.mp3"}, {"que_text": "Where is your house?", "noOfMistakes": "200", "que_id": "HI_S3_S_0", "isCorrect": false, "recordingName": "HI_S3_S_0.mp3"}], "deviceID": "2b35bdaa8978b364", "ageGroup": "10-12 years", "studClass": "3", "nativeProficiency": "Letter", "date": "Thu Sep 19 14:38:02 IST 2019"}