{"sequenceList": [{"recordingName": "HI_S4_L_0.mp3", "isCorrect": false, "que_text": "न", "noOfMistakes": "5", "que_id": "HI_S4_L_0"}, {"recordingName": "HI_S4_L_1.mp3", "isCorrect": false, "que_text": "र", "noOfMistakes": "5", "que_id": "HI_S4_L_1"}, {"recordingName": "HI_S4_L_2.mp3", "isCorrect": false, "que_text": "म", "noOfMistakes": "5", "que_id": "HI_S4_L_2"}, {"recordingName": "HI_S4_L_3.mp3", "isCorrect": false, "que_text": "च", "noOfMistakes": "5", "que_id": "HI_S4_L_3"}, {"recordingName": "HI_S4_L_4.mp3", "isCorrect": false, "que_text": "स", "noOfMistakes": "5", "que_id": "HI_S4_L_4"}, {"recordingName": "HI_S4_SD_0.mp3", "isCorrect": false, "que_text": "5", "noOfMistakes": "5", "que_id": "HI_S4_SD_0"}, {"recordingName": "HI_S4_SD_1.mp3", "isCorrect": false, "que_text": "7", "noOfMistakes": "5", "que_id": "HI_S4_SD_1"}, {"recordingName": "HI_S4_SD_2.mp3", "isCorrect": false, "que_text": "8", "noOfMistakes": "5", "que_id": "HI_S4_SD_2"}, {"recordingName": "HI_S4_SD_3.mp3", "isCorrect": false, "que_text": "4", "noOfMistakes": "5", "que_id": "HI_S4_SD_3"}, {"recordingName": "HI_S4_SD_4.mp3", "isCorrect": false, "que_text": "2", "noOfMistakes": "5", "que_id": "HI_S4_SD_4"}, {"recordingName": "HI_S4_CL_0.mp3", "isCorrect": false, "que_text": "D", "noOfMistakes": "5", "que_id": "HI_S4_CL_0"}, {"recordingName": "HI_S4_CL_1.mp3", "isCorrect": false, "que_text": "L", "noOfMistakes": "5", "que_id": "HI_S4_CL_1"}, {"recordingName": "HI_S4_CL_2.mp3", "isCorrect": false, "que_text": "T", "noOfMistakes": "5", "que_id": "HI_S4_CL_2"}, {"recordingName": "HI_S4_CL_3.mp3", "isCorrect": false, "que_text": "K", "noOfMistakes": "5", "que_id": "HI_S4_CL_3"}, {"recordingName": "HI_S4_CL_4.mp3", "isCorrect": false, "que_text": "G", "noOfMistakes": "5", "que_id": "HI_S4_CL_4"}], "englishProficiency": "Beginner", "studClass": "5", "date": "Fri Sep 06 13:17:37 IST 2019", "mathematicsProficiency": "Beginner", "deviceID": "946bc527cf1aed0c", "ageGroup": "7-10 years", "nativeProficiency": "Beginner"}