{"englishProficiency": "Beginner", "sequenceList": [{"que_text": "गीता बागेत आली. तिकडे तिला मंजू भेटली. दोघींनी जोरात झोका घेतला. आज खूपच मजा आली.", "noOfMistakes": "200", "que_id": "MR_S4_P_0", "isCorrect": false, "recordingName": "MR_S4_P_0.mp3"}, {"que_text": "विमान", "noOfMistakes": "1", "que_id": "MR_S4_WD_4", "isCorrect": true, "recordingName": "MR_S4_WD_4.mp3"}, {"que_text": "फेटा", "noOfMistakes": "1", "que_id": "MR_S4_WD_1", "isCorrect": false, "recordingName": "MR_S4_WD_1.mp3"}, {"que_text": "पाऊस", "noOfMistakes": "1", "que_id": "MR_S4_WD_3", "isCorrect": true, "recordingName": "MR_S4_WD_3.mp3"}, {"que_text": "पूर", "noOfMistakes": "1", "que_id": "MR_S4_WD_8", "isCorrect": true, "recordingName": "MR_S4_WD_8.mp3"}, {"que_text": "लाल", "noOfMistakes": "1", "que_id": "MR_S4_WD_5", "isCorrect": true, "recordingName": "MR_S4_WD_5.mp3"}, {"que_text": "D", "noOfMistakes": "2", "que_id": "MR_S4_CL_0", "isCorrect": true, "recordingName": "MR_S4_CL_0.mp3"}, {"que_text": "G", "noOfMistakes": "2", "que_id": "MR_S4_CL_4", "isCorrect": true, "recordingName": "MR_S4_CL_4.mp3"}, {"que_text": "X", "noOfMistakes": "2", "que_id": "MR_S4_CL_5", "isCorrect": false, "recordingName": "MR_S4_CL_5.mp3"}, {"que_text": "K", "noOfMistakes": "2", "que_id": "MR_S4_CL_3", "isCorrect": true, "recordingName": "MR_S4_CL_3.mp3"}, {"que_text": "N", "noOfMistakes": "2", "que_id": "MR_S4_CL_7", "isCorrect": false, "recordingName": "MR_S4_CL_7.mp3"}], "deviceID": "3ebaa9d14abd9a0f", "ageGroup": "7-10 years", "studClass": "2", "nativeProficiency": "Word", "date": "Thu Aug 01 15:36:39 GMT+05:30 2019"}