{"sequenceList": [{"recordingName": "HI_S2_P_0.mp3", "isCorrect": false, "que_text": "सोनी के पास एक माला है। उसमें बहुत सारे मोती हैं। मोती पीले रंग के हैं। सोनी उसे पहनती है।", "noOfMistakes": "200", "que_id": "HI_S2_P_0"}, {"recordingName": "HI_S1_WD_0.mp3", "isCorrect": true, "que_text": "हीरा", "noOfMistakes": "0", "que_id": "HI_S1_WD_0"}, {"recordingName": "HI_S1_WD_3.mp3", "isCorrect": true, "que_text": "नानी", "noOfMistakes": "0", "que_id": "HI_S1_WD_3"}, {"recordingName": "HI_S1_WD_5.mp3", "isCorrect": true, "que_text": "काम", "noOfMistakes": "0", "que_id": "HI_S1_WD_5"}, {"recordingName": "HI_S1_WD_4.mp3", "isCorrect": true, "que_text": "भालू", "noOfMistakes": "0", "que_id": "HI_S1_WD_4"}, {"recordingName": "HI_S1_WD_6.mp3", "isCorrect": true, "que_text": "पीला", "noOfMistakes": "0", "que_id": "HI_S1_WD_6"}, {"answer": "20", "isCorrect": false, "que_text": "36-18", "noOfMistakes": "2", "que_id": "HI_S2_SB_6"}, {"answer": "21", "isCorrect": false, "que_text": "68-49", "noOfMistakes": "2", "que_id": "HI_S2_SB_7"}, {"recordingName": "HI_S2_DD_0.mp3", "isCorrect": true, "que_text": "76", "noOfMistakes": "0", "que_id": "HI_S2_DD_0"}, {"recordingName": "HI_S2_DD_4.mp3", "isCorrect": true, "que_text": "34", "noOfMistakes": "0", "que_id": "HI_S2_DD_4"}, {"recordingName": "HI_S2_DD_3.mp3", "isCorrect": true, "que_text": "99", "noOfMistakes": "0", "que_id": "HI_S2_DD_3"}, {"recordingName": "HI_S2_DD_1.mp3", "isCorrect": true, "que_text": "58", "noOfMistakes": "0", "que_id": "HI_S2_DD_1"}, {"recordingName": "HI_S2_DD_8.mp3", "isCorrect": true, "que_text": "25", "noOfMistakes": "0", "que_id": "HI_S2_DD_8"}, {"recordingName": "HI_S2_CL_0.mp3", "isCorrect": true, "que_text": "B", "noOfMistakes": "1", "que_id": "HI_S2_CL_0"}, {"recordingName": "HI_S2_CL_4.mp3", "isCorrect": true, "que_text": "V", "noOfMistakes": "1", "que_id": "HI_S2_CL_4"}, {"recordingName": "HI_S2_CL_1.mp3", "isCorrect": false, "que_text": "H", "noOfMistakes": "1", "que_id": "HI_S2_CL_1"}, {"recordingName": "HI_S2_CL_2.mp3", "isCorrect": true, "que_text": "R", "noOfMistakes": "1", "que_id": "HI_S2_CL_2"}, {"recordingName": "HI_S2_CL_3.mp3", "isCorrect": true, "que_text": "L", "noOfMistakes": "1", "que_id": "HI_S2_CL_3"}, {"recordingName": "HI_S2_SL_0.mp3", "isCorrect": true, "que_text": "z", "noOfMistakes": "0", "que_id": "HI_S2_SL_0"}, {"recordingName": "HI_S2_SL_4.mp3", "isCorrect": true, "que_text": "g", "noOfMistakes": "0", "que_id": "HI_S2_SL_4"}, {"recordingName": "HI_S2_SL_7.mp3", "isCorrect": true, "que_text": "k", "noOfMistakes": "0", "que_id": "HI_S2_SL_7"}, {"recordingName": "HI_S2_SL_6.mp3", "isCorrect": true, "que_text": "s", "noOfMistakes": "0", "que_id": "HI_S2_SL_6"}, {"recordingName": "HI_S2_SL_1.mp3", "isCorrect": true, "que_text": "j", "noOfMistakes": "0", "que_id": "HI_S2_SL_1"}, {"recordingName": "HI_S2_W_0.mp3", "isCorrect": true, "que_text": "rat", "noOfMistakes": "4", "que_id": "HI_S2_W_0"}, {"recordingName": "HI_S2_W_1.mp3", "isCorrect": false, "que_text": "hot", "noOfMistakes": "4", "que_id": "HI_S2_W_1"}, {"recordingName": "HI_S2_W_2.mp3", "isCorrect": false, "que_text": "big", "noOfMistakes": "4", "que_id": "HI_S2_W_2"}, {"recordingName": "HI_S2_W_4.mp3", "isCorrect": false, "que_text": "man", "noOfMistakes": "4", "que_id": "HI_S2_W_4"}, {"recordingName": "HI_S2_W_5.mp3", "isCorrect": false, "que_text": "pen", "noOfMistakes": "4", "que_id": "HI_S2_W_5"}], "englishProficiency": "Small letter", "studClass": "4", "date": "Thu Sep 05 16:14:36 IST 2019", "mathematicsProficiency": "Double digit", "deviceID": "9f8db8153ce0e904", "ageGroup": "7-10 years", "nativeProficiency": "Word"}