{"englishProficiency": "Small letter", "sequenceList": [{"que_text": "नीतू के घर में गाय है। उसका रंग सफ़ेद है। गाय हरी घास खाती है। वह बहुत दूध देती है।", "noOfMistakes": "200", "que_id": "HI_S3_P_0", "isCorrect": false, "recordingName": "HI_S3_P_0.mp3"}, {"que_text": "नाक", "noOfMistakes": "5", "que_id": "HI_S3_WD_0", "isCorrect": false, "recordingName": "HI_S3_WD_0.mp3"}, {"que_text": "माला", "noOfMistakes": "5", "que_id": "HI_S3_WD_8", "isCorrect": false, "recordingName": "HI_S3_WD_8.mp3"}, {"que_text": "तोता", "noOfMistakes": "5", "que_id": "HI_S3_WD_1", "isCorrect": false, "recordingName": "HI_S3_WD_1.mp3"}, {"que_text": "दिन", "noOfMistakes": "5", "que_id": "HI_S3_WD_9", "isCorrect": false, "recordingName": "HI_S3_WD_9.mp3"}, {"que_text": "देर", "noOfMistakes": "5", "que_id": "HI_S3_WD_5", "isCorrect": false, "recordingName": "HI_S3_WD_5.mp3"}, {"que_text": "ब", "noOfMistakes": "0", "que_id": "HI_S3_L_3", "isCorrect": true, "recordingName": "HI_S3_L_3.mp3"}, {"que_text": "ल", "noOfMistakes": "0", "que_id": "HI_S3_L_4", "isCorrect": true, "recordingName": "HI_S3_L_4.mp3"}, {"que_text": "द", "noOfMistakes": "0", "que_id": "HI_S3_L_0", "isCorrect": true, "recordingName": "HI_S3_L_0.mp3"}, {"que_text": "च", "noOfMistakes": "0", "que_id": "HI_S3_L_2", "isCorrect": true, "recordingName": "HI_S3_L_2.mp3"}, {"que_text": "क", "noOfMistakes": "0", "que_id": "HI_S3_L_1", "isCorrect": true, "recordingName": "HI_S3_L_1.mp3"}, {"que_text": "F", "noOfMistakes": "0", "que_id": "HI_S3_CL_4", "isCorrect": true, "recordingName": "HI_S3_CL_4.mp3"}, {"que_text": "C", "noOfMistakes": "0", "que_id": "HI_S3_CL_0", "isCorrect": true, "recordingName": "HI_S3_CL_0.mp3"}, {"que_text": "O", "noOfMistakes": "0", "que_id": "HI_S3_CL_6", "isCorrect": true, "recordingName": "HI_S3_CL_6.mp3"}, {"que_text": "S", "noOfMistakes": "0", "que_id": "HI_S3_CL_2", "isCorrect": true, "recordingName": "HI_S3_CL_2.mp3"}, {"que_text": "K", "noOfMistakes": "0", "que_id": "HI_S3_CL_1", "isCorrect": true, "recordingName": "HI_S3_CL_1.mp3"}, {"que_text": "e", "noOfMistakes": "2", "que_id": "HI_S3_SL_4", "isCorrect": false, "recordingName": "HI_S3_SL_4.mp3"}, {"que_text": "g", "noOfMistakes": "2", "que_id": "HI_S3_SL_2", "isCorrect": true, "recordingName": "HI_S3_SL_2.mp3"}, {"que_text": "n", "noOfMistakes": "2", "que_id": "HI_S3_SL_0", "isCorrect": true, "recordingName": "HI_S3_SL_0.mp3"}, {"que_text": "v", "noOfMistakes": "2", "que_id": "HI_S3_SL_3", "isCorrect": true, "recordingName": "HI_S3_SL_3.mp3"}, {"que_text": "j", "noOfMistakes": "2", "que_id": "HI_S3_SL_5", "isCorrect": false, "recordingName": "HI_S3_SL_5.mp3"}], "deviceID": "1c3f2b0d5739a471", "ageGroup": "7-10 years", "studClass": "3", "nativeProficiency": "Letter", "date": "Tue Sep 10 17:32:34 IST 2019"}