{"englishProficiency": "Beginner", "sequenceList": [{"que_text": "श", "noOfMistakes": "1", "que_id": "MR_S1_L_0", "isCorrect": true, "recordingName": "MR_S1_L_0.mp3"}, {"que_text": "प", "noOfMistakes": "1", "que_id": "MR_S1_L_1", "isCorrect": true, "recordingName": "MR_S1_L_1.mp3"}, {"que_text": "स", "noOfMistakes": "1", "que_id": "MR_S1_L_2", "isCorrect": true, "recordingName": "MR_S1_L_2.mp3"}, {"que_text": "ड", "noOfMistakes": "1", "que_id": "MR_S1_L_3", "isCorrect": false, "recordingName": "MR_S1_L_3.mp3"}, {"que_text": "य", "noOfMistakes": "1", "que_id": "MR_S1_L_4", "isCorrect": true, "recordingName": "MR_S1_L_4.mp3"}, {"que_text": "A", "noOfMistakes": "4", "que_id": "MR_S1_CL_0", "isCorrect": true, "recordingName": "MR_S1_CL_0.mp3"}, {"que_text": "J", "noOfMistakes": "4", "que_id": "MR_S1_CL_1", "isCorrect": false, "recordingName": "MR_S1_CL_1.mp3"}, {"que_text": "Q", "noOfMistakes": "4", "que_id": "MR_S1_CL_2", "isCorrect": false, "recordingName": "MR_S1_CL_2.mp3"}, {"que_text": "R", "noOfMistakes": "4", "que_id": "MR_S1_CL_3", "isCorrect": false, "recordingName": "MR_S1_CL_3.mp3"}, {"que_text": "E", "noOfMistakes": "4", "que_id": "MR_S1_CL_4", "isCorrect": false, "recordingName": "MR_S1_CL_4.mp3"}], "deviceID": "47f79a194bb31395", "ageGroup": "5-7 years", "studClass": "1", "date": "Fri Sep 06 10:47:11 GMT+05:30 2019", "nativeProficiency": "Letter"}