{"englishProficiency": "word", "sequenceList": [{"que_text": "मीना पढ़ने जाती है। राजू भी साथ जाता है। दोनों शाम को लौटकर आते हैं। घर आकर खाना खाते हैं।", "noOfMistakes": "200", "que_id": "HI_S2_P_1", "isCorrect": true, "recordingName": "HI_S2_P_1.mp3"}, {"que_text": "ख", "noOfMistakes": "0", "que_id": "HI_S2_L_9", "isCorrect": true, "recordingName": "HI_S2_L_9.mp3"}, {"que_text": "क", "noOfMistakes": "0", "que_id": "HI_S2_L_1", "isCorrect": true, "recordingName": "HI_S2_L_1.mp3"}, {"que_text": "म", "noOfMistakes": "0", "que_id": "HI_S2_L_8", "isCorrect": true, "recordingName": "HI_S2_L_8.mp3"}, {"que_text": "त", "noOfMistakes": "0", "que_id": "HI_S2_L_7", "isCorrect": true, "recordingName": "HI_S2_L_7.mp3"}, {"que_text": "ब", "noOfMistakes": "0", "que_id": "HI_S2_L_3", "isCorrect": true, "recordingName": "HI_S2_L_3.mp3"}, {"que_text": "दिन", "noOfMistakes": "0", "que_id": "HI_S1_WD_8", "isCorrect": true, "recordingName": "HI_S1_WD_8.mp3"}, {"que_text": "काम", "noOfMistakes": "0", "que_id": "HI_S1_WD_5", "isCorrect": true, "recordingName": "HI_S1_WD_5.mp3"}, {"que_text": "शेर", "noOfMistakes": "0", "que_id": "HI_S1_WD_2", "isCorrect": true, "recordingName": "HI_S1_WD_2.mp3"}, {"que_text": "नानी", "noOfMistakes": "0", "que_id": "HI_S1_WD_3", "isCorrect": true, "recordingName": "HI_S1_WD_3.mp3"}, {"que_text": "फूल", "noOfMistakes": "0", "que_id": "HI_S1_WD_7", "isCorrect": true, "recordingName": "HI_S1_WD_7.mp3"}, {"que_text": "P", "noOfMistakes": "0", "que_id": "HI_S2_CL_6", "isCorrect": true, "recordingName": "HI_S2_CL_6.mp3"}, {"que_text": "M", "noOfMistakes": "0", "que_id": "HI_S2_CL_5", "isCorrect": true, "recordingName": "HI_S2_CL_5.mp3"}, {"que_text": "F", "noOfMistakes": "0", "que_id": "HI_S2_CL_7", "isCorrect": true, "recordingName": "HI_S2_CL_7.mp3"}, {"que_text": "H", "noOfMistakes": "0", "que_id": "HI_S2_CL_1", "isCorrect": true, "recordingName": "HI_S2_CL_1.mp3"}, {"que_text": "R", "noOfMistakes": "0", "que_id": "HI_S2_CL_2", "isCorrect": true, "recordingName": "HI_S2_CL_2.mp3"}, {"que_text": "k", "noOfMistakes": "0", "que_id": "HI_S2_SL_7", "isCorrect": true, "recordingName": "HI_S2_SL_7.mp3"}, {"que_text": "w", "noOfMistakes": "0", "que_id": "HI_S2_SL_3", "isCorrect": true, "recordingName": "HI_S2_SL_3.mp3"}, {"que_text": "s", "noOfMistakes": "0", "que_id": "HI_S2_SL_6", "isCorrect": true, "recordingName": "HI_S2_SL_6.mp3"}, {"que_text": "o", "noOfMistakes": "0", "que_id": "HI_S2_SL_2", "isCorrect": true, "recordingName": "HI_S2_SL_2.mp3"}, {"que_text": "u", "noOfMistakes": "0", "que_id": "HI_S2_SL_5", "isCorrect": true, "recordingName": "HI_S2_SL_5.mp3"}, {"que_text": "pen", "noOfMistakes": "1", "que_id": "HI_S2_W_5", "isCorrect": true, "recordingName": "HI_S2_W_5.mp3"}, {"que_text": "man", "noOfMistakes": "1", "que_id": "HI_S2_W_4", "isCorrect": true, "recordingName": "HI_S2_W_4.mp3"}, {"que_text": "cow", "noOfMistakes": "1", "que_id": "HI_S2_W_3", "isCorrect": true, "recordingName": "HI_S2_W_3.mp3"}, {"que_text": "rat", "noOfMistakes": "1", "que_id": "HI_S2_W_0", "isCorrect": true, "recordingName": "HI_S2_W_0.mp3"}, {"que_text": "big", "noOfMistakes": "1", "que_id": "HI_S2_W_2", "isCorrect": false, "recordingName": "HI_S2_W_2.mp3"}], "deviceID": "829d23b26d529c1f", "ageGroup": "7-10 years", "studClass": "2", "nativeProficiency": "Paragraph", "date": "Fri Sep 20 16:01:07 IST 2019"}