{"englishProficiency": "word", "sequenceList": [{"que_text": "न", "noOfMistakes": "0", "que_id": "HI_S4_L_0", "isCorrect": true, "recordingName": "HI_S4_L_0.mp3"}, {"que_text": "र", "noOfMistakes": "0", "que_id": "HI_S4_L_1", "isCorrect": true, "recordingName": "HI_S4_L_1.mp3"}, {"que_text": "म", "noOfMistakes": "0", "que_id": "HI_S4_L_2", "isCorrect": true, "recordingName": "HI_S4_L_2.mp3"}, {"que_text": "च", "noOfMistakes": "0", "que_id": "HI_S4_L_3", "isCorrect": true, "recordingName": "HI_S4_L_3.mp3"}, {"que_text": "स", "noOfMistakes": "0", "que_id": "HI_S4_L_4", "isCorrect": true, "recordingName": "HI_S4_L_4.mp3"}, {"que_text": "आग", "noOfMistakes": "0", "que_id": "HI_S4_WD_0", "isCorrect": true, "recordingName": "HI_S4_WD_0.mp3"}, {"que_text": "सोच", "noOfMistakes": "0", "que_id": "HI_S4_WD_1", "isCorrect": true, "recordingName": "HI_S4_WD_1.mp3"}, {"que_text": "ताला", "noOfMistakes": "0", "que_id": "HI_S4_WD_2", "isCorrect": true, "recordingName": "HI_S4_WD_2.mp3"}, {"que_text": "गिर", "noOfMistakes": "0", "que_id": "HI_S4_WD_3", "isCorrect": true, "recordingName": "HI_S4_WD_3.mp3"}, {"que_text": "पानी", "noOfMistakes": "0", "que_id": "HI_S4_WD_4", "isCorrect": true, "recordingName": "HI_S4_WD_4.mp3"}, {"que_text": "बग़ीचे में पेड़ हैं। पेड़ पर एक तोता रहता है। तोते का रंग हरा है। वह लाल टमाटर खाता है।", "noOfMistakes": "0", "que_id": "HI_S4_P_0", "isCorrect": true, "recordingName": "HI_S4_P_0.mp3"}, {"que_text": "रामपुर में कुछ ज़मीन ख़ाली थी। वहाँ कुछ नहीं उगता था। वहाँ कोई खेलने नहीं जाता था। एक दिन कुछ लोग आए। उन्होंने गाँव के लोगों को बुलाया। सबने मिलकर तय किया कि यहाँ बग़ीचा बनाया जाए। खाद मंगाकर हर तरह के पौधे लगाये गए। सही समय पर पानी दिया गया। आज वहाँ एक सुंदर बग़ीचा है। इसलिए वहाँ सब खेलने जाते हैं।", "noOfMistakes": "5", "que_id": "HI_S4_ST_0", "isCorrect": true, "recordingName": "HI_S4_ST_0.mp3"}, {"que_text": "D", "noOfMistakes": "0", "que_id": "HI_S4_CL_0", "isCorrect": true, "recordingName": "HI_S4_CL_0.mp3"}, {"que_text": "L", "noOfMistakes": "0", "que_id": "HI_S4_CL_1", "isCorrect": true, "recordingName": "HI_S4_CL_1.mp3"}, {"que_text": "T", "noOfMistakes": "0", "que_id": "HI_S4_CL_2", "isCorrect": true, "recordingName": "HI_S4_CL_2.mp3"}, {"que_text": "K", "noOfMistakes": "0", "que_id": "HI_S4_CL_3", "isCorrect": true, "recordingName": "HI_S4_CL_3.mp3"}, {"que_text": "G", "noOfMistakes": "0", "que_id": "HI_S4_CL_4", "isCorrect": true, "recordingName": "HI_S4_CL_4.mp3"}, {"que_text": "y", "noOfMistakes": "0", "que_id": "HI_S4_SL_0", "isCorrect": true, "recordingName": "HI_S4_SL_0.mp3"}, {"que_text": "f", "noOfMistakes": "0", "que_id": "HI_S4_SL_1", "isCorrect": true, "recordingName": "HI_S4_SL_1.mp3"}, {"que_text": "i", "noOfMistakes": "0", "que_id": "HI_S4_SL_2", "isCorrect": true, "recordingName": "HI_S4_SL_2.mp3"}, {"que_text": "s", "noOfMistakes": "0", "que_id": "HI_S4_SL_3", "isCorrect": true, "recordingName": "HI_S4_SL_3.mp3"}, {"que_text": "v", "noOfMistakes": "0", "que_id": "HI_S4_SL_4", "isCorrect": true, "recordingName": "HI_S4_SL_4.mp3"}, {"que_text": "dog", "noOfMistakes": "0", "que_id": "HI_S4_W_0", "isCorrect": true, "recordingName": "HI_S4_W_0.mp3"}, {"que_text": "fat", "noOfMistakes": "0", "que_id": "HI_S4_W_1", "isCorrect": true, "recordingName": "HI_S4_W_1.mp3"}, {"que_text": "cup", "noOfMistakes": "0", "que_id": "HI_S4_W_2", "isCorrect": true, "recordingName": "HI_S4_W_2.mp3"}, {"que_text": "boy", "noOfMistakes": "0", "que_id": "HI_S4_W_3", "isCorrect": true, "recordingName": "HI_S4_W_3.mp3"}, {"que_text": "man", "noOfMistakes": "0", "que_id": "HI_S4_W_4", "isCorrect": true, "recordingName": "HI_S4_W_4.mp3"}], "deviceID": "6332d56a0a2764eb", "ageGroup": "7-10 years", "studClass": "6", "nativeProficiency": "Story", "date": "Wed Sep 18 16:01:45 IST 2019"}