{"sequenceList": [{"recordingName": "HI_S1_P_0.mp3", "isCorrect": true, "que_text": " राधा के पास एक तोता है। उसकी चोंच लाल है। वह बहुत बोलता है। सब को हँसाता है।", "noOfMistakes": "0", "que_id": "HI_S1_P_0"}, {"recordingName": "HI_S1_ST_0.mp3", "isCorrect": true, "que_text": "बहुत दिनों से बारिश हो रही थी। गाँव में सभी जगह गंदा पानी भर गया था। सभी बारिश के रुकने की राह देख रहे थे। अचानक एक दिन बारिश रुक गई। सूरज निकल आया। सब लोग खुश हो गये। आसमान में चिड़ियाँ उड़ने लगीं। लोग अपने कपड़े सुखाने लगे। बच्चे भी घरों से बाहर निकलकर खेलने लगे।", "noOfMistakes": "1", "que_id": "HI_S1_ST_0"}, {"answer": "37", "isCorrect": true, "que_text": "73 - 36", "noOfMistakes": "0", "que_id": "HI_S1_SB_3"}, {"answer": "19", "isCorrect": true, "que_text": "56 - 37", "noOfMistakes": "0", "que_id": "HI_S1_SB_4"}, {"noOfMistakes": "0", "que_id": "HI_S1_D_0", "answer": "131", "remainder": "1", "isCorrect": true, "que_text": "918 / 7"}, {"recordingName": "HI_S1_CL_1.mp3", "isCorrect": true, "que_text": "J", "noOfMistakes": "0", "que_id": "HI_S1_CL_1"}, {"recordingName": "HI_S1_CL_4.mp3", "isCorrect": true, "que_text": "E", "noOfMistakes": "0", "que_id": "HI_S1_CL_4"}, {"recordingName": "HI_S1_CL_7.mp3", "isCorrect": true, "que_text": "O", "noOfMistakes": "0", "que_id": "HI_S1_CL_7"}, {"recordingName": "HI_S1_CL_5.mp3", "isCorrect": true, "que_text": "Y", "noOfMistakes": "0", "que_id": "HI_S1_CL_5"}, {"recordingName": "HI_S1_CL_2.mp3", "isCorrect": true, "que_text": "Q", "noOfMistakes": "0", "que_id": "HI_S1_CL_2"}, {"recordingName": "HI_S1_SL_4.mp3", "isCorrect": true, "que_text": "m", "noOfMistakes": "0", "que_id": "HI_S1_SL_4"}, {"recordingName": "HI_S1_SL_7.mp3", "isCorrect": true, "que_text": "t", "noOfMistakes": "0", "que_id": "HI_S1_SL_7"}, {"recordingName": "HI_S1_SL_3.mp3", "isCorrect": true, "que_text": "u", "noOfMistakes": "0", "que_id": "HI_S1_SL_3"}, {"recordingName": "HI_S1_SL_6.mp3", "isCorrect": true, "que_text": "g", "noOfMistakes": "0", "que_id": "HI_S1_SL_6"}, {"recordingName": "HI_S1_SL_2.mp3", "isCorrect": true, "que_text": "x", "noOfMistakes": "0", "que_id": "HI_S1_SL_2"}, {"recordingName": "HI_S1_W_0.mp3", "isCorrect": true, "que_text": "cat", "noOfMistakes": "1", "que_id": "HI_S1_W_0"}, {"recordingName": "HI_S1_W_4.mp3", "isCorrect": true, "que_text": "fan", "noOfMistakes": "1", "que_id": "HI_S1_W_4"}, {"recordingName": "HI_S1_W_5.mp3", "isCorrect": true, "que_text": "bus", "noOfMistakes": "1", "que_id": "HI_S1_W_5"}, {"recordingName": "HI_S1_W_2.mp3", "isCorrect": false, "que_text": "sun", "noOfMistakes": "1", "que_id": "HI_S1_W_2"}, {"recordingName": "HI_S1_W_1.mp3", "isCorrect": true, "que_text": "red", "noOfMistakes": "1", "que_id": "HI_S1_W_1"}, {"recordingName": "HI_S1_S_0.mp3", "isCorrect": false, "que_text": "Where is your house?", "noOfMistakes": "200", "que_id": "HI_S1_S_0"}, {"recordingName": "HI_S1_S_1.mp3", "isCorrect": false, "que_text": "This is a small bag.", "noOfMistakes": "200", "que_id": "HI_S1_S_1"}, {"recordingName": "HI_S1_S_2.mp3", "isCorrect": true, "que_text": "I like to read.", "noOfMistakes": "0", "que_id": "HI_S1_S_2"}, {"recordingName": "HI_S1_S_3.mp3", "isCorrect": true, "que_text": "I have a fat  dog .", "noOfMistakes": "0", "que_id": "HI_S1_S_3"}], "englishProficiency": "Sentence", "studClass": "8", "date": "Wed Sep 25 18:01:33 IST 2019", "mathematicsProficiency": "Division", "deviceID": "4a1532df50acff30", "ageGroup": "12-15 years", "nativeProficiency": "Story"}