{"englishProficiency": "Test was not complete", "sequenceList": [{"que_text": "आज रविवार आहे. शाळेला रजा आहे. तरी आज सकाळी मला लवकर जाग आली.", "noOfMistakes": "200", "que_id": "MR_S1_P_1", "isCorrect": false, "recordingName": "MR_S1_P_1.mp3"}, {"que_text": "Q", "noOfMistakes": "0", "que_id": "MR_S1_CL_2", "isCorrect": true, "recordingName": "MR_S1_CL_2.mp3"}, {"que_text": "R", "noOfMistakes": "0", "que_id": "MR_S1_CL_3", "isCorrect": true, "recordingName": "MR_S1_CL_3.mp3"}, {"que_text": "A", "noOfMistakes": "0", "que_id": "MR_S1_CL_0", "isCorrect": true, "recordingName": "MR_S1_CL_0.mp3"}, {"que_text": "x", "noOfMistakes": "1", "que_id": "MR_S1_SL_2", "isCorrect": true, "recordingName": "MR_S1_SL_2.mp3"}, {"que_text": "h", "noOfMistakes": "1", "que_id": "MR_S1_SL_0", "isCorrect": true, "recordingName": "MR_S1_SL_0.mp3"}, {"que_text": "d", "noOfMistakes": "1", "que_id": "MR_S1_SL_5", "isCorrect": false, "recordingName": "MR_S1_SL_5.mp3"}, {"que_text": "red", "noOfMistakes": "1", "que_id": "MR_S1_W_1", "isCorrect": false, "recordingName": "MR_S1_W_1.mp3"}, {"que_text": "fan", "noOfMistakes": "1", "que_id": "MR_S1_W_4", "isCorrect": true, "recordingName": "MR_S1_W_4.mp3"}, {"que_text": "sun", "noOfMistakes": "1", "que_id": "MR_S1_W_2", "isCorrect": true, "recordingName": "MR_S1_W_2.mp3"}, {"que_text": "I like to read.", "noOfMistakes": "200", "que_id": "MR_S1_S_2", "isCorrect": false, "recordingName": "MR_S1_S_2.mp3"}], "deviceID": "07f8b405d23ed517", "ageGroup": "5-7 years", "studClass": "3", "date": "Wed Sep 11 17:22:45 GMT+05:30 2019", "nativeProficiency": "Paragraph"}