{"englishProficiency": "Beginner", "sequenceList": [{"que_text": "पावसाळा सुरु झाला. आईने नवी तुळस लावली. तुळस भरभर वाढली. छान दिसू लागली.", "noOfMistakes": "2", "que_id": "MR_S2_P_1", "isCorrect": true, "recordingName": "MR_S2_P_1.mp3"}, {"que_text": "B", "noOfMistakes": "0", "que_id": "MR_S2_CL_0", "isCorrect": true, "recordingName": "MR_S2_CL_0.mp3"}, {"que_text": "H", "noOfMistakes": "0", "que_id": "MR_S2_CL_1", "isCorrect": true, "recordingName": "MR_S2_CL_1.mp3"}, {"que_text": "L", "noOfMistakes": "0", "que_id": "MR_S2_CL_3", "isCorrect": true, "recordingName": "MR_S2_CL_3.mp3"}, {"que_text": "R", "noOfMistakes": "0", "que_id": "MR_S2_CL_2", "isCorrect": true, "recordingName": "MR_S2_CL_2.mp3"}, {"que_text": "P", "noOfMistakes": "0", "que_id": "MR_S2_CL_6", "isCorrect": true, "recordingName": "MR_S2_CL_6.mp3"}], "deviceID": "70390f9e7bdbfff1", "ageGroup": "10-12 years", "studClass": "6", "date": "Wed Sep 04 16:38:59 GMT+05:30 2019", "nativeProficiency": "Paragraph"}