{"sequenceList": [{"recordingName": "HI_S1_P_1.mp3", "isCorrect": true, "que_text": " माँ ने हलवा बनाया। वह बहुत मीठा था। उसे सोनी ने खाया। खाने के बाद वह सो गई।", "noOfMistakes": "0", "que_id": "HI_S1_P_1"}, {"recordingName": "HI_S1_ST_0.mp3", "isCorrect": true, "que_text": "बहुत दिनों से बारिश हो रही थी। गाँव में सभी जगह गंदा पानी भर गया था। सभी बारिश के रुकने की राह देख रहे थे। अचानक एक दिन बारिश रुक गई। सूरज निकल आया। सब लोग खुश हो गये। आसमान में चिड़ियाँ उड़ने लगीं। लोग अपने कपड़े सुखाने लगे। बच्चे भी घरों से बाहर निकलकर खेलने लगे।", "noOfMistakes": "0", "que_id": "HI_S1_ST_0"}, {"answer": "38", "isCorrect": false, "que_text": "73 - 36", "noOfMistakes": "1", "que_id": "HI_S1_SB_3"}, {"answer": "19", "isCorrect": true, "que_text": "67 - 48", "noOfMistakes": "1", "que_id": "HI_S1_SB_1"}, {"recordingName": "HI_S1_CL_3.mp3", "isCorrect": true, "que_text": "R", "noOfMistakes": "0", "que_id": "HI_S1_CL_3"}, {"recordingName": "HI_S1_CL_4.mp3", "isCorrect": true, "que_text": "E", "noOfMistakes": "0", "que_id": "HI_S1_CL_4"}, {"recordingName": "HI_S1_CL_6.mp3", "isCorrect": true, "que_text": "N", "noOfMistakes": "0", "que_id": "HI_S1_CL_6"}, {"recordingName": "HI_S1_CL_5.mp3", "isCorrect": true, "que_text": "Y", "noOfMistakes": "0", "que_id": "HI_S1_CL_5"}, {"recordingName": "HI_S1_CL_1.mp3", "isCorrect": true, "que_text": "J", "noOfMistakes": "0", "que_id": "HI_S1_CL_1"}, {"recordingName": "HI_S1_SL_3.mp3", "isCorrect": true, "que_text": "u", "noOfMistakes": "0", "que_id": "HI_S1_SL_3"}, {"recordingName": "HI_S1_SL_2.mp3", "isCorrect": true, "que_text": "x", "noOfMistakes": "0", "que_id": "HI_S1_SL_2"}, {"recordingName": "HI_S1_SL_1.mp3", "isCorrect": true, "que_text": "p", "noOfMistakes": "0", "que_id": "HI_S1_SL_1"}, {"recordingName": "HI_S1_SL_6.mp3", "isCorrect": true, "que_text": "g", "noOfMistakes": "0", "que_id": "HI_S1_SL_6"}, {"recordingName": "HI_S1_SL_4.mp3", "isCorrect": true, "que_text": "m", "noOfMistakes": "0", "que_id": "HI_S1_SL_4"}, {"recordingName": "HI_S1_W_0.mp3", "isCorrect": true, "que_text": "cat", "noOfMistakes": "0", "que_id": "HI_S1_W_0"}, {"recordingName": "HI_S1_W_1.mp3", "isCorrect": true, "que_text": "red", "noOfMistakes": "0", "que_id": "HI_S1_W_1"}, {"recordingName": "HI_S1_W_3.mp3", "isCorrect": true, "que_text": "lip", "noOfMistakes": "0", "que_id": "HI_S1_W_3"}, {"recordingName": "HI_S1_W_4.mp3", "isCorrect": true, "que_text": "fan", "noOfMistakes": "0", "que_id": "HI_S1_W_4"}, {"recordingName": "HI_S1_W_2.mp3", "isCorrect": true, "que_text": "sun", "noOfMistakes": "0", "que_id": "HI_S1_W_2"}], "englishProficiency": "word", "studClass": "3", "date": "Thu Aug 01 17:51:32 GMT+05:30 2019", "mathematicsProficiency": "Subtraction", "deviceID": "ebaa26065aba20e5", "ageGroup": "10-12 years", "nativeProficiency": "Story"}