{"sequenceList": [{"recordingName": "HI_S3_WD_0.mp3", "isCorrect": true, "que_text": "नाक", "noOfMistakes": "0", "que_id": "HI_S3_WD_0"}, {"recordingName": "HI_S3_WD_1.mp3", "isCorrect": true, "que_text": "तोता", "noOfMistakes": "0", "que_id": "HI_S3_WD_1"}, {"recordingName": "HI_S3_WD_2.mp3", "isCorrect": true, "que_text": "चूहा", "noOfMistakes": "0", "que_id": "HI_S3_WD_2"}, {"recordingName": "HI_S3_WD_4.mp3", "isCorrect": true, "que_text": "मैना", "noOfMistakes": "0", "que_id": "HI_S3_WD_4"}, {"recordingName": "HI_S3_WD_7.mp3", "isCorrect": true, "que_text": "पीला", "noOfMistakes": "0", "que_id": "HI_S3_WD_7"}, {"answer": "-", "isCorrect": false, "que_text": "56 - 29", "noOfMistakes": "2", "que_id": "HI_S3_SB_0"}, {"answer": "-", "isCorrect": false, "que_text": "45 - 17", "noOfMistakes": "2", "que_id": "HI_S3_SB_3"}, {"recordingName": "HI_S3_DD_0.mp3", "isCorrect": true, "que_text": "52", "noOfMistakes": "0", "que_id": "HI_S3_DD_0"}, {"recordingName": "HI_S3_DD_1.mp3", "isCorrect": true, "que_text": "83", "noOfMistakes": "0", "que_id": "HI_S3_DD_1"}, {"recordingName": "HI_S3_DD_2.mp3", "isCorrect": true, "que_text": "37", "noOfMistakes": "0", "que_id": "HI_S3_DD_2"}, {"recordingName": "HI_S3_DD_5.mp3", "isCorrect": true, "que_text": "28", "noOfMistakes": "0", "que_id": "HI_S3_DD_5"}, {"recordingName": "HI_S3_DD_4.mp3", "isCorrect": true, "que_text": "55", "noOfMistakes": "0", "que_id": "HI_S3_DD_4"}, {"recordingName": "HI_S3_CL_0.mp3", "isCorrect": true, "que_text": "C", "noOfMistakes": "0", "que_id": "HI_S3_CL_0"}, {"recordingName": "HI_S3_CL_1.mp3", "isCorrect": true, "que_text": "K", "noOfMistakes": "0", "que_id": "HI_S3_CL_1"}, {"recordingName": "HI_S3_CL_2.mp3", "isCorrect": true, "que_text": "S", "noOfMistakes": "0", "que_id": "HI_S3_CL_2"}, {"recordingName": "HI_S3_CL_5.mp3", "isCorrect": true, "que_text": "W", "noOfMistakes": "0", "que_id": "HI_S3_CL_5"}, {"recordingName": "HI_S3_CL_4.mp3", "isCorrect": true, "que_text": "F", "noOfMistakes": "0", "que_id": "HI_S3_CL_4"}, {"recordingName": "HI_S3_SL_0.mp3", "isCorrect": true, "que_text": "n", "noOfMistakes": "1", "que_id": "HI_S3_SL_0"}, {"recordingName": "HI_S3_SL_1.mp3", "isCorrect": true, "que_text": "p", "noOfMistakes": "1", "que_id": "HI_S3_SL_1"}, {"recordingName": "HI_S3_SL_5.mp3", "isCorrect": false, "que_text": "j", "noOfMistakes": "1", "que_id": "HI_S3_SL_5"}, {"recordingName": "HI_S3_SL_2.mp3", "isCorrect": true, "que_text": "g", "noOfMistakes": "1", "que_id": "HI_S3_SL_2"}, {"recordingName": "HI_S3_SL_4.mp3", "isCorrect": true, "que_text": "e", "noOfMistakes": "1", "que_id": "HI_S3_SL_4"}, {"recordingName": "HI_S3_W_0.mp3", "isCorrect": false, "que_text": "hen", "noOfMistakes": "5", "que_id": "HI_S3_W_0"}, {"recordingName": "HI_S3_W_1.mp3", "isCorrect": false, "que_text": "old", "noOfMistakes": "5", "que_id": "HI_S3_W_1"}, {"recordingName": "HI_S3_W_4.mp3", "isCorrect": false, "que_text": "fox", "noOfMistakes": "5", "que_id": "HI_S3_W_4"}, {"recordingName": "HI_S3_W_5.mp3", "isCorrect": false, "que_text": "bag", "noOfMistakes": "5", "que_id": "HI_S3_W_5"}, {"recordingName": "HI_S3_W_2.mp3", "isCorrect": false, "que_text": "sit", "noOfMistakes": "5", "que_id": "HI_S3_W_2"}], "englishProficiency": "Small letter", "studClass": "1", "date": "Thu Aug 29 15:28:04 IST 2019", "mathematicsProficiency": "Double digit", "deviceID": "c66208a6b7100eb2", "ageGroup": "5-7 years", "nativeProficiency": "Word"}