{"date": "Sun Sep 08 08:23:57 IST 2019", "sequenceList": [{"recordingName": "MR_S1_P_0.mp3", "isCorrect": false, "que_text": "आज गावाहून मामा आला. मला खाऊ व फुगे घेऊन आला. ताईला बाहुली घेऊन आला. आईला छान साडी आणली.", "noOfMistakes": "200", "que_id": "MR_S1_P_0"}, {"recordingName": "MR_S1_L_0.mp3", "isCorrect": true, "que_text": "श", "noOfMistakes": "1", "que_id": "MR_S1_L_0"}, {"recordingName": "MR_S1_L_1.mp3", "isCorrect": false, "que_text": "प", "noOfMistakes": "1", "que_id": "MR_S1_L_1"}, {"recordingName": "MR_S1_L_2.mp3", "isCorrect": true, "que_text": "स", "noOfMistakes": "1", "que_id": "MR_S1_L_2"}, {"recordingName": "MR_S1_L_3.mp3", "isCorrect": true, "que_text": "ड", "noOfMistakes": "1", "que_id": "MR_S1_L_3"}, {"recordingName": "MR_S1_L_4.mp3", "isCorrect": true, "que_text": "य", "noOfMistakes": "1", "que_id": "MR_S1_L_4"}, {"recordingName": "MR_S1_WD_0.mp3", "isCorrect": true, "que_text": "समई", "noOfMistakes": "0", "que_id": "MR_S1_WD_0"}, {"recordingName": "MR_S1_WD_1.mp3", "isCorrect": true, "que_text": "बस", "noOfMistakes": "0", "que_id": "MR_S1_WD_1"}], "studClass": "2", "deviceID": "39ba11b269f1f93d", "ageGroup": "5-7 years", "nativeProficiency": "Letter"}