{"date": "Sun Sep 08 12:35:08 IST 2019", "sequenceList": [{"recordingName": "MR_S2_P_1.mp3", "isCorrect": false, "que_text": "पावसाळा सुरु झाला. आईने नवी तुळस लावली. तुळस भरभर वाढली. छान दिसू लागली.", "noOfMistakes": "200", "que_id": "MR_S2_P_1"}, {"recordingName": "MR_S2_WD_0.mp3", "isCorrect": true, "que_text": "खडू", "noOfMistakes": "3", "que_id": "MR_S2_WD_0"}, {"recordingName": "MR_S2_WD_1.mp3", "isCorrect": false, "que_text": "पतंग", "noOfMistakes": "3", "que_id": "MR_S2_WD_1"}, {"recordingName": "MR_S2_WD_2.mp3", "isCorrect": false, "que_text": "टोपी", "noOfMistakes": "3", "que_id": "MR_S2_WD_2"}, {"recordingName": "MR_S2_WD_3.mp3", "isCorrect": false, "que_text": "बैल", "noOfMistakes": "3", "que_id": "MR_S2_WD_3"}, {"recordingName": "MR_S2_WD_4.mp3", "isCorrect": true, "que_text": "रवी", "noOfMistakes": "3", "que_id": "MR_S2_WD_4"}, {"recordingName": "MR_S2_L_0.mp3", "isCorrect": true, "que_text": "ड", "noOfMistakes": "0", "que_id": "MR_S2_L_0"}, {"recordingName": "MR_S2_L_1.mp3", "isCorrect": true, "que_text": "त", "noOfMistakes": "0", "que_id": "MR_S2_L_1"}, {"recordingName": "MR_S2_L_2.mp3", "isCorrect": true, "que_text": "म", "noOfMistakes": "0", "que_id": "MR_S2_L_2"}, {"recordingName": "MR_S2_L_3.mp3", "isCorrect": true, "que_text": "ण", "noOfMistakes": "0", "que_id": "MR_S2_L_3"}, {"recordingName": "MR_S2_L_4.mp3", "isCorrect": true, "que_text": "स", "noOfMistakes": "0", "que_id": "MR_S2_L_4"}, {"recordingName": "MR_S2_CL_0.mp3", "isCorrect": true, "que_text": "B", "noOfMistakes": "3", "que_id": "MR_S2_CL_0"}, {"recordingName": "MR_S2_CL_1.mp3", "isCorrect": false, "que_text": "H", "noOfMistakes": "3", "que_id": "MR_S2_CL_1"}, {"recordingName": "MR_S2_CL_2.mp3", "isCorrect": true, "que_text": "R", "noOfMistakes": "3", "que_id": "MR_S2_CL_2"}, {"recordingName": "MR_S2_CL_3.mp3", "isCorrect": false, "que_text": "L", "noOfMistakes": "3", "que_id": "MR_S2_CL_3"}, {"recordingName": "MR_S2_CL_4.mp3", "isCorrect": false, "que_text": "V", "noOfMistakes": "3", "que_id": "MR_S2_CL_4"}], "englishProficiency": "Beginner", "studClass": "6", "deviceID": "7679c9355fd3bb61", "ageGroup": "10-12 years", "nativeProficiency": "Letter"}