{"sequenceList": [{"recordingName": "MR_S2_P_0.mp3", "isCorrect": false, "que_text": "एकदा मी पडले. सगळे मला हसले. एकदा सोनल पडली. मी तिला हसले.", "noOfMistakes": "200", "que_id": "MR_S2_P_0"}, {"recordingName": "MR_S2_WD_1.mp3", "isCorrect": false, "que_text": "पतंग", "noOfMistakes": "2", "que_id": "MR_S2_WD_1"}, {"recordingName": "MR_S2_WD_7.mp3", "isCorrect": false, "que_text": "चौक", "noOfMistakes": "2", "que_id": "MR_S2_WD_7"}, {"recordingName": "MH_S2_L_0.mp3", "isCorrect": true, "que_text": "ड", "noOfMistakes": "0", "que_id": "MH_S2_L_0"}, {"recordingName": "MH_S2_L_4.mp3", "isCorrect": true, "que_text": "स", "noOfMistakes": "0", "que_id": "MH_S2_L_4"}, {"recordingName": "MH_S2_L_7.mp3", "isCorrect": true, "que_text": "छ", "noOfMistakes": "0", "que_id": "MH_S2_L_7"}, {"recordingName": "MH_S2_L_3.mp3", "isCorrect": true, "que_text": "ण", "noOfMistakes": "0", "que_id": "MH_S2_L_3"}, {"recordingName": "MH_S2_L_6.mp3", "isCorrect": true, "que_text": "व", "noOfMistakes": "0", "que_id": "MH_S2_L_6"}, {"answer": "-", "isCorrect": false, "que_text": "83 - 34", "noOfMistakes": "1", "que_id": "MR_S2_SB_1"}, {"recordingName": "MR_S2_DD_7.mp3", "isCorrect": false, "que_text": "84", "noOfMistakes": "1", "que_id": "MR_S2_DD_7"}, {"recordingName": "MR_S2_SD_0.mp3", "isCorrect": true, "que_text": "2", "noOfMistakes": "0", "que_id": "MR_S2_SD_0"}, {"recordingName": "MR_S2_SD_4.mp3", "isCorrect": true, "que_text": "9", "noOfMistakes": "0", "que_id": "MR_S2_SD_4"}, {"recordingName": "MR_S2_SD_7.mp3", "isCorrect": true, "que_text": "1", "noOfMistakes": "0", "que_id": "MR_S2_SD_7"}, {"recordingName": "MR_S2_SD_3.mp3", "isCorrect": true, "que_text": "5", "noOfMistakes": "0", "que_id": "MR_S2_SD_3"}, {"recordingName": "MR_S2_SD_6.mp3", "isCorrect": true, "que_text": "4", "noOfMistakes": "0", "que_id": "MR_S2_SD_6"}, {"recordingName": "MR_S2_CL_1.mp3", "isCorrect": false, "que_text": "H", "noOfMistakes": "2", "que_id": "MR_S2_CL_1"}, {"recordingName": "MR_S2_CL_2.mp3", "isCorrect": false, "que_text": "R", "noOfMistakes": "2", "que_id": "MR_S2_CL_2"}], "englishProficiency": "Beginner", "studClass": "2", "date": "Fri Aug 02 17:17:18 GMT+05:30 2019", "mathematicsProficiency": "Single digit", "deviceID": "3ebaa9d14abd9a0f", "ageGroup": "7-10 years", "nativeProficiency": "Letter"}