{"englishProficiency": "Sentence", "sequenceList": [{"que_text": " माँ ने हलवा बनाया। वह बहुत मीठा था। उसे सोनी ने खाया। खाने के बाद वह सो गई।", "noOfMistakes": "0", "que_id": "HI_S1_P_1", "isCorrect": true, "recordingName": "HI_S1_P_1.mp3"}, {"que_text": "R", "noOfMistakes": "0", "que_id": "HI_S1_CL_3", "isCorrect": true, "recordingName": "HI_S1_CL_3.mp3"}, {"que_text": "Y", "noOfMistakes": "0", "que_id": "HI_S1_CL_5", "isCorrect": true, "recordingName": "HI_S1_CL_5.mp3"}, {"que_text": "Q", "noOfMistakes": "0", "que_id": "HI_S1_CL_2", "isCorrect": true, "recordingName": "HI_S1_CL_2.mp3"}, {"que_text": "N", "noOfMistakes": "0", "que_id": "HI_S1_CL_6", "isCorrect": true, "recordingName": "HI_S1_CL_6.mp3"}, {"que_text": "J", "noOfMistakes": "0", "que_id": "HI_S1_CL_1", "isCorrect": true, "recordingName": "HI_S1_CL_1.mp3"}, {"que_text": "g", "noOfMistakes": "0", "que_id": "HI_S1_SL_6", "isCorrect": true, "recordingName": "HI_S1_SL_6.mp3"}, {"que_text": "d", "noOfMistakes": "0", "que_id": "HI_S1_SL_5", "isCorrect": true, "recordingName": "HI_S1_SL_5.mp3"}, {"que_text": "x", "noOfMistakes": "0", "que_id": "HI_S1_SL_2", "isCorrect": true, "recordingName": "HI_S1_SL_2.mp3"}, {"que_text": "p", "noOfMistakes": "0", "que_id": "HI_S1_SL_1", "isCorrect": true, "recordingName": "HI_S1_SL_1.mp3"}, {"que_text": "u", "noOfMistakes": "0", "que_id": "HI_S1_SL_3", "isCorrect": true, "recordingName": "HI_S1_SL_3.mp3"}, {"que_text": "sun", "noOfMistakes": "1", "que_id": "HI_S1_W_2", "isCorrect": true, "recordingName": "HI_S1_W_2.mp3"}, {"que_text": "bus", "noOfMistakes": "1", "que_id": "HI_S1_W_5", "isCorrect": true, "recordingName": "HI_S1_W_5.mp3"}, {"que_text": "lip", "noOfMistakes": "1", "que_id": "HI_S1_W_3", "isCorrect": false, "recordingName": "HI_S1_W_3.mp3"}, {"que_text": "fan", "noOfMistakes": "1", "que_id": "HI_S1_W_4", "isCorrect": true, "recordingName": "HI_S1_W_4.mp3"}, {"que_text": "red", "noOfMistakes": "1", "que_id": "HI_S1_W_1", "isCorrect": true, "recordingName": "HI_S1_W_1.mp3"}, {"que_text": "Where is your house?", "noOfMistakes": "200", "que_id": "HI_S1_S_0", "isCorrect": false, "recordingName": "HI_S1_S_0.mp3"}, {"que_text": "This is a small bag.", "noOfMistakes": "0", "que_id": "HI_S1_S_1", "isCorrect": true, "recordingName": "HI_S1_S_1.mp3"}, {"que_text": "I like to read.", "noOfMistakes": "0", "que_id": "HI_S1_S_2", "isCorrect": true, "recordingName": "HI_S1_S_2.mp3"}, {"que_text": "I have a fat  dog .", "noOfMistakes": "0", "que_id": "HI_S1_S_3", "isCorrect": true, "recordingName": "HI_S1_S_3.mp3"}], "deviceID": "b9fa18efa17065a7", "ageGroup": "7-10 years", "studClass": "5", "nativeProficiency": "Story", "date": "Sat Sep 14 14:43:53 IST 2019"}