{"englishProficiency": "Small letter", "sequenceList": [{"que_text": "काले बादल छाए हैं। तेज़ बारिश हो रही है। मोर भी नाच रहा है। सब नाच देख रहे हैं।", "noOfMistakes": "100", "que_id": "HI_S3_P_1", "isCorrect": true, "recordingName": "HI_S3_P_1.mp3"}, {"que_text": "नाक", "noOfMistakes": "0", "que_id": "HI_S3_WD_0", "isCorrect": true, "recordingName": "HI_S3_WD_0.mp3"}, {"que_text": "मैना", "noOfMistakes": "0", "que_id": "HI_S3_WD_4", "isCorrect": true, "recordingName": "HI_S3_WD_4.mp3"}, {"que_text": "माला", "noOfMistakes": "0", "que_id": "HI_S3_WD_8", "isCorrect": true, "recordingName": "HI_S3_WD_8.mp3"}, {"que_text": "चूहा", "noOfMistakes": "0", "que_id": "HI_S3_WD_2", "isCorrect": true, "recordingName": "HI_S3_WD_2.mp3"}, {"que_text": "रोटी", "noOfMistakes": "0", "que_id": "HI_S3_WD_6", "isCorrect": true, "recordingName": "HI_S3_WD_6.mp3"}, {"que_text": "C", "noOfMistakes": "0", "que_id": "HI_S3_CL_0", "isCorrect": true, "recordingName": "HI_S3_CL_0.mp3"}, {"que_text": "W", "noOfMistakes": "0", "que_id": "HI_S3_CL_5", "isCorrect": true, "recordingName": "HI_S3_CL_5.mp3"}, {"que_text": "S", "noOfMistakes": "0", "que_id": "HI_S3_CL_2", "isCorrect": true, "recordingName": "HI_S3_CL_2.mp3"}, {"que_text": "Z", "noOfMistakes": "0", "que_id": "HI_S3_CL_7", "isCorrect": true, "recordingName": "HI_S3_CL_7.mp3"}, {"que_text": "O", "noOfMistakes": "0", "que_id": "HI_S3_CL_6", "isCorrect": true, "recordingName": "HI_S3_CL_6.mp3"}, {"que_text": "n", "noOfMistakes": "0", "que_id": "HI_S3_SL_0", "isCorrect": true, "recordingName": "HI_S3_SL_0.mp3"}, {"que_text": "p", "noOfMistakes": "0", "que_id": "HI_S3_SL_1", "isCorrect": true, "recordingName": "HI_S3_SL_1.mp3"}, {"que_text": "j", "noOfMistakes": "0", "que_id": "HI_S3_SL_5", "isCorrect": true, "recordingName": "HI_S3_SL_5.mp3"}, {"que_text": "b", "noOfMistakes": "0", "que_id": "HI_S3_SL_7", "isCorrect": true, "recordingName": "HI_S3_SL_7.mp3"}, {"que_text": "v", "noOfMistakes": "0", "que_id": "HI_S3_SL_3", "isCorrect": true, "recordingName": "HI_S3_SL_3.mp3"}, {"que_text": "hen", "noOfMistakes": "2", "que_id": "HI_S3_W_0", "isCorrect": true, "recordingName": "HI_S3_W_0.mp3"}, {"que_text": "old", "noOfMistakes": "2", "que_id": "HI_S3_W_1", "isCorrect": true, "recordingName": "HI_S3_W_1.mp3"}, {"que_text": "sit", "noOfMistakes": "2", "que_id": "HI_S3_W_2", "isCorrect": false, "recordingName": "HI_S3_W_2.mp3"}, {"que_text": "run", "noOfMistakes": "2", "que_id": "HI_S3_W_3", "isCorrect": true, "recordingName": "HI_S3_W_3.mp3"}, {"que_text": "fox", "noOfMistakes": "2", "que_id": "HI_S3_W_4", "isCorrect": false, "recordingName": "HI_S3_W_4.mp3"}], "deviceID": "735dd1c1d5a8858b", "ageGroup": "10-12 years", "studClass": "5", "nativeProficiency": "Word", "date": "Tue Sep 10 11:21:22 IST 2019"}