{"date": "Wed Sep 04 17:41:25 IST 2019", "sequenceList": [{"recordingName": "MR_S4_L_0.mp3", "isCorrect": true, "que_text": "ख", "noOfMistakes": "0", "que_id": "MR_S4_L_0"}, {"recordingName": "MR_S4_L_1.mp3", "isCorrect": true, "que_text": "ब", "noOfMistakes": "0", "que_id": "MR_S4_L_1"}, {"recordingName": "MR_S4_L_2.mp3", "isCorrect": true, "que_text": "ल", "noOfMistakes": "0", "que_id": "MR_S4_L_2"}, {"recordingName": "MR_S4_L_3.mp3", "isCorrect": true, "que_text": "ग", "noOfMistakes": "0", "que_id": "MR_S4_L_3"}, {"recordingName": "MR_S4_L_4.mp3", "isCorrect": true, "que_text": "फ", "noOfMistakes": "0", "que_id": "MR_S4_L_4"}, {"recordingName": "MR_S4_WD_1.mp3", "isCorrect": true, "que_text": "फेटा", "noOfMistakes": "0", "que_id": "MR_S4_WD_1"}, {"recordingName": "MR_S4_WD_2.mp3", "isCorrect": true, "que_text": "झाडू", "noOfMistakes": "0", "que_id": "MR_S4_WD_2"}, {"recordingName": "MR_S4_WD_3.mp3", "isCorrect": true, "que_text": "पाऊस", "noOfMistakes": "0", "que_id": "MR_S4_WD_3"}, {"recordingName": "MR_S4_WD_4.mp3", "isCorrect": true, "que_text": "विमान", "noOfMistakes": "0", "que_id": "MR_S4_WD_4"}, {"recordingName": "MR_S4_WD_5.mp3", "isCorrect": true, "que_text": "लाल", "noOfMistakes": "0", "que_id": "MR_S4_WD_5"}, {"recordingName": "MR_S4_P_0.mp3", "isCorrect": false, "que_text": "गीता बागेत आली. तिकडे तिला मंजू भेटली. दोघींनी जोरात झोका घेतला. आज खूपच मजा आली.", "noOfMistakes": "200", "que_id": "MR_S4_P_0"}, {"recordingName": "MR_S4_CL_0.mp3", "isCorrect": true, "que_text": "D", "noOfMistakes": "0", "que_id": "MR_S4_CL_0"}, {"recordingName": "MR_S4_CL_3.mp3", "isCorrect": true, "que_text": "K", "noOfMistakes": "0", "que_id": "MR_S4_CL_3"}, {"recordingName": "MR_S4_CL_4.mp3", "isCorrect": true, "que_text": "G", "noOfMistakes": "0", "que_id": "MR_S4_CL_4"}, {"recordingName": "MR_S4_CL_2.mp3", "isCorrect": true, "que_text": "T", "noOfMistakes": "0", "que_id": "MR_S4_CL_2"}, {"recordingName": "MR_S4_CL_1.mp3", "isCorrect": true, "que_text": "L", "noOfMistakes": "0", "que_id": "MR_S4_CL_1"}, {"recordingName": "MR_S4_SL_0.mp3", "isCorrect": false, "que_text": "y", "noOfMistakes": "4", "que_id": "MR_S4_SL_0"}, {"recordingName": "MR_S4_SL_1.mp3", "isCorrect": false, "que_text": "f", "noOfMistakes": "4", "que_id": "MR_S4_SL_1"}, {"recordingName": "MR_S4_SL_2.mp3", "isCorrect": false, "que_text": "i", "noOfMistakes": "4", "que_id": "MR_S4_SL_2"}, {"recordingName": "MR_S4_SL_3.mp3", "isCorrect": true, "que_text": "s", "noOfMistakes": "4", "que_id": "MR_S4_SL_3"}, {"recordingName": "MR_S4_SL_4.mp3", "isCorrect": false, "que_text": "v", "noOfMistakes": "4", "que_id": "MR_S4_SL_4"}], "englishProficiency": "Capital letter", "studClass": "3", "deviceID": "1468509c97814853", "ageGroup": "10-12 years", "nativeProficiency": "Word"}