{"englishProficiency": "Capital letter", "sequenceList": [{"que_text": "श", "noOfMistakes": "0", "que_id": "MR_S1_L_0", "isCorrect": true, "recordingName": "MR_S1_L_0.mp3"}, {"que_text": "प", "noOfMistakes": "0", "que_id": "MR_S1_L_1", "isCorrect": true, "recordingName": "MR_S1_L_1.mp3"}, {"que_text": "स", "noOfMistakes": "0", "que_id": "MR_S1_L_2", "isCorrect": true, "recordingName": "MR_S1_L_2.mp3"}, {"que_text": "ड", "noOfMistakes": "0", "que_id": "MR_S1_L_3", "isCorrect": true, "recordingName": "MR_S1_L_3.mp3"}, {"que_text": "य", "noOfMistakes": "0", "que_id": "MR_S1_L_4", "isCorrect": true, "recordingName": "MR_S1_L_4.mp3"}, {"que_text": "समई", "noOfMistakes": "1", "que_id": "MR_S1_WD_0", "isCorrect": true, "recordingName": "MR_S1_WD_0.mp3"}, {"que_text": "बस", "noOfMistakes": "1", "que_id": "MR_S1_WD_1", "isCorrect": true, "recordingName": "MR_S1_WD_1.mp3"}, {"que_text": "गरम", "noOfMistakes": "1", "que_id": "MR_S1_WD_2", "isCorrect": true, "recordingName": "MR_S1_WD_2.mp3"}, {"que_text": "कैरी", "noOfMistakes": "1", "que_id": "MR_S1_WD_3", "isCorrect": false, "recordingName": "MR_S1_WD_3.mp3"}, {"que_text": "दिवा", "noOfMistakes": "1", "que_id": "MR_S1_WD_4", "isCorrect": true, "recordingName": "MR_S1_WD_4.mp3"}, {"que_text": "A", "noOfMistakes": "4", "que_id": "MR_S1_CL_0", "isCorrect": true, "recordingName": "MR_S1_CL_0.mp3"}, {"que_text": "J", "noOfMistakes": "4", "que_id": "MR_S1_CL_1", "isCorrect": false, "recordingName": "MR_S1_CL_1.mp3"}, {"que_text": "Q", "noOfMistakes": "4", "que_id": "MR_S1_CL_2", "isCorrect": false, "recordingName": "MR_S1_CL_2.mp3"}, {"que_text": "R", "noOfMistakes": "4", "que_id": "MR_S1_CL_3", "isCorrect": false, "recordingName": "MR_S1_CL_3.mp3"}, {"que_text": "E", "noOfMistakes": "4", "que_id": "MR_S1_CL_4", "isCorrect": false, "recordingName": "MR_S1_CL_4.mp3"}], "deviceID": "39ba11b269f1f93d", "ageGroup": "5-7 years", "studClass": "2", "date": "Sun Sep 08 08:45:38 IST 2019", "nativeProficiency": "Word"}