{"date": "Wed Sep 04 17:39:21 IST 2019", "sequenceList": [{"recordingName": "MR_S1_L_0.mp3", "isCorrect": true, "que_text": "श", "noOfMistakes": "2", "que_id": "MR_S1_L_0"}, {"recordingName": "MR_S1_L_1.mp3", "isCorrect": true, "que_text": "प", "noOfMistakes": "2", "que_id": "MR_S1_L_1"}, {"recordingName": "MR_S1_L_9.mp3", "isCorrect": false, "que_text": "म", "noOfMistakes": "2", "que_id": "MR_S1_L_9"}, {"recordingName": "MR_S1_L_8.mp3", "isCorrect": false, "que_text": "त", "noOfMistakes": "2", "que_id": "MR_S1_L_8"}, {"recordingName": "MR_S1_CL_0.mp3", "isCorrect": true, "que_text": "A", "noOfMistakes": "0", "que_id": "MR_S1_CL_0"}, {"recordingName": "MR_S1_CL_1.mp3", "isCorrect": true, "que_text": "J", "noOfMistakes": "0", "que_id": "MR_S1_CL_1"}], "englishProficiency": "Beginner", "studClass": "1", "deviceID": "4ef210ea40deb34c", "ageGroup": "5-7 years", "nativeProficiency": "Beginner"}