{"englishProficiency": "Beginner", "sequenceList": [{"que_text": "श", "noOfMistakes": "2", "que_id": "MR_S1_L_0", "isCorrect": true, "recordingName": "MR_S1_L_0.mp3"}, {"que_text": "प", "noOfMistakes": "2", "que_id": "MR_S1_L_1", "isCorrect": true, "recordingName": "MR_S1_L_1.mp3"}, {"que_text": "म", "noOfMistakes": "2", "que_id": "MR_S1_L_9", "isCorrect": false, "recordingName": "MR_S1_L_9.mp3"}, {"que_text": "त", "noOfMistakes": "2", "que_id": "MR_S1_L_8", "isCorrect": false, "recordingName": "MR_S1_L_8.mp3"}, {"que_text": "A", "noOfMistakes": "0", "que_id": "MR_S1_CL_0", "isCorrect": true, "recordingName": "MR_S1_CL_0.mp3"}, {"que_text": "J", "noOfMistakes": "0", "que_id": "MR_S1_CL_1", "isCorrect": true, "recordingName": "MR_S1_CL_1.mp3"}], "deviceID": "4ef210ea40deb34c", "ageGroup": "5-7 years", "studClass": "1", "date": "Wed Sep 04 17:39:21 IST 2019", "nativeProficiency": "Beginner"}