{"sequenceList": [{"recordingName": "HI_S4_P_0.mp3", "isCorrect": false, "que_text": "बग़ीचे में पेड़ हैं। पेड़ पर एक तोता रहता है। तोते का रंग हरा है। वह लाल टमाटर खाता है।", "noOfMistakes": "200", "que_id": "HI_S4_P_0"}, {"recordingName": "HI_S4_WD_0.mp3", "isCorrect": false, "que_text": "आग", "noOfMistakes": "5", "que_id": "HI_S4_WD_0"}, {"recordingName": "HI_S4_WD_1.mp3", "isCorrect": false, "que_text": "सोच", "noOfMistakes": "5", "que_id": "HI_S4_WD_1"}, {"recordingName": "HI_S4_WD_2.mp3", "isCorrect": false, "que_text": "ताला", "noOfMistakes": "5", "que_id": "HI_S4_WD_2"}, {"recordingName": "HI_S4_WD_3.mp3", "isCorrect": false, "que_text": "गिर", "noOfMistakes": "5", "que_id": "HI_S4_WD_3"}, {"recordingName": "HI_S4_WD_4.mp3", "isCorrect": false, "que_text": "पानी", "noOfMistakes": "5", "que_id": "HI_S4_WD_4"}, {"recordingName": "HI_S4_L_0.mp3", "isCorrect": true, "que_text": "न", "noOfMistakes": "0", "que_id": "HI_S4_L_0"}, {"recordingName": "HI_S4_L_1.mp3", "isCorrect": true, "que_text": "र", "noOfMistakes": "0", "que_id": "HI_S4_L_1"}, {"recordingName": "HI_S4_L_2.mp3", "isCorrect": true, "que_text": "म", "noOfMistakes": "0", "que_id": "HI_S4_L_2"}, {"recordingName": "HI_S4_L_3.mp3", "isCorrect": true, "que_text": "च", "noOfMistakes": "0", "que_id": "HI_S4_L_3"}, {"recordingName": "HI_S4_L_4.mp3", "isCorrect": true, "que_text": "स", "noOfMistakes": "0", "que_id": "HI_S4_L_4"}, {"recordingName": "HI_S4_DD_0.mp3", "isCorrect": false, "que_text": "71", "noOfMistakes": "5", "que_id": "HI_S4_DD_0"}, {"recordingName": "HI_S4_DD_1.mp3", "isCorrect": false, "que_text": "24", "noOfMistakes": "5", "que_id": "HI_S4_DD_1"}, {"recordingName": "HI_S4_DD_2.mp3", "isCorrect": false, "que_text": "92", "noOfMistakes": "5", "que_id": "HI_S4_DD_2"}, {"recordingName": "HI_S4_DD_3.mp3", "isCorrect": false, "que_text": "86", "noOfMistakes": "5", "que_id": "HI_S4_DD_3"}, {"recordingName": "HI_S4_DD_4.mp3", "isCorrect": false, "que_text": "23", "noOfMistakes": "5", "que_id": "HI_S4_DD_4"}, {"recordingName": "HI_S4_SD_0.mp3", "isCorrect": true, "que_text": "5", "noOfMistakes": "0", "que_id": "HI_S4_SD_0"}, {"recordingName": "HI_S4_SD_1.mp3", "isCorrect": true, "que_text": "7", "noOfMistakes": "0", "que_id": "HI_S4_SD_1"}, {"recordingName": "HI_S4_SD_2.mp3", "isCorrect": true, "que_text": "8", "noOfMistakes": "0", "que_id": "HI_S4_SD_2"}, {"recordingName": "HI_S4_SD_3.mp3", "isCorrect": true, "que_text": "4", "noOfMistakes": "0", "que_id": "HI_S4_SD_3"}, {"recordingName": "HI_S4_SD_4.mp3", "isCorrect": true, "que_text": "2", "noOfMistakes": "0", "que_id": "HI_S4_SD_4"}, {"recordingName": "HI_S4_CL_0.mp3", "isCorrect": true, "que_text": "D", "noOfMistakes": "2", "que_id": "HI_S4_CL_0"}, {"recordingName": "HI_S4_CL_1.mp3", "isCorrect": true, "que_text": "L", "noOfMistakes": "2", "que_id": "HI_S4_CL_1"}, {"recordingName": "HI_S4_CL_2.mp3", "isCorrect": true, "que_text": "T", "noOfMistakes": "2", "que_id": "HI_S4_CL_2"}, {"recordingName": "HI_S4_CL_3.mp3", "isCorrect": false, "que_text": "K", "noOfMistakes": "2", "que_id": "HI_S4_CL_3"}, {"recordingName": "HI_S4_CL_4.mp3", "isCorrect": false, "que_text": "G", "noOfMistakes": "2", "que_id": "HI_S4_CL_4"}], "englishProficiency": "Beginner", "studClass": "3", "date": "Mon Sep 16 16:01:13 IST 2019", "mathematicsProficiency": "Single digit", "deviceID": "f48de9cec804d735", "ageGroup": "7-10 years", "nativeProficiency": "Test was not complete"}