{"sequenceList": [{"recordingName": "MR_S2_P_1.mp3", "isCorrect": false, "que_text": "पावसाळा सुरु झाला. आईने नवी तुळस लावली. तुळस भरभर वाढली. छान दिसू लागली.", "noOfMistakes": "200", "que_id": "MR_S2_P_1"}, {"recordingName": "MR_S2_WD_2.mp3", "isCorrect": false, "que_text": "टोपी", "noOfMistakes": "2", "que_id": "MR_S2_WD_2"}, {"recordingName": "MR_S2_WD_1.mp3", "isCorrect": true, "que_text": "पतंग", "noOfMistakes": "2", "que_id": "MR_S2_WD_1"}, {"recordingName": "MR_S2_WD_4.mp3", "isCorrect": true, "que_text": "रवी", "noOfMistakes": "2", "que_id": "MR_S2_WD_4"}, {"recordingName": "MR_S2_WD_7.mp3", "isCorrect": false, "que_text": "चौक", "noOfMistakes": "2", "que_id": "MR_S2_WD_7"}, {"recordingName": "MH_S2_L_0.mp3", "isCorrect": true, "que_text": "ड", "noOfMistakes": "0", "que_id": "MH_S2_L_0"}, {"recordingName": "MH_S2_L_4.mp3", "isCorrect": true, "que_text": "स", "noOfMistakes": "0", "que_id": "MH_S2_L_4"}, {"recordingName": "MH_S2_L_7.mp3", "isCorrect": true, "que_text": "छ", "noOfMistakes": "0", "que_id": "MH_S2_L_7"}, {"recordingName": "MH_S2_L_3.mp3", "isCorrect": true, "que_text": "ण", "noOfMistakes": "0", "que_id": "MH_S2_L_3"}, {"recordingName": "MH_S2_L_5.mp3", "isCorrect": true, "que_text": "क", "noOfMistakes": "0", "que_id": "MH_S2_L_5"}, {"answer": "-", "isCorrect": false, "que_text": "83 - 34", "noOfMistakes": "1", "que_id": "MR_S2_SB_1"}, {"recordingName": "MR_S2_DD_1.mp3", "isCorrect": true, "que_text": "58", "noOfMistakes": "0", "que_id": "MR_S2_DD_1"}, {"recordingName": "MR_S2_DD_4.mp3", "isCorrect": true, "que_text": "34", "noOfMistakes": "0", "que_id": "MR_S2_DD_4"}, {"recordingName": "MR_S2_DD_7.mp3", "isCorrect": true, "que_text": "84", "noOfMistakes": "0", "que_id": "MR_S2_DD_7"}, {"recordingName": "MR_S2_DD_3.mp3", "isCorrect": true, "que_text": "99", "noOfMistakes": "0", "que_id": "MR_S2_DD_3"}, {"recordingName": "MR_S2_DD_6.mp3", "isCorrect": true, "que_text": "46", "noOfMistakes": "0", "que_id": "MR_S2_DD_6"}, {"recordingName": "MR_S2_CL_1.mp3", "isCorrect": true, "que_text": "H", "noOfMistakes": "0", "que_id": "MR_S2_CL_1"}, {"recordingName": "MR_S2_CL_2.mp3", "isCorrect": true, "que_text": "R", "noOfMistakes": "0", "que_id": "MR_S2_CL_2"}, {"recordingName": "MR_S2_CL_5.mp3", "isCorrect": true, "que_text": "M", "noOfMistakes": "0", "que_id": "MR_S2_CL_5"}, {"recordingName": "MR_S2_CL_4.mp3", "isCorrect": true, "que_text": "V", "noOfMistakes": "0", "que_id": "MR_S2_CL_4"}, {"recordingName": "MR_S2_CL_3.mp3", "isCorrect": true, "que_text": "L", "noOfMistakes": "0", "que_id": "MR_S2_CL_3"}, {"recordingName": "MR_S2_SL_0.mp3", "isCorrect": true, "que_text": "z", "noOfMistakes": "0", "que_id": "MR_S2_SL_0"}, {"recordingName": "MR_S2_SL_4.mp3", "isCorrect": true, "que_text": "g", "noOfMistakes": "0", "que_id": "MR_S2_SL_4"}, {"recordingName": "MR_S2_SL_3.mp3", "isCorrect": true, "que_text": "w", "noOfMistakes": "0", "que_id": "MR_S2_SL_3"}, {"recordingName": "MR_S2_SL_2.mp3", "isCorrect": true, "que_text": "o", "noOfMistakes": "0", "que_id": "MR_S2_SL_2"}, {"recordingName": "MR_S2_SL_1.mp3", "isCorrect": true, "que_text": "j", "noOfMistakes": "0", "que_id": "MR_S2_SL_1"}, {"recordingName": "MR_S2_W_0.mp3", "isCorrect": true, "que_text": "cow", "noOfMistakes": "1", "que_id": "MR_S2_W_0"}, {"recordingName": "MR_S2_W_4.mp3", "isCorrect": true, "que_text": "man", "noOfMistakes": "1", "que_id": "MR_S2_W_4"}, {"recordingName": "MR_S2_W_3.mp3", "isCorrect": true, "que_text": "hat", "noOfMistakes": "1", "que_id": "MR_S2_W_3"}, {"recordingName": "MR_S2_W_5.mp3", "isCorrect": true, "que_text": "pen", "noOfMistakes": "1", "que_id": "MR_S2_W_5"}, {"recordingName": "MR_S2_W_2.mp3", "isCorrect": false, "que_text": "big", "noOfMistakes": "1", "que_id": "MR_S2_W_2"}, {"recordingName": "MR_S2_S_0.mp3", "isCorrect": false, "que_text": "Where is your house?", "noOfMistakes": "200", "que_id": "MR_S2_S_0"}, {"recordingName": "MR_S2_S_1.mp3", "isCorrect": true, "que_text": "This is a long road.", "noOfMistakes": "0", "que_id": "MR_S2_S_1"}, {"recordingName": "MR_S2_S_2.mp3", "isCorrect": true, "que_text": "I like to play.", "noOfMistakes": "0", "que_id": "MR_S2_S_2"}, {"recordingName": "MR_S2_S_3.mp3", "isCorrect": true, "que_text": "She has a green kite.", "noOfMistakes": "0", "que_id": "MR_S2_S_3"}], "englishProficiency": "Sentence", "studClass": "5", "date": "Fri Aug 02 17:35:47 GMT+05:30 2019", "mathematicsProficiency": "Double digit", "deviceID": "3ebaa9d14abd9a0f", "ageGroup": "10-12 years", "nativeProficiency": "Letter"}