{"englishProficiency": "Beginner", "sequenceList": [{"que_text": "श", "noOfMistakes": "0", "que_id": "MR_S1_L_0", "isCorrect": true, "recordingName": "MR_S1_L_0.mp3"}, {"que_text": "प", "noOfMistakes": "0", "que_id": "MR_S1_L_1", "isCorrect": true, "recordingName": "MR_S1_L_1.mp3"}, {"que_text": "स", "noOfMistakes": "0", "que_id": "MR_S1_L_2", "isCorrect": true, "recordingName": "MR_S1_L_2.mp3"}, {"que_text": "य", "noOfMistakes": "0", "que_id": "MR_S1_L_4", "isCorrect": true, "recordingName": "MR_S1_L_4.mp3"}, {"que_text": "द", "noOfMistakes": "0", "que_id": "MR_S1_L_5", "isCorrect": true, "recordingName": "MR_S1_L_5.mp3"}, {"que_text": "A", "noOfMistakes": "4", "que_id": "MR_S1_CL_0", "isCorrect": true, "recordingName": "MR_S1_CL_0.mp3"}, {"que_text": "J", "noOfMistakes": "4", "que_id": "MR_S1_CL_1", "isCorrect": false, "recordingName": "MR_S1_CL_1.mp3"}, {"que_text": "R", "noOfMistakes": "4", "que_id": "MR_S1_CL_3", "isCorrect": false, "recordingName": "MR_S1_CL_3.mp3"}, {"que_text": "E", "noOfMistakes": "4", "que_id": "MR_S1_CL_4", "isCorrect": false, "recordingName": "MR_S1_CL_4.mp3"}, {"que_text": "O", "noOfMistakes": "4", "que_id": "MR_S1_CL_7", "isCorrect": false, "recordingName": "MR_S1_CL_7.mp3"}], "deviceID": "ca512e3b0fc2c4f9", "ageGroup": "7-10 years", "studClass": "4", "date": "Sat Sep 07 15:30:24 GMT+05:30 2019", "nativeProficiency": "Letter"}