{"sequenceList": [{"recordingName": "MR_S1_P_1.mp3", "isCorrect": false, "que_text": "आज रविवार आहे. शाळेला रजा आहे. तरी आज सकाळी मला लवकर जाग आली.", "noOfMistakes": "200", "que_id": "MR_S1_P_1"}, {"recordingName": "MR_S1_WD_1.mp3", "isCorrect": true, "que_text": "बस", "noOfMistakes": "0", "que_id": "MR_S1_WD_1"}, {"recordingName": "HI_S1_WD_4.mp3", "isCorrect": true, "que_text": "दिवा", "noOfMistakes": "0", "que_id": "HI_S1_WD_4"}, {"recordingName": "HI_S1_WD_8.mp3", "isCorrect": true, "que_text": "तूप", "noOfMistakes": "0", "que_id": "HI_S1_WD_8"}, {"recordingName": "HI_S1_WD_2.mp3", "isCorrect": true, "que_text": "गरम", "noOfMistakes": "0", "que_id": "HI_S1_WD_2"}, {"recordingName": "HI_S1_WD_5.mp3", "isCorrect": true, "que_text": "मोती", "noOfMistakes": "0", "que_id": "HI_S1_WD_5"}, {"answer": "-", "isCorrect": false, "que_text": "36-18", "noOfMistakes": "1", "que_id": "MR_S1_SB_4"}, {"recordingName": "MR_S1_DD_3.mp3", "isCorrect": true, "que_text": "99", "noOfMistakes": "0", "que_id": "MR_S1_DD_3"}, {"recordingName": "MR_S1_DD_5.mp3", "isCorrect": true, "que_text": "61", "noOfMistakes": "0", "que_id": "MR_S1_DD_5"}, {"recordingName": "MR_S1_DD_8.mp3", "isCorrect": true, "que_text": "25", "noOfMistakes": "0", "que_id": "MR_S1_DD_8"}, {"recordingName": "MR_S1_DD_4.mp3", "isCorrect": true, "que_text": "34", "noOfMistakes": "0", "que_id": "MR_S1_DD_4"}, {"recordingName": "MR_S1_DD_7.mp3", "isCorrect": true, "que_text": "84", "noOfMistakes": "0", "que_id": "MR_S1_DD_7"}, {"recordingName": "MR_S1_CL_0.mp3", "isCorrect": true, "que_text": "A", "noOfMistakes": "1", "que_id": "MR_S1_CL_0"}, {"recordingName": "MR_S1_CL_4.mp3", "isCorrect": true, "que_text": "E", "noOfMistakes": "1", "que_id": "MR_S1_CL_4"}, {"recordingName": "MR_S1_Cl_5.mp3", "isCorrect": true, "que_text": "Y", "noOfMistakes": "1", "que_id": "MR_S1_Cl_5"}, {"recordingName": "MR_S1_CL_7.mp3", "isCorrect": true, "que_text": "O", "noOfMistakes": "1", "que_id": "MR_S1_CL_7"}, {"recordingName": "MR_S1_CL_6.mp3", "isCorrect": false, "que_text": "N", "noOfMistakes": "1", "que_id": "MR_S1_CL_6"}, {"recordingName": "MR_S1_SL_0.mp3", "isCorrect": true, "que_text": "h", "noOfMistakes": "3", "que_id": "MR_S1_SL_0"}, {"recordingName": "MR_S1_SL_4.mp3", "isCorrect": false, "que_text": "m", "noOfMistakes": "3", "que_id": "MR_S1_SL_4"}, {"recordingName": "MR_S1_SL_5.mp3", "isCorrect": true, "que_text": "d", "noOfMistakes": "3", "que_id": "MR_S1_SL_5"}, {"recordingName": "MR_S1_SL_3.mp3", "isCorrect": false, "que_text": "u", "noOfMistakes": "3", "que_id": "MR_S1_SL_3"}, {"recordingName": "MR_S1_SL_6.mp3", "isCorrect": false, "que_text": "g", "noOfMistakes": "3", "que_id": "MR_S1_SL_6"}], "englishProficiency": "Capital letter", "studClass": "2", "date": "Thu Jul 11 15:06:28 GMT+05:30 2019", "mathematicsProficiency": "Double digit", "deviceID": "3ebaa9d14abd9a0f", "ageGroup": "5-7 years", "nativeProficiency": "Word"}