{"date": "Thu Sep 05 17:37:47 GMT+05:30 2019", "sequenceList": [{"recordingName": "MR_S1_CL_0.mp3", "isCorrect": true, "que_text": "A", "noOfMistakes": "0", "que_id": "MR_S1_CL_0"}, {"recordingName": "MR_S1_CL_1.mp3", "isCorrect": true, "que_text": "J", "noOfMistakes": "0", "que_id": "MR_S1_CL_1"}, {"recordingName": "MR_S1_CL_2.mp3", "isCorrect": true, "que_text": "Q", "noOfMistakes": "0", "que_id": "MR_S1_CL_2"}, {"recordingName": "MR_S1_CL_3.mp3", "isCorrect": true, "que_text": "R", "noOfMistakes": "0", "que_id": "MR_S1_CL_3"}, {"recordingName": "MR_S1_CL_4.mp3", "isCorrect": true, "que_text": "E", "noOfMistakes": "0", "que_id": "MR_S1_CL_4"}, {"recordingName": "MR_S1_W_0.mp3", "isCorrect": false, "que_text": "cat", "noOfMistakes": "5", "que_id": "MR_S1_W_0"}, {"recordingName": "MR_S1_W_1.mp3", "isCorrect": false, "que_text": "red", "noOfMistakes": "5", "que_id": "MR_S1_W_1"}, {"recordingName": "MR_S1_W_2.mp3", "isCorrect": false, "que_text": "sun", "noOfMistakes": "5", "que_id": "MR_S1_W_2"}, {"recordingName": "MR_S1_W_3.mp3", "isCorrect": false, "que_text": "new", "noOfMistakes": "5", "que_id": "MR_S1_W_3"}, {"recordingName": "MR_S1_W_4.mp3", "isCorrect": false, "que_text": "fan", "noOfMistakes": "5", "que_id": "MR_S1_W_4"}, {"recordingName": "MR_S1_S_0.mp3", "isCorrect": false, "que_text": "What is the time?", "noOfMistakes": "0", "que_id": "MR_S1_S_0"}, {"recordingName": "MR_S1_S_1.mp3", "isCorrect": false, "que_text": "This is a large house.", "noOfMistakes": "0", "que_id": "MR_S1_S_1"}, {"recordingName": "MR_S1_S_2.mp3", "isCorrect": false, "que_text": "I like to read.", "noOfMistakes": "0", "que_id": "MR_S1_S_2"}, {"recordingName": "MR_S1_S_3.mp3", "isCorrect": false, "que_text": "She has many books.", "noOfMistakes": "0", "que_id": "MR_S1_S_3"}], "englishProficiency": "Capital letter", "studClass": "5", "deviceID": "ca512e3b0fc2c4f9", "ageGroup": "10-12 years", "nativeProficiency": "Letter"}