{"sequenceList": [{"recordingName": "HI_S2_L_1.mp3", "isCorrect": true, "que_text": "क", "noOfMistakes": "0", "que_id": "HI_S2_L_1"}, {"recordingName": "HI_S2_L_9.mp3", "isCorrect": true, "que_text": "ख", "noOfMistakes": "0", "que_id": "HI_S2_L_9"}, {"recordingName": "HI_S2_L_2.mp3", "isCorrect": true, "que_text": "च", "noOfMistakes": "0", "que_id": "HI_S2_L_2"}, {"recordingName": "HI_S2_L_4.mp3", "isCorrect": true, "que_text": "ल", "noOfMistakes": "0", "que_id": "HI_S2_L_4"}, {"recordingName": "HI_S2_L_8.mp3", "isCorrect": true, "que_text": "म", "noOfMistakes": "0", "que_id": "HI_S2_L_8"}, {"recordingName": "HI_S2_SD_7.mp3", "isCorrect": true, "que_text": "1", "noOfMistakes": "0", "que_id": "HI_S2_SD_7"}, {"recordingName": "HI_S2_SD_0.mp3", "isCorrect": true, "que_text": "2", "noOfMistakes": "0", "que_id": "HI_S2_SD_0"}, {"recordingName": "HI_S2_SD_2.mp3", "isCorrect": true, "que_text": "3", "noOfMistakes": "0", "que_id": "HI_S2_SD_2"}, {"recordingName": "HI_S2_SD_3.mp3", "isCorrect": true, "que_text": "5", "noOfMistakes": "0", "que_id": "HI_S2_SD_3"}, {"recordingName": "HI_S2_SD_6.mp3", "isCorrect": true, "que_text": "4", "noOfMistakes": "0", "que_id": "HI_S2_SD_6"}, {"recordingName": "HI_S2_CL_0.mp3", "isCorrect": true, "que_text": "B", "noOfMistakes": "1", "que_id": "HI_S2_CL_0"}, {"recordingName": "HI_S2_CL_1.mp3", "isCorrect": true, "que_text": "H", "noOfMistakes": "1", "que_id": "HI_S2_CL_1"}, {"recordingName": "HI_S2_CL_6.mp3", "isCorrect": true, "que_text": "P", "noOfMistakes": "1", "que_id": "HI_S2_CL_6"}, {"recordingName": "HI_S2_CL_7.mp3", "isCorrect": true, "que_text": "F", "noOfMistakes": "1", "que_id": "HI_S2_CL_7"}, {"recordingName": "HI_S2_CL_5.mp3", "isCorrect": false, "que_text": "M", "noOfMistakes": "1", "que_id": "HI_S2_CL_5"}, {"recordingName": "HI_S2_SL_0.mp3", "isCorrect": true, "que_text": "z", "noOfMistakes": "2", "que_id": "HI_S2_SL_0"}, {"recordingName": "HI_S2_SL_6.mp3", "isCorrect": false, "que_text": "s", "noOfMistakes": "2", "que_id": "HI_S2_SL_6"}, {"recordingName": "HI_S2_SL_5.mp3", "isCorrect": false, "que_text": "u", "noOfMistakes": "2", "que_id": "HI_S2_SL_5"}, {"recordingName": "HI_S2_SL_2.mp3", "isCorrect": true, "que_text": "o", "noOfMistakes": "2", "que_id": "HI_S2_SL_2"}, {"recordingName": "HI_S2_SL_3.mp3", "isCorrect": true, "que_text": "w", "noOfMistakes": "2", "que_id": "HI_S2_SL_3"}], "englishProficiency": "Capital letter", "studClass": "2", "date": "Sat Jul 13 17:56:49 GMT+05:30 2019", "mathematicsProficiency": "Single digit", "deviceID": "ebaa26065aba20e5", "ageGroup": "5-7 years", "nativeProficiency": "Letter"}