{"englishProficiency": "Beginner", "sequenceList": [{"que_text": "आज रविवार आहे. शाळेला रजा आहे. सगळे मिळून खेळूया. आज खेळायचा दिवस आहे.", "noOfMistakes": "200", "que_id": "MR_S4_P_1", "isCorrect": false, "recordingName": "MR_S4_P_1.mp3"}, {"que_text": "फेटा", "noOfMistakes": "2", "que_id": "MR_S4_WD_1", "isCorrect": true, "recordingName": "MR_S4_WD_1.mp3"}, {"que_text": "केळे", "noOfMistakes": "2", "que_id": "MR_S4_WD_7", "isCorrect": false, "recordingName": "MR_S4_WD_7.mp3"}, {"que_text": "सैल", "noOfMistakes": "2", "que_id": "MR_S4_WD_0", "isCorrect": false, "recordingName": "MR_S4_WD_0.mp3"}, {"que_text": "ख", "noOfMistakes": "0", "que_id": "MR_S4_L_0", "isCorrect": true, "recordingName": "MR_S4_L_0.mp3"}, {"que_text": "फ", "noOfMistakes": "0", "que_id": "MR_S4_L_4", "isCorrect": true, "recordingName": "MR_S4_L_4.mp3"}, {"que_text": "ड", "noOfMistakes": "0", "que_id": "MR_S4_L_5", "isCorrect": true, "recordingName": "MR_S4_L_5.mp3"}, {"que_text": "ल", "noOfMistakes": "0", "que_id": "MR_S4_L_2", "isCorrect": true, "recordingName": "MR_S4_L_2.mp3"}, {"que_text": "ग", "noOfMistakes": "0", "que_id": "MR_S4_L_3", "isCorrect": true, "recordingName": "MR_S4_L_3.mp3"}, {"que_text": "D", "noOfMistakes": "2", "que_id": "MR_S4_CL_0", "isCorrect": false, "recordingName": "MR_S4_CL_0.mp3"}, {"que_text": "G", "noOfMistakes": "2", "que_id": "MR_S4_CL_4", "isCorrect": false, "recordingName": "MR_S4_CL_4.mp3"}], "deviceID": "3ebaa9d14abd9a0f", "ageGroup": "10-12 years", "studClass": "6", "nativeProficiency": "Letter", "date": "Mon Jul 15 17:40:44 GMT+05:30 2019"}