{"date": "Thu Sep 05 14:57:48 IST 2019", "sequenceList": [{"recordingName": "MR_S2_P_1.mp3", "isCorrect": false, "que_text": "पावसाळा सुरु झाला. आईने नवी तुळस लावली. तुळस भरभर वाढली. छान दिसू लागली.", "noOfMistakes": "200", "que_id": "MR_S2_P_1"}, {"recordingName": "MR_S2_WD_1.mp3", "isCorrect": false, "que_text": "पतंग", "noOfMistakes": "5", "que_id": "MR_S2_WD_1"}, {"recordingName": "MR_S2_WD_5.mp3", "isCorrect": false, "que_text": "भाजी", "noOfMistakes": "5", "que_id": "MR_S2_WD_5"}, {"recordingName": "MR_S2_WD_4.mp3", "isCorrect": false, "que_text": "रवी", "noOfMistakes": "5", "que_id": "MR_S2_WD_4"}, {"recordingName": "MR_S2_WD_2.mp3", "isCorrect": false, "que_text": "टोपी", "noOfMistakes": "5", "que_id": "MR_S2_WD_2"}, {"recordingName": "MR_S2_WD_7.mp3", "isCorrect": false, "que_text": "चौक", "noOfMistakes": "5", "que_id": "MR_S2_WD_7"}, {"recordingName": "MR_S2_L_1.mp3", "isCorrect": true, "que_text": "त", "noOfMistakes": "0", "que_id": "MR_S2_L_1"}, {"recordingName": "MR_S2_L_4.mp3", "isCorrect": true, "que_text": "स", "noOfMistakes": "0", "que_id": "MR_S2_L_4"}, {"recordingName": "MR_S2_L_5.mp3", "isCorrect": true, "que_text": "क", "noOfMistakes": "0", "que_id": "MR_S2_L_5"}, {"recordingName": "MR_S2_L_7.mp3", "isCorrect": true, "que_text": "छ", "noOfMistakes": "0", "que_id": "MR_S2_L_7"}, {"recordingName": "MR_S2_L_8.mp3", "isCorrect": true, "que_text": "ल", "noOfMistakes": "0", "que_id": "MR_S2_L_8"}, {"recordingName": "MR_S2_CL_2.mp3", "isCorrect": true, "que_text": "R", "noOfMistakes": "1", "que_id": "MR_S2_CL_2"}, {"recordingName": "MR_S2_CL_5.mp3", "isCorrect": true, "que_text": "M", "noOfMistakes": "1", "que_id": "MR_S2_CL_5"}, {"recordingName": "MR_S2_CL_1.mp3", "isCorrect": false, "que_text": "H", "noOfMistakes": "1", "que_id": "MR_S2_CL_1"}, {"recordingName": "MR_S2_CL_7.mp3", "isCorrect": true, "que_text": "F", "noOfMistakes": "1", "que_id": "MR_S2_CL_7"}, {"recordingName": "MR_S2_CL_4.mp3", "isCorrect": true, "que_text": "V", "noOfMistakes": "1", "que_id": "MR_S2_CL_4"}, {"recordingName": "MR_S2_SL_0.mp3", "isCorrect": true, "que_text": "z", "noOfMistakes": "0", "que_id": "MR_S2_SL_0"}, {"recordingName": "MR_S2_SL_1.mp3", "isCorrect": true, "que_text": "j", "noOfMistakes": "0", "que_id": "MR_S2_SL_1"}, {"recordingName": "MR_S2_SL_7.mp3", "isCorrect": true, "que_text": "k", "noOfMistakes": "0", "que_id": "MR_S2_SL_7"}, {"recordingName": "MR_S2_SL_4.mp3", "isCorrect": true, "que_text": "g", "noOfMistakes": "0", "que_id": "MR_S2_SL_4"}, {"recordingName": "MR_S2_SL_3.mp3", "isCorrect": true, "que_text": "w", "noOfMistakes": "0", "que_id": "MR_S2_SL_3"}, {"recordingName": "MR_S2_W_4.mp3", "isCorrect": true, "que_text": "man", "noOfMistakes": "1", "que_id": "MR_S2_W_4"}, {"recordingName": "MR_S2_W_5.mp3", "isCorrect": true, "que_text": "pen", "noOfMistakes": "1", "que_id": "MR_S2_W_5"}, {"recordingName": "MR_S2_W_0.mp3", "isCorrect": true, "que_text": "cow", "noOfMistakes": "1", "que_id": "MR_S2_W_0"}, {"recordingName": "MR_S2_W_1.mp3", "isCorrect": false, "que_text": "wet", "noOfMistakes": "1", "que_id": "MR_S2_W_1"}, {"recordingName": "MR_S2_W_2.mp3", "isCorrect": true, "que_text": "big", "noOfMistakes": "1", "que_id": "MR_S2_W_2"}, {"recordingName": "MR_S2_S_3.mp3", "isCorrect": false, "que_text": "She has a green kite.", "noOfMistakes": "200", "que_id": "MR_S2_S_3"}, {"recordingName": "MR_S2_S_2.mp3", "isCorrect": false, "que_text": "I like to play.", "noOfMistakes": "200", "que_id": "MR_S2_S_2"}], "englishProficiency": "word", "studClass": "2", "deviceID": "14b8d073638fc2d0", "ageGroup": "5-7 years", "nativeProficiency": "Letter"}