{"englishProficiency": "Small letter", "sequenceList": [{"que_text": " राधा के पास एक तोता है। उसकी चोंच लाल है। वह बहुत बोलता है। सब को हँसाता है।", "noOfMistakes": "200", "que_id": "HI_S1_P_0", "isCorrect": false, "recordingName": "HI_S1_P_0.mp3"}, {"que_text": "गाना", "noOfMistakes": "4", "que_id": "HI_S1_WD_0", "isCorrect": false, "recordingName": "HI_S1_WD_0.mp3"}, {"que_text": "आग", "noOfMistakes": "4", "que_id": "HI_S1_WD_8", "isCorrect": true, "recordingName": "HI_S1_WD_8.mp3"}, {"que_text": "झोला", "noOfMistakes": "4", "que_id": "HI_S1_WD_4", "isCorrect": false, "recordingName": "HI_S1_WD_4.mp3"}, {"que_text": "किला", "noOfMistakes": "4", "que_id": "HI_S1_WD_7", "isCorrect": false, "recordingName": "HI_S1_WD_7.mp3"}, {"que_text": "आलू", "noOfMistakes": "4", "que_id": "HI_S1_WD_5", "isCorrect": false, "recordingName": "HI_S1_WD_5.mp3"}, {"que_text": "ब", "noOfMistakes": "0", "que_id": "HI_S1_L_6", "isCorrect": true, "recordingName": "HI_S1_L_6.mp3"}, {"que_text": "क", "noOfMistakes": "0", "que_id": "HI_S1_L_8", "isCorrect": true, "recordingName": "HI_S1_L_8.mp3"}, {"que_text": "थ", "noOfMistakes": "0", "que_id": "HI_S1_L_2", "isCorrect": true, "recordingName": "HI_S1_L_2.mp3"}, {"que_text": "घ", "noOfMistakes": "0", "que_id": "HI_S1_L_9", "isCorrect": true, "recordingName": "HI_S1_L_9.mp3"}, {"que_text": "ल", "noOfMistakes": "0", "que_id": "HI_S1_L_5", "isCorrect": true, "recordingName": "HI_S1_L_5.mp3"}, {"que_text": "J", "noOfMistakes": "0", "que_id": "HI_S1_CL_1", "isCorrect": true, "recordingName": "HI_S1_CL_1.mp3"}, {"que_text": "R", "noOfMistakes": "0", "que_id": "HI_S1_CL_3", "isCorrect": true, "recordingName": "HI_S1_CL_3.mp3"}, {"que_text": "E", "noOfMistakes": "0", "que_id": "HI_S1_CL_4", "isCorrect": true, "recordingName": "HI_S1_CL_4.mp3"}, {"que_text": "O", "noOfMistakes": "0", "que_id": "HI_S1_CL_7", "isCorrect": true, "recordingName": "HI_S1_CL_7.mp3"}, {"que_text": "Q", "noOfMistakes": "0", "que_id": "HI_S1_CL_2", "isCorrect": true, "recordingName": "HI_S1_CL_2.mp3"}, {"que_text": "h", "noOfMistakes": "1", "que_id": "HI_S1_SL_0", "isCorrect": true, "recordingName": "HI_S1_SL_0.mp3"}, {"que_text": "d", "noOfMistakes": "1", "que_id": "HI_S1_SL_5", "isCorrect": false, "recordingName": "HI_S1_SL_5.mp3"}, {"que_text": "x", "noOfMistakes": "1", "que_id": "HI_S1_SL_2", "isCorrect": true, "recordingName": "HI_S1_SL_2.mp3"}, {"que_text": "m", "noOfMistakes": "1", "que_id": "HI_S1_SL_4", "isCorrect": true, "recordingName": "HI_S1_SL_4.mp3"}, {"que_text": "p", "noOfMistakes": "1", "que_id": "HI_S1_SL_1", "isCorrect": true, "recordingName": "HI_S1_SL_1.mp3"}], "deviceID": "c66208a6b7100eb2", "ageGroup": "5-7 years", "studClass": "1", "nativeProficiency": "Letter", "date": "Fri Aug 23 16:40:08 IST 2019"}