{"sequenceList": [{"recordingName": "HI_S3_L_1.mp3", "isCorrect": false, "que_text": "क", "noOfMistakes": "5", "que_id": "HI_S3_L_1"}, {"recordingName": "HI_S3_L_7.mp3", "isCorrect": false, "que_text": "त", "noOfMistakes": "5", "que_id": "HI_S3_L_7"}, {"recordingName": "HI_S3_L_5.mp3", "isCorrect": false, "que_text": "थ", "noOfMistakes": "5", "que_id": "HI_S3_L_5"}, {"recordingName": "HI_S3_L_2.mp3", "isCorrect": false, "que_text": "च", "noOfMistakes": "5", "que_id": "HI_S3_L_2"}, {"recordingName": "HI_S3_L_8.mp3", "isCorrect": false, "que_text": "म", "noOfMistakes": "5", "que_id": "HI_S3_L_8"}, {"recordingName": "HI_S3_SD_0.mp3", "isCorrect": false, "que_text": "1", "noOfMistakes": "5", "que_id": "HI_S3_SD_0"}, {"recordingName": "HI_S3_SD_7.mp3", "isCorrect": false, "que_text": "2", "noOfMistakes": "5", "que_id": "HI_S3_SD_7"}, {"recordingName": "HI_S3_SD_2.mp3", "isCorrect": false, "que_text": "7", "noOfMistakes": "5", "que_id": "HI_S3_SD_2"}, {"recordingName": "HI_S3_SD_5.mp3", "isCorrect": false, "que_text": "9", "noOfMistakes": "5", "que_id": "HI_S3_SD_5"}, {"recordingName": "HI_S3_SD_1.mp3", "isCorrect": false, "que_text": "4", "noOfMistakes": "5", "que_id": "HI_S3_SD_1"}, {"recordingName": "HI_S3_CL_0.mp3", "isCorrect": false, "que_text": "C", "noOfMistakes": "5", "que_id": "HI_S3_CL_0"}, {"recordingName": "HI_S3_CL_2.mp3", "isCorrect": false, "que_text": "S", "noOfMistakes": "5", "que_id": "HI_S3_CL_2"}, {"recordingName": "HI_S3_CL_4.mp3", "isCorrect": false, "que_text": "F", "noOfMistakes": "5", "que_id": "HI_S3_CL_4"}, {"recordingName": "HI_S3_CL_5.mp3", "isCorrect": false, "que_text": "W", "noOfMistakes": "5", "que_id": "HI_S3_CL_5"}, {"recordingName": "HI_S3_CL_1.mp3", "isCorrect": false, "que_text": "K", "noOfMistakes": "5", "que_id": "HI_S3_CL_1"}], "englishProficiency": "Beginner", "studClass": "1", "date": "Wed Jul 10 17:13:30 IST 2019", "mathematicsProficiency": "Beginner", "deviceID": "c66208a6b7100eb2", "ageGroup": "5-7 years", "nativeProficiency": "Beginner"}