{"date": "Sun Sep 08 11:16:15 GMT+05:30 2019", "sequenceList": [{"recordingName": "MR_S1_L_0.mp3", "isCorrect": true, "que_text": "श", "noOfMistakes": "1", "que_id": "MR_S1_L_0"}, {"recordingName": "MR_S1_L_1.mp3", "isCorrect": true, "que_text": "प", "noOfMistakes": "1", "que_id": "MR_S1_L_1"}, {"recordingName": "MR_S1_L_2.mp3", "isCorrect": true, "que_text": "स", "noOfMistakes": "1", "que_id": "MR_S1_L_2"}, {"recordingName": "MR_S1_L_3.mp3", "isCorrect": true, "que_text": "ड", "noOfMistakes": "1", "que_id": "MR_S1_L_3"}, {"recordingName": "MR_S1_L_4.mp3", "isCorrect": false, "que_text": "य", "noOfMistakes": "1", "que_id": "MR_S1_L_4"}, {"recordingName": "MR_S1_CL_0.mp3", "isCorrect": true, "que_text": "A", "noOfMistakes": "1", "que_id": "MR_S1_CL_0"}, {"recordingName": "MR_S1_CL_1.mp3", "isCorrect": false, "que_text": "J", "noOfMistakes": "1", "que_id": "MR_S1_CL_1"}, {"recordingName": "MR_S1_CL_2.mp3", "isCorrect": true, "que_text": "Q", "noOfMistakes": "1", "que_id": "MR_S1_CL_2"}, {"recordingName": "MR_S1_CL_3.mp3", "isCorrect": true, "que_text": "R", "noOfMistakes": "1", "que_id": "MR_S1_CL_3"}, {"recordingName": "MR_S1_CL_4.mp3", "isCorrect": true, "que_text": "E", "noOfMistakes": "1", "que_id": "MR_S1_CL_4"}, {"recordingName": "MR_S1_SL_0.mp3", "isCorrect": false, "que_text": "h", "noOfMistakes": "5", "que_id": "MR_S1_SL_0"}, {"recordingName": "MR_S1_SL_1.mp3", "isCorrect": false, "que_text": "p", "noOfMistakes": "5", "que_id": "MR_S1_SL_1"}, {"recordingName": "MR_S1_SL_2.mp3", "isCorrect": false, "que_text": "x", "noOfMistakes": "5", "que_id": "MR_S1_SL_2"}, {"recordingName": "MR_S1_SL_3.mp3", "isCorrect": false, "que_text": "u", "noOfMistakes": "5", "que_id": "MR_S1_SL_3"}, {"recordingName": "MR_S1_SL_4.mp3", "isCorrect": false, "que_text": "m", "noOfMistakes": "5", "que_id": "MR_S1_SL_4"}], "englishProficiency": "Capital letter", "studClass": "1", "deviceID": "47f79a194bb31395", "ageGroup": "5-7 years", "nativeProficiency": "Letter"}