{"sequenceList": [{"recordingName": "HI_S3_L_1.mp3", "isCorrect": false, "que_text": "क", "noOfMistakes": "5", "que_id": "HI_S3_L_1"}, {"recordingName": "HI_S3_L_8.mp3", "isCorrect": false, "que_text": "म", "noOfMistakes": "5", "que_id": "HI_S3_L_8"}, {"recordingName": "HI_S3_L_6.mp3", "isCorrect": false, "que_text": "ह", "noOfMistakes": "5", "que_id": "HI_S3_L_6"}, {"recordingName": "HI_S3_L_4.mp3", "isCorrect": false, "que_text": "ल", "noOfMistakes": "5", "que_id": "HI_S3_L_4"}, {"recordingName": "HI_S3_L_5.mp3", "isCorrect": false, "que_text": "थ", "noOfMistakes": "5", "que_id": "HI_S3_L_5"}, {"recordingName": "HI_S3_SD_0.mp3", "isCorrect": true, "que_text": "1", "noOfMistakes": "3", "que_id": "HI_S3_SD_0"}, {"recordingName": "HI_S3_SD_7.mp3", "isCorrect": true, "que_text": "2", "noOfMistakes": "3", "que_id": "HI_S3_SD_7"}, {"recordingName": "HI_S3_SD_1.mp3", "isCorrect": false, "que_text": "4", "noOfMistakes": "3", "que_id": "HI_S3_SD_1"}, {"recordingName": "HI_S3_SD_3.mp3", "isCorrect": false, "que_text": "3", "noOfMistakes": "3", "que_id": "HI_S3_SD_3"}, {"recordingName": "HI_S3_SD_5.mp3", "isCorrect": false, "que_text": "9", "noOfMistakes": "3", "que_id": "HI_S3_SD_5"}, {"recordingName": "HI_S3_CL_7.mp3", "isCorrect": false, "que_text": "Z", "noOfMistakes": "4", "que_id": "HI_S3_CL_7"}, {"recordingName": "HI_S3_CL_2.mp3", "isCorrect": false, "que_text": "S", "noOfMistakes": "4", "que_id": "HI_S3_CL_2"}, {"recordingName": "HI_S3_CL_1.mp3", "isCorrect": false, "que_text": "K", "noOfMistakes": "4", "que_id": "HI_S3_CL_1"}, {"recordingName": "HI_S3_CL_0.mp3", "isCorrect": false, "que_text": "C", "noOfMistakes": "4", "que_id": "HI_S3_CL_0"}, {"recordingName": "HI_S3_CL_5.mp3", "isCorrect": true, "que_text": "W", "noOfMistakes": "4", "que_id": "HI_S3_CL_5"}], "englishProficiency": "Beginner", "studClass": "1", "date": "Tue Jul 30 17:36:22 IST 2019", "mathematicsProficiency": "Beginner", "deviceID": "c66208a6b7100eb2", "ageGroup": "less than 5 years", "nativeProficiency": "Beginner"}