{"date": "Tue Sep 03 11:17:43 IST 2019", "sequenceList": [{"recordingName": "HI_S1_P_0.mp3", "isCorrect": true, "que_text": " राधा के पास एक तोता है। उसकी चोंच लाल है। वह बहुत बोलता है। सब को हँसाता है।", "noOfMistakes": "0", "que_id": "HI_S1_P_0"}, {"recordingName": "HI_S1_ST_0.mp3", "isCorrect": true, "que_text": "बहुत दिनों से बारिश हो रही थी। गाँव में सभी जगह गंदा पानी भर गया था। सभी बारिश के रुकने की राह देख रहे थे। अचानक एक दिन बारिश रुक गई। सूरज निकल आया। सब लोग खुश हो गये। आसमान में चिड़ियाँ उड़ने लगीं। लोग अपने कपड़े सुखाने लगे। बच्चे भी घरों से बाहर निकलकर खेलने लगे।", "noOfMistakes": "1", "que_id": "HI_S1_ST_0"}, {"recordingName": "HI_S1_WD_0.mp3", "isCorrect": true, "que_text": "गाना", "noOfMistakes": "0", "que_id": "HI_S1_WD_0"}, {"recordingName": "HI_S1_WD_1.mp3", "isCorrect": true, "que_text": "खुश", "noOfMistakes": "0", "que_id": "HI_S1_WD_1"}, {"recordingName": "HI_S1_WD_4.mp3", "isCorrect": true, "que_text": "झोला", "noOfMistakes": "0", "que_id": "HI_S1_WD_4"}, {"recordingName": "HI_S1_WD_7.mp3", "isCorrect": true, "que_text": "किला", "noOfMistakes": "0", "que_id": "HI_S1_WD_7"}, {"recordingName": "HI_S1_WD_8.mp3", "isCorrect": true, "que_text": "आग", "noOfMistakes": "0", "que_id": "HI_S1_WD_8"}, {"recordingName": "HI_S1_L_1.mp3", "isCorrect": true, "que_text": "र", "noOfMistakes": "0", "que_id": "HI_S1_L_1"}, {"recordingName": "HI_S1_L_4.mp3", "isCorrect": true, "que_text": "श", "noOfMistakes": "0", "que_id": "HI_S1_L_4"}, {"recordingName": "HI_S1_L_8.mp3", "isCorrect": true, "que_text": "क", "noOfMistakes": "0", "que_id": "HI_S1_L_8"}, {"recordingName": "HI_S1_L_6.mp3", "isCorrect": true, "que_text": "ब", "noOfMistakes": "0", "que_id": "HI_S1_L_6"}, {"recordingName": "HI_S1_L_9.mp3", "isCorrect": true, "que_text": "घ", "noOfMistakes": "0", "que_id": "HI_S1_L_9"}, {"answer": "19", "isCorrect": true, "que_text": "67 - 48", "noOfMistakes": "0", "que_id": "HI_S1_SB_1"}, {"answer": "35", "isCorrect": true, "que_text": "84 - 49", "noOfMistakes": "0", "que_id": "HI_S1_SB_2"}], "nativeProficiency": "Letter", "studClass": "8", "deviceID": "c2c33baa90fbc9f1", "ageGroup": "12-15 years", "mathematicsProficiency": "Division"}