{"englishProficiency": "Beginner", "sequenceList": [{"que_text": "आज गावाहून मामा आला. मला खाऊ व फुगे घेऊन आला. ताईला बाहुली घेऊन आला. आईला छान साडी आणली.", "noOfMistakes": "200", "que_id": "MR_S1_P_0", "isCorrect": false, "recordingName": "MR_S1_P_0.mp3"}, {"que_text": "बस", "noOfMistakes": "2", "que_id": "MR_S1_WD_1", "isCorrect": true, "recordingName": "MR_S1_WD_1.mp3"}, {"que_text": "दिवा", "noOfMistakes": "2", "que_id": "HI_S1_WD_4", "isCorrect": false, "recordingName": "HI_S1_WD_4.mp3"}, {"que_text": "चिमटा", "noOfMistakes": "2", "que_id": "HI_S1_WD_7", "isCorrect": true, "recordingName": "HI_S1_WD_7.mp3"}, {"que_text": "मोती", "noOfMistakes": "2", "que_id": "HI_S1_WD_5", "isCorrect": false, "recordingName": "HI_S1_WD_5.mp3"}, {"que_text": "तूप", "noOfMistakes": "2", "que_id": "HI_S1_WD_8", "isCorrect": true, "recordingName": "HI_S1_WD_8.mp3"}, {"que_text": "प", "noOfMistakes": "0", "que_id": "MR_S1_L_1", "isCorrect": true, "recordingName": "MR_S1_L_1.mp3"}, {"que_text": "य", "noOfMistakes": "0", "que_id": "MR_S1_L_4", "isCorrect": true, "recordingName": "MR_S1_L_4.mp3"}, {"que_text": "द", "noOfMistakes": "0", "que_id": "MR_S1_L_5", "isCorrect": true, "recordingName": "MR_S1_L_5.mp3"}, {"que_text": "त", "noOfMistakes": "0", "que_id": "MR_S1_L_8", "isCorrect": true, "recordingName": "MR_S1_L_8.mp3"}, {"que_text": "ड", "noOfMistakes": "0", "que_id": "MR_S1_L_3", "isCorrect": true, "recordingName": "MR_S1_L_3.mp3"}, {"que_text": "E", "noOfMistakes": "1", "que_id": "MR_S1_CL_4", "isCorrect": false, "recordingName": "MR_S1_CL_4.mp3"}], "deviceID": "3ebaa9d14abd9a0f", "ageGroup": "7-10 years", "studClass": "3", "nativeProficiency": "Letter", "date": "Fri Jul 19 13:15:46 GMT+05:30 2019"}