{"sequenceList": [{"recordingName": "MR_S2_P_1.mp3", "isCorrect": false, "que_text": "पावसाळा सुरु झाला. आईने नवी तुळस लावली. तुळस भरभर वाढली. छान दिसू लागली.", "noOfMistakes": "4", "que_id": "MR_S2_P_1"}, {"recordingName": "MR_S2_WD_4.mp3", "isCorrect": false, "que_text": "रवी", "noOfMistakes": "2", "que_id": "MR_S2_WD_4"}, {"recordingName": "MR_S2_WD_5.mp3", "isCorrect": false, "que_text": "भाजी", "noOfMistakes": "2", "que_id": "MR_S2_WD_5"}, {"recordingName": "MH_S2_L_4.mp3", "isCorrect": true, "que_text": "स", "noOfMistakes": "0", "que_id": "MH_S2_L_4"}, {"recordingName": "MH_S2_L_7.mp3", "isCorrect": true, "que_text": "छ", "noOfMistakes": "0", "que_id": "MH_S2_L_7"}, {"recordingName": "MH_S2_L_5.mp3", "isCorrect": true, "que_text": "क", "noOfMistakes": "0", "que_id": "MH_S2_L_5"}, {"recordingName": "MH_S2_L_0.mp3", "isCorrect": true, "que_text": "ड", "noOfMistakes": "0", "que_id": "MH_S2_L_0"}, {"recordingName": "MH_S2_L_1.mp3", "isCorrect": true, "que_text": "त", "noOfMistakes": "0", "que_id": "MH_S2_L_1"}, {"answer": "17", "isCorrect": false, "que_text": "36 - 18", "noOfMistakes": "1", "que_id": "MR_S2_SB_4"}, {"recordingName": "MR_S2_DD_4.mp3", "isCorrect": false, "que_text": "34", "noOfMistakes": "2", "que_id": "MR_S2_DD_4"}, {"recordingName": "MR_S2_DD_3.mp3", "isCorrect": false, "que_text": "99", "noOfMistakes": "2", "que_id": "MR_S2_DD_3"}, {"recordingName": "MR_S2_SD_0.mp3", "isCorrect": true, "que_text": "2", "noOfMistakes": "2", "que_id": "MR_S2_SD_0"}, {"recordingName": "MR_S2_SD_4.mp3", "isCorrect": false, "que_text": "9", "noOfMistakes": "2", "que_id": "MR_S2_SD_4"}, {"recordingName": "MR_S2_SD_5.mp3", "isCorrect": true, "que_text": "8", "noOfMistakes": "2", "que_id": "MR_S2_SD_5"}, {"recordingName": "MR_S2_SD_6.mp3", "isCorrect": false, "que_text": "4", "noOfMistakes": "2", "que_id": "MR_S2_SD_6"}, {"recordingName": "MR_S2_SD_7.mp3", "isCorrect": true, "que_text": "1", "noOfMistakes": "2", "que_id": "MR_S2_SD_7"}, {"recordingName": "MR_S2_CL_1.mp3", "isCorrect": false, "que_text": "H", "noOfMistakes": "3", "que_id": "MR_S2_CL_1"}, {"recordingName": "MR_S2_CL_4.mp3", "isCorrect": false, "que_text": "V", "noOfMistakes": "3", "que_id": "MR_S2_CL_4"}, {"recordingName": "MR_S2_CL_2.mp3", "isCorrect": false, "que_text": "R", "noOfMistakes": "3", "que_id": "MR_S2_CL_2"}], "englishProficiency": "Beginner", "studClass": "2", "date": "Fri Jul 05 10:28:20 GMT+05:30 2019", "mathematicsProficiency": "Beginner", "deviceID": "3ebaa9d14abd9a0f", "ageGroup": "5-7 years", "nativeProficiency": "Letter"}