{"englishProficiency": "Beginner", "sequenceList": [{"que_text": "द", "noOfMistakes": "5", "que_id": "HI_S2_L_0", "isCorrect": false, "recordingName": "HI_S2_L_0.mp3"}, {"que_text": "क", "noOfMistakes": "5", "que_id": "HI_S2_L_1", "isCorrect": false, "recordingName": "HI_S2_L_1.mp3"}, {"que_text": "च", "noOfMistakes": "5", "que_id": "HI_S2_L_2", "isCorrect": false, "recordingName": "HI_S2_L_2.mp3"}, {"que_text": "ब", "noOfMistakes": "5", "que_id": "HI_S2_L_3", "isCorrect": false, "recordingName": "HI_S2_L_3.mp3"}, {"que_text": "ल", "noOfMistakes": "5", "que_id": "HI_S2_L_4", "isCorrect": false, "recordingName": "HI_S2_L_4.mp3"}, {"que_text": "B", "noOfMistakes": "5", "que_id": "HI_S2_CL_0", "isCorrect": false, "recordingName": "HI_S2_CL_0.mp3"}, {"que_text": "H", "noOfMistakes": "5", "que_id": "HI_S2_CL_1", "isCorrect": false, "recordingName": "HI_S2_CL_1.mp3"}, {"que_text": "R", "noOfMistakes": "5", "que_id": "HI_S2_CL_2", "isCorrect": false, "recordingName": "HI_S2_CL_2.mp3"}, {"que_text": "L", "noOfMistakes": "5", "que_id": "HI_S2_CL_3", "isCorrect": false, "recordingName": "HI_S2_CL_3.mp3"}, {"que_text": "V", "noOfMistakes": "5", "que_id": "HI_S2_CL_4", "isCorrect": false, "recordingName": "HI_S2_CL_4.mp3"}], "deviceID": "98413696e6c54c60", "ageGroup": "5-7 years", "studClass": "7", "nativeProficiency": "Beginner", "date": "Mon Sep 23 14:03:55 IST 2019"}