{"sequenceList": [{"recordingName": "HI_S1_P_1.mp3", "isCorrect": false, "que_text": " माँ ने हलवा बनाया। वह बहुत मीठा था। उसे सोनी ने खाया। खाने के बाद वह सो गई।", "noOfMistakes": "200", "que_id": "HI_S1_P_1"}, {"recordingName": "HI_S1_WD_0.mp3", "isCorrect": false, "que_text": "गाना", "noOfMistakes": "5", "que_id": "HI_S1_WD_0"}, {"recordingName": "HI_S1_WD_1.mp3", "isCorrect": false, "que_text": "खुश", "noOfMistakes": "5", "que_id": "HI_S1_WD_1"}, {"recordingName": "HI_S1_WD_2.mp3", "isCorrect": false, "que_text": "मोती", "noOfMistakes": "5", "que_id": "HI_S1_WD_2"}, {"recordingName": "HI_S1_WD_3.mp3", "isCorrect": false, "que_text": "पैर", "noOfMistakes": "5", "que_id": "HI_S1_WD_3"}, {"recordingName": "HI_S1_WD_4.mp3", "isCorrect": false, "que_text": "झोला", "noOfMistakes": "5", "que_id": "HI_S1_WD_4"}, {"recordingName": "HI_S1_L_0.mp3", "isCorrect": true, "que_text": "म", "noOfMistakes": "3", "que_id": "HI_S1_L_0"}, {"recordingName": "HI_S1_L_1.mp3", "isCorrect": false, "que_text": "र", "noOfMistakes": "3", "que_id": "HI_S1_L_1"}, {"recordingName": "HI_S1_L_2.mp3", "isCorrect": false, "que_text": "थ", "noOfMistakes": "3", "que_id": "HI_S1_L_2"}, {"recordingName": "HI_S1_L_3.mp3", "isCorrect": false, "que_text": "ह", "noOfMistakes": "3", "que_id": "HI_S1_L_3"}, {"recordingName": "HI_S1_L_4.mp3", "isCorrect": true, "que_text": "श", "noOfMistakes": "3", "que_id": "HI_S1_L_4"}, {"answer": "11", "isCorrect": false, "que_text": "51 - 35", "noOfMistakes": "2", "que_id": "HI_S1_SB_0"}, {"answer": "44", "isCorrect": false, "que_text": "67 - 48", "noOfMistakes": "2", "que_id": "HI_S1_SB_1"}, {"recordingName": "HI_S1_DD_0.mp3", "isCorrect": false, "que_text": "65", "noOfMistakes": "5", "que_id": "HI_S1_DD_0"}, {"recordingName": "HI_S1_DD_1.mp3", "isCorrect": false, "que_text": "38", "noOfMistakes": "5", "que_id": "HI_S1_DD_1"}, {"recordingName": "HI_S1_DD_3.mp3", "isCorrect": false, "que_text": "23", "noOfMistakes": "5", "que_id": "HI_S1_DD_3"}, {"recordingName": "HI_S1_DD_4.mp3", "isCorrect": false, "que_text": "47", "noOfMistakes": "5", "que_id": "HI_S1_DD_4"}, {"recordingName": "HI_S1_DD_5.mp3", "isCorrect": false, "que_text": "72", "noOfMistakes": "5", "que_id": "HI_S1_DD_5"}, {"recordingName": "HI_S1_SD_0.mp3", "isCorrect": true, "que_text": "3", "noOfMistakes": "0", "que_id": "HI_S1_SD_0"}, {"recordingName": "HI_S1_SD_1.mp3", "isCorrect": true, "que_text": "7", "noOfMistakes": "0", "que_id": "HI_S1_SD_1"}, {"recordingName": "HI_S1_SD_2.mp3", "isCorrect": true, "que_text": "1", "noOfMistakes": "0", "que_id": "HI_S1_SD_2"}, {"recordingName": "HI_S1_SD_3.mp3", "isCorrect": true, "que_text": "4", "noOfMistakes": "0", "que_id": "HI_S1_SD_3"}, {"recordingName": "HI_S1_SD_4.mp3", "isCorrect": true, "que_text": "8", "noOfMistakes": "0", "que_id": "HI_S1_SD_4"}, {"recordingName": "HI_S1_CL_0.mp3", "isCorrect": true, "que_text": "A", "noOfMistakes": "4", "que_id": "HI_S1_CL_0"}, {"recordingName": "HI_S1_CL_1.mp3", "isCorrect": false, "que_text": "J", "noOfMistakes": "4", "que_id": "HI_S1_CL_1"}, {"recordingName": "HI_S1_CL_2.mp3", "isCorrect": false, "que_text": "Q", "noOfMistakes": "4", "que_id": "HI_S1_CL_2"}, {"recordingName": "HI_S1_CL_5.mp3", "isCorrect": false, "que_text": "Y", "noOfMistakes": "4", "que_id": "HI_S1_CL_5"}, {"recordingName": "HI_S1_CL_4.mp3", "isCorrect": false, "que_text": "E", "noOfMistakes": "4", "que_id": "HI_S1_CL_4"}], "englishProficiency": "Beginner", "studClass": "4", "date": "Wed Oct 02 14:08:35 IST 2019", "mathematicsProficiency": "Single digit", "deviceID": "3cfeb576e535076", "ageGroup": "7-10 years", "nativeProficiency": "Beginner"}