{"sequenceList": [{"recordingName": "HI_S3_P_1.mp3", "isCorrect": true, "que_text": "काले बादल छाए हैं। तेज़ बारिश हो रही है। मोर भी नाच रहा है। सब नाच देख रहे हैं।", "noOfMistakes": "0", "que_id": "HI_S3_P_1"}, {"recordingName": "HI_S3_ST_0.mp3", "isCorrect": true, "que_text": "विमला और अजय मेला देखने गये। उन्हें मेले में तरह-तरह की दुकाने दिखीं। मेले में बहुत झूले थे। वहाँ गरम-गरम हलवा और जलेबियाँ भी बिक रहीं थीं। जलेबी देखकर दोनों के मुँह में पानी आने लगा। उन्हें जलेबी खाने का मन हुआ। विमला ने जलेबी खरीदी। दोनों दोस्तों ने मिलकर जलेबी खाई। शाम को दोनों घर लौट आये।", "noOfMistakes": "2", "que_id": "HI_S3_ST_0"}, {"answer": "27", "isCorrect": true, "que_text": "56 - 29", "noOfMistakes": "1", "que_id": "HI_S3_SB_0"}, {"answer": "35", "isCorrect": false, "que_text": "64 - 39", "noOfMistakes": "1", "que_id": "HI_S3_SB_1"}, {"recordingName": "HI_S3_DD_0.mp3", "isCorrect": true, "que_text": "52", "noOfMistakes": "0", "que_id": "HI_S3_DD_0"}, {"recordingName": "HI_S3_DD_1.mp3", "isCorrect": true, "que_text": "83", "noOfMistakes": "0", "que_id": "HI_S3_DD_1"}, {"recordingName": "HI_S3_DD_2.mp3", "isCorrect": true, "que_text": "37", "noOfMistakes": "0", "que_id": "HI_S3_DD_2"}, {"recordingName": "HI_S3_DD_3.mp3", "isCorrect": true, "que_text": "27", "noOfMistakes": "0", "que_id": "HI_S3_DD_3"}, {"recordingName": "HI_S3_DD_4.mp3", "isCorrect": true, "que_text": "55", "noOfMistakes": "0", "que_id": "HI_S3_DD_4"}, {"recordingName": "HI_S3_CL_0.mp3", "isCorrect": true, "que_text": "C", "noOfMistakes": "0", "que_id": "HI_S3_CL_0"}, {"recordingName": "HI_S3_CL_1.mp3", "isCorrect": true, "que_text": "K", "noOfMistakes": "0", "que_id": "HI_S3_CL_1"}, {"recordingName": "HI_S3_CL_2.mp3", "isCorrect": true, "que_text": "S", "noOfMistakes": "0", "que_id": "HI_S3_CL_2"}, {"recordingName": "HI_S3_CL_3.mp3", "isCorrect": true, "que_text": "Q", "noOfMistakes": "0", "que_id": "HI_S3_CL_3"}, {"recordingName": "HI_S3_CL_4.mp3", "isCorrect": true, "que_text": "F", "noOfMistakes": "0", "que_id": "HI_S3_CL_4"}, {"recordingName": "HI_S3_SL_0.mp3", "isCorrect": true, "que_text": "n", "noOfMistakes": "0", "que_id": "HI_S3_SL_0"}, {"recordingName": "HI_S3_SL_1.mp3", "isCorrect": true, "que_text": "p", "noOfMistakes": "0", "que_id": "HI_S3_SL_1"}, {"recordingName": "HI_S3_SL_2.mp3", "isCorrect": true, "que_text": "g", "noOfMistakes": "0", "que_id": "HI_S3_SL_2"}, {"recordingName": "HI_S3_SL_3.mp3", "isCorrect": true, "que_text": "v", "noOfMistakes": "0", "que_id": "HI_S3_SL_3"}, {"recordingName": "HI_S3_SL_4.mp3", "isCorrect": true, "que_text": "e", "noOfMistakes": "0", "que_id": "HI_S3_SL_4"}, {"recordingName": "HI_S3_W_0.mp3", "isCorrect": true, "que_text": "hen", "noOfMistakes": "1", "que_id": "HI_S3_W_0"}, {"recordingName": "HI_S3_W_1.mp3", "isCorrect": true, "que_text": "old", "noOfMistakes": "1", "que_id": "HI_S3_W_1"}, {"recordingName": "HI_S3_W_2.mp3", "isCorrect": false, "que_text": "sit", "noOfMistakes": "1", "que_id": "HI_S3_W_2"}, {"recordingName": "HI_S3_W_3.mp3", "isCorrect": true, "que_text": "run", "noOfMistakes": "1", "que_id": "HI_S3_W_3"}, {"recordingName": "HI_S3_W_4.mp3", "isCorrect": true, "que_text": "fox", "noOfMistakes": "1", "que_id": "HI_S3_W_4"}, {"recordingName": "HI_S3_S_0.mp3", "isCorrect": true, "que_text": "Where is your house?", "noOfMistakes": "0", "que_id": "HI_S3_S_0"}, {"recordingName": "HI_S3_S_1.mp3", "isCorrect": true, "que_text": "This is a big bus.", "noOfMistakes": "0", "que_id": "HI_S3_S_1"}, {"recordingName": "HI_S3_S_2.mp3", "isCorrect": true, "que_text": "I like to sing.", "noOfMistakes": "0", "que_id": "HI_S3_S_2"}, {"recordingName": "HI_S3_S_3.mp3", "isCorrect": true, "que_text": "I have a fat cat.", "noOfMistakes": "0", "que_id": "HI_S3_S_3"}], "englishProficiency": "Sentence", "studClass": "3", "date": "Tue Sep 24 16:31:26 GMT+05:30 2019", "mathematicsProficiency": "Double digit", "deviceID": "c7419ca4d99642af", "ageGroup": "7-10 years", "nativeProficiency": "Story"}