{"englishProficiency": "Beginner", "sequenceList": [{"que_text": "नीतू के घर में गाय है। उसका रंग सफ़ेद है। गाय हरी घास खाती है। वह बहुत दूध देती है।", "noOfMistakes": "200", "que_id": "HI_S3_P_0", "isCorrect": false, "recordingName": "HI_S3_P_0.mp3"}, {"que_text": "नाक", "noOfMistakes": "5", "que_id": "HI_S3_WD_0", "isCorrect": false, "recordingName": "HI_S3_WD_0.mp3"}, {"que_text": "तोता", "noOfMistakes": "5", "que_id": "HI_S3_WD_1", "isCorrect": false, "recordingName": "HI_S3_WD_1.mp3"}, {"que_text": "चूहा", "noOfMistakes": "5", "que_id": "HI_S3_WD_2", "isCorrect": false, "recordingName": "HI_S3_WD_2.mp3"}, {"que_text": "धुन", "noOfMistakes": "5", "que_id": "HI_S3_WD_3", "isCorrect": false, "recordingName": "HI_S3_WD_3.mp3"}, {"que_text": "मैना", "noOfMistakes": "5", "que_id": "HI_S3_WD_4", "isCorrect": false, "recordingName": "HI_S3_WD_4.mp3"}, {"que_text": "द", "noOfMistakes": "0", "que_id": "HI_S3_L_0", "isCorrect": true, "recordingName": "HI_S3_L_0.mp3"}, {"que_text": "क", "noOfMistakes": "0", "que_id": "HI_S3_L_1", "isCorrect": true, "recordingName": "HI_S3_L_1.mp3"}, {"que_text": "च", "noOfMistakes": "0", "que_id": "HI_S3_L_2", "isCorrect": true, "recordingName": "HI_S3_L_2.mp3"}, {"que_text": "ब", "noOfMistakes": "0", "que_id": "HI_S3_L_3", "isCorrect": true, "recordingName": "HI_S3_L_3.mp3"}, {"que_text": "ल", "noOfMistakes": "0", "que_id": "HI_S3_L_4", "isCorrect": true, "recordingName": "HI_S3_L_4.mp3"}, {"que_text": "C", "noOfMistakes": "5", "que_id": "HI_S3_CL_0", "isCorrect": false, "recordingName": "HI_S3_CL_0.mp3"}, {"que_text": "K", "noOfMistakes": "5", "que_id": "HI_S3_CL_1", "isCorrect": false, "recordingName": "HI_S3_CL_1.mp3"}, {"que_text": "S", "noOfMistakes": "5", "que_id": "HI_S3_CL_2", "isCorrect": false, "recordingName": "HI_S3_CL_2.mp3"}, {"que_text": "Q", "noOfMistakes": "5", "que_id": "HI_S3_CL_3", "isCorrect": false, "recordingName": "HI_S3_CL_3.mp3"}, {"que_text": "F", "noOfMistakes": "5", "que_id": "HI_S3_CL_4", "isCorrect": false, "recordingName": "HI_S3_CL_4.mp3"}], "deviceID": "f48de9cec804d735", "ageGroup": "7-10 years", "studClass": "3", "nativeProficiency": "Letter", "date": "Sat Sep 21 17:15:56 IST 2019"}