{"sequenceList": [{"recordingName": "HI_S1_WD_0.mp3", "isCorrect": false, "que_text": "हीरा", "noOfMistakes": "1", "que_id": "HI_S1_WD_0"}, {"recordingName": "HI_S2_L_0.mp3", "isCorrect": false, "que_text": "द", "noOfMistakes": "3", "que_id": "HI_S2_L_0"}, {"recordingName": "HI_S2_L_1.mp3", "isCorrect": true, "que_text": "क", "noOfMistakes": "3", "que_id": "HI_S2_L_1"}, {"recordingName": "HI_S2_L_2.mp3", "isCorrect": true, "que_text": "च", "noOfMistakes": "3", "que_id": "HI_S2_L_2"}, {"recordingName": "HI_S2_L_3.mp3", "isCorrect": false, "que_text": "ब", "noOfMistakes": "3", "que_id": "HI_S2_L_3"}, {"recordingName": "HI_S2_L_4.mp3", "isCorrect": false, "que_text": "ल", "noOfMistakes": "3", "que_id": "HI_S2_L_4"}, {"recordingName": "HI_S2_DD_0.mp3", "isCorrect": false, "que_text": "76", "noOfMistakes": "1", "que_id": "HI_S2_DD_0"}, {"recordingName": "HI_S2_SD_0.mp3", "isCorrect": true, "que_text": "2", "noOfMistakes": "1", "que_id": "HI_S2_SD_0"}, {"recordingName": "HI_S2_SD_1.mp3", "isCorrect": true, "que_text": "7", "noOfMistakes": "1", "que_id": "HI_S2_SD_1"}, {"recordingName": "HI_S2_SD_3.mp3", "isCorrect": true, "que_text": "5", "noOfMistakes": "1", "que_id": "HI_S2_SD_3"}, {"recordingName": "HI_S2_SD_4.mp3", "isCorrect": true, "que_text": "9", "noOfMistakes": "1", "que_id": "HI_S2_SD_4"}, {"recordingName": "HI_S2_SD_5.mp3", "isCorrect": false, "que_text": "8", "noOfMistakes": "1", "que_id": "HI_S2_SD_5"}, {"recordingName": "HI_S2_CL_0.mp3", "isCorrect": true, "que_text": "B", "noOfMistakes": "2", "que_id": "HI_S2_CL_0"}, {"recordingName": "HI_S2_CL_1.mp3", "isCorrect": false, "que_text": "H", "noOfMistakes": "2", "que_id": "HI_S2_CL_1"}, {"recordingName": "HI_S2_CL_2.mp3", "isCorrect": false, "que_text": "R", "noOfMistakes": "2", "que_id": "HI_S2_CL_2"}, {"recordingName": "HI_S2_CL_3.mp3", "isCorrect": true, "que_text": "L", "noOfMistakes": "2", "que_id": "HI_S2_CL_3"}, {"recordingName": "HI_S2_CL_4.mp3", "isCorrect": true, "que_text": "V", "noOfMistakes": "2", "que_id": "HI_S2_CL_4"}], "englishProficiency": "Beginner", "studClass": "6", "date": "Thu Sep 19 12:37:49 IST 2019", "mathematicsProficiency": "Single digit", "deviceID": "98413696e6c54c60", "ageGroup": "10-12 years", "nativeProficiency": "Beginner"}