{"sequenceList": [{"recordingName": "HI_S1_L_0.mp3", "isCorrect": true, "que_text": "म", "noOfMistakes": "0", "que_id": "HI_S1_L_0"}, {"recordingName": "HI_S1_L_1.mp3", "isCorrect": true, "que_text": "र", "noOfMistakes": "0", "que_id": "HI_S1_L_1"}, {"recordingName": "HI_S1_L_2.mp3", "isCorrect": true, "que_text": "थ", "noOfMistakes": "0", "que_id": "HI_S1_L_2"}, {"recordingName": "HI_S1_L_3.mp3", "isCorrect": true, "que_text": "ह", "noOfMistakes": "0", "que_id": "HI_S1_L_3"}, {"recordingName": "HI_S1_L_4.mp3", "isCorrect": true, "que_text": "श", "noOfMistakes": "0", "que_id": "HI_S1_L_4"}, {"recordingName": "HI_S1_SD_0.mp3", "isCorrect": true, "que_text": "3", "noOfMistakes": "0", "que_id": "HI_S1_SD_0"}, {"recordingName": "HI_S1_SD_1.mp3", "isCorrect": true, "que_text": "7", "noOfMistakes": "0", "que_id": "HI_S1_SD_1"}, {"recordingName": "HI_S1_SD_2.mp3", "isCorrect": true, "que_text": "1", "noOfMistakes": "0", "que_id": "HI_S1_SD_2"}, {"recordingName": "HI_S1_SD_3.mp3", "isCorrect": true, "que_text": "4", "noOfMistakes": "0", "que_id": "HI_S1_SD_3"}, {"recordingName": "HI_S1_SD_4.mp3", "isCorrect": true, "que_text": "8", "noOfMistakes": "0", "que_id": "HI_S1_SD_4"}, {"recordingName": "HI_S1_CL_0.mp3", "isCorrect": true, "que_text": "A", "noOfMistakes": "0", "que_id": "HI_S1_CL_0"}, {"recordingName": "HI_S1_CL_1.mp3", "isCorrect": true, "que_text": "J", "noOfMistakes": "0", "que_id": "HI_S1_CL_1"}, {"recordingName": "HI_S1_CL_2.mp3", "isCorrect": true, "que_text": "Q", "noOfMistakes": "0", "que_id": "HI_S1_CL_2"}, {"recordingName": "HI_S1_CL_3.mp3", "isCorrect": true, "que_text": "R", "noOfMistakes": "0", "que_id": "HI_S1_CL_3"}, {"recordingName": "HI_S1_CL_6.mp3", "isCorrect": true, "que_text": "N", "noOfMistakes": "0", "que_id": "HI_S1_CL_6"}], "englishProficiency": "Capital letter", "studClass": "1", "date": "Sat Sep 21 13:13:25 IST 2019", "mathematicsProficiency": "Single digit", "deviceID": "2f3c5f8795ea5db5", "ageGroup": "5-7 years", "nativeProficiency": "Letter"}