{"englishProficiency": "Small letter", "sequenceList": [{"que_text": "समई", "noOfMistakes": "0", "que_id": "MR_S1_WD_0", "isCorrect": true, "recordingName": "MR_S1_WD_0.mp3"}, {"que_text": "बस", "noOfMistakes": "0", "que_id": "MR_S1_WD_1", "isCorrect": true, "recordingName": "MR_S1_WD_1.mp3"}, {"que_text": "गरम", "noOfMistakes": "0", "que_id": "MR_S1_WD_2", "isCorrect": true, "recordingName": "MR_S1_WD_2.mp3"}, {"que_text": "दिवा", "noOfMistakes": "0", "que_id": "MR_S1_WD_4", "isCorrect": true, "recordingName": "MR_S1_WD_4.mp3"}, {"que_text": "किरण", "noOfMistakes": "0", "que_id": "MR_S1_WD_6", "isCorrect": true, "recordingName": "MR_S1_WD_6.mp3"}, {"que_text": "h", "noOfMistakes": "0", "que_id": "MR_S1_SL_0", "isCorrect": true, "recordingName": "MR_S1_SL_0.mp3"}, {"que_text": "p", "noOfMistakes": "0", "que_id": "MR_S1_SL_1", "isCorrect": true, "recordingName": "MR_S1_SL_1.mp3"}, {"que_text": "m", "noOfMistakes": "0", "que_id": "MR_S1_SL_4", "isCorrect": true, "recordingName": "MR_S1_SL_4.mp3"}, {"que_text": "g", "noOfMistakes": "0", "que_id": "MR_S1_SL_6", "isCorrect": true, "recordingName": "MR_S1_SL_6.mp3"}, {"que_text": "t", "noOfMistakes": "0", "que_id": "MR_S1_SL_7", "isCorrect": true, "recordingName": "MR_S1_SL_7.mp3"}], "deviceID": "fa698d33d358ac32", "ageGroup": "5-7 years", "studClass": "1", "date": "Fri Sep 06 10:49:14 IST 2019", "nativeProficiency": "Word"}