{"englishProficiency": "Beginner", "sequenceList": [{"que_text": "आज गावाहून मामा आला. मला खाऊ व फुगे घेऊन आला. ताईला बाहुली घेऊन आला. आईला छान साडी आणली.", "noOfMistakes": "200", "que_id": "MR_S1_P_0", "isCorrect": false, "recordingName": "MR_S1_P_0.mp3"}, {"que_text": "दिवा", "noOfMistakes": "2", "que_id": "HI_S1_WD_4", "isCorrect": false, "recordingName": "HI_S1_WD_4.mp3"}, {"que_text": "बस", "noOfMistakes": "2", "que_id": "MR_S1_WD_1", "isCorrect": false, "recordingName": "MR_S1_WD_1.mp3"}, {"que_text": "प", "noOfMistakes": "4", "que_id": "MR_S1_L_1", "isCorrect": false, "recordingName": "MR_S1_L_1.mp3"}, {"que_text": "य", "noOfMistakes": "4", "que_id": "MR_S1_L_4", "isCorrect": false, "recordingName": "MR_S1_L_4.mp3"}, {"que_text": "स", "noOfMistakes": "4", "que_id": "MR_S1_L_2", "isCorrect": false, "recordingName": "MR_S1_L_2.mp3"}, {"que_text": "द", "noOfMistakes": "4", "que_id": "MR_S1_L_5", "isCorrect": false, "recordingName": "MR_S1_L_5.mp3"}, {"que_text": "J", "noOfMistakes": "5", "que_id": "MH_S1_CL_1", "isCorrect": false, "recordingName": "MH_S1_CL_1.mp3"}, {"que_text": "A", "noOfMistakes": "5", "que_id": "MR_S1_CL_0", "isCorrect": false, "recordingName": "MR_S1_CL_0.mp3"}, {"que_text": "E", "noOfMistakes": "5", "que_id": "MR_S1_CL_4", "isCorrect": false, "recordingName": "MR_S1_CL_4.mp3"}, {"que_text": "R", "noOfMistakes": "5", "que_id": "MR_S1_CL_3", "isCorrect": false, "recordingName": "MR_S1_CL_3.mp3"}, {"que_text": "O", "noOfMistakes": "5", "que_id": "MR_S1_CL_7", "isCorrect": false, "recordingName": "MR_S1_CL_7.mp3"}], "deviceID": "3ebaa9d14abd9a0f", "ageGroup": "5-7 years", "studClass": "1", "nativeProficiency": "Beginner", "date": "Thu Jul 04 11:58:08 GMT+05:30 2019"}