{"sequenceList": [{"recordingName": "MR_S4_P_1.mp3", "isCorrect": false, "que_text": "आज रविवार आहे. शाळेला रजा आहे. सगळे मिळून खेळूया. आज खेळायचा दिवस आहे.", "noOfMistakes": "200", "que_id": "MR_S4_P_1"}, {"recordingName": "MR_S4_L_1.mp3", "isCorrect": false, "que_text": "ब", "noOfMistakes": "3", "que_id": "MR_S4_L_1"}, {"recordingName": "MR_S4_L_4.mp3", "isCorrect": false, "que_text": "फ", "noOfMistakes": "3", "que_id": "MR_S4_L_4"}, {"recordingName": "MR_S4_L_8.mp3", "isCorrect": false, "que_text": "ढ", "noOfMistakes": "3", "que_id": "MR_S4_L_8"}, {"answer": "-", "isCorrect": false, "que_text": "61 - 35", "noOfMistakes": "1", "que_id": "MR_S4_SB_3"}, {"recordingName": "MR_S4_DD_1.mp3", "isCorrect": false, "que_text": "24", "noOfMistakes": "2", "que_id": "MR_S4_DD_1"}, {"recordingName": "MR_S4_DD_4.mp3", "isCorrect": false, "que_text": "23", "noOfMistakes": "2", "que_id": "MR_S4_DD_4"}, {"recordingName": "MR_S4_SD_0.mp3", "isCorrect": false, "que_text": "5", "noOfMistakes": "4", "que_id": "MR_S4_SD_0"}, {"recordingName": "MR_S4_SD_1.mp3", "isCorrect": false, "que_text": "7", "noOfMistakes": "4", "que_id": "MR_S4_SD_1"}, {"recordingName": "MR_S4_SD_2.mp3", "isCorrect": false, "que_text": "8", "noOfMistakes": "4", "que_id": "MR_S4_SD_2"}, {"recordingName": "MR_S4_SD_4.mp3", "isCorrect": false, "que_text": "2", "noOfMistakes": "4", "que_id": "MR_S4_SD_4"}, {"recordingName": "MR_S4_CL_0.mp3", "isCorrect": false, "que_text": "D", "noOfMistakes": "3", "que_id": "MR_S4_CL_0"}, {"recordingName": "MR_S4_CL_3.mp3", "isCorrect": false, "que_text": "K", "noOfMistakes": "3", "que_id": "MR_S4_CL_3"}, {"recordingName": "MR_S4_CL_1.mp3", "isCorrect": false, "que_text": "L", "noOfMistakes": "3", "que_id": "MR_S4_CL_1"}], "englishProficiency": "Beginner", "studClass": "1", "date": "Sun Jul 07 07:51:49 GMT+05:30 2019", "mathematicsProficiency": "Beginner", "deviceID": "3ebaa9d14abd9a0f", "ageGroup": "5-7 years", "nativeProficiency": "Beginner"}