{"englishProficiency": "Small letter", "sequenceList": [{"que_text": "घ", "noOfMistakes": "1", "que_id": "HI_S1_L_9", "isCorrect": false, "recordingName": "HI_S1_L_9.mp3"}, {"que_text": "N", "noOfMistakes": "0", "que_id": "HI_S1_CL_6", "isCorrect": true, "recordingName": "HI_S1_CL_6.mp3"}, {"que_text": "E", "noOfMistakes": "0", "que_id": "HI_S1_CL_4", "isCorrect": true, "recordingName": "HI_S1_CL_4.mp3"}, {"que_text": "O", "noOfMistakes": "0", "que_id": "HI_S1_CL_7", "isCorrect": true, "recordingName": "HI_S1_CL_7.mp3"}, {"que_text": "A", "noOfMistakes": "0", "que_id": "HI_S1_CL_0", "isCorrect": true, "recordingName": "HI_S1_CL_0.mp3"}, {"que_text": "R", "noOfMistakes": "0", "que_id": "HI_S1_CL_3", "isCorrect": true, "recordingName": "HI_S1_CL_3.mp3"}, {"que_text": "h", "noOfMistakes": "0", "que_id": "HI_S1_SL_0", "isCorrect": true, "recordingName": "HI_S1_SL_0.mp3"}, {"que_text": "p", "noOfMistakes": "0", "que_id": "HI_S1_SL_1", "isCorrect": true, "recordingName": "HI_S1_SL_1.mp3"}, {"que_text": "u", "noOfMistakes": "0", "que_id": "HI_S1_SL_3", "isCorrect": true, "recordingName": "HI_S1_SL_3.mp3"}, {"que_text": "d", "noOfMistakes": "0", "que_id": "HI_S1_SL_5", "isCorrect": true, "recordingName": "HI_S1_SL_5.mp3"}, {"que_text": "t", "noOfMistakes": "0", "que_id": "HI_S1_SL_7", "isCorrect": true, "recordingName": "HI_S1_SL_7.mp3"}], "deviceID": "88f39aeca0a49c41", "ageGroup": "10-12 years", "studClass": "8", "nativeProficiency": "Letter", "date": "Fri Sep 13 16:01:58 IST 2019"}