{"sequenceList": [{"recordingName": "HI_S1_P_0.mp3", "isCorrect": false, "que_text": " राधा के पास एक तोता है। उसकी चोंच लाल है। वह बहुत बोलता है। सब को हँसाता है।", "noOfMistakes": "200", "que_id": "HI_S1_P_0"}, {"recordingName": "HI_S1_WD_0.mp3", "isCorrect": false, "que_text": "गाना", "noOfMistakes": "5", "que_id": "HI_S1_WD_0"}, {"recordingName": "HI_S1_WD_1.mp3", "isCorrect": false, "que_text": "खुश", "noOfMistakes": "5", "que_id": "HI_S1_WD_1"}, {"recordingName": "HI_S1_WD_4.mp3", "isCorrect": false, "que_text": "झोला", "noOfMistakes": "5", "que_id": "HI_S1_WD_4"}, {"recordingName": "HI_S1_WD_7.mp3", "isCorrect": false, "que_text": "किला", "noOfMistakes": "5", "que_id": "HI_S1_WD_7"}, {"recordingName": "HI_S1_WD_6.mp3", "isCorrect": false, "que_text": "धूप", "noOfMistakes": "5", "que_id": "HI_S1_WD_6"}, {"recordingName": "HI_S1_L_0.mp3", "isCorrect": false, "que_text": "म", "noOfMistakes": "4", "que_id": "HI_S1_L_0"}, {"recordingName": "HI_S1_L_1.mp3", "isCorrect": false, "que_text": "र", "noOfMistakes": "4", "que_id": "HI_S1_L_1"}, {"recordingName": "HI_S1_L_4.mp3", "isCorrect": false, "que_text": "श", "noOfMistakes": "4", "que_id": "HI_S1_L_4"}, {"recordingName": "HI_S1_L_3.mp3", "isCorrect": true, "que_text": "ह", "noOfMistakes": "4", "que_id": "HI_S1_L_3"}, {"recordingName": "HI_S1_L_7.mp3", "isCorrect": false, "que_text": "न", "noOfMistakes": "4", "que_id": "HI_S1_L_7"}, {"answer": "-", "isCorrect": false, "que_text": "51 - 35", "noOfMistakes": "2", "que_id": "HI_S1_SB_0"}, {"answer": "-", "isCorrect": false, "que_text": "73 - 36", "noOfMistakes": "2", "que_id": "HI_S1_SB_3"}, {"recordingName": "HI_S1_DD_0.mp3", "isCorrect": false, "que_text": "65", "noOfMistakes": "5", "que_id": "HI_S1_DD_0"}, {"recordingName": "HI_S1_DD_4.mp3", "isCorrect": false, "que_text": "47", "noOfMistakes": "5", "que_id": "HI_S1_DD_4"}, {"recordingName": "HI_S1_DD_7.mp3", "isCorrect": false, "que_text": "87", "noOfMistakes": "5", "que_id": "HI_S1_DD_7"}, {"recordingName": "HI_S1_DD_6.mp3", "isCorrect": false, "que_text": "56", "noOfMistakes": "5", "que_id": "HI_S1_DD_6"}, {"recordingName": "HI_S1_DD_3.mp3", "isCorrect": false, "que_text": "23", "noOfMistakes": "5", "que_id": "HI_S1_DD_3"}, {"recordingName": "HI_S1_SD_0.mp3", "isCorrect": true, "que_text": "3", "noOfMistakes": "3", "que_id": "HI_S1_SD_0"}, {"recordingName": "HI_S1_SD_7.mp3", "isCorrect": true, "que_text": "2", "noOfMistakes": "3", "que_id": "HI_S1_SD_7"}, {"recordingName": "HI_S1_SD_4.mp3", "isCorrect": false, "que_text": "8", "noOfMistakes": "3", "que_id": "HI_S1_SD_4"}, {"recordingName": "HI_S1_SD_3.mp3", "isCorrect": false, "que_text": "4", "noOfMistakes": "3", "que_id": "HI_S1_SD_3"}, {"recordingName": "HI_S1_SD_6.mp3", "isCorrect": false, "que_text": "5", "noOfMistakes": "3", "que_id": "HI_S1_SD_6"}, {"recordingName": "HI_S1_CL_0.mp3", "isCorrect": true, "que_text": "A", "noOfMistakes": "3", "que_id": "HI_S1_CL_0"}, {"recordingName": "HI_S1_CL_4.mp3", "isCorrect": false, "que_text": "E", "noOfMistakes": "3", "que_id": "HI_S1_CL_4"}, {"recordingName": "HI_S1_CL_7.mp3", "isCorrect": false, "que_text": "O", "noOfMistakes": "3", "que_id": "HI_S1_CL_7"}, {"recordingName": "HI_S1_CL_1.mp3", "isCorrect": false, "que_text": "J", "noOfMistakes": "3", "que_id": "HI_S1_CL_1"}, {"recordingName": "HI_S1_CL_6.mp3", "isCorrect": true, "que_text": "N", "noOfMistakes": "3", "que_id": "HI_S1_CL_6"}], "englishProficiency": "Beginner", "studClass": "2", "date": "Sat Aug 31 16:31:55 IST 2019", "mathematicsProficiency": "Beginner", "deviceID": "c66208a6b7100eb2", "ageGroup": "5-7 years", "nativeProficiency": "Beginner"}