{"sequenceList": [{"recordingName": "HI_S4_WD_8.mp3", "isCorrect": false, "que_text": "पैसा", "noOfMistakes": "3", "que_id": "HI_S4_WD_8"}, {"recordingName": "HI_S4_WD_1.mp3", "isCorrect": true, "que_text": "सोच", "noOfMistakes": "3", "que_id": "HI_S4_WD_1"}, {"recordingName": "HI_S4_WD_3.mp3", "isCorrect": false, "que_text": "गिर", "noOfMistakes": "3", "que_id": "HI_S4_WD_3"}, {"recordingName": "HI_S4_WD_6.mp3", "isCorrect": false, "que_text": "धुन", "noOfMistakes": "3", "que_id": "HI_S4_WD_6"}, {"recordingName": "HI_S4_WD_4.mp3", "isCorrect": true, "que_text": "पानी", "noOfMistakes": "3", "que_id": "HI_S4_WD_4"}, {"recordingName": "HI_S4_L_8.mp3", "isCorrect": true, "que_text": "ल", "noOfMistakes": "0", "que_id": "HI_S4_L_8"}, {"recordingName": "HI_S4_L_7.mp3", "isCorrect": true, "que_text": "द", "noOfMistakes": "0", "que_id": "HI_S4_L_7"}, {"recordingName": "HI_S4_L_6.mp3", "isCorrect": true, "que_text": "ग", "noOfMistakes": "0", "que_id": "HI_S4_L_6"}, {"recordingName": "HI_S4_L_9.mp3", "isCorrect": true, "que_text": "थ", "noOfMistakes": "0", "que_id": "HI_S4_L_9"}, {"recordingName": "HI_S4_L_3.mp3", "isCorrect": true, "que_text": "च", "noOfMistakes": "0", "que_id": "HI_S4_L_3"}, {"recordingName": "HI_S4_DD_0.mp3", "isCorrect": false, "que_text": "71", "noOfMistakes": "4", "que_id": "HI_S4_DD_0"}, {"recordingName": "HI_S4_DD_6.mp3", "isCorrect": false, "que_text": "37", "noOfMistakes": "4", "que_id": "HI_S4_DD_6"}, {"recordingName": "HI_S4_DD_9.mp3", "isCorrect": false, "que_text": "14", "noOfMistakes": "4", "que_id": "HI_S4_DD_9"}, {"recordingName": "HI_S4_DD_7.mp3", "isCorrect": false, "que_text": "61", "noOfMistakes": "4", "que_id": "HI_S4_DD_7"}, {"recordingName": "HI_S4_DD_4.mp3", "isCorrect": true, "que_text": "23", "noOfMistakes": "4", "que_id": "HI_S4_DD_4"}, {"recordingName": "HI_S4_SD_0.mp3", "isCorrect": true, "que_text": "5", "noOfMistakes": "0", "que_id": "HI_S4_SD_0"}, {"recordingName": "HI_S4_SD_1.mp3", "isCorrect": true, "que_text": "7", "noOfMistakes": "0", "que_id": "HI_S4_SD_1"}, {"recordingName": "HI_S4_SD_2.mp3", "isCorrect": true, "que_text": "8", "noOfMistakes": "0", "que_id": "HI_S4_SD_2"}, {"recordingName": "HI_S4_SD_3.mp3", "isCorrect": true, "que_text": "4", "noOfMistakes": "0", "que_id": "HI_S4_SD_3"}, {"recordingName": "HI_S4_SD_4.mp3", "isCorrect": true, "que_text": "2", "noOfMistakes": "0", "que_id": "HI_S4_SD_4"}, {"recordingName": "HI_S4_CL_0.mp3", "isCorrect": false, "que_text": "D", "noOfMistakes": "3", "que_id": "HI_S4_CL_0"}, {"recordingName": "HI_S4_CL_6.mp3", "isCorrect": true, "que_text": "P", "noOfMistakes": "3", "que_id": "HI_S4_CL_6"}, {"recordingName": "HI_S4_CL_3.mp3", "isCorrect": false, "que_text": "K", "noOfMistakes": "3", "que_id": "HI_S4_CL_3"}, {"recordingName": "HI_S4_CL_7.mp3", "isCorrect": false, "que_text": "N", "noOfMistakes": "3", "que_id": "HI_S4_CL_7"}, {"recordingName": "HI_S4_CL_4.mp3", "isCorrect": true, "que_text": "G", "noOfMistakes": "3", "que_id": "HI_S4_CL_4"}], "englishProficiency": "Beginner", "studClass": "3", "date": "Tue Sep 17 18:18:12 IST 2019", "mathematicsProficiency": "Single digit", "deviceID": "14c9917f6e6683b6", "ageGroup": "7-10 years", "nativeProficiency": "Letter"}