{"sequenceList": [{"recordingName": "HI_S4_L_0.mp3", "isCorrect": true, "que_text": "न", "noOfMistakes": "0", "que_id": "HI_S4_L_0"}, {"recordingName": "HI_S4_L_4.mp3", "isCorrect": true, "que_text": "स", "noOfMistakes": "0", "que_id": "HI_S4_L_4"}, {"recordingName": "HI_S4_L_6.mp3", "isCorrect": true, "que_text": "ग", "noOfMistakes": "0", "que_id": "HI_S4_L_6"}, {"recordingName": "HI_S4_L_8.mp3", "isCorrect": true, "que_text": "ल", "noOfMistakes": "0", "que_id": "HI_S4_L_8"}, {"recordingName": "HI_S4_L_5.mp3", "isCorrect": true, "que_text": "प", "noOfMistakes": "0", "que_id": "HI_S4_L_5"}, {"recordingName": "HI_S4_SD_7.mp3", "isCorrect": true, "que_text": "1", "noOfMistakes": "0", "que_id": "HI_S4_SD_7"}, {"recordingName": "HI_S4_SD_5.mp3", "isCorrect": true, "que_text": "9", "noOfMistakes": "0", "que_id": "HI_S4_SD_5"}, {"recordingName": "HI_S4_SD_3.mp3", "isCorrect": true, "que_text": "4", "noOfMistakes": "0", "que_id": "HI_S4_SD_3"}, {"recordingName": "HI_S4_SD_1.mp3", "isCorrect": true, "que_text": "7", "noOfMistakes": "0", "que_id": "HI_S4_SD_1"}, {"recordingName": "HI_S4_SD_4.mp3", "isCorrect": true, "que_text": "2", "noOfMistakes": "0", "que_id": "HI_S4_SD_4"}, {"recordingName": "HI_S4_CL_0.mp3", "isCorrect": true, "que_text": "D", "noOfMistakes": "1", "que_id": "HI_S4_CL_0"}, {"recordingName": "HI_S4_CL_6.mp3", "isCorrect": true, "que_text": "P", "noOfMistakes": "1", "que_id": "HI_S4_CL_6"}, {"recordingName": "HI_S4_CL_2.mp3", "isCorrect": true, "que_text": "T", "noOfMistakes": "1", "que_id": "HI_S4_CL_2"}, {"recordingName": "HI_S4_CL_7.mp3", "isCorrect": false, "que_text": "N", "noOfMistakes": "1", "que_id": "HI_S4_CL_7"}, {"recordingName": "HI_S4_CL_1.mp3", "isCorrect": true, "que_text": "L", "noOfMistakes": "1", "que_id": "HI_S4_CL_1"}], "englishProficiency": "Capital letter", "studClass": "2", "date": "Sat Sep 14 17:26:58 GMT+05:30 2019", "mathematicsProficiency": "Single digit", "deviceID": "c7419ca4d99642af", "ageGroup": "7-10 years", "nativeProficiency": "Letter"}