{"englishProficiency": "Beginner", "sequenceList": [{"que_text": "आज रविवार आहे. शाळेला रजा आहे. तरी आज सकाळी मला लवकर जाग आली.", "noOfMistakes": "200", "que_id": "MR_S1_P_1", "isCorrect": false, "recordingName": "MR_S1_P_1.mp3"}, {"que_text": "दिवा", "noOfMistakes": "1", "que_id": "MR_S1_WD_4", "isCorrect": false, "recordingName": "MR_S1_WD_4.mp3"}, {"que_text": "य", "noOfMistakes": "1", "que_id": "MR_S1_L_4", "isCorrect": false, "recordingName": "MR_S1_L_4.mp3"}, {"que_text": "A", "noOfMistakes": "3", "que_id": "MR_S1_CL_0", "isCorrect": true, "recordingName": "MR_S1_CL_0.mp3"}, {"que_text": "E", "noOfMistakes": "3", "que_id": "MR_S1_CL_4", "isCorrect": false, "recordingName": "MR_S1_CL_4.mp3"}, {"que_text": "Y", "noOfMistakes": "3", "que_id": "MR_S1_Cl_5", "isCorrect": false, "recordingName": "MR_S1_Cl_5.mp3"}, {"que_text": "O", "noOfMistakes": "3", "que_id": "MR_S1_CL_7", "isCorrect": false, "recordingName": "MR_S1_CL_7.mp3"}], "deviceID": "e88b314c992a40d5", "ageGroup": "5-7 years", "studClass": "2", "date": "Sun Sep 08 13:53:06 GMT+05:30 2019", "nativeProficiency": "Beginner"}