{"englishProficiency": "Capital letter", "sequenceList": [{"que_text": "म", "noOfMistakes": "1", "que_id": "HI_S1_L_0", "isCorrect": true, "recordingName": "HI_S1_L_0.mp3"}, {"que_text": "र", "noOfMistakes": "1", "que_id": "HI_S1_L_1", "isCorrect": true, "recordingName": "HI_S1_L_1.mp3"}, {"que_text": "थ", "noOfMistakes": "1", "que_id": "HI_S1_L_2", "isCorrect": false, "recordingName": "HI_S1_L_2.mp3"}, {"que_text": "ह", "noOfMistakes": "1", "que_id": "HI_S1_L_3", "isCorrect": true, "recordingName": "HI_S1_L_3.mp3"}, {"que_text": "श", "noOfMistakes": "1", "que_id": "HI_S1_L_4", "isCorrect": true, "recordingName": "HI_S1_L_4.mp3"}, {"que_text": "A", "noOfMistakes": "3", "que_id": "HI_S1_CL_0", "isCorrect": true, "recordingName": "HI_S1_CL_0.mp3"}, {"que_text": "J", "noOfMistakes": "3", "que_id": "HI_S1_CL_1", "isCorrect": true, "recordingName": "HI_S1_CL_1.mp3"}, {"que_text": "Q", "noOfMistakes": "3", "que_id": "HI_S1_CL_2", "isCorrect": false, "recordingName": "HI_S1_CL_2.mp3"}, {"que_text": "R", "noOfMistakes": "3", "que_id": "HI_S1_CL_3", "isCorrect": false, "recordingName": "HI_S1_CL_3.mp3"}, {"que_text": "E", "noOfMistakes": "3", "que_id": "HI_S1_CL_4", "isCorrect": false, "recordingName": "HI_S1_CL_4.mp3"}], "deviceID": "98413696e6c54c60", "ageGroup": "10-12 years", "studClass": "5", "nativeProficiency": "Letter", "date": "Fri Sep 20 14:59:57 IST 2019"}