{"englishProficiency": "Capital letter", "sequenceList": [{"que_text": "बस", "noOfMistakes": "1", "que_id": "MR_S1_WD_1", "isCorrect": true, "recordingName": "MR_S1_WD_1.mp3"}, {"que_text": "किरण", "noOfMistakes": "1", "que_id": "MR_S1_WD_6", "isCorrect": true, "recordingName": "MR_S1_WD_6.mp3"}, {"que_text": "तूप", "noOfMistakes": "1", "que_id": "MR_S1_WD_8", "isCorrect": false, "recordingName": "MR_S1_WD_8.mp3"}, {"que_text": "दिवा", "noOfMistakes": "1", "que_id": "MR_S1_WD_4", "isCorrect": true, "recordingName": "MR_S1_WD_4.mp3"}, {"que_text": "समई", "noOfMistakes": "1", "que_id": "MR_S1_WD_0", "isCorrect": true, "recordingName": "MR_S1_WD_0.mp3"}, {"que_text": "A", "noOfMistakes": "1", "que_id": "MR_S1_CL_0", "isCorrect": true, "recordingName": "MR_S1_CL_0.mp3"}, {"que_text": "Q", "noOfMistakes": "1", "que_id": "MR_S1_CL_2", "isCorrect": true, "recordingName": "MR_S1_CL_2.mp3"}, {"que_text": "O", "noOfMistakes": "1", "que_id": "MR_S1_CL_7", "isCorrect": false, "recordingName": "MR_S1_CL_7.mp3"}, {"que_text": "N", "noOfMistakes": "1", "que_id": "MR_S1_CL_6", "isCorrect": true, "recordingName": "MR_S1_CL_6.mp3"}, {"que_text": "R", "noOfMistakes": "1", "que_id": "MR_S1_CL_3", "isCorrect": true, "recordingName": "MR_S1_CL_3.mp3"}], "deviceID": "fa698d33d358ac32", "ageGroup": "5-7 years", "studClass": "2", "date": "Thu Sep 05 09:09:21 IST 2019", "nativeProficiency": "Word"}