{"englishProficiency": "word", "sequenceList": [{"que_text": "श", "noOfMistakes": "0", "que_id": "MR_S1_L_0", "isCorrect": true, "recordingName": "MR_S1_L_0.mp3"}, {"que_text": "प", "noOfMistakes": "0", "que_id": "MR_S1_L_1", "isCorrect": true, "recordingName": "MR_S1_L_1.mp3"}, {"que_text": "स", "noOfMistakes": "0", "que_id": "MR_S1_L_2", "isCorrect": true, "recordingName": "MR_S1_L_2.mp3"}, {"que_text": "ड", "noOfMistakes": "0", "que_id": "MR_S1_L_3", "isCorrect": true, "recordingName": "MR_S1_L_3.mp3"}, {"que_text": "द", "noOfMistakes": "0", "que_id": "MR_S1_L_5", "isCorrect": true, "recordingName": "MR_S1_L_5.mp3"}, {"que_text": "A", "noOfMistakes": "0", "que_id": "MR_S1_CL_0", "isCorrect": true, "recordingName": "MR_S1_CL_0.mp3"}, {"que_text": "R", "noOfMistakes": "0", "que_id": "MR_S1_CL_3", "isCorrect": true, "recordingName": "MR_S1_CL_3.mp3"}, {"que_text": "J", "noOfMistakes": "0", "que_id": "MR_S1_CL_1", "isCorrect": true, "recordingName": "MR_S1_CL_1.mp3"}, {"que_text": "Q", "noOfMistakes": "0", "que_id": "MR_S1_CL_2", "isCorrect": true, "recordingName": "MR_S1_CL_2.mp3"}, {"que_text": "O", "noOfMistakes": "0", "que_id": "MR_S1_CL_7", "isCorrect": true, "recordingName": "MR_S1_CL_7.mp3"}, {"que_text": "u", "noOfMistakes": "0", "que_id": "MR_S1_SL_3", "isCorrect": true, "recordingName": "MR_S1_SL_3.mp3"}, {"que_text": "p", "noOfMistakes": "0", "que_id": "MR_S1_SL_1", "isCorrect": true, "recordingName": "MR_S1_SL_1.mp3"}, {"que_text": "t", "noOfMistakes": "0", "que_id": "MR_S1_SL_7", "isCorrect": true, "recordingName": "MR_S1_SL_7.mp3"}, {"que_text": "m", "noOfMistakes": "0", "que_id": "MR_S1_SL_4", "isCorrect": true, "recordingName": "MR_S1_SL_4.mp3"}, {"que_text": "d", "noOfMistakes": "0", "que_id": "MR_S1_SL_5", "isCorrect": true, "recordingName": "MR_S1_SL_5.mp3"}, {"que_text": "cat", "noOfMistakes": "2", "que_id": "MR_S1_W_0", "isCorrect": true, "recordingName": "MR_S1_W_0.mp3"}, {"que_text": "red", "noOfMistakes": "2", "que_id": "MR_S1_W_1", "isCorrect": false, "recordingName": "MR_S1_W_1.mp3"}, {"que_text": "sun", "noOfMistakes": "2", "que_id": "MR_S1_W_2", "isCorrect": true, "recordingName": "MR_S1_W_2.mp3"}, {"que_text": "fan", "noOfMistakes": "2", "que_id": "MR_S1_W_4", "isCorrect": false, "recordingName": "MR_S1_W_4.mp3"}, {"que_text": "new", "noOfMistakes": "2", "que_id": "MR_S1_W_3", "isCorrect": true, "recordingName": "MR_S1_W_3.mp3"}, {"que_text": "What is the time?", "noOfMistakes": "200", "que_id": "MR_S1_S_0", "isCorrect": false, "recordingName": "MR_S1_S_0.mp3"}], "deviceID": "a171e372907c33e3", "ageGroup": "7-10 years", "studClass": "2", "date": "Fri Sep 06 17:55:28 GMT+05:30 2019", "nativeProficiency": "Letter"}