{"date": "Sat Sep 07 13:41:57 IST 2019", "sequenceList": [{"recordingName": "MR_S1_P_1.mp3", "isCorrect": true, "que_text": "आज रविवार आहे. शाळेला रजा आहे. तरी आज सकाळी मला लवकर जाग आली.", "noOfMistakes": "0", "que_id": "MR_S1_P_1"}, {"recordingName": "MR_S1_WD_1.mp3", "isCorrect": true, "que_text": "बस", "noOfMistakes": "0", "que_id": "MR_S1_WD_1"}, {"recordingName": "MR_S1_WD_4.mp3", "isCorrect": true, "que_text": "दिवा", "noOfMistakes": "0", "que_id": "MR_S1_WD_4"}, {"recordingName": "MR_S1_WD_2.mp3", "isCorrect": true, "que_text": "गरम", "noOfMistakes": "0", "que_id": "MR_S1_WD_2"}, {"recordingName": "MR_S1_WD_8.mp3", "isCorrect": true, "que_text": "तूप", "noOfMistakes": "0", "que_id": "MR_S1_WD_8"}, {"recordingName": "MR_S1_WD_5.mp3", "isCorrect": true, "que_text": "मोती", "noOfMistakes": "0", "que_id": "MR_S1_WD_5"}, {"recordingName": "MR_S1_W_0.mp3", "isCorrect": true, "que_text": "cat", "noOfMistakes": "0", "que_id": "MR_S1_W_0"}, {"recordingName": "MR_S1_W_1.mp3", "isCorrect": true, "que_text": "red", "noOfMistakes": "0", "que_id": "MR_S1_W_1"}, {"recordingName": "MR_S1_W_2.mp3", "isCorrect": true, "que_text": "sun", "noOfMistakes": "0", "que_id": "MR_S1_W_2"}, {"recordingName": "MR_S1_W_4.mp3", "isCorrect": true, "que_text": "fan", "noOfMistakes": "0", "que_id": "MR_S1_W_4"}, {"recordingName": "MR_S1_W_5.mp3", "isCorrect": true, "que_text": "bus", "noOfMistakes": "0", "que_id": "MR_S1_W_5"}], "englishProficiency": "word", "studClass": "5", "deviceID": "fa698d33d358ac32", "ageGroup": "10-12 years", "nativeProficiency": "Paragraph"}