{"sequenceList": [{"recordingName": "HI_S4_P_0.mp3", "isCorrect": false, "que_text": "बग़ीचे में पेड़ हैं। पेड़ पर एक तोता रहता है। तोते का रंग हरा है। वह लाल टमाटर खाता है।", "noOfMistakes": "200", "que_id": "HI_S4_P_0"}, {"recordingName": "HI_S4_WD_0.mp3", "isCorrect": true, "que_text": "आग", "noOfMistakes": "3", "que_id": "HI_S4_WD_0"}, {"recordingName": "HI_S4_WD_4.mp3", "isCorrect": true, "que_text": "पानी", "noOfMistakes": "3", "que_id": "HI_S4_WD_4"}, {"recordingName": "HI_S4_WD_5.mp3", "isCorrect": false, "que_text": "चौकी", "noOfMistakes": "3", "que_id": "HI_S4_WD_5"}, {"recordingName": "HI_S4_WD_2.mp3", "isCorrect": false, "que_text": "ताला", "noOfMistakes": "3", "que_id": "HI_S4_WD_2"}, {"recordingName": "HI_S4_WD_1.mp3", "isCorrect": false, "que_text": "सोच", "noOfMistakes": "3", "que_id": "HI_S4_WD_1"}, {"recordingName": "HI_S4_L_0.mp3", "isCorrect": true, "que_text": "न", "noOfMistakes": "0", "que_id": "HI_S4_L_0"}, {"recordingName": "HI_S4_L_2.mp3", "isCorrect": true, "que_text": "म", "noOfMistakes": "0", "que_id": "HI_S4_L_2"}, {"recordingName": "HI_S4_L_5.mp3", "isCorrect": true, "que_text": "प", "noOfMistakes": "0", "que_id": "HI_S4_L_5"}, {"recordingName": "HI_S4_L_8.mp3", "isCorrect": true, "que_text": "ल", "noOfMistakes": "0", "que_id": "HI_S4_L_8"}, {"recordingName": "HI_S4_L_4.mp3", "isCorrect": true, "que_text": "स", "noOfMistakes": "0", "que_id": "HI_S4_L_4"}, {"answer": "28", "isCorrect": true, "que_text": "41 - 13", "noOfMistakes": "0", "que_id": "HI_S4_SB_1"}, {"answer": "19", "isCorrect": true, "que_text": "45 - 26", "noOfMistakes": "0", "que_id": "HI_S4_SB_4"}, {"noOfMistakes": "1", "que_id": "HI_S4_D_1", "answer": "21", "remainder": "1", "isCorrect": false, "que_text": "659 / 4"}, {"recordingName": "HI_S4_CL_1.mp3", "isCorrect": true, "que_text": "L", "noOfMistakes": "0", "que_id": "HI_S4_CL_1"}, {"recordingName": "HI_S4_CL_2.mp3", "isCorrect": true, "que_text": "T", "noOfMistakes": "0", "que_id": "HI_S4_CL_2"}, {"recordingName": "HI_S4_CL_5.mp3", "isCorrect": true, "que_text": "X", "noOfMistakes": "0", "que_id": "HI_S4_CL_5"}, {"recordingName": "HI_S4_CL_4.mp3", "isCorrect": true, "que_text": "G", "noOfMistakes": "0", "que_id": "HI_S4_CL_4"}, {"recordingName": "HI_S4_CL_3.mp3", "isCorrect": true, "que_text": "K", "noOfMistakes": "0", "que_id": "HI_S4_CL_3"}, {"recordingName": "HI_S4_SL_0.mp3", "isCorrect": true, "que_text": "y", "noOfMistakes": "0", "que_id": "HI_S4_SL_0"}, {"recordingName": "HI_S4_SL_1.mp3", "isCorrect": true, "que_text": "f", "noOfMistakes": "0", "que_id": "HI_S4_SL_1"}, {"recordingName": "HI_S4_SL_2.mp3", "isCorrect": true, "que_text": "i", "noOfMistakes": "0", "que_id": "HI_S4_SL_2"}, {"recordingName": "HI_S4_SL_5.mp3", "isCorrect": true, "que_text": "m", "noOfMistakes": "0", "que_id": "HI_S4_SL_5"}, {"recordingName": "HI_S4_SL_4.mp3", "isCorrect": true, "que_text": "v", "noOfMistakes": "0", "que_id": "HI_S4_SL_4"}, {"recordingName": "HI_S4_W_0.mp3", "isCorrect": true, "que_text": "dog", "noOfMistakes": "1", "que_id": "HI_S4_W_0"}, {"recordingName": "HI_S4_W_1.mp3", "isCorrect": true, "que_text": "fat", "noOfMistakes": "1", "que_id": "HI_S4_W_1"}, {"recordingName": "HI_S4_W_2.mp3", "isCorrect": true, "que_text": "cup", "noOfMistakes": "1", "que_id": "HI_S4_W_2"}, {"recordingName": "HI_S4_W_4.mp3", "isCorrect": false, "que_text": "man", "noOfMistakes": "1", "que_id": "HI_S4_W_4"}, {"recordingName": "HI_S4_W_5.mp3", "isCorrect": true, "que_text": "box", "noOfMistakes": "1", "que_id": "HI_S4_W_5"}], "englishProficiency": "word", "studClass": "5", "date": "Tue Oct 01 15:13:11 GMT+05:30 2019", "mathematicsProficiency": "Subtraction", "deviceID": "8be11d6e385005b0", "ageGroup": "10-12 years", "nativeProficiency": "Letter"}