{"nativeProficiency": "Test was not complete", "sequenceList": [{"que_text": "श", "noOfMistakes": "3", "que_id": "MR_S1_L_0", "isCorrect": false, "recordingName": "MR_S1_L_0.mp3"}, {"que_text": "प", "noOfMistakes": "3", "que_id": "MR_S1_L_1", "isCorrect": false, "recordingName": "MR_S1_L_1.mp3"}, {"que_text": "स", "noOfMistakes": "3", "que_id": "MR_S1_L_2", "isCorrect": false, "recordingName": "MR_S1_L_2.mp3"}], "deviceID": "ca512e3b0fc2c4f9", "ageGroup": "5-7 years", "studClass": "1", "date": "Thu Sep 05 16:43:25 GMT+05:30 2019"}