{"englishProficiency": "Beginner", "sequenceList": [{"que_text": "पावसाळा सुरु झाला. आईने नवी तुळस लावली. तुळस भरभर वाढली. छान दिसू लागली.", "noOfMistakes": "200", "que_id": "MR_S2_P_1", "isCorrect": false, "recordingName": "MR_S2_P_1.mp3"}, {"que_text": "पतंग", "noOfMistakes": "1", "que_id": "MR_S2_WD_1", "isCorrect": false, "recordingName": "MR_S2_WD_1.mp3"}, {"que_text": "ड", "noOfMistakes": "2", "que_id": "MH_S2_L_0", "isCorrect": false, "recordingName": "MH_S2_L_0.mp3"}, {"que_text": "स", "noOfMistakes": "2", "que_id": "MH_S2_L_4", "isCorrect": false, "recordingName": "MH_S2_L_4.mp3"}, {"que_text": "B", "noOfMistakes": "3", "que_id": "MR_S2_CL_0", "isCorrect": false, "recordingName": "MR_S2_CL_0.mp3"}, {"que_text": "V", "noOfMistakes": "3", "que_id": "MR_S2_CL_4", "isCorrect": false, "recordingName": "MR_S2_CL_4.mp3"}, {"que_text": "M", "noOfMistakes": "3", "que_id": "MR_S2_CL_5", "isCorrect": false, "recordingName": "MR_S2_CL_5.mp3"}], "deviceID": "3ebaa9d14abd9a0f", "ageGroup": "10-12 years", "studClass": "5", "nativeProficiency": "Beginner", "date": "Fri Jul 12 15:35:56 GMT+05:30 2019"}