{"nativeProficiency": "Word", "sequenceList": [{"que_text": "काले बादल छाए हैं। तेज़ बारिश हो रही है। मोर भी नाच रहा है। सब नाच देख रहे हैं।", "noOfMistakes": "200", "que_id": "HI_S3_P_1", "isCorrect": false, "recordingName": "HI_S3_P_1.mp3"}, {"que_text": "तोता", "noOfMistakes": "2", "que_id": "HI_S3_WD_1", "isCorrect": true, "recordingName": "HI_S3_WD_1.mp3"}, {"que_text": "मैना", "noOfMistakes": "2", "que_id": "HI_S3_WD_4", "isCorrect": false, "recordingName": "HI_S3_WD_4.mp3"}, {"que_text": "पीला", "noOfMistakes": "2", "que_id": "HI_S3_WD_7", "isCorrect": true, "recordingName": "HI_S3_WD_7.mp3"}, {"que_text": "धुन", "noOfMistakes": "2", "que_id": "HI_S3_WD_3", "isCorrect": true, "recordingName": "HI_S3_WD_3.mp3"}, {"que_text": "रोटी", "noOfMistakes": "2", "que_id": "HI_S3_WD_6", "isCorrect": false, "recordingName": "HI_S3_WD_6.mp3"}], "deviceID": "c9bd4fd94f9a3354", "ageGroup": "7-10 years", "studClass": "5", "date": "Sat Sep 14 16:22:08 IST 2019"}