{"englishProficiency": "Sentence", "sequenceList": [{"que_text": "रूपा बाहर खेल रही थी। खेलते-खेलते रात हो गई। वह अपने घर चली गई। रूपा खाना खाकर सो गई।", "noOfMistakes": "0", "que_id": "HI_S4_P_1", "isCorrect": true, "recordingName": "HI_S4_P_1.mp3"}, {"que_text": "रामपुर में कुछ ज़मीन ख़ाली थी। वहाँ कुछ नहीं उगता था। वहाँ कोई खेलने नहीं जाता था। एक दिन कुछ लोग आए। उन्होंने गाँव के लोगों को बुलाया। सबने मिलकर तय किया कि यहाँ बग़ीचा बनाया जाए। खाद मंगाकर हर तरह के पौधे लगाये गए। सही समय पर पानी दिया गया। आज वहाँ एक सुंदर बग़ीचा है। इसलिए वहाँ सब खेलने जाते हैं।", "noOfMistakes": "0", "que_id": "HI_S4_ST_0", "isCorrect": true, "recordingName": "HI_S4_ST_0.mp3"}, {"que_text": "D", "noOfMistakes": "0", "que_id": "HI_S4_CL_0", "isCorrect": true, "recordingName": "HI_S4_CL_0.mp3"}, {"que_text": "K", "noOfMistakes": "0", "que_id": "HI_S4_CL_3", "isCorrect": true, "recordingName": "HI_S4_CL_3.mp3"}, {"que_text": "P", "noOfMistakes": "0", "que_id": "HI_S4_CL_6", "isCorrect": true, "recordingName": "HI_S4_CL_6.mp3"}, {"que_text": "N", "noOfMistakes": "0", "que_id": "HI_S4_CL_7", "isCorrect": true, "recordingName": "HI_S4_CL_7.mp3"}, {"que_text": "G", "noOfMistakes": "0", "que_id": "HI_S4_CL_4", "isCorrect": true, "recordingName": "HI_S4_CL_4.mp3"}, {"que_text": "y", "noOfMistakes": "0", "que_id": "HI_S4_SL_0", "isCorrect": true, "recordingName": "HI_S4_SL_0.mp3"}, {"que_text": "s", "noOfMistakes": "0", "que_id": "HI_S4_SL_3", "isCorrect": true, "recordingName": "HI_S4_SL_3.mp3"}, {"que_text": "a", "noOfMistakes": "0", "que_id": "HI_S4_SL_6", "isCorrect": true, "recordingName": "HI_S4_SL_6.mp3"}, {"que_text": "h", "noOfMistakes": "0", "que_id": "HI_S4_SL_7", "isCorrect": true, "recordingName": "HI_S4_SL_7.mp3"}, {"que_text": "v", "noOfMistakes": "0", "que_id": "HI_S4_SL_4", "isCorrect": true, "recordingName": "HI_S4_SL_4.mp3"}, {"que_text": "dog", "noOfMistakes": "0", "que_id": "HI_S4_W_0", "isCorrect": true, "recordingName": "HI_S4_W_0.mp3"}, {"que_text": "boy", "noOfMistakes": "0", "que_id": "HI_S4_W_3", "isCorrect": true, "recordingName": "HI_S4_W_3.mp3"}, {"que_text": "fat", "noOfMistakes": "0", "que_id": "HI_S4_W_1", "isCorrect": true, "recordingName": "HI_S4_W_1.mp3"}, {"que_text": "man", "noOfMistakes": "0", "que_id": "HI_S4_W_4", "isCorrect": true, "recordingName": "HI_S4_W_4.mp3"}, {"que_text": "cup", "noOfMistakes": "0", "que_id": "HI_S4_W_2", "isCorrect": true, "recordingName": "HI_S4_W_2.mp3"}, {"que_text": "What is the time?", "noOfMistakes": "0", "que_id": "HI_S4_S_0", "isCorrect": true, "recordingName": "HI_S4_S_0.mp3"}, {"que_text": "This is a blue shirt.", "noOfMistakes": "0", "que_id": "HI_S4_S_1", "isCorrect": true, "recordingName": "HI_S4_S_1.mp3"}, {"que_text": "I like to sleep.", "noOfMistakes": "0", "que_id": "HI_S4_S_2", "isCorrect": true, "recordingName": "HI_S4_S_2.mp3"}, {"que_text": "I have a big house.", "noOfMistakes": "0", "que_id": "HI_S4_S_3", "isCorrect": true, "recordingName": "HI_S4_S_3.mp3"}], "deviceID": "7efac1c044bccacc", "ageGroup": "10-12 years", "studClass": "8", "nativeProficiency": "Story", "date": "Wed Sep 11 15:12:40 IST 2019"}