{"englishProficiency": "Sentence", "sequenceList": [{"que_text": " राधा के पास एक तोता है। उसकी चोंच लाल है। वह बहुत बोलता है। सब को हँसाता है।", "noOfMistakes": "0", "que_id": "HI_S1_P_0", "isCorrect": true, "recordingName": "HI_S1_P_0.mp3"}, {"que_text": "मोती", "noOfMistakes": "0", "que_id": "HI_S1_WD_2", "isCorrect": true, "recordingName": "HI_S1_WD_2.mp3"}, {"que_text": "झोला", "noOfMistakes": "0", "que_id": "HI_S1_WD_4", "isCorrect": true, "recordingName": "HI_S1_WD_4.mp3"}, {"que_text": "किला", "noOfMistakes": "0", "que_id": "HI_S1_WD_7", "isCorrect": true, "recordingName": "HI_S1_WD_7.mp3"}, {"que_text": "आग", "noOfMistakes": "0", "que_id": "HI_S1_WD_8", "isCorrect": true, "recordingName": "HI_S1_WD_8.mp3"}, {"que_text": "मोर", "noOfMistakes": "0", "que_id": "HI_S1_WD_9", "isCorrect": true, "recordingName": "HI_S1_WD_9.mp3"}, {"que_text": "म", "noOfMistakes": "0", "que_id": "HI_S1_L_0", "isCorrect": true, "recordingName": "HI_S1_L_0.mp3"}, {"que_text": "ल", "noOfMistakes": "0", "que_id": "HI_S1_L_5", "isCorrect": true, "recordingName": "HI_S1_L_5.mp3"}, {"que_text": "ब", "noOfMistakes": "0", "que_id": "HI_S1_L_6", "isCorrect": true, "recordingName": "HI_S1_L_6.mp3"}, {"que_text": "घ", "noOfMistakes": "0", "que_id": "HI_S1_L_9", "isCorrect": true, "recordingName": "HI_S1_L_9.mp3"}, {"que_text": "बहुत दिनों से बारिश हो रही थी। गाँव में सभी जगह गंदा पानी भर गया था। सभी बारिश के रुकने की राह देख रहे थे। अचानक एक दिन बारिश रुक गई। सूरज निकल आया। सब लोग खुश हो गये। आसमान में चिड़ियाँ उड़ने लगीं। लोग अपने कपड़े सुखाने लगे। बच्चे भी घरों से बाहर निकलकर खेलने लगे।", "noOfMistakes": "0", "que_id": "HI_S1_ST_0", "isCorrect": true, "recordingName": "HI_S1_ST_0.mp3"}, {"que_text": "Y", "noOfMistakes": "0", "que_id": "HI_S1_CL_5", "isCorrect": true, "recordingName": "HI_S1_CL_5.mp3"}, {"que_text": "N", "noOfMistakes": "0", "que_id": "HI_S1_CL_6", "isCorrect": true, "recordingName": "HI_S1_CL_6.mp3"}, {"que_text": "Q", "noOfMistakes": "0", "que_id": "HI_S1_CL_2", "isCorrect": true, "recordingName": "HI_S1_CL_2.mp3"}, {"que_text": "J", "noOfMistakes": "0", "que_id": "HI_S1_CL_1", "isCorrect": true, "recordingName": "HI_S1_CL_1.mp3"}, {"que_text": "R", "noOfMistakes": "0", "que_id": "HI_S1_CL_3", "isCorrect": true, "recordingName": "HI_S1_CL_3.mp3"}, {"que_text": "g", "noOfMistakes": "0", "que_id": "HI_S1_SL_6", "isCorrect": true, "recordingName": "HI_S1_SL_6.mp3"}, {"que_text": "d", "noOfMistakes": "0", "que_id": "HI_S1_SL_5", "isCorrect": true, "recordingName": "HI_S1_SL_5.mp3"}, {"que_text": "h", "noOfMistakes": "0", "que_id": "HI_S1_SL_0", "isCorrect": true, "recordingName": "HI_S1_SL_0.mp3"}, {"que_text": "t", "noOfMistakes": "0", "que_id": "HI_S1_SL_7", "isCorrect": true, "recordingName": "HI_S1_SL_7.mp3"}, {"que_text": "p", "noOfMistakes": "0", "que_id": "HI_S1_SL_1", "isCorrect": true, "recordingName": "HI_S1_SL_1.mp3"}, {"que_text": "cat", "noOfMistakes": "0", "que_id": "HI_S1_W_0", "isCorrect": true, "recordingName": "HI_S1_W_0.mp3"}, {"que_text": "lip", "noOfMistakes": "0", "que_id": "HI_S1_W_3", "isCorrect": true, "recordingName": "HI_S1_W_3.mp3"}, {"que_text": "fan", "noOfMistakes": "0", "que_id": "HI_S1_W_4", "isCorrect": true, "recordingName": "HI_S1_W_4.mp3"}, {"que_text": "bus", "noOfMistakes": "0", "que_id": "HI_S1_W_5", "isCorrect": true, "recordingName": "HI_S1_W_5.mp3"}, {"que_text": "sun", "noOfMistakes": "0", "que_id": "HI_S1_W_2", "isCorrect": true, "recordingName": "HI_S1_W_2.mp3"}], "deviceID": "fa0238eb6d4dfa6c", "ageGroup": "12-15 years", "studClass": "8", "nativeProficiency": "Story", "date": "Thu Sep 05 14:11:37 GMT+05:30 2019"}