{"sequenceList": [{"recordingName": "HI_S2_P_0.mp3", "isCorrect": false, "que_text": "सोनी के पास एक माला है। उसमें बहुत सारे मोती हैं। मोती पीले रंग के हैं। सोनी उसे पहनती है।", "noOfMistakes": "200", "que_id": "HI_S2_P_0"}, {"recordingName": "HI_S1_WD_2.mp3", "isCorrect": true, "que_text": "शेर", "noOfMistakes": "1", "que_id": "HI_S1_WD_2"}, {"recordingName": "HI_S1_WD_4.mp3", "isCorrect": true, "que_text": "भालू", "noOfMistakes": "1", "que_id": "HI_S1_WD_4"}, {"recordingName": "HI_S1_WD_9.mp3", "isCorrect": true, "que_text": "मोर", "noOfMistakes": "1", "que_id": "HI_S1_WD_9"}, {"recordingName": "HI_S1_WD_8.mp3", "isCorrect": false, "que_text": "दिन", "noOfMistakes": "1", "que_id": "HI_S1_WD_8"}, {"recordingName": "HI_S1_WD_7.mp3", "isCorrect": true, "que_text": "फूल", "noOfMistakes": "1", "que_id": "HI_S1_WD_7"}, {"answer": "18", "isCorrect": true, "que_text": "36-18", "noOfMistakes": "1", "que_id": "HI_S2_SB_6"}, {"answer": "21", "isCorrect": false, "que_text": "68-49", "noOfMistakes": "1", "que_id": "HI_S2_SB_7"}, {"recordingName": "HI_S2_DD_8.mp3", "isCorrect": true, "que_text": "25", "noOfMistakes": "1", "que_id": "HI_S2_DD_8"}, {"recordingName": "HI_S2_DD_7.mp3", "isCorrect": true, "que_text": "84", "noOfMistakes": "1", "que_id": "HI_S2_DD_7"}, {"recordingName": "HI_S2_DD_6.mp3", "isCorrect": false, "que_text": "46", "noOfMistakes": "1", "que_id": "HI_S2_DD_6"}, {"recordingName": "HI_S2_DD_4.mp3", "isCorrect": true, "que_text": "34", "noOfMistakes": "1", "que_id": "HI_S2_DD_4"}, {"recordingName": "HI_S2_DD_5.mp3", "isCorrect": true, "que_text": "61", "noOfMistakes": "1", "que_id": "HI_S2_DD_5"}, {"recordingName": "HI_S2_CL_0.mp3", "isCorrect": false, "que_text": "B", "noOfMistakes": "2", "que_id": "HI_S2_CL_0"}, {"recordingName": "HI_S2_CL_4.mp3", "isCorrect": true, "que_text": "V", "noOfMistakes": "2", "que_id": "HI_S2_CL_4"}, {"recordingName": "HI_S2_CL_6.mp3", "isCorrect": true, "que_text": "P", "noOfMistakes": "2", "que_id": "HI_S2_CL_6"}, {"recordingName": "HI_S2_CL_7.mp3", "isCorrect": false, "que_text": "F", "noOfMistakes": "2", "que_id": "HI_S2_CL_7"}, {"recordingName": "HI_S2_CL_2.mp3", "isCorrect": true, "que_text": "R", "noOfMistakes": "2", "que_id": "HI_S2_CL_2"}], "englishProficiency": "Beginner", "studClass": "5", "date": "Wed Sep 18 13:51:05 GMT+05:30 2019", "mathematicsProficiency": "Double digit", "deviceID": "4bc511b3316032dd", "ageGroup": "10-12 years", "nativeProficiency": "Word"}