{"sequenceList": [{"recordingName": "HI_S2_P_1.mp3", "isCorrect": false, "que_text": "मीना पढ़ने जाती है। राजू भी साथ जाता है। दोनों शाम को लौटकर आते हैं। घर आकर खाना खाते हैं।", "noOfMistakes": "200", "que_id": "HI_S2_P_1"}, {"recordingName": "HI_S1_WD_3.mp3", "isCorrect": false, "que_text": "नानी", "noOfMistakes": "5", "que_id": "HI_S1_WD_3"}, {"recordingName": "HI_S1_WD_1.mp3", "isCorrect": false, "que_text": "कैसा", "noOfMistakes": "5", "que_id": "HI_S1_WD_1"}, {"recordingName": "HI_S1_WD_7.mp3", "isCorrect": false, "que_text": "फूल", "noOfMistakes": "5", "que_id": "HI_S1_WD_7"}, {"recordingName": "HI_S1_WD_8.mp3", "isCorrect": false, "que_text": "दिन", "noOfMistakes": "5", "que_id": "HI_S1_WD_8"}, {"recordingName": "HI_S1_WD_0.mp3", "isCorrect": false, "que_text": "हीरा", "noOfMistakes": "5", "que_id": "HI_S1_WD_0"}, {"recordingName": "HI_S2_L_3.mp3", "isCorrect": true, "que_text": "ब", "noOfMistakes": "2", "que_id": "HI_S2_L_3"}, {"recordingName": "HI_S2_L_1.mp3", "isCorrect": true, "que_text": "क", "noOfMistakes": "2", "que_id": "HI_S2_L_1"}, {"recordingName": "HI_S2_L_4.mp3", "isCorrect": false, "que_text": "ल", "noOfMistakes": "2", "que_id": "HI_S2_L_4"}, {"recordingName": "HI_S2_L_2.mp3", "isCorrect": true, "que_text": "च", "noOfMistakes": "2", "que_id": "HI_S2_L_2"}, {"recordingName": "HI_S2_L_7.mp3", "isCorrect": false, "que_text": "त", "noOfMistakes": "2", "que_id": "HI_S2_L_7"}, {"answer": "-", "isCorrect": false, "que_text": "84-35", "noOfMistakes": "2", "que_id": "HI_S2_SB_3"}, {"answer": "-", "isCorrect": false, "que_text": "41-15", "noOfMistakes": "2", "que_id": "HI_S2_SB_4"}, {"recordingName": "HI_S2_DD_8.mp3", "isCorrect": false, "que_text": "25", "noOfMistakes": "5", "que_id": "HI_S2_DD_8"}, {"recordingName": "HI_S2_DD_4.mp3", "isCorrect": false, "que_text": "34", "noOfMistakes": "5", "que_id": "HI_S2_DD_4"}, {"recordingName": "HI_S2_DD_0.mp3", "isCorrect": false, "que_text": "76", "noOfMistakes": "5", "que_id": "HI_S2_DD_0"}, {"recordingName": "HI_S2_DD_1.mp3", "isCorrect": false, "que_text": "58", "noOfMistakes": "5", "que_id": "HI_S2_DD_1"}, {"recordingName": "HI_S2_DD_7.mp3", "isCorrect": false, "que_text": "84", "noOfMistakes": "5", "que_id": "HI_S2_DD_7"}, {"recordingName": "HI_S2_SD_0.mp3", "isCorrect": true, "que_text": "2", "noOfMistakes": "1", "que_id": "HI_S2_SD_0"}, {"recordingName": "HI_S2_SD_1.mp3", "isCorrect": true, "que_text": "7", "noOfMistakes": "1", "que_id": "HI_S2_SD_1"}, {"recordingName": "HI_S2_SD_3.mp3", "isCorrect": true, "que_text": "5", "noOfMistakes": "1", "que_id": "HI_S2_SD_3"}, {"recordingName": "HI_S2_SD_6.mp3", "isCorrect": true, "que_text": "4", "noOfMistakes": "1", "que_id": "HI_S2_SD_6"}, {"recordingName": "HI_S2_SD_4.mp3", "isCorrect": false, "que_text": "9", "noOfMistakes": "1", "que_id": "HI_S2_SD_4"}, {"recordingName": "HI_S2_CL_3.mp3", "isCorrect": false, "que_text": "L", "noOfMistakes": "2", "que_id": "HI_S2_CL_3"}, {"recordingName": "HI_S2_CL_0.mp3", "isCorrect": true, "que_text": "B", "noOfMistakes": "2", "que_id": "HI_S2_CL_0"}, {"recordingName": "HI_S2_CL_7.mp3", "isCorrect": true, "que_text": "F", "noOfMistakes": "2", "que_id": "HI_S2_CL_7"}, {"recordingName": "HI_S2_CL_1.mp3", "isCorrect": true, "que_text": "H", "noOfMistakes": "2", "que_id": "HI_S2_CL_1"}, {"recordingName": "HI_S2_CL_6.mp3", "isCorrect": false, "que_text": "P", "noOfMistakes": "2", "que_id": "HI_S2_CL_6"}], "englishProficiency": "Beginner", "studClass": "2", "date": "Tue Sep 24 17:16:53 IST 2019", "mathematicsProficiency": "Single digit", "deviceID": "b9fa18efa17065a7", "ageGroup": "5-7 years", "nativeProficiency": "Beginner"}