{"date": "Wed Sep 04 18:14:29 IST 2019", "sequenceList": [{"recordingName": "MR_S3_P_1.mp3", "isCorrect": false, "que_text": "अंगणात चिमणी येते. मी तिला दाणे टाकते. चिमणी दाणे खाते. खाऊन उडून जाते.", "noOfMistakes": "6", "que_id": "MR_S3_P_1"}, {"recordingName": "MR_S3_WD_1.mp3", "isCorrect": true, "que_text": "लाल", "noOfMistakes": "0", "que_id": "MR_S3_WD_1"}, {"recordingName": "MR_S3_WD_2.mp3", "isCorrect": true, "que_text": "पूर", "noOfMistakes": "0", "que_id": "MR_S3_WD_2"}, {"recordingName": "MR_S3_WD_7.mp3", "isCorrect": true, "que_text": "जोर", "noOfMistakes": "0", "que_id": "MR_S3_WD_7"}, {"recordingName": "MR_S3_WD_8.mp3", "isCorrect": true, "que_text": "विमान", "noOfMistakes": "0", "que_id": "MR_S3_WD_8"}, {"recordingName": "MR_S3_CL_0.mp3", "isCorrect": true, "que_text": "C", "noOfMistakes": "0", "que_id": "MR_S3_CL_0"}, {"recordingName": "MR_S3_CL_1.mp3", "isCorrect": true, "que_text": "K", "noOfMistakes": "0", "que_id": "MR_S3_CL_1"}, {"recordingName": "MR_S3_CL_2.mp3", "isCorrect": true, "que_text": "S", "noOfMistakes": "0", "que_id": "MR_S3_CL_2"}, {"recordingName": "MR_S3_CL_4.mp3", "isCorrect": true, "que_text": "F", "noOfMistakes": "0", "que_id": "MR_S3_CL_4"}, {"recordingName": "MR_S3_SL_0.mp3", "isCorrect": false, "que_text": "n", "noOfMistakes": "3", "que_id": "MR_S3_SL_0"}, {"recordingName": "MR_S3_SL_3.mp3", "isCorrect": false, "que_text": "v", "noOfMistakes": "3", "que_id": "MR_S3_SL_3"}, {"recordingName": "MR_S3_SL_5.mp3", "isCorrect": false, "que_text": "j", "noOfMistakes": "3", "que_id": "MR_S3_SL_5"}], "englishProficiency": "Capital letter", "studClass": "4", "deviceID": "d0e0fbc20a5d9802", "ageGroup": "7-10 years", "nativeProficiency": "Word"}