{"englishProficiency": "Beginner", "sequenceList": [{"que_text": "सोनी के पास एक माला है। उसमें बहुत सारे मोती हैं। मोती पीले रंग के हैं। सोनी उसे पहनती है।", "noOfMistakes": "200", "que_id": "HI_S2_P_0", "isCorrect": false, "recordingName": "HI_S2_P_0.mp3"}, {"que_text": "हीरा", "noOfMistakes": "5", "que_id": "HI_S1_WD_0", "isCorrect": false, "recordingName": "HI_S1_WD_0.mp3"}, {"que_text": "कैसा", "noOfMistakes": "5", "que_id": "HI_S1_WD_1", "isCorrect": false, "recordingName": "HI_S1_WD_1.mp3"}, {"que_text": "शेर", "noOfMistakes": "5", "que_id": "HI_S1_WD_2", "isCorrect": false, "recordingName": "HI_S1_WD_2.mp3"}, {"que_text": "नानी", "noOfMistakes": "5", "que_id": "HI_S1_WD_3", "isCorrect": false, "recordingName": "HI_S1_WD_3.mp3"}, {"que_text": "भालू", "noOfMistakes": "5", "que_id": "HI_S1_WD_4", "isCorrect": false, "recordingName": "HI_S1_WD_4.mp3"}, {"que_text": "द", "noOfMistakes": "5", "que_id": "HI_S2_L_0", "isCorrect": false, "recordingName": "HI_S2_L_0.mp3"}, {"que_text": "क", "noOfMistakes": "5", "que_id": "HI_S2_L_1", "isCorrect": false, "recordingName": "HI_S2_L_1.mp3"}, {"que_text": "च", "noOfMistakes": "5", "que_id": "HI_S2_L_2", "isCorrect": false, "recordingName": "HI_S2_L_2.mp3"}, {"que_text": "ब", "noOfMistakes": "5", "que_id": "HI_S2_L_3", "isCorrect": false, "recordingName": "HI_S2_L_3.mp3"}, {"que_text": "ल", "noOfMistakes": "5", "que_id": "HI_S2_L_4", "isCorrect": false, "recordingName": "HI_S2_L_4.mp3"}, {"que_text": "B", "noOfMistakes": "5", "que_id": "HI_S2_CL_0", "isCorrect": false, "recordingName": "HI_S2_CL_0.mp3"}, {"que_text": "H", "noOfMistakes": "5", "que_id": "HI_S2_CL_1", "isCorrect": false, "recordingName": "HI_S2_CL_1.mp3"}, {"que_text": "R", "noOfMistakes": "5", "que_id": "HI_S2_CL_2", "isCorrect": false, "recordingName": "HI_S2_CL_2.mp3"}, {"que_text": "L", "noOfMistakes": "5", "que_id": "HI_S2_CL_3", "isCorrect": false, "recordingName": "HI_S2_CL_3.mp3"}, {"que_text": "V", "noOfMistakes": "5", "que_id": "HI_S2_CL_4", "isCorrect": false, "recordingName": "HI_S2_CL_4.mp3"}], "deviceID": "f48de9cec804d735", "ageGroup": "7-10 years", "studClass": "2", "nativeProficiency": "Beginner", "date": "Thu Sep 19 16:49:27 IST 2019"}