{"sequenceList": [{"recordingName": "MR_S4_P_1.mp3", "isCorrect": false, "que_text": "आज रविवार आहे. शाळेला रजा आहे. सगळे मिळून खेळूया. आज खेळायचा दिवस आहे.", "noOfMistakes": "200", "que_id": "MR_S4_P_1"}, {"recordingName": "MR_S4_WD_4.mp3", "isCorrect": false, "que_text": "विमान", "noOfMistakes": "2", "que_id": "MR_S4_WD_4"}, {"recordingName": "MR_S4_WD_0.mp3", "isCorrect": false, "que_text": "सैल", "noOfMistakes": "2", "que_id": "MR_S4_WD_0"}, {"recordingName": "MR_S4_L_4.mp3", "isCorrect": true, "que_text": "फ", "noOfMistakes": "0", "que_id": "MR_S4_L_4"}, {"recordingName": "MR_S4_L_5.mp3", "isCorrect": true, "que_text": "ड", "noOfMistakes": "0", "que_id": "MR_S4_L_5"}, {"recordingName": "MR_S4_L_8.mp3", "isCorrect": true, "que_text": "ढ", "noOfMistakes": "0", "que_id": "MR_S4_L_8"}, {"recordingName": "MR_S4_L_2.mp3", "isCorrect": true, "que_text": "ल", "noOfMistakes": "0", "que_id": "MR_S4_L_2"}, {"recordingName": "MR_S4_L_1.mp3", "isCorrect": true, "que_text": "ब", "noOfMistakes": "0", "que_id": "MR_S4_L_1"}, {"answer": "-", "isCorrect": false, "que_text": "73 - 44", "noOfMistakes": "1", "que_id": "MR_S4_SB_0"}, {"recordingName": "MR_S4_SD_3.mp3", "isCorrect": true, "que_text": "4", "noOfMistakes": "0", "que_id": "MR_S4_SD_3"}, {"recordingName": "MR_S4_SD_4.mp3", "isCorrect": true, "que_text": "2", "noOfMistakes": "0", "que_id": "MR_S4_SD_4"}, {"recordingName": "MR_S4_SD_5.mp3", "isCorrect": true, "que_text": "9", "noOfMistakes": "0", "que_id": "MR_S4_SD_5"}, {"recordingName": "MR_S4_SD_0.mp3", "isCorrect": true, "que_text": "5", "noOfMistakes": "0", "que_id": "MR_S4_SD_0"}, {"recordingName": "MR_S4_SD_2.mp3", "isCorrect": true, "que_text": "8", "noOfMistakes": "0", "que_id": "MR_S4_SD_2"}, {"recordingName": "MR_S4_CL_0.mp3", "isCorrect": true, "que_text": "D", "noOfMistakes": "0", "que_id": "MR_S4_CL_0"}, {"recordingName": "MR_S4_CL_7.mp3", "isCorrect": true, "que_text": "N", "noOfMistakes": "0", "que_id": "MR_S4_CL_7"}, {"recordingName": "MR_S4_CL_4.mp3", "isCorrect": true, "que_text": "G", "noOfMistakes": "0", "que_id": "MR_S4_CL_4"}, {"recordingName": "MR_S4_CL_5.mp3", "isCorrect": true, "que_text": "X", "noOfMistakes": "0", "que_id": "MR_S4_CL_5"}, {"recordingName": "MR_S4_CL_3.mp3", "isCorrect": true, "que_text": "K", "noOfMistakes": "0", "que_id": "MR_S4_CL_3"}, {"recordingName": "MR_S4_SL_2.mp3", "isCorrect": true, "que_text": "i", "noOfMistakes": "0", "que_id": "MR_S4_SL_2"}, {"recordingName": "MR_S4_SL_7.mp3", "isCorrect": true, "que_text": "h", "noOfMistakes": "0", "que_id": "MR_S4_SL_7"}, {"recordingName": "MR_S4_SL_3.mp3", "isCorrect": true, "que_text": "s", "noOfMistakes": "0", "que_id": "MR_S4_SL_3"}, {"recordingName": "MR_S4_SL_4.mp3", "isCorrect": true, "que_text": "v", "noOfMistakes": "0", "que_id": "MR_S4_SL_4"}, {"recordingName": "MR_S4_SL_5.mp3", "isCorrect": true, "que_text": "m", "noOfMistakes": "0", "que_id": "MR_S4_SL_5"}, {"recordingName": "MR_S4_W_0.mp3", "isCorrect": false, "que_text": "dog", "noOfMistakes": "2", "que_id": "MR_S4_W_0"}, {"recordingName": "MR_S4_W_1.mp3", "isCorrect": false, "que_text": "fat", "noOfMistakes": "2", "que_id": "MR_S4_W_1"}], "englishProficiency": "Small letter", "studClass": "1", "date": "Sat Jul 13 17:09:50 GMT+05:30 2019", "mathematicsProficiency": "Single digit", "deviceID": "3ebaa9d14abd9a0f", "ageGroup": "5-7 years", "nativeProficiency": "Letter"}