{"sequenceList": [{"recordingName": "MR_S4_P_0.mp3", "isCorrect": false, "que_text": "गीता बागेत आली. तिकडे तिला मंजू भेटली. दोघींनी जोरात झोका घेतला. आज खूपच मजा आली.", "noOfMistakes": "200", "que_id": "MR_S4_P_0"}, {"recordingName": "MR_S4_WD_4.mp3", "isCorrect": false, "que_text": "विमान", "noOfMistakes": "5", "que_id": "MR_S4_WD_4"}, {"recordingName": "MR_S4_WD_8.mp3", "isCorrect": false, "que_text": "पूर", "noOfMistakes": "5", "que_id": "MR_S4_WD_8"}, {"recordingName": "MR_S4_WD_7.mp3", "isCorrect": false, "que_text": "केळे", "noOfMistakes": "5", "que_id": "MR_S4_WD_7"}, {"recordingName": "MR_S4_WD_5.mp3", "isCorrect": false, "que_text": "लाल", "noOfMistakes": "5", "que_id": "MR_S4_WD_5"}, {"recordingName": "MR_S4_WD_1.mp3", "isCorrect": false, "que_text": "फेटा", "noOfMistakes": "5", "que_id": "MR_S4_WD_1"}, {"recordingName": "MR_S4_L_0.mp3", "isCorrect": true, "que_text": "ख", "noOfMistakes": "1", "que_id": "MR_S4_L_0"}, {"recordingName": "MR_S4_L_4.mp3", "isCorrect": true, "que_text": "फ", "noOfMistakes": "1", "que_id": "MR_S4_L_4"}, {"recordingName": "MR_S4_L_7.mp3", "isCorrect": true, "que_text": "ण", "noOfMistakes": "1", "que_id": "MR_S4_L_7"}, {"recordingName": "MR_S4_L_6.mp3", "isCorrect": false, "que_text": "भ", "noOfMistakes": "1", "que_id": "MR_S4_L_6"}, {"recordingName": "MR_S4_L_3.mp3", "isCorrect": true, "que_text": "ग", "noOfMistakes": "1", "que_id": "MR_S4_L_3"}, {"answer": "-", "isCorrect": false, "que_text": "96 - 48", "noOfMistakes": "1", "que_id": "MR_S4_SB_4"}, {"recordingName": "MR_S4_DD_0.mp3", "isCorrect": false, "que_text": "71", "noOfMistakes": "2", "que_id": "MR_S4_DD_0"}, {"recordingName": "MR_S4_DD_4.mp3", "isCorrect": false, "que_text": "23", "noOfMistakes": "2", "que_id": "MR_S4_DD_4"}, {"recordingName": "MR_S4_SD_0.mp3", "isCorrect": false, "que_text": "5", "noOfMistakes": "5", "que_id": "MR_S4_SD_0"}, {"recordingName": "MR_S4_SD_1.mp3", "isCorrect": false, "que_text": "7", "noOfMistakes": "5", "que_id": "MR_S4_SD_1"}, {"recordingName": "MR_S4_SD_4.mp3", "isCorrect": false, "que_text": "2", "noOfMistakes": "5", "que_id": "MR_S4_SD_4"}, {"recordingName": "MR_S4_SD_5.mp3", "isCorrect": false, "que_text": "9", "noOfMistakes": "5", "que_id": "MR_S4_SD_5"}, {"recordingName": "MR_S4_SD_7.mp3", "isCorrect": false, "que_text": "1", "noOfMistakes": "5", "que_id": "MR_S4_SD_7"}, {"recordingName": "MR_S4_CL_1.mp3", "isCorrect": false, "que_text": "L", "noOfMistakes": "3", "que_id": "MR_S4_CL_1"}, {"recordingName": "MR_S4_CL_7.mp3", "isCorrect": false, "que_text": "N", "noOfMistakes": "3", "que_id": "MR_S4_CL_7"}, {"recordingName": "MR_S4_CL_4.mp3", "isCorrect": true, "que_text": "G", "noOfMistakes": "3", "que_id": "MR_S4_CL_4"}, {"recordingName": "MR_S4_CL_5.mp3", "isCorrect": false, "que_text": "X", "noOfMistakes": "3", "que_id": "MR_S4_CL_5"}], "englishProficiency": "Beginner", "studClass": "2", "date": "Wed Jul 10 11:54:20 GMT+05:30 2019", "mathematicsProficiency": "Beginner", "deviceID": "3ebaa9d14abd9a0f", "ageGroup": "5-7 years", "nativeProficiency": "Letter"}