{"englishProficiency": "Beginner", "sequenceList": [{"que_text": "गीता बागेत आली. तिकडे तिला मंजू भेटली. दोघींनी जोरात झोका घेतला. आज खूपच मजा आली.", "noOfMistakes": "200", "que_id": "MR_S4_P_0", "isCorrect": false, "recordingName": "MR_S4_P_0.mp3"}, {"que_text": "विमान", "noOfMistakes": "5", "que_id": "MR_S4_WD_4", "isCorrect": false, "recordingName": "MR_S4_WD_4.mp3"}, {"que_text": "पूर", "noOfMistakes": "5", "que_id": "MR_S4_WD_8", "isCorrect": false, "recordingName": "MR_S4_WD_8.mp3"}, {"que_text": "केळे", "noOfMistakes": "5", "que_id": "MR_S4_WD_7", "isCorrect": false, "recordingName": "MR_S4_WD_7.mp3"}, {"que_text": "लाल", "noOfMistakes": "5", "que_id": "MR_S4_WD_5", "isCorrect": false, "recordingName": "MR_S4_WD_5.mp3"}, {"que_text": "फेटा", "noOfMistakes": "5", "que_id": "MR_S4_WD_1", "isCorrect": false, "recordingName": "MR_S4_WD_1.mp3"}, {"que_text": "ख", "noOfMistakes": "1", "que_id": "MR_S4_L_0", "isCorrect": true, "recordingName": "MR_S4_L_0.mp3"}, {"que_text": "फ", "noOfMistakes": "1", "que_id": "MR_S4_L_4", "isCorrect": true, "recordingName": "MR_S4_L_4.mp3"}, {"que_text": "ण", "noOfMistakes": "1", "que_id": "MR_S4_L_7", "isCorrect": true, "recordingName": "MR_S4_L_7.mp3"}, {"que_text": "भ", "noOfMistakes": "1", "que_id": "MR_S4_L_6", "isCorrect": false, "recordingName": "MR_S4_L_6.mp3"}, {"que_text": "ग", "noOfMistakes": "1", "que_id": "MR_S4_L_3", "isCorrect": true, "recordingName": "MR_S4_L_3.mp3"}, {"que_text": "L", "noOfMistakes": "3", "que_id": "MR_S4_CL_1", "isCorrect": false, "recordingName": "MR_S4_CL_1.mp3"}, {"que_text": "N", "noOfMistakes": "3", "que_id": "MR_S4_CL_7", "isCorrect": false, "recordingName": "MR_S4_CL_7.mp3"}, {"que_text": "G", "noOfMistakes": "3", "que_id": "MR_S4_CL_4", "isCorrect": true, "recordingName": "MR_S4_CL_4.mp3"}, {"que_text": "X", "noOfMistakes": "3", "que_id": "MR_S4_CL_5", "isCorrect": false, "recordingName": "MR_S4_CL_5.mp3"}], "deviceID": "3ebaa9d14abd9a0f", "ageGroup": "5-7 years", "studClass": "2", "nativeProficiency": "Letter", "date": "Wed Jul 10 11:54:20 GMT+05:30 2019"}