{"englishProficiency": "Beginner", "sequenceList": [{"que_text": "न", "noOfMistakes": "2", "que_id": "HI_S4_L_0", "isCorrect": true, "recordingName": "HI_S4_L_0.mp3"}, {"que_text": "र", "noOfMistakes": "2", "que_id": "HI_S4_L_1", "isCorrect": true, "recordingName": "HI_S4_L_1.mp3"}, {"que_text": "म", "noOfMistakes": "2", "que_id": "HI_S4_L_2", "isCorrect": false, "recordingName": "HI_S4_L_2.mp3"}, {"que_text": "स", "noOfMistakes": "2", "que_id": "HI_S4_L_4", "isCorrect": false, "recordingName": "HI_S4_L_4.mp3"}, {"que_text": "च", "noOfMistakes": "2", "que_id": "HI_S4_L_3", "isCorrect": true, "recordingName": "HI_S4_L_3.mp3"}, {"que_text": "D", "noOfMistakes": "3", "que_id": "HI_S4_CL_0", "isCorrect": true, "recordingName": "HI_S4_CL_0.mp3"}, {"que_text": "L", "noOfMistakes": "3", "que_id": "HI_S4_CL_1", "isCorrect": false, "recordingName": "HI_S4_CL_1.mp3"}, {"que_text": "T", "noOfMistakes": "3", "que_id": "HI_S4_CL_2", "isCorrect": false, "recordingName": "HI_S4_CL_2.mp3"}, {"que_text": "G", "noOfMistakes": "3", "que_id": "HI_S4_CL_4", "isCorrect": true, "recordingName": "HI_S4_CL_4.mp3"}, {"que_text": "X", "noOfMistakes": "3", "que_id": "HI_S4_CL_5", "isCorrect": false, "recordingName": "HI_S4_CL_5.mp3"}], "deviceID": "6f25fd7d695cd215", "ageGroup": "less than 5 years", "studClass": "1", "nativeProficiency": "Letter", "date": "Tue Sep 10 17:34:58 IST 2019"}