{"englishProficiency": "Beginner", "sequenceList": [{"que_text": "अंगणात चिमणी येते. मी तिला दाणे टाकते. चिमणी दाणे खाते. खाऊन उडून जाते.", "noOfMistakes": "2", "que_id": "MR_S3_P_1", "isCorrect": true, "recordingName": "MR_S3_P_1.mp3"}, {"que_text": "मीना शाळेतून घरी आली. ती घरात एकटीच होती. तिला करमत नव्हते. मग मीनाने वाढदिवशी बाबांनी दिलेली बाहुली कपाटातून काढली. ती बाहुली घेऊन खेळायला लागली. थोड्या वेळाने राधा आली. तिने खाऊ आणला होता. मीनाने वाढदिवशी मिळालेली बाहुली राधाला दाखविली. राधाला बाहुली खूपच आवडली.मीनाने राधाला बाहुली देऊन टाकली. राधाने मीनाला खाऊ दिला. दोघी खूपच खूष झाल्या, त्यांनी एकमेकींना टाळ्या दिल्या. टाळ्या देता देता हसू लागल्या.", "noOfMistakes": "200", "que_id": "MR_S3_ST_0", "isCorrect": false, "recordingName": "MR_S3_ST_0.mp3"}, {"que_text": "C", "noOfMistakes": "5", "que_id": "MR_S3_CL_0", "isCorrect": false, "recordingName": "MR_S3_CL_0.mp3"}, {"que_text": "K", "noOfMistakes": "5", "que_id": "MR_S3_CL_1", "isCorrect": false, "recordingName": "MR_S3_CL_1.mp3"}, {"que_text": "S", "noOfMistakes": "5", "que_id": "MR_S3_CL_2", "isCorrect": false, "recordingName": "MR_S3_CL_2.mp3"}, {"que_text": "Q", "noOfMistakes": "5", "que_id": "MR_S3_CL_3", "isCorrect": false, "recordingName": "MR_S3_CL_3.mp3"}, {"que_text": "F", "noOfMistakes": "5", "que_id": "MR_S3_CL_4", "isCorrect": false, "recordingName": "MR_S3_CL_4.mp3"}], "deviceID": "7679c9355fd3bb61", "ageGroup": "5-7 years", "studClass": "2", "date": "Sat Sep 07 15:25:40 IST 2019", "nativeProficiency": "Paragraph"}