{"sequenceList": [{"answer": "49", "isCorrect": true, "que_text": "83-34", "noOfMistakes": "0", "que_id": "MR_S1_SB_1"}, {"recordingName": "MR_S1_CL_4.mp3", "isCorrect": true, "que_text": "E", "noOfMistakes": "0", "que_id": "MR_S1_CL_4"}, {"recordingName": "MR_S1_CL_7.mp3", "isCorrect": true, "que_text": "O", "noOfMistakes": "0", "que_id": "MR_S1_CL_7"}, {"recordingName": "MR_S1_CL_3.mp3", "isCorrect": true, "que_text": "R", "noOfMistakes": "0", "que_id": "MR_S1_CL_3"}, {"recordingName": "MR_S1_CL_2.mp3", "isCorrect": true, "que_text": "Q", "noOfMistakes": "0", "que_id": "MR_S1_CL_2"}, {"recordingName": "MR_S1_CL_0.mp3", "isCorrect": true, "que_text": "A", "noOfMistakes": "0", "que_id": "MR_S1_CL_0"}], "englishProficiency": "Capital letter", "studClass": "6", "date": "Wed Sep 04 17:12:00 IST 2019", "mathematicsProficiency": "Subtraction", "deviceID": "5b150edd580a5183", "ageGroup": "10-12 years", "nativeProficiency": "Paragraph"}