{"englishProficiency": "Capital letter", "sequenceList": [{"que_text": "नीतू के घर में गाय है। उसका रंग सफ़ेद है। गाय हरी घास खाती है। वह बहुत दूध देती है।", "noOfMistakes": "200", "que_id": "HI_S3_P_0", "isCorrect": false, "recordingName": "HI_S3_P_0.mp3"}, {"que_text": "क", "noOfMistakes": "0", "que_id": "HI_S3_L_1", "isCorrect": true, "recordingName": "HI_S3_L_1.mp3"}, {"que_text": "ल", "noOfMistakes": "0", "que_id": "HI_S3_L_4", "isCorrect": true, "recordingName": "HI_S3_L_4.mp3"}, {"que_text": "च", "noOfMistakes": "0", "que_id": "HI_S3_L_2", "isCorrect": true, "recordingName": "HI_S3_L_2.mp3"}, {"que_text": "त", "noOfMistakes": "0", "que_id": "HI_S3_L_7", "isCorrect": true, "recordingName": "HI_S3_L_7.mp3"}, {"que_text": "ह", "noOfMistakes": "0", "que_id": "HI_S3_L_6", "isCorrect": true, "recordingName": "HI_S3_L_6.mp3"}, {"que_text": "Z", "noOfMistakes": "0", "que_id": "HI_S3_CL_7", "isCorrect": true, "recordingName": "HI_S3_CL_7.mp3"}, {"que_text": "S", "noOfMistakes": "0", "que_id": "HI_S3_CL_2", "isCorrect": true, "recordingName": "HI_S3_CL_2.mp3"}, {"que_text": "K", "noOfMistakes": "0", "que_id": "HI_S3_CL_1", "isCorrect": true, "recordingName": "HI_S3_CL_1.mp3"}, {"que_text": "W", "noOfMistakes": "0", "que_id": "HI_S3_CL_5", "isCorrect": true, "recordingName": "HI_S3_CL_5.mp3"}, {"que_text": "F", "noOfMistakes": "0", "que_id": "HI_S3_CL_4", "isCorrect": true, "recordingName": "HI_S3_CL_4.mp3"}, {"que_text": "n", "noOfMistakes": "4", "que_id": "HI_S3_SL_0", "isCorrect": false, "recordingName": "HI_S3_SL_0.mp3"}, {"que_text": "g", "noOfMistakes": "4", "que_id": "HI_S3_SL_2", "isCorrect": false, "recordingName": "HI_S3_SL_2.mp3"}, {"que_text": "j", "noOfMistakes": "4", "que_id": "HI_S3_SL_5", "isCorrect": false, "recordingName": "HI_S3_SL_5.mp3"}, {"que_text": "e", "noOfMistakes": "4", "que_id": "HI_S3_SL_4", "isCorrect": false, "recordingName": "HI_S3_SL_4.mp3"}, {"que_text": "p", "noOfMistakes": "4", "que_id": "HI_S3_SL_1", "isCorrect": true, "recordingName": "HI_S3_SL_1.mp3"}], "deviceID": "c66208a6b7100eb2", "ageGroup": "7-10 years", "studClass": "2", "nativeProficiency": "Letter", "date": "Sat Jul 13 16:04:36 IST 2019"}