{"sequenceList": [{"recordingName": "HI_S1_L_0.mp3", "isCorrect": true, "que_text": "म", "noOfMistakes": "0", "que_id": "HI_S1_L_0"}, {"recordingName": "HI_S1_L_4.mp3", "isCorrect": true, "que_text": "श", "noOfMistakes": "0", "que_id": "HI_S1_L_4"}, {"recordingName": "HI_S1_L_1.mp3", "isCorrect": true, "que_text": "र", "noOfMistakes": "0", "que_id": "HI_S1_L_1"}, {"recordingName": "HI_S1_L_6.mp3", "isCorrect": true, "que_text": "ब", "noOfMistakes": "0", "que_id": "HI_S1_L_6"}, {"recordingName": "HI_S1_L_3.mp3", "isCorrect": true, "que_text": "ह", "noOfMistakes": "0", "que_id": "HI_S1_L_3"}, {"recordingName": "HI_S1_WD_0.mp3", "isCorrect": true, "que_text": "गाना", "noOfMistakes": "2", "que_id": "HI_S1_WD_0"}, {"recordingName": "HI_S1_WD_1.mp3", "isCorrect": true, "que_text": "खुश", "noOfMistakes": "2", "que_id": "HI_S1_WD_1"}, {"recordingName": "HI_S1_WD_3.mp3", "isCorrect": true, "que_text": "पैर", "noOfMistakes": "2", "que_id": "HI_S1_WD_3"}, {"recordingName": "HI_S1_WD_4.mp3", "isCorrect": false, "que_text": "झोला", "noOfMistakes": "2", "que_id": "HI_S1_WD_4"}, {"recordingName": "HI_S1_WD_5.mp3", "isCorrect": false, "que_text": "आलू", "noOfMistakes": "2", "que_id": "HI_S1_WD_5"}, {"recordingName": "HI_S1_SD_0.mp3", "isCorrect": true, "que_text": "3", "noOfMistakes": "0", "que_id": "HI_S1_SD_0"}, {"recordingName": "HI_S1_SD_1.mp3", "isCorrect": true, "que_text": "7", "noOfMistakes": "0", "que_id": "HI_S1_SD_1"}, {"recordingName": "HI_S1_SD_4.mp3", "isCorrect": true, "que_text": "8", "noOfMistakes": "0", "que_id": "HI_S1_SD_4"}, {"recordingName": "HI_S1_SD_3.mp3", "isCorrect": true, "que_text": "4", "noOfMistakes": "0", "que_id": "HI_S1_SD_3"}, {"recordingName": "HI_S1_SD_6.mp3", "isCorrect": true, "que_text": "5", "noOfMistakes": "0", "que_id": "HI_S1_SD_6"}, {"recordingName": "HI_S1_DD_0.mp3", "isCorrect": false, "que_text": "65", "noOfMistakes": "5", "que_id": "HI_S1_DD_0"}, {"recordingName": "HI_S1_DD_4.mp3", "isCorrect": false, "que_text": "47", "noOfMistakes": "5", "que_id": "HI_S1_DD_4"}, {"recordingName": "HI_S1_DD_1.mp3", "isCorrect": false, "que_text": "38", "noOfMistakes": "5", "que_id": "HI_S1_DD_1"}, {"recordingName": "HI_S1_DD_7.mp3", "isCorrect": false, "que_text": "87", "noOfMistakes": "5", "que_id": "HI_S1_DD_7"}, {"recordingName": "HI_S1_DD_6.mp3", "isCorrect": false, "que_text": "56", "noOfMistakes": "5", "que_id": "HI_S1_DD_6"}, {"recordingName": "HI_S1_CL_0.mp3", "isCorrect": true, "que_text": "A", "noOfMistakes": "0", "que_id": "HI_S1_CL_0"}, {"recordingName": "HI_S1_CL_1.mp3", "isCorrect": true, "que_text": "J", "noOfMistakes": "0", "que_id": "HI_S1_CL_1"}, {"recordingName": "HI_S1_CL_2.mp3", "isCorrect": true, "que_text": "Q", "noOfMistakes": "0", "que_id": "HI_S1_CL_2"}, {"recordingName": "HI_S1_CL_4.mp3", "isCorrect": true, "que_text": "E", "noOfMistakes": "0", "que_id": "HI_S1_CL_4"}, {"recordingName": "HI_S1_CL_3.mp3", "isCorrect": true, "que_text": "R", "noOfMistakes": "0", "que_id": "HI_S1_CL_3"}, {"recordingName": "HI_S1_SL_0.mp3", "isCorrect": true, "que_text": "h", "noOfMistakes": "1", "que_id": "HI_S1_SL_0"}, {"recordingName": "HI_S1_SL_4.mp3", "isCorrect": true, "que_text": "m", "noOfMistakes": "1", "que_id": "HI_S1_SL_4"}, {"recordingName": "HI_S1_SL_1.mp3", "isCorrect": true, "que_text": "p", "noOfMistakes": "1", "que_id": "HI_S1_SL_1"}, {"recordingName": "HI_S1_SL_7.mp3", "isCorrect": false, "que_text": "t", "noOfMistakes": "1", "que_id": "HI_S1_SL_7"}, {"recordingName": "HI_S1_SL_3.mp3", "isCorrect": true, "que_text": "u", "noOfMistakes": "1", "que_id": "HI_S1_SL_3"}], "englishProficiency": "Small letter", "studClass": "2", "date": "Wed Aug 28 16:04:08 IST 2019", "mathematicsProficiency": "Single digit", "deviceID": "c66208a6b7100eb2", "ageGroup": "7-10 years", "nativeProficiency": "Letter"}