{"englishProficiency": "Beginner", "sequenceList": [{"que_text": " माँ ने हलवा बनाया। वह बहुत मीठा था। उसे सोनी ने खाया। खाने के बाद वह सो गई।", "noOfMistakes": "200", "que_id": "HI_S1_P_1", "isCorrect": false, "recordingName": "HI_S1_P_1.mp3"}, {"que_text": "गाना", "noOfMistakes": "3", "que_id": "HI_S1_WD_0", "isCorrect": true, "recordingName": "HI_S1_WD_0.mp3"}, {"que_text": "आग", "noOfMistakes": "3", "que_id": "HI_S1_WD_8", "isCorrect": true, "recordingName": "HI_S1_WD_8.mp3"}, {"que_text": "मोती", "noOfMistakes": "3", "que_id": "HI_S1_WD_2", "isCorrect": false, "recordingName": "HI_S1_WD_2.mp3"}, {"que_text": "झोला", "noOfMistakes": "3", "que_id": "HI_S1_WD_4", "isCorrect": false, "recordingName": "HI_S1_WD_4.mp3"}, {"que_text": "खुश", "noOfMistakes": "3", "que_id": "HI_S1_WD_1", "isCorrect": false, "recordingName": "HI_S1_WD_1.mp3"}, {"que_text": "र", "noOfMistakes": "0", "que_id": "HI_S1_L_1", "isCorrect": true, "recordingName": "HI_S1_L_1.mp3"}, {"que_text": "क", "noOfMistakes": "0", "que_id": "HI_S1_L_8", "isCorrect": true, "recordingName": "HI_S1_L_8.mp3"}, {"que_text": "ल", "noOfMistakes": "0", "que_id": "HI_S1_L_5", "isCorrect": true, "recordingName": "HI_S1_L_5.mp3"}, {"que_text": "न", "noOfMistakes": "0", "que_id": "HI_S1_L_7", "isCorrect": true, "recordingName": "HI_S1_L_7.mp3"}, {"que_text": "ब", "noOfMistakes": "0", "que_id": "HI_S1_L_6", "isCorrect": true, "recordingName": "HI_S1_L_6.mp3"}, {"que_text": "A", "noOfMistakes": "4", "que_id": "HI_S1_CL_0", "isCorrect": true, "recordingName": "HI_S1_CL_0.mp3"}, {"que_text": "J", "noOfMistakes": "4", "que_id": "HI_S1_CL_1", "isCorrect": false, "recordingName": "HI_S1_CL_1.mp3"}, {"que_text": "O", "noOfMistakes": "4", "que_id": "HI_S1_CL_7", "isCorrect": false, "recordingName": "HI_S1_CL_7.mp3"}, {"que_text": "Q", "noOfMistakes": "4", "que_id": "HI_S1_CL_2", "isCorrect": false, "recordingName": "HI_S1_CL_2.mp3"}, {"que_text": "E", "noOfMistakes": "4", "que_id": "HI_S1_CL_4", "isCorrect": false, "recordingName": "HI_S1_CL_4.mp3"}], "deviceID": "c66208a6b7100eb2", "ageGroup": "7-10 years", "studClass": "2", "nativeProficiency": "Letter", "date": "Wed Jul 17 17:47:23 IST 2019"}