{"englishProficiency": "Capital letter", "sequenceList": [{"que_text": "मीना पढ़ने जाती है। राजू भी साथ जाता है। दोनों शाम को लौटकर आते हैं। घर आकर खाना खाते हैं।", "noOfMistakes": "200", "que_id": "HI_S2_P_1", "isCorrect": false, "recordingName": "HI_S2_P_1.mp3"}, {"que_text": "हीरा", "noOfMistakes": "5", "que_id": "HI_S1_WD_0", "isCorrect": false, "recordingName": "HI_S1_WD_0.mp3"}, {"que_text": "नानी", "noOfMistakes": "5", "que_id": "HI_S1_WD_3", "isCorrect": false, "recordingName": "HI_S1_WD_3.mp3"}, {"que_text": "कैसा", "noOfMistakes": "5", "que_id": "HI_S1_WD_1", "isCorrect": false, "recordingName": "HI_S1_WD_1.mp3"}, {"que_text": "काम", "noOfMistakes": "5", "que_id": "HI_S1_WD_5", "isCorrect": false, "recordingName": "HI_S1_WD_5.mp3"}, {"que_text": "भालू", "noOfMistakes": "5", "que_id": "HI_S1_WD_4", "isCorrect": false, "recordingName": "HI_S1_WD_4.mp3"}, {"que_text": "द", "noOfMistakes": "0", "que_id": "HI_S2_L_0", "isCorrect": true, "recordingName": "HI_S2_L_0.mp3"}, {"que_text": "क", "noOfMistakes": "0", "que_id": "HI_S2_L_1", "isCorrect": true, "recordingName": "HI_S2_L_1.mp3"}, {"que_text": "च", "noOfMistakes": "0", "que_id": "HI_S2_L_2", "isCorrect": true, "recordingName": "HI_S2_L_2.mp3"}, {"que_text": "ब", "noOfMistakes": "0", "que_id": "HI_S2_L_3", "isCorrect": true, "recordingName": "HI_S2_L_3.mp3"}, {"que_text": "त", "noOfMistakes": "0", "que_id": "HI_S2_L_7", "isCorrect": true, "recordingName": "HI_S2_L_7.mp3"}, {"que_text": "B", "noOfMistakes": "3", "que_id": "HI_S2_CL_0", "isCorrect": true, "recordingName": "HI_S2_CL_0.mp3"}, {"que_text": "H", "noOfMistakes": "3", "que_id": "HI_S2_CL_1", "isCorrect": false, "recordingName": "HI_S2_CL_1.mp3"}, {"que_text": "R", "noOfMistakes": "3", "que_id": "HI_S2_CL_2", "isCorrect": true, "recordingName": "HI_S2_CL_2.mp3"}, {"que_text": "P", "noOfMistakes": "3", "que_id": "HI_S2_CL_6", "isCorrect": false, "recordingName": "HI_S2_CL_6.mp3"}, {"que_text": "M", "noOfMistakes": "3", "que_id": "HI_S2_CL_5", "isCorrect": false, "recordingName": "HI_S2_CL_5.mp3"}], "deviceID": "7509912fa3c60c53", "ageGroup": "10-12 years", "studClass": "5", "date": "Thu Sep 05 16:08:10 IST 2019", "nativeProficiency": "Letter"}