{"sequenceList": [{"recordingName": "MR_S4_P_0.mp3", "isCorrect": false, "que_text": "गीता बागेत आली. तिकडे तिला मंजू भेटली. दोघींनी जोरात झोका घेतला. आज खूपच मजा आली.", "noOfMistakes": "200", "que_id": "MR_S4_P_0"}, {"recordingName": "MR_S4_WD_4.mp3", "isCorrect": true, "que_text": "विमान", "noOfMistakes": "1", "que_id": "MR_S4_WD_4"}, {"recordingName": "MR_S4_WD_3.mp3", "isCorrect": true, "que_text": "पाऊस", "noOfMistakes": "1", "que_id": "MR_S4_WD_3"}, {"recordingName": "MR_S4_WD_5.mp3", "isCorrect": true, "que_text": "लाल", "noOfMistakes": "1", "que_id": "MR_S4_WD_5"}, {"recordingName": "MR_S4_WD_8.mp3", "isCorrect": true, "que_text": "पूर", "noOfMistakes": "1", "que_id": "MR_S4_WD_8"}, {"recordingName": "MR_S4_WD_1.mp3", "isCorrect": false, "que_text": "फेटा", "noOfMistakes": "1", "que_id": "MR_S4_WD_1"}, {"recordingName": "MR_S4_DD_1.mp3", "isCorrect": false, "que_text": "24", "noOfMistakes": "2", "que_id": "MR_S4_DD_1"}, {"recordingName": "MR_S4_DD_6.mp3", "isCorrect": false, "que_text": "37", "noOfMistakes": "2", "que_id": "MR_S4_DD_6"}, {"recordingName": "MR_S4_SD_1.mp3", "isCorrect": true, "que_text": "7", "noOfMistakes": "0", "que_id": "MR_S4_SD_1"}, {"recordingName": "MR_S4_SD_7.mp3", "isCorrect": true, "que_text": "1", "noOfMistakes": "0", "que_id": "MR_S4_SD_7"}, {"recordingName": "MR_S4_SD_6.mp3", "isCorrect": true, "que_text": "3", "noOfMistakes": "0", "que_id": "MR_S4_SD_6"}, {"recordingName": "MR_S4_SD_3.mp3", "isCorrect": true, "que_text": "4", "noOfMistakes": "0", "que_id": "MR_S4_SD_3"}, {"recordingName": "MR_S4_SD_4.mp3", "isCorrect": true, "que_text": "2", "noOfMistakes": "0", "que_id": "MR_S4_SD_4"}, {"recordingName": "MR_S4_CL_1.mp3", "isCorrect": false, "que_text": "L", "noOfMistakes": "2", "que_id": "MR_S4_CL_1"}, {"recordingName": "MR_S4_CL_3.mp3", "isCorrect": false, "que_text": "K", "noOfMistakes": "2", "que_id": "MR_S4_CL_3"}], "englishProficiency": "Beginner", "studClass": "2", "date": "Wed Aug 07 17:14:31 GMT+05:30 2019", "mathematicsProficiency": "Single digit", "deviceID": "3ebaa9d14abd9a0f", "ageGroup": "7-10 years", "nativeProficiency": "Word"}