{"englishProficiency": "Capital letter", "sequenceList": [{"que_text": "सोनी के पास एक माला है। उसमें बहुत सारे मोती हैं। मोती पीले रंग के हैं। सोनी उसे पहनती है।", "noOfMistakes": "200", "que_id": "HI_S2_P_0", "isCorrect": true, "recordingName": "HI_S2_P_0.mp3"}, {"que_text": "नानी", "noOfMistakes": "5", "que_id": "HI_S1_WD_3", "isCorrect": false, "recordingName": "HI_S1_WD_3.mp3"}, {"que_text": "काम", "noOfMistakes": "5", "que_id": "HI_S1_WD_5", "isCorrect": false, "recordingName": "HI_S1_WD_5.mp3"}, {"que_text": "दिन", "noOfMistakes": "5", "que_id": "HI_S1_WD_8", "isCorrect": false, "recordingName": "HI_S1_WD_8.mp3"}, {"que_text": "फूल", "noOfMistakes": "5", "que_id": "HI_S1_WD_7", "isCorrect": false, "recordingName": "HI_S1_WD_7.mp3"}, {"que_text": "मोर", "noOfMistakes": "5", "que_id": "HI_S1_WD_9", "isCorrect": false, "recordingName": "HI_S1_WD_9.mp3"}, {"que_text": "क", "noOfMistakes": "1", "que_id": "HI_S2_L_1", "isCorrect": true, "recordingName": "HI_S2_L_1.mp3"}, {"que_text": "च", "noOfMistakes": "1", "que_id": "HI_S2_L_2", "isCorrect": true, "recordingName": "HI_S2_L_2.mp3"}, {"que_text": "ल", "noOfMistakes": "1", "que_id": "HI_S2_L_4", "isCorrect": true, "recordingName": "HI_S2_L_4.mp3"}, {"que_text": "त", "noOfMistakes": "1", "que_id": "HI_S2_L_7", "isCorrect": false, "recordingName": "HI_S2_L_7.mp3"}, {"que_text": "ख", "noOfMistakes": "1", "que_id": "HI_S2_L_9", "isCorrect": true, "recordingName": "HI_S2_L_9.mp3"}, {"que_text": "B", "noOfMistakes": "1", "que_id": "HI_S2_CL_0", "isCorrect": true, "recordingName": "HI_S2_CL_0.mp3"}, {"que_text": "H", "noOfMistakes": "1", "que_id": "HI_S2_CL_1", "isCorrect": false, "recordingName": "HI_S2_CL_1.mp3"}, {"que_text": "P", "noOfMistakes": "1", "que_id": "HI_S2_CL_6", "isCorrect": true, "recordingName": "HI_S2_CL_6.mp3"}, {"que_text": "R", "noOfMistakes": "1", "que_id": "HI_S2_CL_2", "isCorrect": true, "recordingName": "HI_S2_CL_2.mp3"}, {"que_text": "F", "noOfMistakes": "1", "que_id": "HI_S2_CL_7", "isCorrect": true, "recordingName": "HI_S2_CL_7.mp3"}, {"que_text": "s", "noOfMistakes": "2", "que_id": "HI_S2_SL_6", "isCorrect": false, "recordingName": "HI_S2_SL_6.mp3"}, {"que_text": "g", "noOfMistakes": "2", "que_id": "HI_S2_SL_4", "isCorrect": true, "recordingName": "HI_S2_SL_4.mp3"}, {"que_text": "u", "noOfMistakes": "2", "que_id": "HI_S2_SL_5", "isCorrect": true, "recordingName": "HI_S2_SL_5.mp3"}, {"que_text": "j", "noOfMistakes": "2", "que_id": "HI_S2_SL_1", "isCorrect": false, "recordingName": "HI_S2_SL_1.mp3"}, {"que_text": "o", "noOfMistakes": "2", "que_id": "HI_S2_SL_2", "isCorrect": true, "recordingName": "HI_S2_SL_2.mp3"}], "deviceID": "85b866ae30edb571", "ageGroup": "12-15 years", "studClass": "5", "nativeProficiency": "Letter", "date": "Sun Sep 15 15:12:20 IST 2019"}