{"englishProficiency": "Small letter", "sequenceList": [{"que_text": "नीतू के घर में गाय है। उसका रंग सफ़ेद है। गाय हरी घास खाती है। वह बहुत दूध देती है।", "noOfMistakes": "200", "que_id": "HI_S3_P_0", "isCorrect": false, "recordingName": "HI_S3_P_0.mp3"}, {"que_text": "तोता", "noOfMistakes": "4", "que_id": "HI_S3_WD_1", "isCorrect": false, "recordingName": "HI_S3_WD_1.mp3"}, {"que_text": "चूहा", "noOfMistakes": "4", "que_id": "HI_S3_WD_2", "isCorrect": false, "recordingName": "HI_S3_WD_2.mp3"}, {"que_text": "देर", "noOfMistakes": "4", "que_id": "HI_S3_WD_5", "isCorrect": false, "recordingName": "HI_S3_WD_5.mp3"}, {"que_text": "मैना", "noOfMistakes": "4", "que_id": "HI_S3_WD_4", "isCorrect": false, "recordingName": "HI_S3_WD_4.mp3"}, {"que_text": "नाक", "noOfMistakes": "4", "que_id": "HI_S3_WD_0", "isCorrect": true, "recordingName": "HI_S3_WD_0.mp3"}, {"que_text": "क", "noOfMistakes": "0", "que_id": "HI_S3_L_1", "isCorrect": true, "recordingName": "HI_S3_L_1.mp3"}, {"que_text": "च", "noOfMistakes": "0", "que_id": "HI_S3_L_2", "isCorrect": true, "recordingName": "HI_S3_L_2.mp3"}, {"que_text": "ल", "noOfMistakes": "0", "que_id": "HI_S3_L_4", "isCorrect": true, "recordingName": "HI_S3_L_4.mp3"}, {"que_text": "म", "noOfMistakes": "0", "que_id": "HI_S3_L_8", "isCorrect": true, "recordingName": "HI_S3_L_8.mp3"}, {"que_text": "त", "noOfMistakes": "0", "que_id": "HI_S3_L_7", "isCorrect": true, "recordingName": "HI_S3_L_7.mp3"}, {"que_text": "C", "noOfMistakes": "1", "que_id": "HI_S3_CL_0", "isCorrect": true, "recordingName": "HI_S3_CL_0.mp3"}, {"que_text": "S", "noOfMistakes": "1", "que_id": "HI_S3_CL_2", "isCorrect": true, "recordingName": "HI_S3_CL_2.mp3"}, {"que_text": "K", "noOfMistakes": "1", "que_id": "HI_S3_CL_1", "isCorrect": true, "recordingName": "HI_S3_CL_1.mp3"}, {"que_text": "W", "noOfMistakes": "1", "que_id": "HI_S3_CL_5", "isCorrect": false, "recordingName": "HI_S3_CL_5.mp3"}, {"que_text": "F", "noOfMistakes": "1", "que_id": "HI_S3_CL_4", "isCorrect": true, "recordingName": "HI_S3_CL_4.mp3"}, {"que_text": "p", "noOfMistakes": "1", "que_id": "HI_S3_SL_1", "isCorrect": true, "recordingName": "HI_S3_SL_1.mp3"}, {"que_text": "g", "noOfMistakes": "1", "que_id": "HI_S3_SL_2", "isCorrect": true, "recordingName": "HI_S3_SL_2.mp3"}, {"que_text": "e", "noOfMistakes": "1", "que_id": "HI_S3_SL_4", "isCorrect": true, "recordingName": "HI_S3_SL_4.mp3"}, {"que_text": "j", "noOfMistakes": "1", "que_id": "HI_S3_SL_5", "isCorrect": true, "recordingName": "HI_S3_SL_5.mp3"}, {"que_text": "n", "noOfMistakes": "1", "que_id": "HI_S3_SL_0", "isCorrect": false, "recordingName": "HI_S3_SL_0.mp3"}], "deviceID": "c66208a6b7100eb2", "ageGroup": "5-7 years", "studClass": "1", "nativeProficiency": "Letter", "date": "Wed Jul 24 15:01:18 IST 2019"}