{"englishProficiency": "Beginner", "sequenceList": [{"que_text": "आज रविवार आहे. शाळेला रजा आहे. तरी आज सकाळी मला लवकर जाग आली.", "noOfMistakes": "200", "que_id": "MR_S1_P_1", "isCorrect": false, "recordingName": "MR_S1_P_1.mp3"}, {"que_text": "बस", "noOfMistakes": "3", "que_id": "MR_S1_WD_1", "isCorrect": false, "recordingName": "MR_S1_WD_1.mp3"}, {"que_text": "दिवा", "noOfMistakes": "3", "que_id": "HI_S1_WD_4", "isCorrect": false, "recordingName": "HI_S1_WD_4.mp3"}, {"que_text": "मोती", "noOfMistakes": "3", "que_id": "HI_S1_WD_5", "isCorrect": false, "recordingName": "HI_S1_WD_5.mp3"}, {"que_text": "प", "noOfMistakes": "2", "que_id": "MR_S1_L_1", "isCorrect": false, "recordingName": "MR_S1_L_1.mp3"}, {"que_text": "य", "noOfMistakes": "2", "que_id": "MR_S1_L_4", "isCorrect": false, "recordingName": "MR_S1_L_4.mp3"}, {"que_text": "J", "noOfMistakes": "4", "que_id": "MH_S1_CL_1", "isCorrect": false, "recordingName": "MH_S1_CL_1.mp3"}, {"que_text": "A", "noOfMistakes": "4", "que_id": "MR_S1_CL_0", "isCorrect": false, "recordingName": "MR_S1_CL_0.mp3"}, {"que_text": "E", "noOfMistakes": "4", "que_id": "MR_S1_CL_4", "isCorrect": false, "recordingName": "MR_S1_CL_4.mp3"}, {"que_text": "Y", "noOfMistakes": "4", "que_id": "MR_S1_Cl_5", "isCorrect": false, "recordingName": "MR_S1_Cl_5.mp3"}], "deviceID": "3ebaa9d14abd9a0f", "ageGroup": "5-7 years", "studClass": "1", "nativeProficiency": "Beginner", "date": "Sun Jul 07 07:59:09 GMT+05:30 2019"}