{"sequenceList": [{"recordingName": "MR_S1_P_1.mp3", "isCorrect": false, "que_text": "आज रविवार आहे. शाळेला रजा आहे. तरी आज सकाळी मला लवकर जाग आली.", "noOfMistakes": "200", "que_id": "MR_S1_P_1"}, {"recordingName": "MR_S1_WD_1.mp3", "isCorrect": false, "que_text": "बस", "noOfMistakes": "3", "que_id": "MR_S1_WD_1"}, {"recordingName": "HI_S1_WD_4.mp3", "isCorrect": false, "que_text": "दिवा", "noOfMistakes": "3", "que_id": "HI_S1_WD_4"}, {"recordingName": "HI_S1_WD_5.mp3", "isCorrect": false, "que_text": "मोती", "noOfMistakes": "3", "que_id": "HI_S1_WD_5"}, {"recordingName": "MR_S1_L_1.mp3", "isCorrect": false, "que_text": "प", "noOfMistakes": "2", "que_id": "MR_S1_L_1"}, {"recordingName": "MR_S1_L_4.mp3", "isCorrect": false, "que_text": "य", "noOfMistakes": "2", "que_id": "MR_S1_L_4"}, {"answer": "-", "isCorrect": false, "que_text": "27-18", "noOfMistakes": "1", "que_id": "MR_S1_SB_5"}, {"recordingName": "MH_S1_CL_1.mp3", "isCorrect": false, "que_text": "J", "noOfMistakes": "4", "que_id": "MH_S1_CL_1"}, {"recordingName": "MR_S1_CL_0.mp3", "isCorrect": false, "que_text": "A", "noOfMistakes": "4", "que_id": "MR_S1_CL_0"}, {"recordingName": "MR_S1_CL_4.mp3", "isCorrect": false, "que_text": "E", "noOfMistakes": "4", "que_id": "MR_S1_CL_4"}, {"recordingName": "MR_S1_Cl_5.mp3", "isCorrect": false, "que_text": "Y", "noOfMistakes": "4", "que_id": "MR_S1_Cl_5"}], "englishProficiency": "Beginner", "studClass": "1", "date": "Sun Jul 07 07:59:09 GMT+05:30 2019", "mathematicsProficiency": "Beginner", "deviceID": "3ebaa9d14abd9a0f", "ageGroup": "5-7 years", "nativeProficiency": "Beginner"}