{"sequenceList": [{"recordingName": "HI_S1_SD_0.mp3", "isCorrect": false, "que_text": "3", "noOfMistakes": "2", "que_id": "HI_S1_SD_0"}, {"recordingName": "HI_S1_SD_1.mp3", "isCorrect": false, "que_text": "7", "noOfMistakes": "2", "que_id": "HI_S1_SD_1"}, {"recordingName": "HI_S1_CL_0.mp3", "isCorrect": true, "que_text": "A", "noOfMistakes": "4", "que_id": "HI_S1_CL_0"}, {"recordingName": "HI_S1_CL_1.mp3", "isCorrect": false, "que_text": "J", "noOfMistakes": "4", "que_id": "HI_S1_CL_1"}, {"recordingName": "HI_S1_CL_2.mp3", "isCorrect": false, "que_text": "Q", "noOfMistakes": "4", "que_id": "HI_S1_CL_2"}, {"recordingName": "HI_S1_CL_4.mp3", "isCorrect": false, "que_text": "E", "noOfMistakes": "4", "que_id": "HI_S1_CL_4"}, {"recordingName": "HI_S1_CL_3.mp3", "isCorrect": false, "que_text": "R", "noOfMistakes": "4", "que_id": "HI_S1_CL_3"}], "englishProficiency": "Beginner", "studClass": "2", "date": "Thu Sep 19 17:14:07 GMT+05:30 2019", "mathematicsProficiency": "Beginner", "deviceID": "d9731a1c335a3394", "ageGroup": "5-7 years", "nativeProficiency": "Beginner"}