{"englishProficiency": "Small letter", "sequenceList": [{"que_text": "खडू", "noOfMistakes": "1", "que_id": "MR_S2_WD_0", "isCorrect": true, "recordingName": "MR_S2_WD_0.mp3"}, {"que_text": "रवी", "noOfMistakes": "1", "que_id": "MR_S2_WD_4", "isCorrect": true, "recordingName": "MR_S2_WD_4.mp3"}, {"que_text": "पतंग", "noOfMistakes": "1", "que_id": "MR_S2_WD_1", "isCorrect": true, "recordingName": "MR_S2_WD_1.mp3"}, {"que_text": "भाजी", "noOfMistakes": "1", "que_id": "MR_S2_WD_5", "isCorrect": true, "recordingName": "MR_S2_WD_5.mp3"}, {"que_text": "टोपी", "noOfMistakes": "1", "que_id": "MR_S2_WD_2", "isCorrect": false, "recordingName": "MR_S2_WD_2.mp3"}, {"que_text": "ड", "noOfMistakes": "0", "que_id": "MR_S2_L_0", "isCorrect": true, "recordingName": "MR_S2_L_0.mp3"}, {"que_text": "त", "noOfMistakes": "0", "que_id": "MR_S2_L_1", "isCorrect": true, "recordingName": "MR_S2_L_1.mp3"}, {"que_text": "ण", "noOfMistakes": "0", "que_id": "MR_S2_L_3", "isCorrect": true, "recordingName": "MR_S2_L_3.mp3"}, {"que_text": "स", "noOfMistakes": "0", "que_id": "MR_S2_L_4", "isCorrect": true, "recordingName": "MR_S2_L_4.mp3"}, {"que_text": "व", "noOfMistakes": "0", "que_id": "MR_S2_L_6", "isCorrect": true, "recordingName": "MR_S2_L_6.mp3"}, {"que_text": "z", "noOfMistakes": "0", "que_id": "MR_S2_SL_0", "isCorrect": true, "recordingName": "MR_S2_SL_0.mp3"}, {"que_text": "g", "noOfMistakes": "0", "que_id": "MR_S2_SL_4", "isCorrect": true, "recordingName": "MR_S2_SL_4.mp3"}, {"que_text": "k", "noOfMistakes": "0", "que_id": "MR_S2_SL_7", "isCorrect": true, "recordingName": "MR_S2_SL_7.mp3"}, {"que_text": "w", "noOfMistakes": "0", "que_id": "MR_S2_SL_3", "isCorrect": true, "recordingName": "MR_S2_SL_3.mp3"}, {"que_text": "u", "noOfMistakes": "0", "que_id": "MR_S2_SL_5", "isCorrect": true, "recordingName": "MR_S2_SL_5.mp3"}], "deviceID": "fa698d33d358ac32", "ageGroup": "7-10 years", "studClass": "4", "date": "Thu Sep 05 09:06:17 IST 2019", "nativeProficiency": "Word"}