{"englishProficiency": "Beginner", "sequenceList": [{"que_text": "ताला", "noOfMistakes": "1", "que_id": "HI_S4_WD_2", "isCorrect": false, "recordingName": "HI_S4_WD_2.mp3"}, {"que_text": "न", "noOfMistakes": "2", "que_id": "HI_S4_L_0", "isCorrect": true, "recordingName": "HI_S4_L_0.mp3"}, {"que_text": "च", "noOfMistakes": "2", "que_id": "HI_S4_L_3", "isCorrect": true, "recordingName": "HI_S4_L_3.mp3"}, {"que_text": "ग", "noOfMistakes": "2", "que_id": "HI_S4_L_6", "isCorrect": true, "recordingName": "HI_S4_L_6.mp3"}, {"que_text": "ल", "noOfMistakes": "2", "que_id": "HI_S4_L_8", "isCorrect": false, "recordingName": "HI_S4_L_8.mp3"}, {"que_text": "र", "noOfMistakes": "2", "que_id": "HI_S4_L_1", "isCorrect": false, "recordingName": "HI_S4_L_1.mp3"}, {"que_text": "D", "noOfMistakes": "4", "que_id": "HI_S4_CL_0", "isCorrect": false, "recordingName": "HI_S4_CL_0.mp3"}, {"que_text": "G", "noOfMistakes": "4", "que_id": "HI_S4_CL_4", "isCorrect": false, "recordingName": "HI_S4_CL_4.mp3"}, {"que_text": "P", "noOfMistakes": "4", "que_id": "HI_S4_CL_6", "isCorrect": false, "recordingName": "HI_S4_CL_6.mp3"}, {"que_text": "T", "noOfMistakes": "4", "que_id": "HI_S4_CL_2", "isCorrect": false, "recordingName": "HI_S4_CL_2.mp3"}, {"que_text": "y", "noOfMistakes": "5", "que_id": "HI_S4_SL_0", "isCorrect": false, "recordingName": "HI_S4_SL_0.mp3"}, {"que_text": "s", "noOfMistakes": "5", "que_id": "HI_S4_SL_3", "isCorrect": false, "recordingName": "HI_S4_SL_3.mp3"}, {"que_text": "a", "noOfMistakes": "5", "que_id": "HI_S4_SL_6", "isCorrect": false, "recordingName": "HI_S4_SL_6.mp3"}, {"que_text": "v", "noOfMistakes": "5", "que_id": "HI_S4_SL_4", "isCorrect": false, "recordingName": "HI_S4_SL_4.mp3"}, {"que_text": "m", "noOfMistakes": "5", "que_id": "HI_S4_SL_5", "isCorrect": false, "recordingName": "HI_S4_SL_5.mp3"}], "deviceID": "ebaa26065aba20e5", "ageGroup": "7-10 years", "studClass": "2", "nativeProficiency": "Letter", "date": "Fri Jul 12 14:24:57 GMT+05:30 2019"}