{"englishProficiency": "Beginner", "sequenceList": [{"que_text": "आज रविवार आहे. शाळेला रजा आहे. सगळे मिळून खेळूया. आज खेळायचा दिवस आहे.", "noOfMistakes": "200", "que_id": "MR_S4_P_1", "isCorrect": false, "recordingName": "MR_S4_P_1.mp3"}, {"que_text": "विमान", "noOfMistakes": "1", "que_id": "MR_S4_WD_4", "isCorrect": false, "recordingName": "MR_S4_WD_4.mp3"}, {"que_text": "ख", "noOfMistakes": "3", "que_id": "MR_S4_L_0", "isCorrect": false, "recordingName": "MR_S4_L_0.mp3"}, {"que_text": "फ", "noOfMistakes": "3", "que_id": "MR_S4_L_4", "isCorrect": false, "recordingName": "MR_S4_L_4.mp3"}, {"que_text": "ण", "noOfMistakes": "3", "que_id": "MR_S4_L_7", "isCorrect": false, "recordingName": "MR_S4_L_7.mp3"}, {"que_text": "G", "noOfMistakes": "2", "que_id": "MR_S4_CL_4", "isCorrect": false, "recordingName": "MR_S4_CL_4.mp3"}, {"que_text": "K", "noOfMistakes": "2", "que_id": "MR_S4_CL_3", "isCorrect": false, "recordingName": "MR_S4_CL_3.mp3"}], "deviceID": "3ebaa9d14abd9a0f", "ageGroup": "5-7 years", "studClass": "1", "nativeProficiency": "Beginner", "date": "Tue Jul 16 17:05:41 GMT+05:30 2019"}