{"englishProficiency": "Small letter", "sequenceList": [{"que_text": "गीता बागेत आली. तिकडे तिला मंजू भेटली. दोघींनी जोरात झोका घेतला. आज खूपच मजा आली.", "noOfMistakes": "200", "que_id": "MR_S4_P_0", "isCorrect": false, "recordingName": "MR_S4_P_0.mp3"}, {"que_text": "विमान", "noOfMistakes": "1", "que_id": "MR_S4_WD_4", "isCorrect": true, "recordingName": "MR_S4_WD_4.mp3"}, {"que_text": "लाल", "noOfMistakes": "1", "que_id": "MR_S4_WD_5", "isCorrect": true, "recordingName": "MR_S4_WD_5.mp3"}, {"que_text": "पूर", "noOfMistakes": "1", "que_id": "MR_S4_WD_8", "isCorrect": true, "recordingName": "MR_S4_WD_8.mp3"}, {"que_text": "झाडू", "noOfMistakes": "1", "que_id": "MR_S4_WD_2", "isCorrect": true, "recordingName": "MR_S4_WD_2.mp3"}, {"que_text": "फेटा", "noOfMistakes": "1", "que_id": "MR_S4_WD_1", "isCorrect": false, "recordingName": "MR_S4_WD_1.mp3"}, {"que_text": "D", "noOfMistakes": "1", "que_id": "MR_S4_CL_0", "isCorrect": true, "recordingName": "MR_S4_CL_0.mp3"}, {"que_text": "X", "noOfMistakes": "1", "que_id": "MR_S4_CL_5", "isCorrect": true, "recordingName": "MR_S4_CL_5.mp3"}, {"que_text": "N", "noOfMistakes": "1", "que_id": "MR_S4_CL_7", "isCorrect": false, "recordingName": "MR_S4_CL_7.mp3"}, {"que_text": "T", "noOfMistakes": "1", "que_id": "MR_S4_CL_2", "isCorrect": true, "recordingName": "MR_S4_CL_2.mp3"}, {"que_text": "G", "noOfMistakes": "1", "que_id": "MR_S4_CL_4", "isCorrect": true, "recordingName": "MR_S4_CL_4.mp3"}, {"que_text": "f", "noOfMistakes": "0", "que_id": "MR_S4_SL_1", "isCorrect": true, "recordingName": "MR_S4_SL_1.mp3"}, {"que_text": "m", "noOfMistakes": "0", "que_id": "MR_S4_SL_5", "isCorrect": true, "recordingName": "MR_S4_SL_5.mp3"}, {"que_text": "h", "noOfMistakes": "0", "que_id": "MR_S4_SL_7", "isCorrect": true, "recordingName": "MR_S4_SL_7.mp3"}, {"que_text": "v", "noOfMistakes": "0", "que_id": "MR_S4_SL_4", "isCorrect": true, "recordingName": "MR_S4_SL_4.mp3"}, {"que_text": "i", "noOfMistakes": "0", "que_id": "MR_S4_SL_2", "isCorrect": true, "recordingName": "MR_S4_SL_2.mp3"}, {"que_text": "fat", "noOfMistakes": "2", "que_id": "MR_S4_W_1", "isCorrect": false, "recordingName": "MR_S4_W_1.mp3"}, {"que_text": "dog", "noOfMistakes": "2", "que_id": "MR_S4_W_0", "isCorrect": false, "recordingName": "MR_S4_W_0.mp3"}], "deviceID": "2a595d8d0d2c5a1b", "ageGroup": "7-10 years", "studClass": "4", "date": "Sat Sep 07 14:36:49 IST 2019", "nativeProficiency": "Word"}