{"englishProficiency": "Beginner", "sequenceList": [{"que_id": "HI_S4_P_0", "remarks": "Background talk|", "correct": false, "que_text": "बग़ीचे में पेड़ हैं। पेड़ पर एक तोता रहता है। तोते का रंग हरा है। वह लाल टमाटर खाता है।", "noOfMistakes": "200", "groundTruthDescription": "", "noiseDescription": "Very noisy", "recordingName": "HI_S4_P_0.mp3"}, {"que_id": "HI_S4_L_1", "remarks": "Background talk|Crowd noise|Birds|", "correct": false, "que_text": "र", "noOfMistakes": "5", "groundTruthDescription": "", "noiseDescription": "Noisy", "recordingName": "HI_S4_L_1.mp3"}, {"que_text": "प", "noOfMistakes": "5", "que_id": "HI_S4_L_5", "correct": false, "recordingName": "HI_S4_L_5.mp3"}, {"que_text": "ल", "noOfMistakes": "5", "que_id": "HI_S4_L_8", "correct": false, "recordingName": "HI_S4_L_8.mp3"}, {"que_text": "स", "noOfMistakes": "5", "que_id": "HI_S4_L_4", "correct": false, "recordingName": "HI_S4_L_4.mp3"}, {"que_text": "म", "noOfMistakes": "5", "que_id": "HI_S4_L_2", "correct": false, "recordingName": "HI_S4_L_2.mp3"}, {"que_text": "D", "noOfMistakes": "4", "que_id": "HI_S4_CL_0", "correct": false, "recordingName": "HI_S4_CL_0.mp3"}, {"que_text": "X", "noOfMistakes": "4", "que_id": "HI_S4_CL_5", "correct": false, "recordingName": "HI_S4_CL_5.mp3"}, {"que_text": "G", "noOfMistakes": "4", "que_id": "HI_S4_CL_4", "correct": false, "recordingName": "HI_S4_CL_4.mp3"}, {"que_text": "K", "noOfMistakes": "4", "que_id": "HI_S4_CL_3", "correct": false, "recordingName": "HI_S4_CL_3.mp3"}, {"que_text": "N", "noOfMistakes": "4", "que_id": "HI_S4_CL_7", "correct": true, "recordingName": "HI_S4_CL_7.mp3"}], "deviceID": "c66208a6b7100eb2:05-Oct-2019 6:32:45 PM", "ageGroup": "5-7 years", "studClass": "1", "date": "Wed Jul 17 16:35:49 IST 2019", "nativeProficiency": "Beginner"}