{"sequenceList": [{"recordingName": "HI_S4_P_0.mp3", "isCorrect": false, "que_text": "बग़ीचे में पेड़ हैं। पेड़ पर एक तोता रहता है। तोते का रंग हरा है। वह लाल टमाटर खाता है।", "noOfMistakes": "200", "que_id": "HI_S4_P_0"}, {"recordingName": "HI_S4_WD_0.mp3", "isCorrect": false, "que_text": "आग", "noOfMistakes": "5", "que_id": "HI_S4_WD_0"}, {"recordingName": "HI_S4_WD_1.mp3", "isCorrect": false, "que_text": "सोच", "noOfMistakes": "5", "que_id": "HI_S4_WD_1"}, {"recordingName": "HI_S4_WD_4.mp3", "isCorrect": false, "que_text": "पानी", "noOfMistakes": "5", "que_id": "HI_S4_WD_4"}, {"recordingName": "HI_S4_WD_5.mp3", "isCorrect": false, "que_text": "चौकी", "noOfMistakes": "5", "que_id": "HI_S4_WD_5"}, {"recordingName": "HI_S4_WD_3.mp3", "isCorrect": false, "que_text": "गिर", "noOfMistakes": "5", "que_id": "HI_S4_WD_3"}, {"recordingName": "HI_S4_L_0.mp3", "isCorrect": true, "que_text": "न", "noOfMistakes": "0", "que_id": "HI_S4_L_0"}, {"recordingName": "HI_S4_L_7.mp3", "isCorrect": true, "que_text": "द", "noOfMistakes": "0", "que_id": "HI_S4_L_7"}, {"recordingName": "HI_S4_L_6.mp3", "isCorrect": true, "que_text": "ग", "noOfMistakes": "0", "que_id": "HI_S4_L_6"}, {"recordingName": "HI_S4_L_4.mp3", "isCorrect": true, "que_text": "स", "noOfMistakes": "0", "que_id": "HI_S4_L_4"}, {"recordingName": "HI_S4_L_8.mp3", "isCorrect": true, "que_text": "ल", "noOfMistakes": "0", "que_id": "HI_S4_L_8"}, {"answer": "52", "isCorrect": false, "que_text": "41 - 13", "noOfMistakes": "2", "que_id": "HI_S4_SB_1"}, {"answer": "52", "isCorrect": false, "que_text": "46 - 17", "noOfMistakes": "2", "que_id": "HI_S4_SB_7"}, {"recordingName": "HI_S4_DD_0.mp3", "isCorrect": false, "que_text": "71", "noOfMistakes": "5", "que_id": "HI_S4_DD_0"}, {"recordingName": "HI_S4_DD_4.mp3", "isCorrect": false, "que_text": "23", "noOfMistakes": "5", "que_id": "HI_S4_DD_4"}, {"recordingName": "HI_S4_DD_3.mp3", "isCorrect": false, "que_text": "86", "noOfMistakes": "5", "que_id": "HI_S4_DD_3"}, {"recordingName": "HI_S4_DD_5.mp3", "isCorrect": false, "que_text": "79", "noOfMistakes": "5", "que_id": "HI_S4_DD_5"}, {"recordingName": "HI_S4_DD_6.mp3", "isCorrect": false, "que_text": "37", "noOfMistakes": "5", "que_id": "HI_S4_DD_6"}, {"recordingName": "HI_S4_SD_0.mp3", "isCorrect": true, "que_text": "5", "noOfMistakes": "0", "que_id": "HI_S4_SD_0"}, {"recordingName": "HI_S4_SD_7.mp3", "isCorrect": true, "que_text": "1", "noOfMistakes": "0", "que_id": "HI_S4_SD_7"}, {"recordingName": "HI_S4_SD_6.mp3", "isCorrect": true, "que_text": "3", "noOfMistakes": "0", "que_id": "HI_S4_SD_6"}, {"recordingName": "HI_S4_SD_5.mp3", "isCorrect": true, "que_text": "9", "noOfMistakes": "0", "que_id": "HI_S4_SD_5"}, {"recordingName": "HI_S4_SD_4.mp3", "isCorrect": true, "que_text": "2", "noOfMistakes": "0", "que_id": "HI_S4_SD_4"}, {"recordingName": "HI_S4_CL_0.mp3", "isCorrect": true, "que_text": "D", "noOfMistakes": "0", "que_id": "HI_S4_CL_0"}, {"recordingName": "HI_S4_CL_1.mp3", "isCorrect": true, "que_text": "L", "noOfMistakes": "0", "que_id": "HI_S4_CL_1"}, {"recordingName": "HI_S4_CL_5.mp3", "isCorrect": true, "que_text": "X", "noOfMistakes": "0", "que_id": "HI_S4_CL_5"}, {"recordingName": "HI_S4_CL_7.mp3", "isCorrect": true, "que_text": "N", "noOfMistakes": "0", "que_id": "HI_S4_CL_7"}, {"recordingName": "HI_S4_CL_6.mp3", "isCorrect": true, "que_text": "P", "noOfMistakes": "0", "que_id": "HI_S4_CL_6"}, {"recordingName": "HI_S4_SL_0.mp3", "isCorrect": true, "que_text": "y", "noOfMistakes": "4", "que_id": "HI_S4_SL_0"}, {"recordingName": "HI_S4_SL_1.mp3", "isCorrect": false, "que_text": "f", "noOfMistakes": "4", "que_id": "HI_S4_SL_1"}, {"recordingName": "HI_S4_SL_2.mp3", "isCorrect": false, "que_text": "i", "noOfMistakes": "4", "que_id": "HI_S4_SL_2"}, {"recordingName": "HI_S4_SL_4.mp3", "isCorrect": false, "que_text": "v", "noOfMistakes": "4", "que_id": "HI_S4_SL_4"}, {"recordingName": "HI_S4_SL_7.mp3", "isCorrect": false, "que_text": "h", "noOfMistakes": "4", "que_id": "HI_S4_SL_7"}], "englishProficiency": "Capital letter", "studClass": "4", "date": "Tue Oct 01 14:42:34 GMT+05:30 2019", "mathematicsProficiency": "Single digit", "deviceID": "5ee7a78ed47563c0", "ageGroup": "7-10 years", "nativeProficiency": "Letter"}