{"englishProficiency": "Capital letter", "sequenceList": [{"que_text": "बग़ीचे में पेड़ हैं। पेड़ पर एक तोता रहता है। तोते का रंग हरा है। वह लाल टमाटर खाता है।", "noOfMistakes": "200", "que_id": "HI_S4_P_0", "isCorrect": false, "recordingName": "HI_S4_P_0.mp3"}, {"que_text": "आग", "noOfMistakes": "5", "que_id": "HI_S4_WD_0", "isCorrect": false, "recordingName": "HI_S4_WD_0.mp3"}, {"que_text": "सोच", "noOfMistakes": "5", "que_id": "HI_S4_WD_1", "isCorrect": false, "recordingName": "HI_S4_WD_1.mp3"}, {"que_text": "पानी", "noOfMistakes": "5", "que_id": "HI_S4_WD_4", "isCorrect": false, "recordingName": "HI_S4_WD_4.mp3"}, {"que_text": "चौकी", "noOfMistakes": "5", "que_id": "HI_S4_WD_5", "isCorrect": false, "recordingName": "HI_S4_WD_5.mp3"}, {"que_text": "गिर", "noOfMistakes": "5", "que_id": "HI_S4_WD_3", "isCorrect": false, "recordingName": "HI_S4_WD_3.mp3"}, {"que_text": "न", "noOfMistakes": "0", "que_id": "HI_S4_L_0", "isCorrect": true, "recordingName": "HI_S4_L_0.mp3"}, {"que_text": "द", "noOfMistakes": "0", "que_id": "HI_S4_L_7", "isCorrect": true, "recordingName": "HI_S4_L_7.mp3"}, {"que_text": "ग", "noOfMistakes": "0", "que_id": "HI_S4_L_6", "isCorrect": true, "recordingName": "HI_S4_L_6.mp3"}, {"que_text": "स", "noOfMistakes": "0", "que_id": "HI_S4_L_4", "isCorrect": true, "recordingName": "HI_S4_L_4.mp3"}, {"que_text": "ल", "noOfMistakes": "0", "que_id": "HI_S4_L_8", "isCorrect": true, "recordingName": "HI_S4_L_8.mp3"}, {"que_text": "D", "noOfMistakes": "0", "que_id": "HI_S4_CL_0", "isCorrect": true, "recordingName": "HI_S4_CL_0.mp3"}, {"que_text": "L", "noOfMistakes": "0", "que_id": "HI_S4_CL_1", "isCorrect": true, "recordingName": "HI_S4_CL_1.mp3"}, {"que_text": "X", "noOfMistakes": "0", "que_id": "HI_S4_CL_5", "isCorrect": true, "recordingName": "HI_S4_CL_5.mp3"}, {"que_text": "N", "noOfMistakes": "0", "que_id": "HI_S4_CL_7", "isCorrect": true, "recordingName": "HI_S4_CL_7.mp3"}, {"que_text": "P", "noOfMistakes": "0", "que_id": "HI_S4_CL_6", "isCorrect": true, "recordingName": "HI_S4_CL_6.mp3"}, {"que_text": "y", "noOfMistakes": "4", "que_id": "HI_S4_SL_0", "isCorrect": true, "recordingName": "HI_S4_SL_0.mp3"}, {"que_text": "f", "noOfMistakes": "4", "que_id": "HI_S4_SL_1", "isCorrect": false, "recordingName": "HI_S4_SL_1.mp3"}, {"que_text": "i", "noOfMistakes": "4", "que_id": "HI_S4_SL_2", "isCorrect": false, "recordingName": "HI_S4_SL_2.mp3"}, {"que_text": "v", "noOfMistakes": "4", "que_id": "HI_S4_SL_4", "isCorrect": false, "recordingName": "HI_S4_SL_4.mp3"}, {"que_text": "h", "noOfMistakes": "4", "que_id": "HI_S4_SL_7", "isCorrect": false, "recordingName": "HI_S4_SL_7.mp3"}], "deviceID": "5ee7a78ed47563c0", "ageGroup": "7-10 years", "studClass": "4", "nativeProficiency": "Letter", "date": "Tue Oct 01 14:42:34 GMT+05:30 2019"}