{"date": "Sun Sep 08 12:26:03 IST 2019", "sequenceList": [{"recordingName": "MR_S2_P_1.mp3", "isCorrect": false, "que_text": "पावसाळा सुरु झाला. आईने नवी तुळस लावली. तुळस भरभर वाढली. छान दिसू लागली.", "noOfMistakes": "200", "que_id": "MR_S2_P_1"}, {"recordingName": "MR_S2_L_0.mp3", "isCorrect": true, "que_text": "ड", "noOfMistakes": "1", "que_id": "MR_S2_L_0"}, {"recordingName": "MR_S2_L_1.mp3", "isCorrect": false, "que_text": "त", "noOfMistakes": "1", "que_id": "MR_S2_L_1"}, {"recordingName": "MR_S2_L_2.mp3", "isCorrect": true, "que_text": "म", "noOfMistakes": "1", "que_id": "MR_S2_L_2"}, {"recordingName": "MR_S2_L_3.mp3", "isCorrect": true, "que_text": "ण", "noOfMistakes": "1", "que_id": "MR_S2_L_3"}, {"recordingName": "MR_S2_L_4.mp3", "isCorrect": true, "que_text": "स", "noOfMistakes": "1", "que_id": "MR_S2_L_4"}, {"recordingName": "MR_S2_WD_0.mp3", "isCorrect": false, "que_text": "खडू", "noOfMistakes": "3", "que_id": "MR_S2_WD_0"}, {"recordingName": "MR_S2_WD_1.mp3", "isCorrect": false, "que_text": "पतंग", "noOfMistakes": "3", "que_id": "MR_S2_WD_1"}, {"recordingName": "MR_S2_WD_2.mp3", "isCorrect": false, "que_text": "टोपी", "noOfMistakes": "3", "que_id": "MR_S2_WD_2"}, {"recordingName": "MR_S2_CL_0.mp3", "isCorrect": true, "que_text": "B", "noOfMistakes": "0", "que_id": "MR_S2_CL_0"}, {"recordingName": "MR_S2_CL_1.mp3", "isCorrect": true, "que_text": "H", "noOfMistakes": "0", "que_id": "MR_S2_CL_1"}, {"recordingName": "MR_S2_CL_2.mp3", "isCorrect": true, "que_text": "R", "noOfMistakes": "0", "que_id": "MR_S2_CL_2"}, {"recordingName": "MR_S2_CL_3.mp3", "isCorrect": true, "que_text": "L", "noOfMistakes": "0", "que_id": "MR_S2_CL_3"}, {"recordingName": "MR_S2_CL_4.mp3", "isCorrect": true, "que_text": "V", "noOfMistakes": "0", "que_id": "MR_S2_CL_4"}, {"recordingName": "MR_S2_SL_0.mp3", "isCorrect": true, "que_text": "z", "noOfMistakes": "1", "que_id": "MR_S2_SL_0"}, {"recordingName": "MR_S2_SL_1.mp3", "isCorrect": false, "que_text": "j", "noOfMistakes": "1", "que_id": "MR_S2_SL_1"}, {"recordingName": "MR_S2_SL_2.mp3", "isCorrect": true, "que_text": "o", "noOfMistakes": "1", "que_id": "MR_S2_SL_2"}, {"recordingName": "MR_S2_SL_3.mp3", "isCorrect": true, "que_text": "w", "noOfMistakes": "1", "que_id": "MR_S2_SL_3"}, {"recordingName": "MR_S2_SL_4.mp3", "isCorrect": true, "que_text": "g", "noOfMistakes": "1", "que_id": "MR_S2_SL_4"}, {"recordingName": "MR_S2_W_0.mp3", "isCorrect": true, "que_text": "cow", "noOfMistakes": "2", "que_id": "MR_S2_W_0"}, {"recordingName": "MR_S2_W_1.mp3", "isCorrect": true, "que_text": "wet", "noOfMistakes": "2", "que_id": "MR_S2_W_1"}, {"recordingName": "MR_S2_W_2.mp3", "isCorrect": true, "que_text": "big", "noOfMistakes": "2", "que_id": "MR_S2_W_2"}, {"recordingName": "MR_S2_W_3.mp3", "isCorrect": false, "que_text": "hat", "noOfMistakes": "2", "que_id": "MR_S2_W_3"}, {"recordingName": "MR_S2_W_4.mp3", "isCorrect": false, "que_text": "man", "noOfMistakes": "2", "que_id": "MR_S2_W_4"}], "englishProficiency": "word", "studClass": "5", "deviceID": "2006312ab434318f", "ageGroup": "5-7 years", "nativeProficiency": "Paragraph"}