{"englishProficiency": "Beginner", "sequenceList": [{"que_text": "बग़ीचे में पेड़ हैं। पेड़ पर एक तोता रहता है। तोते का रंग हरा है। वह लाल टमाटर खाता है।", "noOfMistakes": "200", "que_id": "HI_S4_P_0", "isCorrect": false, "recordingName": "HI_S4_P_0.mp3"}, {"que_text": "ल", "noOfMistakes": "5", "que_id": "HI_S4_L_8", "isCorrect": false, "recordingName": "HI_S4_L_8.mp3"}, {"que_text": "म", "noOfMistakes": "5", "que_id": "HI_S4_L_2", "isCorrect": false, "recordingName": "HI_S4_L_2.mp3"}, {"que_text": "स", "noOfMistakes": "5", "que_id": "HI_S4_L_4", "isCorrect": false, "recordingName": "HI_S4_L_4.mp3"}, {"que_text": "र", "noOfMistakes": "5", "que_id": "HI_S4_L_1", "isCorrect": false, "recordingName": "HI_S4_L_1.mp3"}, {"que_text": "प", "noOfMistakes": "5", "que_id": "HI_S4_L_5", "isCorrect": false, "recordingName": "HI_S4_L_5.mp3"}, {"que_text": "D", "noOfMistakes": "5", "que_id": "HI_S4_CL_0", "isCorrect": false, "recordingName": "HI_S4_CL_0.mp3"}, {"que_text": "N", "noOfMistakes": "5", "que_id": "HI_S4_CL_7", "isCorrect": false, "recordingName": "HI_S4_CL_7.mp3"}, {"que_text": "X", "noOfMistakes": "5", "que_id": "HI_S4_CL_5", "isCorrect": false, "recordingName": "HI_S4_CL_5.mp3"}, {"que_text": "T", "noOfMistakes": "5", "que_id": "HI_S4_CL_2", "isCorrect": false, "recordingName": "HI_S4_CL_2.mp3"}, {"que_text": "G", "noOfMistakes": "5", "que_id": "HI_S4_CL_4", "isCorrect": false, "recordingName": "HI_S4_CL_4.mp3"}], "deviceID": "c66208a6b7100eb2", "ageGroup": "5-7 years", "studClass": "1", "nativeProficiency": "Beginner", "date": "Sun Jul 21 14:41:39 IST 2019"}