{"date": "Sun Sep 08 12:18:06 IST 2019", "sequenceList": [{"recordingName": "MR_S4_P_0.mp3", "isCorrect": false, "que_text": "गीता बागेत आली. तिकडे तिला मंजू भेटली. दोघींनी जोरात झोका घेतला. आज खूपच मजा आली.", "noOfMistakes": "3", "que_id": "MR_S4_P_0"}, {"recordingName": "MR_S4_WD_4.mp3", "isCorrect": true, "que_text": "विमान", "noOfMistakes": "2", "que_id": "MR_S4_WD_4"}, {"recordingName": "MR_S4_WD_5.mp3", "isCorrect": true, "que_text": "लाल", "noOfMistakes": "2", "que_id": "MR_S4_WD_5"}, {"recordingName": "MR_S4_WD_8.mp3", "isCorrect": true, "que_text": "पूर", "noOfMistakes": "2", "que_id": "MR_S4_WD_8"}, {"recordingName": "MR_S4_WD_2.mp3", "isCorrect": false, "que_text": "झाडू", "noOfMistakes": "2", "que_id": "MR_S4_WD_2"}, {"recordingName": "MR_S4_WD_1.mp3", "isCorrect": false, "que_text": "फेटा", "noOfMistakes": "2", "que_id": "MR_S4_WD_1"}, {"recordingName": "MR_S4_L_1.mp3", "isCorrect": true, "que_text": "ब", "noOfMistakes": "0", "que_id": "MR_S4_L_1"}, {"recordingName": "MR_S4_L_5.mp3", "isCorrect": true, "que_text": "ड", "noOfMistakes": "0", "que_id": "MR_S4_L_5"}, {"recordingName": "MR_S4_L_8.mp3", "isCorrect": true, "que_text": "ढ", "noOfMistakes": "0", "que_id": "MR_S4_L_8"}, {"recordingName": "MR_S4_L_2.mp3", "isCorrect": true, "que_text": "ल", "noOfMistakes": "0", "que_id": "MR_S4_L_2"}, {"recordingName": "MR_S4_L_4.mp3", "isCorrect": true, "que_text": "फ", "noOfMistakes": "0", "que_id": "MR_S4_L_4"}, {"recordingName": "MR_S4_CL_4.mp3", "isCorrect": true, "que_text": "G", "noOfMistakes": "0", "que_id": "MR_S4_CL_4"}, {"recordingName": "MR_S4_CL_5.mp3", "isCorrect": true, "que_text": "X", "noOfMistakes": "0", "que_id": "MR_S4_CL_5"}, {"recordingName": "MR_S4_CL_2.mp3", "isCorrect": true, "que_text": "T", "noOfMistakes": "0", "que_id": "MR_S4_CL_2"}, {"recordingName": "MR_S4_CL_1.mp3", "isCorrect": true, "que_text": "L", "noOfMistakes": "0", "que_id": "MR_S4_CL_1"}, {"recordingName": "MR_S4_SL_4.mp3", "isCorrect": true, "que_text": "v", "noOfMistakes": "1", "que_id": "MR_S4_SL_4"}, {"recordingName": "MR_S4_SL_5.mp3", "isCorrect": true, "que_text": "m", "noOfMistakes": "1", "que_id": "MR_S4_SL_5"}, {"recordingName": "MR_S4_SL_2.mp3", "isCorrect": true, "que_text": "i", "noOfMistakes": "1", "que_id": "MR_S4_SL_2"}, {"recordingName": "MR_S4_SL_7.mp3", "isCorrect": false, "que_text": "h", "noOfMistakes": "1", "que_id": "MR_S4_SL_7"}, {"recordingName": "MR_S4_SL_6.mp3", "isCorrect": true, "que_text": "a", "noOfMistakes": "1", "que_id": "MR_S4_SL_6"}, {"recordingName": "MR_S4_W_0.mp3", "isCorrect": true, "que_text": "dog", "noOfMistakes": "2", "que_id": "MR_S4_W_0"}, {"recordingName": "MR_S4_W_1.mp3", "isCorrect": false, "que_text": "fat", "noOfMistakes": "2", "que_id": "MR_S4_W_1"}, {"recordingName": "MR_S4_W_2.mp3", "isCorrect": false, "que_text": "cup", "noOfMistakes": "2", "que_id": "MR_S4_W_2"}], "englishProficiency": "Small letter", "studClass": "7", "deviceID": "2a595d8d0d2c5a1b", "ageGroup": "10-12 years", "nativeProficiency": "Letter"}