{"sequenceList": [{"recordingName": "MR_S4_P_1.mp3", "isCorrect": false, "que_text": "आज रविवार आहे. शाळेला रजा आहे. सगळे मिळून खेळूया. आज खेळायचा दिवस आहे.", "noOfMistakes": "200", "que_id": "MR_S4_P_1"}, {"recordingName": "MR_S4_WD_1.mp3", "isCorrect": false, "que_text": "फेटा", "noOfMistakes": "3", "que_id": "MR_S4_WD_1"}, {"recordingName": "MR_S4_WD_4.mp3", "isCorrect": false, "que_text": "विमान", "noOfMistakes": "3", "que_id": "MR_S4_WD_4"}, {"recordingName": "MR_S4_WD_8.mp3", "isCorrect": false, "que_text": "पूर", "noOfMistakes": "3", "que_id": "MR_S4_WD_8"}, {"recordingName": "MR_S4_L_3.mp3", "isCorrect": false, "que_text": "ग", "noOfMistakes": "3", "que_id": "MR_S4_L_3"}, {"recordingName": "MR_S4_L_4.mp3", "isCorrect": false, "que_text": "फ", "noOfMistakes": "3", "que_id": "MR_S4_L_4"}, {"recordingName": "MR_S4_L_1.mp3", "isCorrect": false, "que_text": "ब", "noOfMistakes": "3", "que_id": "MR_S4_L_1"}, {"answer": "-", "isCorrect": false, "que_text": "61 - 35", "noOfMistakes": "1", "que_id": "MR_S4_SB_3"}, {"recordingName": "MR_S4_SD_7.mp3", "isCorrect": true, "que_text": "1", "noOfMistakes": "0", "que_id": "MR_S4_SD_7"}, {"recordingName": "MR_S4_SD_6.mp3", "isCorrect": true, "que_text": "3", "noOfMistakes": "0", "que_id": "MR_S4_SD_6"}, {"recordingName": "MR_S4_SD_4.mp3", "isCorrect": true, "que_text": "2", "noOfMistakes": "0", "que_id": "MR_S4_SD_4"}, {"recordingName": "MR_S4_SD_3.mp3", "isCorrect": true, "que_text": "4", "noOfMistakes": "0", "que_id": "MR_S4_SD_3"}, {"recordingName": "MR_S4_SD_2.mp3", "isCorrect": true, "que_text": "8", "noOfMistakes": "0", "que_id": "MR_S4_SD_2"}, {"recordingName": "MR_S4_CL_0.mp3", "isCorrect": true, "que_text": "D", "noOfMistakes": "3", "que_id": "MR_S4_CL_0"}, {"recordingName": "MR_S4_CL_7.mp3", "isCorrect": true, "que_text": "N", "noOfMistakes": "3", "que_id": "MR_S4_CL_7"}, {"recordingName": "MR_S4_CL_4.mp3", "isCorrect": false, "que_text": "G", "noOfMistakes": "3", "que_id": "MR_S4_CL_4"}, {"recordingName": "MR_S4_CL_1.mp3", "isCorrect": false, "que_text": "L", "noOfMistakes": "3", "que_id": "MR_S4_CL_1"}, {"recordingName": "MR_S4_CL_5.mp3", "isCorrect": false, "que_text": "X", "noOfMistakes": "3", "que_id": "MR_S4_CL_5"}], "englishProficiency": "Beginner", "studClass": "1", "date": "Thu Jul 11 17:32:34 GMT+05:30 2019", "mathematicsProficiency": "Single digit", "deviceID": "3ebaa9d14abd9a0f", "ageGroup": "5-7 years", "nativeProficiency": "Beginner"}