{"englishProficiency": "Capital letter", "sequenceList": [{"que_text": "आज रविवार आहे. शाळेला रजा आहे. तरी आज सकाळी मला लवकर जाग आली.", "noOfMistakes": "200", "que_id": "MR_S1_P_1", "isCorrect": true, "recordingName": "MR_S1_P_1.mp3"}, {"que_text": "समई", "noOfMistakes": "5", "que_id": "MR_S1_WD_0", "isCorrect": false, "recordingName": "MR_S1_WD_0.mp3"}, {"que_text": "बस", "noOfMistakes": "5", "que_id": "MR_S1_WD_1", "isCorrect": false, "recordingName": "MR_S1_WD_1.mp3"}, {"que_text": "गरम", "noOfMistakes": "5", "que_id": "MR_S1_WD_2", "isCorrect": false, "recordingName": "MR_S1_WD_2.mp3"}, {"que_text": "दिवा", "noOfMistakes": "5", "que_id": "MR_S1_WD_4", "isCorrect": false, "recordingName": "MR_S1_WD_4.mp3"}, {"que_text": "कैरी", "noOfMistakes": "5", "que_id": "MR_S1_WD_3", "isCorrect": false, "recordingName": "MR_S1_WD_3.mp3"}, {"que_text": "य", "noOfMistakes": "4", "que_id": "MR_S1_L_4", "isCorrect": true, "recordingName": "MR_S1_L_4.mp3"}, {"que_text": "द", "noOfMistakes": "4", "que_id": "MR_S1_L_5", "isCorrect": false, "recordingName": "MR_S1_L_5.mp3"}, {"que_text": "ह", "noOfMistakes": "4", "que_id": "MR_S1_L_7", "isCorrect": false, "recordingName": "MR_S1_L_7.mp3"}, {"que_text": "ज", "noOfMistakes": "4", "que_id": "MR_S1_L_6", "isCorrect": false, "recordingName": "MR_S1_L_6.mp3"}, {"que_text": "ड", "noOfMistakes": "4", "que_id": "MR_S1_L_3", "isCorrect": false, "recordingName": "MR_S1_L_3.mp3"}, {"que_text": "A", "noOfMistakes": "5", "que_id": "MR_S1_CL_0", "isCorrect": false, "recordingName": "MR_S1_CL_0.mp3"}, {"que_text": "J", "noOfMistakes": "5", "que_id": "MR_S1_CL_1", "isCorrect": false, "recordingName": "MR_S1_CL_1.mp3"}, {"que_text": "Y", "noOfMistakes": "5", "que_id": "MR_S1_Cl_5", "isCorrect": false, "recordingName": "MR_S1_Cl_5.mp3"}, {"que_text": "E", "noOfMistakes": "5", "que_id": "MR_S1_CL_4", "isCorrect": false, "recordingName": "MR_S1_CL_4.mp3"}, {"que_text": "R", "noOfMistakes": "5", "que_id": "MR_S1_CL_3", "isCorrect": false, "recordingName": "MR_S1_CL_3.mp3"}], "deviceID": "14b8d073638fc2d0", "ageGroup": "5-7 years", "studClass": "2", "date": "Thu Sep 05 16:33:48 IST 2019", "nativeProficiency": "Letter"}