{"sequenceList": [{"recordingName": "MR_S1_P_1.mp3", "isCorrect": false, "que_text": "आज रविवार आहे. शाळेला रजा आहे. तरी आज सकाळी मला लवकर जाग आली.", "noOfMistakes": "200", "que_id": "MR_S1_P_1"}, {"recordingName": "HI_S1_WD_2.mp3", "isCorrect": false, "que_text": "गरम", "noOfMistakes": "1", "que_id": "HI_S1_WD_2"}, {"recordingName": "MR_S1_L_0.mp3", "isCorrect": true, "que_text": "श", "noOfMistakes": "0", "que_id": "MR_S1_L_0"}, {"recordingName": "MR_S1_L_7.mp3", "isCorrect": true, "que_text": "ह", "noOfMistakes": "0", "que_id": "MR_S1_L_7"}, {"recordingName": "MR_S1_L_4.mp3", "isCorrect": true, "que_text": "य", "noOfMistakes": "0", "que_id": "MR_S1_L_4"}, {"recordingName": "MR_S1_L_5.mp3", "isCorrect": true, "que_text": "द", "noOfMistakes": "0", "que_id": "MR_S1_L_5"}, {"recordingName": "MR_S1_L_2.mp3", "isCorrect": true, "que_text": "स", "noOfMistakes": "0", "que_id": "MR_S1_L_2"}, {"recordingName": "MR_S1_SD_1.mp3", "isCorrect": false, "que_text": "7", "noOfMistakes": "1", "que_id": "MR_S1_SD_1"}, {"recordingName": "MR_S1_SD_4.mp3", "isCorrect": true, "que_text": "9", "noOfMistakes": "1", "que_id": "MR_S1_SD_4"}, {"recordingName": "MR_S1_SD_5.mp3", "isCorrect": true, "que_text": "8", "noOfMistakes": "1", "que_id": "MR_S1_SD_5"}, {"recordingName": "MR_S1_SD_3.mp3", "isCorrect": true, "que_text": "5", "noOfMistakes": "1", "que_id": "MR_S1_SD_3"}, {"recordingName": "MR_S1_SD_7.mp3", "isCorrect": true, "que_text": "1", "noOfMistakes": "1", "que_id": "MR_S1_SD_7"}, {"recordingName": "MH_S1_CL_1.mp3", "isCorrect": false, "que_text": "J", "noOfMistakes": "1", "que_id": "MH_S1_CL_1"}, {"recordingName": "MR_S1_CL_4.mp3", "isCorrect": true, "que_text": "E", "noOfMistakes": "1", "que_id": "MR_S1_CL_4"}, {"recordingName": "MR_S1_Cl_5.mp3", "isCorrect": true, "que_text": "Y", "noOfMistakes": "1", "que_id": "MR_S1_Cl_5"}, {"recordingName": "MR_S1_CL_2.mp3", "isCorrect": true, "que_text": "Q", "noOfMistakes": "1", "que_id": "MR_S1_CL_2"}, {"recordingName": "MR_S1_CL_7.mp3", "isCorrect": true, "que_text": "O", "noOfMistakes": "1", "que_id": "MR_S1_CL_7"}, {"recordingName": "MR_S1_SL_1.mp3", "isCorrect": true, "que_text": "p", "noOfMistakes": "3", "que_id": "MR_S1_SL_1"}, {"recordingName": "MR_S1_SL_7.mp3", "isCorrect": false, "que_text": "t", "noOfMistakes": "3", "que_id": "MR_S1_SL_7"}, {"recordingName": "MR_S1_SL_5.mp3", "isCorrect": false, "que_text": "d", "noOfMistakes": "3", "que_id": "MR_S1_SL_5"}, {"recordingName": "MR_S1_SL_3.mp3", "isCorrect": false, "que_text": "u", "noOfMistakes": "3", "que_id": "MR_S1_SL_3"}], "englishProficiency": "Beginner", "studClass": "1", "date": "Sun Jul 07 07:48:02 GMT+05:30 2019", "mathematicsProficiency": "Single digit", "deviceID": "3ebaa9d14abd9a0f", "ageGroup": "5-7 years", "nativeProficiency": "Letter"}