{"sequenceList": [{"recordingName": "HI_S3_L_1.mp3", "isCorrect": true, "que_text": "क", "noOfMistakes": "0", "que_id": "HI_S3_L_1"}, {"recordingName": "HI_S3_L_9.mp3", "isCorrect": true, "que_text": "ख", "noOfMistakes": "0", "que_id": "HI_S3_L_9"}, {"recordingName": "HI_S3_L_2.mp3", "isCorrect": true, "que_text": "च", "noOfMistakes": "0", "que_id": "HI_S3_L_2"}, {"recordingName": "HI_S3_L_4.mp3", "isCorrect": true, "que_text": "ल", "noOfMistakes": "0", "que_id": "HI_S3_L_4"}, {"recordingName": "HI_S3_L_8.mp3", "isCorrect": true, "que_text": "म", "noOfMistakes": "0", "que_id": "HI_S3_L_8"}, {"recordingName": "HI_S3_SD_1.mp3", "isCorrect": true, "que_text": "4", "noOfMistakes": "0", "que_id": "HI_S3_SD_1"}, {"recordingName": "HI_S3_SD_6.mp3", "isCorrect": true, "que_text": "5", "noOfMistakes": "0", "que_id": "HI_S3_SD_6"}, {"recordingName": "HI_S3_SD_5.mp3", "isCorrect": true, "que_text": "9", "noOfMistakes": "0", "que_id": "HI_S3_SD_5"}, {"recordingName": "HI_S3_SD_3.mp3", "isCorrect": true, "que_text": "3", "noOfMistakes": "0", "que_id": "HI_S3_SD_3"}, {"recordingName": "HI_S3_SD_2.mp3", "isCorrect": true, "que_text": "7", "noOfMistakes": "0", "que_id": "HI_S3_SD_2"}, {"recordingName": "HI_S3_CL_0.mp3", "isCorrect": true, "que_text": "C", "noOfMistakes": "0", "que_id": "HI_S3_CL_0"}, {"recordingName": "HI_S3_CL_6.mp3", "isCorrect": true, "que_text": "O", "noOfMistakes": "0", "que_id": "HI_S3_CL_6"}, {"recordingName": "HI_S3_CL_2.mp3", "isCorrect": true, "que_text": "S", "noOfMistakes": "0", "que_id": "HI_S3_CL_2"}, {"recordingName": "HI_S3_CL_1.mp3", "isCorrect": true, "que_text": "K", "noOfMistakes": "0", "que_id": "HI_S3_CL_1"}, {"recordingName": "HI_S3_CL_7.mp3", "isCorrect": true, "que_text": "Z", "noOfMistakes": "0", "que_id": "HI_S3_CL_7"}, {"recordingName": "HI_S3_SL_1.mp3", "isCorrect": true, "que_text": "p", "noOfMistakes": "2", "que_id": "HI_S3_SL_1"}, {"recordingName": "HI_S3_SL_4.mp3", "isCorrect": true, "que_text": "e", "noOfMistakes": "2", "que_id": "HI_S3_SL_4"}, {"recordingName": "HI_S3_SL_0.mp3", "isCorrect": false, "que_text": "n", "noOfMistakes": "2", "que_id": "HI_S3_SL_0"}, {"recordingName": "HI_S3_SL_5.mp3", "isCorrect": false, "que_text": "j", "noOfMistakes": "2", "que_id": "HI_S3_SL_5"}], "englishProficiency": "Capital letter", "studClass": "1", "date": "Sat Jul 13 18:02:21 GMT+05:30 2019", "mathematicsProficiency": "Single digit", "deviceID": "ebaa26065aba20e5", "ageGroup": "5-7 years", "nativeProficiency": "Letter"}