{"englishProficiency": "Beginner", "sequenceList": [{"que_text": "काले बादल छाए हैं। तेज़ बारिश हो रही है। मोर भी नाच रहा है। सब नाच देख रहे हैं।", "noOfMistakes": "200", "que_id": "HI_S3_P_1", "recordingName": "HI_S3_P_1.mp3", "isCorrect": false}, {"que_text": "नाक", "noOfMistakes": "3", "que_id": "HI_S3_WD_0", "recordingName": "HI_S3_WD_0.mp3", "isCorrect": true}, {"que_text": "तोता", "noOfMistakes": "3", "que_id": "HI_S3_WD_1", "recordingName": "HI_S3_WD_1.mp3", "isCorrect": false}, {"que_text": "माला", "noOfMistakes": "3", "que_id": "HI_S3_WD_8", "recordingName": "HI_S3_WD_8.mp3", "isCorrect": true}, {"que_text": "पीला", "noOfMistakes": "3", "que_id": "HI_S3_WD_7", "recordingName": "HI_S3_WD_7.mp3", "isCorrect": false}, {"que_text": "देर", "noOfMistakes": "3", "que_id": "HI_S3_WD_5", "recordingName": "HI_S3_WD_5.mp3", "isCorrect": false}, {"que_text": "क", "noOfMistakes": "0", "que_id": "HI_S3_L_1", "recordingName": "HI_S3_L_1.mp3", "isCorrect": true}, {"que_text": "म", "noOfMistakes": "0", "que_id": "HI_S3_L_8", "recordingName": "HI_S3_L_8.mp3", "isCorrect": true}, {"que_text": "च", "noOfMistakes": "0", "que_id": "HI_S3_L_2", "recordingName": "HI_S3_L_2.mp3", "isCorrect": true}, {"que_text": "ल", "noOfMistakes": "0", "que_id": "HI_S3_L_4", "recordingName": "HI_S3_L_4.mp3", "isCorrect": true}, {"que_text": "थ", "noOfMistakes": "0", "que_id": "HI_S3_L_5", "recordingName": "HI_S3_L_5.mp3", "isCorrect": true}, {"que_text": "C", "noOfMistakes": "3", "que_id": "HI_S3_CL_0", "recordingName": "HI_S3_CL_0.mp3", "isCorrect": true}, {"que_text": "S", "noOfMistakes": "3", "que_id": "HI_S3_CL_2", "recordingName": "HI_S3_CL_2.mp3", "isCorrect": false}, {"que_text": "K", "noOfMistakes": "3", "que_id": "HI_S3_CL_1", "recordingName": "HI_S3_CL_1.mp3", "isCorrect": false}, {"que_text": "F", "noOfMistakes": "3", "que_id": "HI_S3_CL_4", "recordingName": "HI_S3_CL_4.mp3", "isCorrect": false}, {"que_text": "W", "noOfMistakes": "3", "que_id": "HI_S3_CL_5", "recordingName": "HI_S3_CL_5.mp3", "isCorrect": true}], "deviceID": "c66208a6b7100eb2", "ageGroup": "7-10 years", "studClass": "2", "date": "Sat Jul 20 16:12:32 IST 2019", "nativeProficiency": "Letter"}