{"englishProficiency": "Capital letter", "sequenceList": [{"que_text": "नीतू के घर में गाय है। उसका रंग सफ़ेद है। गाय हरी घास खाती है। वह बहुत दूध देती है।", "noOfMistakes": "1", "que_id": "HI_S3_P_0", "isCorrect": true, "recordingName": "HI_S3_P_0.mp3"}, {"que_text": "नाक", "noOfMistakes": "0", "que_id": "HI_S3_WD_0", "isCorrect": true, "recordingName": "HI_S3_WD_0.mp3"}, {"que_text": "धुन", "noOfMistakes": "0", "que_id": "HI_S3_WD_3", "isCorrect": true, "recordingName": "HI_S3_WD_3.mp3"}, {"que_text": "माला", "noOfMistakes": "0", "que_id": "HI_S3_WD_8", "isCorrect": true, "recordingName": "HI_S3_WD_8.mp3"}, {"que_text": "रोटी", "noOfMistakes": "0", "que_id": "HI_S3_WD_6", "isCorrect": true, "recordingName": "HI_S3_WD_6.mp3"}, {"que_text": "चूहा", "noOfMistakes": "0", "que_id": "HI_S3_WD_2", "isCorrect": true, "recordingName": "HI_S3_WD_2.mp3"}, {"que_text": "C", "noOfMistakes": "0", "que_id": "HI_S3_CL_0", "isCorrect": true, "recordingName": "HI_S3_CL_0.mp3"}, {"que_text": "Q", "noOfMistakes": "0", "que_id": "HI_S3_CL_3", "isCorrect": true, "recordingName": "HI_S3_CL_3.mp3"}, {"que_text": "F", "noOfMistakes": "0", "que_id": "HI_S3_CL_4", "isCorrect": true, "recordingName": "HI_S3_CL_4.mp3"}, {"que_text": "W", "noOfMistakes": "0", "que_id": "HI_S3_CL_5", "isCorrect": true, "recordingName": "HI_S3_CL_5.mp3"}, {"que_text": "Z", "noOfMistakes": "0", "que_id": "HI_S3_CL_7", "isCorrect": true, "recordingName": "HI_S3_CL_7.mp3"}], "deviceID": "ebaa26065aba20e5", "ageGroup": "10-12 years", "studClass": "6", "nativeProficiency": "Paragraph", "date": "Thu Jul 11 16:23:06 GMT+05:30 2019"}