{"sequenceList": [{"recordingName": "HI_S4_P_0.mp3", "isCorrect": false, "que_text": "बग़ीचे में पेड़ हैं। पेड़ पर एक तोता रहता है। तोते का रंग हरा है। वह लाल टमाटर खाता है।", "noOfMistakes": "200", "que_id": "HI_S4_P_0"}, {"recordingName": "HI_S4_L_0.mp3", "isCorrect": false, "que_text": "न", "noOfMistakes": "5", "que_id": "HI_S4_L_0"}, {"recordingName": "HI_S4_L_4.mp3", "isCorrect": false, "que_text": "स", "noOfMistakes": "5", "que_id": "HI_S4_L_4"}, {"recordingName": "HI_S4_L_6.mp3", "isCorrect": false, "que_text": "ग", "noOfMistakes": "5", "que_id": "HI_S4_L_6"}, {"recordingName": "HI_S4_L_9.mp3", "isCorrect": false, "que_text": "थ", "noOfMistakes": "5", "que_id": "HI_S4_L_9"}, {"recordingName": "HI_S4_L_2.mp3", "isCorrect": false, "que_text": "म", "noOfMistakes": "5", "que_id": "HI_S4_L_2"}, {"recordingName": "HI_S4_SD_7.mp3", "isCorrect": true, "que_text": "1", "noOfMistakes": "3", "que_id": "HI_S4_SD_7"}, {"recordingName": "HI_S4_SD_4.mp3", "isCorrect": true, "que_text": "2", "noOfMistakes": "3", "que_id": "HI_S4_SD_4"}, {"recordingName": "HI_S4_SD_3.mp3", "isCorrect": false, "que_text": "4", "noOfMistakes": "3", "que_id": "HI_S4_SD_3"}, {"recordingName": "HI_S4_SD_6.mp3", "isCorrect": false, "que_text": "3", "noOfMistakes": "3", "que_id": "HI_S4_SD_6"}, {"recordingName": "HI_S4_SD_0.mp3", "isCorrect": false, "que_text": "5", "noOfMistakes": "3", "que_id": "HI_S4_SD_0"}, {"recordingName": "HI_S4_CL_5.mp3", "isCorrect": false, "que_text": "X", "noOfMistakes": "5", "que_id": "HI_S4_CL_5"}, {"recordingName": "HI_S4_CL_7.mp3", "isCorrect": false, "que_text": "N", "noOfMistakes": "5", "que_id": "HI_S4_CL_7"}, {"recordingName": "HI_S4_CL_2.mp3", "isCorrect": false, "que_text": "T", "noOfMistakes": "5", "que_id": "HI_S4_CL_2"}, {"recordingName": "HI_S4_CL_3.mp3", "isCorrect": false, "que_text": "K", "noOfMistakes": "5", "que_id": "HI_S4_CL_3"}, {"recordingName": "HI_S4_CL_1.mp3", "isCorrect": false, "que_text": "L", "noOfMistakes": "5", "que_id": "HI_S4_CL_1"}], "englishProficiency": "Beginner", "studClass": "1", "date": "Sun Jul 07 17:56:10 IST 2019", "mathematicsProficiency": "Beginner", "deviceID": "c66208a6b7100eb2", "ageGroup": "5-7 years", "nativeProficiency": "Beginner"}