{"englishProficiency": "Small letter", "sequenceList": [{"que_text": "G", "noOfMistakes": "0", "que_id": "MR_S4_CL_4", "isCorrect": true, "recordingName": "MR_S4_CL_4.mp3"}, {"que_text": "K", "noOfMistakes": "0", "que_id": "MR_S4_CL_3", "isCorrect": true, "recordingName": "MR_S4_CL_3.mp3"}, {"que_text": "X", "noOfMistakes": "0", "que_id": "MR_S4_CL_5", "isCorrect": true, "recordingName": "MR_S4_CL_5.mp3"}, {"que_text": "N", "noOfMistakes": "0", "que_id": "MR_S4_CL_7", "isCorrect": true, "recordingName": "MR_S4_CL_7.mp3"}, {"que_text": "D", "noOfMistakes": "0", "que_id": "MR_S4_CL_0", "isCorrect": true, "recordingName": "MR_S4_CL_0.mp3"}, {"que_text": "f", "noOfMistakes": "0", "que_id": "MR_S4_SL_1", "isCorrect": true, "recordingName": "MR_S4_SL_1.mp3"}, {"que_text": "v", "noOfMistakes": "0", "que_id": "MR_S4_SL_4", "isCorrect": true, "recordingName": "MR_S4_SL_4.mp3"}, {"que_text": "h", "noOfMistakes": "0", "que_id": "MR_S4_SL_7", "isCorrect": true, "recordingName": "MR_S4_SL_7.mp3"}, {"que_text": "s", "noOfMistakes": "0", "que_id": "MR_S4_SL_3", "isCorrect": true, "recordingName": "MR_S4_SL_3.mp3"}, {"que_text": "m", "noOfMistakes": "0", "que_id": "MR_S4_SL_5", "isCorrect": true, "recordingName": "MR_S4_SL_5.mp3"}, {"que_text": "fat", "noOfMistakes": "1", "que_id": "MR_S4_W_1", "isCorrect": false, "recordingName": "MR_S4_W_1.mp3"}], "deviceID": "5b150edd580a5183", "ageGroup": "12-15 years", "studClass": "8", "nativeProficiency": "Paragraph", "date": "Wed Sep 04 17:06:50 IST 2019"}