{"date": "Wed Sep 04 13:14:43 GMT+05:30 2019", "sequenceList": [{"recordingName": "MR_S2_P_0.mp3", "isCorrect": true, "que_text": "एकदा मी पडले. सगळे मला हसले. एकदा सोनल पडली. मी तिला हसले.", "noOfMistakes": "0", "que_id": "MR_S2_P_0"}, {"recordingName": "MR_S2_CL_0.mp3", "isCorrect": true, "que_text": "B", "noOfMistakes": "2", "que_id": "MR_S2_CL_0"}, {"recordingName": "MR_S2_CL_2.mp3", "isCorrect": false, "que_text": "R", "noOfMistakes": "2", "que_id": "MR_S2_CL_2"}, {"recordingName": "MR_S2_CL_3.mp3", "isCorrect": false, "que_text": "L", "noOfMistakes": "2", "que_id": "MR_S2_CL_3"}], "englishProficiency": "Beginner", "studClass": "2", "deviceID": "70390f9e7bdbfff1", "ageGroup": "5-7 years", "nativeProficiency": "Word"}