{"englishProficiency": "Beginner", "sequenceList": [{"que_text": "एकदा मी पडले. सगळे मला हसले. एकदा सोनल पडली. मी तिला हसले.", "noOfMistakes": "0", "que_id": "MR_S2_P_0", "isCorrect": true, "recordingName": "MR_S2_P_0.mp3"}, {"que_text": "B", "noOfMistakes": "2", "que_id": "MR_S2_CL_0", "isCorrect": true, "recordingName": "MR_S2_CL_0.mp3"}, {"que_text": "R", "noOfMistakes": "2", "que_id": "MR_S2_CL_2", "isCorrect": false, "recordingName": "MR_S2_CL_2.mp3"}, {"que_text": "L", "noOfMistakes": "2", "que_id": "MR_S2_CL_3", "isCorrect": false, "recordingName": "MR_S2_CL_3.mp3"}], "deviceID": "70390f9e7bdbfff1", "ageGroup": "5-7 years", "studClass": "2", "date": "Wed Sep 04 13:14:43 GMT+05:30 2019", "nativeProficiency": "Word"}