{"sequenceList": [{"recordingName": "HI_S2_P_0.mp3", "isCorrect": true, "que_text": "सोनी के पास एक माला है। उसमें बहुत सारे मोती हैं। मोती पीले रंग के हैं। सोनी उसे पहनती है।", "noOfMistakes": "0", "que_id": "HI_S2_P_0"}, {"recordingName": "HI_S2_ST_0.mp3", "isCorrect": false, "que_text": "सावन का महीना था। आसमान में बहुत से काले बादल छाये थे। ठंडी- ठंडी हवा चल रही थी। मैंने सोचा, आज झूला झूलते हैं। बड़े भैया एक मोटी सी रस्सी लेकर आए। हमने उसे पेड़ से लटका कर झूला बनाया। सब ने मिलकर खूब झूला झूला। बहुत सारे बच्चे आकर मज़े से खेलने लगे। खेलते-खेलते रात हो गई।", "noOfMistakes": "5", "que_id": "HI_S2_ST_0"}, {"answer": "-", "isCorrect": false, "que_text": "47-29", "noOfMistakes": "2", "que_id": "HI_S2_SB_2"}, {"answer": "-", "isCorrect": false, "que_text": "32-15", "noOfMistakes": "2", "que_id": "HI_S2_SB_5"}, {"recordingName": "HI_S2_DD_2.mp3", "isCorrect": false, "que_text": "69", "noOfMistakes": "1", "que_id": "HI_S2_DD_2"}, {"recordingName": "HI_S2_DD_6.mp3", "isCorrect": true, "que_text": "46", "noOfMistakes": "1", "que_id": "HI_S2_DD_6"}, {"recordingName": "HI_S2_DD_9.mp3", "isCorrect": true, "que_text": "68", "noOfMistakes": "1", "que_id": "HI_S2_DD_9"}, {"recordingName": "HI_S2_DD_7.mp3", "isCorrect": true, "que_text": "84", "noOfMistakes": "1", "que_id": "HI_S2_DD_7"}, {"recordingName": "HI_S2_DD_8.mp3", "isCorrect": true, "que_text": "25", "noOfMistakes": "1", "que_id": "HI_S2_DD_8"}, {"recordingName": "HI_S2_SD_1.mp3", "isCorrect": true, "que_text": "7", "noOfMistakes": "0", "que_id": "HI_S2_SD_1"}, {"recordingName": "HI_S2_SD_4.mp3", "isCorrect": true, "que_text": "9", "noOfMistakes": "0", "que_id": "HI_S2_SD_4"}, {"recordingName": "HI_S2_SD_5.mp3", "isCorrect": true, "que_text": "8", "noOfMistakes": "0", "que_id": "HI_S2_SD_5"}, {"recordingName": "HI_S2_SD_2.mp3", "isCorrect": true, "que_text": "3", "noOfMistakes": "0", "que_id": "HI_S2_SD_2"}, {"recordingName": "HI_S2_SD_6.mp3", "isCorrect": true, "que_text": "4", "noOfMistakes": "0", "que_id": "HI_S2_SD_6"}, {"recordingName": "HI_S2_CL_2.mp3", "isCorrect": true, "que_text": "R", "noOfMistakes": "1", "que_id": "HI_S2_CL_2"}, {"recordingName": "HI_S2_CL_4.mp3", "isCorrect": true, "que_text": "V", "noOfMistakes": "1", "que_id": "HI_S2_CL_4"}, {"recordingName": "HI_S2_CL_5.mp3", "isCorrect": true, "que_text": "M", "noOfMistakes": "1", "que_id": "HI_S2_CL_5"}, {"recordingName": "HI_S2_CL_3.mp3", "isCorrect": false, "que_text": "L", "noOfMistakes": "1", "que_id": "HI_S2_CL_3"}, {"recordingName": "HI_S2_CL_1.mp3", "isCorrect": true, "que_text": "H", "noOfMistakes": "1", "que_id": "HI_S2_CL_1"}, {"recordingName": "HI_S2_SL_4.mp3", "isCorrect": true, "que_text": "g", "noOfMistakes": "0", "que_id": "HI_S2_SL_4"}, {"recordingName": "HI_S2_SL_3.mp3", "isCorrect": true, "que_text": "w", "noOfMistakes": "0", "que_id": "HI_S2_SL_3"}, {"recordingName": "HI_S2_SL_1.mp3", "isCorrect": true, "que_text": "j", "noOfMistakes": "0", "que_id": "HI_S2_SL_1"}, {"recordingName": "HI_S2_SL_5.mp3", "isCorrect": true, "que_text": "u", "noOfMistakes": "0", "que_id": "HI_S2_SL_5"}, {"recordingName": "HI_S2_SL_2.mp3", "isCorrect": true, "que_text": "o", "noOfMistakes": "0", "que_id": "HI_S2_SL_2"}, {"recordingName": "HI_S2_W_0.mp3", "isCorrect": true, "que_text": "rat", "noOfMistakes": "0", "que_id": "HI_S2_W_0"}, {"recordingName": "HI_S2_W_3.mp3", "isCorrect": true, "que_text": "cow", "noOfMistakes": "0", "que_id": "HI_S2_W_3"}, {"recordingName": "HI_S2_W_5.mp3", "isCorrect": true, "que_text": "pen", "noOfMistakes": "0", "que_id": "HI_S2_W_5"}, {"recordingName": "HI_S2_W_1.mp3", "isCorrect": true, "que_text": "hot", "noOfMistakes": "0", "que_id": "HI_S2_W_1"}, {"recordingName": "HI_S2_W_4.mp3", "isCorrect": true, "que_text": "man", "noOfMistakes": "0", "que_id": "HI_S2_W_4"}, {"recordingName": "HI_S2_S_0.mp3", "isCorrect": true, "que_text": "What is the time?", "noOfMistakes": "0", "que_id": "HI_S2_S_0"}, {"recordingName": "HI_S2_S_1.mp3", "isCorrect": true, "que_text": "This is a red ball.", "noOfMistakes": "0", "que_id": "HI_S2_S_1"}, {"recordingName": "HI_S2_S_2.mp3", "isCorrect": false, "que_text": "I like to play.", "noOfMistakes": "1", "que_id": "HI_S2_S_2"}, {"recordingName": "HI_S2_S_3.mp3", "isCorrect": false, "que_text": "I have a small house.", "noOfMistakes": "1", "que_id": "HI_S2_S_3"}], "englishProficiency": "Sentence", "studClass": "4", "date": "Mon Jul 01 13:22:46 IST 2019", "mathematicsProficiency": "Single digit", "deviceID": "c66208a6b7100eb2", "ageGroup": "7-10 years", "nativeProficiency": "Paragraph"}