{"sequenceList": [{"recordingName": "HI_S3_L_4.mp3", "isCorrect": true, "que_text": "ल", "noOfMistakes": "0", "que_id": "HI_S3_L_4"}, {"recordingName": "HI_S3_L_0.mp3", "isCorrect": true, "que_text": "द", "noOfMistakes": "0", "que_id": "HI_S3_L_0"}, {"recordingName": "HI_S3_L_9.mp3", "isCorrect": true, "que_text": "ख", "noOfMistakes": "0", "que_id": "HI_S3_L_9"}, {"recordingName": "HI_S3_L_5.mp3", "isCorrect": true, "que_text": "थ", "noOfMistakes": "0", "que_id": "HI_S3_L_5"}, {"recordingName": "HI_S3_L_2.mp3", "isCorrect": true, "que_text": "च", "noOfMistakes": "0", "que_id": "HI_S3_L_2"}, {"recordingName": "HI_S3_WD_5.mp3", "isCorrect": false, "que_text": "देर", "noOfMistakes": "1", "que_id": "HI_S3_WD_5"}, {"recordingName": "HI_S3_SD_4.mp3", "isCorrect": true, "que_text": "6", "noOfMistakes": "0", "que_id": "HI_S3_SD_4"}, {"recordingName": "HI_S3_SD_1.mp3", "isCorrect": true, "que_text": "4", "noOfMistakes": "0", "que_id": "HI_S3_SD_1"}, {"recordingName": "HI_S3_SD_7.mp3", "isCorrect": true, "que_text": "2", "noOfMistakes": "0", "que_id": "HI_S3_SD_7"}, {"recordingName": "HI_S3_SD_3.mp3", "isCorrect": true, "que_text": "3", "noOfMistakes": "0", "que_id": "HI_S3_SD_3"}, {"recordingName": "HI_S3_DD_0.mp3", "isCorrect": false, "que_text": "52", "noOfMistakes": "2", "que_id": "HI_S3_DD_0"}, {"recordingName": "HI_S3_DD_3.mp3", "isCorrect": false, "que_text": "27", "noOfMistakes": "2", "que_id": "HI_S3_DD_3"}, {"recordingName": "HI_S3_CL_4.mp3", "isCorrect": false, "que_text": "F", "noOfMistakes": "2", "que_id": "HI_S3_CL_4"}, {"recordingName": "HI_S3_CL_1.mp3", "isCorrect": true, "que_text": "K", "noOfMistakes": "2", "que_id": "HI_S3_CL_1"}, {"recordingName": "HI_S3_CL_7.mp3", "isCorrect": true, "que_text": "Z", "noOfMistakes": "2", "que_id": "HI_S3_CL_7"}, {"recordingName": "HI_S3_CL_3.mp3", "isCorrect": false, "que_text": "Q", "noOfMistakes": "2", "que_id": "HI_S3_CL_3"}, {"recordingName": "HI_S3_CL_2.mp3", "isCorrect": true, "que_text": "S", "noOfMistakes": "2", "que_id": "HI_S3_CL_2"}, {"recordingName": "HI_S3_SL_1.mp3", "isCorrect": false, "que_text": "p", "noOfMistakes": "1", "que_id": "HI_S3_SL_1"}], "englishProficiency": "Capital letter", "studClass": "2", "date": "Fri Sep 06 16:08:37 IST 2019", "mathematicsProficiency": "Single digit", "deviceID": "f80dd2f1223bdfc1", "ageGroup": "5-7 years", "nativeProficiency": "Letter"}