{"englishProficiency": "Capital letter", "sequenceList": [{"que_text": "काले बादल छाए हैं। तेज़ बारिश हो रही है। मोर भी नाच रहा है। सब नाच देख रहे हैं।", "noOfMistakes": "200", "que_id": "HI_S3_P_1", "isCorrect": false, "recordingName": "HI_S3_P_1.mp3"}, {"que_text": "नाक", "noOfMistakes": "1", "que_id": "HI_S3_WD_0", "isCorrect": true, "recordingName": "HI_S3_WD_0.mp3"}, {"que_text": "तोता", "noOfMistakes": "1", "que_id": "HI_S3_WD_1", "isCorrect": true, "recordingName": "HI_S3_WD_1.mp3"}, {"que_text": "माला", "noOfMistakes": "1", "que_id": "HI_S3_WD_8", "isCorrect": false, "recordingName": "HI_S3_WD_8.mp3"}, {"que_text": "दिन", "noOfMistakes": "1", "que_id": "HI_S3_WD_9", "isCorrect": true, "recordingName": "HI_S3_WD_9.mp3"}, {"que_text": "पीला", "noOfMistakes": "1", "que_id": "HI_S3_WD_7", "isCorrect": true, "recordingName": "HI_S3_WD_7.mp3"}, {"que_text": "C", "noOfMistakes": "2", "que_id": "HI_S3_CL_0", "isCorrect": true, "recordingName": "HI_S3_CL_0.mp3"}, {"que_text": "Q", "noOfMistakes": "2", "que_id": "HI_S3_CL_3", "isCorrect": false, "recordingName": "HI_S3_CL_3.mp3"}, {"que_text": "O", "noOfMistakes": "2", "que_id": "HI_S3_CL_6", "isCorrect": true, "recordingName": "HI_S3_CL_6.mp3"}, {"que_text": "W", "noOfMistakes": "2", "que_id": "HI_S3_CL_5", "isCorrect": true, "recordingName": "HI_S3_CL_5.mp3"}, {"que_text": "F", "noOfMistakes": "2", "que_id": "HI_S3_CL_4", "isCorrect": false, "recordingName": "HI_S3_CL_4.mp3"}], "deviceID": "ebaa26065aba20e5", "ageGroup": "12-15 years", "studClass": "8", "nativeProficiency": "Word", "date": "Mon Jul 15 16:29:48 GMT+05:30 2019"}