{"date": "Thu Sep 05 17:52:03 GMT+05:30 2019", "sequenceList": [{"recordingName": "MR_S3_CL_0.mp3", "isCorrect": true, "que_text": "C", "noOfMistakes": "0", "que_id": "MR_S3_CL_0"}, {"recordingName": "MR_S3_CL_1.mp3", "isCorrect": true, "que_text": "K", "noOfMistakes": "0", "que_id": "MR_S3_CL_1"}, {"recordingName": "MR_S3_CL_2.mp3", "isCorrect": true, "que_text": "S", "noOfMistakes": "0", "que_id": "MR_S3_CL_2"}, {"recordingName": "MR_S3_CL_3.mp3", "isCorrect": true, "que_text": "Q", "noOfMistakes": "0", "que_id": "MR_S3_CL_3"}, {"recordingName": "MR_S3_CL_4.mp3", "isCorrect": true, "que_text": "F", "noOfMistakes": "0", "que_id": "MR_S3_CL_4"}, {"recordingName": "MR_S3_W_0.mp3", "isCorrect": false, "que_text": "day", "noOfMistakes": "2", "que_id": "MR_S3_W_0"}, {"recordingName": "MR_S3_W_1.mp3", "isCorrect": false, "que_text": "old", "noOfMistakes": "2", "que_id": "MR_S3_W_1"}], "englishProficiency": "Test was not complete", "studClass": "6", "deviceID": "ca512e3b0fc2c4f9", "ageGroup": "12-15 years", "nativeProficiency": "Word"}