{"englishProficiency": "Sentence", "sequenceList": [{"que_text": "विमला और अजय मेला देखने गये। उन्हें मेले में तरह-तरह की दुकाने दिखीं। मेले में बहुत झूले थे। वहाँ गरम-गरम हलवा और जलेबियाँ भी बिक रहीं थीं। जलेबी देखकर दोनों के मुँह में पानी आने लगा। उन्हें जलेबी खाने का मन हुआ। विमला ने जलेबी खरीदी। दोनों दोस्तों ने मिलकर जलेबी खाई। शाम को दोनों घर लौट आये।", "noOfMistakes": "0", "que_id": "HI_S3_ST_0", "isCorrect": true, "recordingName": "HI_S3_ST_0.mp3"}, {"que_text": "Where is your house?", "noOfMistakes": "0", "que_id": "HI_S3_S_0", "isCorrect": true, "recordingName": "HI_S3_S_0.mp3"}], "deviceID": "1ed21de3dcb4d468", "ageGroup": "12-15 years", "studClass": "8", "nativeProficiency": "Story", "date": "Tue Sep 17 16:56:14 GMT+05:30 2019"}