{"englishProficiency": "Small letter", "sequenceList": [{"que_text": " माँ ने हलवा बनाया। वह बहुत मीठा था। उसे सोनी ने खाया। खाने के बाद वह सो गई।", "noOfMistakes": "0", "que_id": "HI_S1_P_1", "recordingName": "HI_S1_P_1.mp3", "isCorrect": true}, {"que_text": "बहुत दिनों से बारिश हो रही थी। गाँव में सभी जगह गंदा पानी भर गया था। सभी बारिश के रुकने की राह देख रहे थे। अचानक एक दिन बारिश रुक गई। सूरज निकल आया। सब लोग खुश हो गये। आसमान में चिड़ियाँ उड़ने लगीं। लोग अपने कपड़े सुखाने लगे। बच्चे भी घरों से बाहर निकलकर खेलने लगे।", "noOfMistakes": "0", "que_id": "HI_S1_ST_0", "recordingName": "HI_S1_ST_0.mp3", "isCorrect": true}, {"que_text": "A", "noOfMistakes": "0", "que_id": "HI_S1_CL_0", "recordingName": "HI_S1_CL_0.mp3", "isCorrect": true}, {"que_text": "E", "noOfMistakes": "0", "que_id": "HI_S1_CL_4", "recordingName": "HI_S1_CL_4.mp3", "isCorrect": true}, {"que_text": "Y", "noOfMistakes": "0", "que_id": "HI_S1_CL_5", "recordingName": "HI_S1_CL_5.mp3", "isCorrect": true}, {"que_text": "J", "noOfMistakes": "0", "que_id": "HI_S1_CL_1", "recordingName": "HI_S1_CL_1.mp3", "isCorrect": true}, {"que_text": "N", "noOfMistakes": "0", "que_id": "HI_S1_CL_6", "recordingName": "HI_S1_CL_6.mp3", "isCorrect": true}, {"que_text": "h", "noOfMistakes": "0", "que_id": "HI_S1_SL_0", "recordingName": "HI_S1_SL_0.mp3", "isCorrect": true}, {"que_text": "m", "noOfMistakes": "0", "que_id": "HI_S1_SL_4", "recordingName": "HI_S1_SL_4.mp3", "isCorrect": true}, {"que_text": "d", "noOfMistakes": "0", "que_id": "HI_S1_SL_5", "recordingName": "HI_S1_SL_5.mp3", "isCorrect": true}, {"que_text": "x", "noOfMistakes": "0", "que_id": "HI_S1_SL_2", "recordingName": "HI_S1_SL_2.mp3", "isCorrect": true}, {"que_text": "p", "noOfMistakes": "0", "que_id": "HI_S1_SL_1", "recordingName": "HI_S1_SL_1.mp3", "isCorrect": true}], "deviceID": "c000bc6529c79e65", "ageGroup": "10-12 years", "studClass": "6", "date": "Sat Sep 07 15:28:12 IST 2019", "nativeProficiency": "Story"}