{"date": "Sat Sep 07 15:33:49 GMT+05:30 2019", "sequenceList": [{"recordingName": "MR_S2_WD_0.mp3", "isCorrect": true, "que_text": "खडू", "noOfMistakes": "1", "que_id": "MR_S2_WD_0"}, {"recordingName": "MR_S2_WD_1.mp3", "isCorrect": false, "que_text": "पतंग", "noOfMistakes": "1", "que_id": "MR_S2_WD_1"}, {"recordingName": "MR_S2_WD_2.mp3", "isCorrect": true, "que_text": "टोपी", "noOfMistakes": "1", "que_id": "MR_S2_WD_2"}, {"recordingName": "MR_S2_WD_4.mp3", "isCorrect": true, "que_text": "रवी", "noOfMistakes": "1", "que_id": "MR_S2_WD_4"}, {"recordingName": "MR_S2_WD_9.mp3", "isCorrect": true, "que_text": "गाव", "noOfMistakes": "1", "que_id": "MR_S2_WD_9"}, {"recordingName": "MR_S2_CL_0.mp3", "isCorrect": true, "que_text": "B", "noOfMistakes": "0", "que_id": "MR_S2_CL_0"}, {"recordingName": "MR_S2_CL_1.mp3", "isCorrect": true, "que_text": "H", "noOfMistakes": "0", "que_id": "MR_S2_CL_1"}, {"recordingName": "MR_S2_CL_2.mp3", "isCorrect": true, "que_text": "R", "noOfMistakes": "0", "que_id": "MR_S2_CL_2"}, {"recordingName": "MR_S2_CL_3.mp3", "isCorrect": true, "que_text": "L", "noOfMistakes": "0", "que_id": "MR_S2_CL_3"}, {"recordingName": "MR_S2_CL_4.mp3", "isCorrect": true, "que_text": "V", "noOfMistakes": "0", "que_id": "MR_S2_CL_4"}, {"recordingName": "MR_S2_SL_0.mp3", "isCorrect": true, "que_text": "z", "noOfMistakes": "0", "que_id": "MR_S2_SL_0"}, {"recordingName": "MR_S2_SL_2.mp3", "isCorrect": true, "que_text": "o", "noOfMistakes": "0", "que_id": "MR_S2_SL_2"}, {"recordingName": "MR_S2_SL_3.mp3", "isCorrect": true, "que_text": "w", "noOfMistakes": "0", "que_id": "MR_S2_SL_3"}, {"recordingName": "MR_S2_SL_5.mp3", "isCorrect": true, "que_text": "u", "noOfMistakes": "0", "que_id": "MR_S2_SL_5"}, {"recordingName": "MR_S2_SL_6.mp3", "isCorrect": true, "que_text": "s", "noOfMistakes": "0", "que_id": "MR_S2_SL_6"}, {"recordingName": "MR_S2_W_0.mp3", "isCorrect": false, "que_text": "cow", "noOfMistakes": "1", "que_id": "MR_S2_W_0"}], "englishProficiency": "Small letter", "studClass": "5", "deviceID": "ca512e3b0fc2c4f9", "ageGroup": "10-12 years", "nativeProficiency": "Word"}