{"englishProficiency": "Beginner", "sequenceList": [{"que_text": "र", "noOfMistakes": "2", "que_id": "HI_S1_L_1", "isCorrect": false, "recordingName": "HI_S1_L_1.mp3"}, {"que_text": "क", "noOfMistakes": "2", "que_id": "HI_S1_L_8", "isCorrect": true, "recordingName": "HI_S1_L_8.mp3"}, {"que_text": "घ", "noOfMistakes": "2", "que_id": "HI_S1_L_9", "isCorrect": false, "recordingName": "HI_S1_L_9.mp3"}, {"que_text": "A", "noOfMistakes": "0", "que_id": "HI_S1_CL_0", "isCorrect": true, "recordingName": "HI_S1_CL_0.mp3"}], "deviceID": "ebaa26065aba20e5", "ageGroup": "5-7 years", "studClass": "1", "nativeProficiency": "Beginner", "date": "Sat Jul 06 17:33:50 GMT+05:30 2019"}