{"englishProficiency": "Beginner", "sequenceList": [{"que_text": "पावसाळा सुरु झाला. आईने नवी तुळस लावली. तुळस भरभर वाढली. छान दिसू लागली.", "noOfMistakes": "200", "que_id": "MR_S2_P_1", "isCorrect": false, "recordingName": "MR_S2_P_1.mp3"}, {"que_text": "पतंग", "noOfMistakes": "1", "que_id": "MR_S2_WD_1", "isCorrect": false, "recordingName": "MR_S2_WD_1.mp3"}, {"que_text": "त", "noOfMistakes": "2", "que_id": "MH_S2_L_1", "isCorrect": false, "recordingName": "MH_S2_L_1.mp3"}, {"que_text": "स", "noOfMistakes": "2", "que_id": "MH_S2_L_4", "isCorrect": false, "recordingName": "MH_S2_L_4.mp3"}, {"que_text": "H", "noOfMistakes": "2", "que_id": "MR_S2_CL_1", "isCorrect": false, "recordingName": "MR_S2_CL_1.mp3"}, {"que_text": "M", "noOfMistakes": "2", "que_id": "MR_S2_CL_5", "isCorrect": false, "recordingName": "MR_S2_CL_5.mp3"}], "deviceID": "3ebaa9d14abd9a0f", "ageGroup": "12-15 years", "studClass": "7", "nativeProficiency": "Beginner", "date": "Tue Jul 23 15:33:04 GMT+05:30 2019"}