{"englishProficiency": "Beginner", "sequenceList": [{"que_text": "एकदा मी पडले. सगळे मला हसले. एकदा सोनल पडली. मी तिला हसले.", "noOfMistakes": "200", "que_id": "MR_S2_P_0", "isCorrect": false, "recordingName": "MR_S2_P_0.mp3"}, {"que_text": "विहीर", "noOfMistakes": "1", "que_id": "MR_S2_WD_6", "isCorrect": false, "recordingName": "MR_S2_WD_6.mp3"}, {"que_text": "ण", "noOfMistakes": "0", "que_id": "MH_S2_L_3", "isCorrect": true, "recordingName": "MH_S2_L_3.mp3"}, {"que_text": "स", "noOfMistakes": "0", "que_id": "MH_S2_L_4", "isCorrect": true, "recordingName": "MH_S2_L_4.mp3"}, {"que_text": "व", "noOfMistakes": "0", "que_id": "MH_S2_L_6", "isCorrect": true, "recordingName": "MH_S2_L_6.mp3"}, {"que_text": "क", "noOfMistakes": "0", "que_id": "MH_S2_L_5", "isCorrect": true, "recordingName": "MH_S2_L_5.mp3"}, {"que_text": "ल", "noOfMistakes": "0", "que_id": "MH_S2_L_8", "isCorrect": true, "recordingName": "MH_S2_L_8.mp3"}, {"que_text": "H", "noOfMistakes": "3", "que_id": "MR_S2_CL_1", "isCorrect": true, "recordingName": "MR_S2_CL_1.mp3"}, {"que_text": "F", "noOfMistakes": "3", "que_id": "MR_S2_CL_7", "isCorrect": false, "recordingName": "MR_S2_CL_7.mp3"}, {"que_text": "V", "noOfMistakes": "3", "que_id": "MR_S2_CL_4", "isCorrect": false, "recordingName": "MR_S2_CL_4.mp3"}, {"que_text": "R", "noOfMistakes": "3", "que_id": "MR_S2_CL_2", "isCorrect": false, "recordingName": "MR_S2_CL_2.mp3"}], "deviceID": "3ebaa9d14abd9a0f", "ageGroup": "5-7 years", "studClass": "1", "nativeProficiency": "Letter", "date": "Wed Jul 10 12:08:07 GMT+05:30 2019"}