{"englishProficiency": "Beginner", "sequenceList": [{"que_text": "अंगणात चिमणी येते. मी तिला दाणे टाकते. चिमणी दाणे खाते. खाऊन उडून जाते.", "noOfMistakes": "200", "que_id": "MR_S3_P_1", "isCorrect": false, "recordingName": "MR_S3_P_1.mp3"}, {"que_text": "लाल", "noOfMistakes": "3", "que_id": "MR_S3_WD_1", "isCorrect": false, "recordingName": "MR_S3_WD_1.mp3"}, {"que_text": "पूर", "noOfMistakes": "3", "que_id": "MR_S3_WD_2", "isCorrect": false, "recordingName": "MR_S3_WD_2.mp3"}, {"que_text": "मुळा", "noOfMistakes": "3", "que_id": "MR_S3_WD_4", "isCorrect": false, "recordingName": "MR_S3_WD_4.mp3"}, {"que_text": "स", "noOfMistakes": "5", "que_id": "MH_S3_L_1", "isCorrect": false, "recordingName": "MH_S3_L_1.mp3"}, {"que_text": "न", "noOfMistakes": "5", "que_id": "MH_S3_L_4", "isCorrect": false, "recordingName": "MH_S3_L_4.mp3"}, {"que_text": "म", "noOfMistakes": "5", "que_id": "MH_S3_L_8", "isCorrect": false, "recordingName": "MH_S3_L_8.mp3"}, {"que_text": "ल", "noOfMistakes": "5", "que_id": "MH_S3_L_3", "isCorrect": false, "recordingName": "MH_S3_L_3.mp3"}, {"que_text": "र", "noOfMistakes": "5", "que_id": "MH_S3_L_7", "isCorrect": false, "recordingName": "MH_S3_L_7.mp3"}, {"que_text": "C", "noOfMistakes": "2", "que_id": "MR_S3_CL_0", "isCorrect": true, "recordingName": "MR_S3_CL_0.mp3"}, {"que_text": "F", "noOfMistakes": "2", "que_id": "MR_S3_CL_4", "isCorrect": true, "recordingName": "MR_S3_CL_4.mp3"}, {"que_text": "K", "noOfMistakes": "2", "que_id": "MR_S3_CL_1", "isCorrect": false, "recordingName": "MR_S3_CL_1.mp3"}, {"que_text": "S", "noOfMistakes": "2", "que_id": "MR_S3_CL_2", "isCorrect": true, "recordingName": "MR_S3_CL_2.mp3"}, {"que_text": "Q", "noOfMistakes": "2", "que_id": "MR_S3_CL_3", "isCorrect": false, "recordingName": "MR_S3_CL_3.mp3"}], "deviceID": "3ebaa9d14abd9a0f", "ageGroup": "5-7 years", "studClass": "1", "nativeProficiency": "Beginner", "date": "Thu Jul 04 11:27:11 GMT+05:30 2019"}