{"englishProficiency": "Capital letter", "sequenceList": [{"que_text": " राधा के पास एक तोता है। उसकी चोंच लाल है। वह बहुत बोलता है। सब को हँसाता है।", "noOfMistakes": "200", "que_id": "HI_S1_P_0", "isCorrect": false, "recordingName": "HI_S1_P_0.mp3"}, {"que_text": "गाना", "noOfMistakes": "5", "que_id": "HI_S1_WD_0", "isCorrect": false, "recordingName": "HI_S1_WD_0.mp3"}, {"que_text": "खुश", "noOfMistakes": "5", "que_id": "HI_S1_WD_1", "isCorrect": false, "recordingName": "HI_S1_WD_1.mp3"}, {"que_text": "मोती", "noOfMistakes": "5", "que_id": "HI_S1_WD_2", "isCorrect": false, "recordingName": "HI_S1_WD_2.mp3"}, {"que_text": "झोला", "noOfMistakes": "5", "que_id": "HI_S1_WD_4", "isCorrect": false, "recordingName": "HI_S1_WD_4.mp3"}, {"que_text": "पैर", "noOfMistakes": "5", "que_id": "HI_S1_WD_3", "isCorrect": false, "recordingName": "HI_S1_WD_3.mp3"}, {"que_text": "म", "noOfMistakes": "0", "que_id": "HI_S1_L_0", "isCorrect": true, "recordingName": "HI_S1_L_0.mp3"}, {"que_text": "थ", "noOfMistakes": "0", "que_id": "HI_S1_L_2", "isCorrect": true, "recordingName": "HI_S1_L_2.mp3"}, {"que_text": "श", "noOfMistakes": "0", "que_id": "HI_S1_L_4", "isCorrect": true, "recordingName": "HI_S1_L_4.mp3"}, {"que_text": "ह", "noOfMistakes": "0", "que_id": "HI_S1_L_3", "isCorrect": true, "recordingName": "HI_S1_L_3.mp3"}, {"que_text": "र", "noOfMistakes": "0", "que_id": "HI_S1_L_1", "isCorrect": true, "recordingName": "HI_S1_L_1.mp3"}, {"que_text": "A", "noOfMistakes": "0", "que_id": "HI_S1_CL_0", "isCorrect": true, "recordingName": "HI_S1_CL_0.mp3"}, {"que_text": "E", "noOfMistakes": "0", "que_id": "HI_S1_CL_4", "isCorrect": true, "recordingName": "HI_S1_CL_4.mp3"}, {"que_text": "O", "noOfMistakes": "0", "que_id": "HI_S1_CL_7", "isCorrect": true, "recordingName": "HI_S1_CL_7.mp3"}, {"que_text": "N", "noOfMistakes": "0", "que_id": "HI_S1_CL_6", "isCorrect": true, "recordingName": "HI_S1_CL_6.mp3"}, {"que_text": "R", "noOfMistakes": "0", "que_id": "HI_S1_CL_3", "isCorrect": true, "recordingName": "HI_S1_CL_3.mp3"}, {"que_text": "h", "noOfMistakes": "5", "que_id": "HI_S1_SL_0", "isCorrect": false, "recordingName": "HI_S1_SL_0.mp3"}, {"que_text": "p", "noOfMistakes": "5", "que_id": "HI_S1_SL_1", "isCorrect": false, "recordingName": "HI_S1_SL_1.mp3"}, {"que_text": "x", "noOfMistakes": "5", "que_id": "HI_S1_SL_2", "isCorrect": false, "recordingName": "HI_S1_SL_2.mp3"}, {"que_text": "m", "noOfMistakes": "5", "que_id": "HI_S1_SL_4", "isCorrect": false, "recordingName": "HI_S1_SL_4.mp3"}, {"que_text": "u", "noOfMistakes": "5", "que_id": "HI_S1_SL_3", "isCorrect": false, "recordingName": "HI_S1_SL_3.mp3"}], "deviceID": "7da2b5a2d7a60f13", "ageGroup": "12-15 years", "studClass": "6", "nativeProficiency": "Letter", "date": "Sat Sep 14 14:21:28 IST 2019"}