{"sequenceList": [{"recordingName": "HI_S3_L_0.mp3", "isCorrect": true, "que_text": "द", "noOfMistakes": "0", "que_id": "HI_S3_L_0"}, {"recordingName": "HI_S3_L_4.mp3", "isCorrect": true, "que_text": "ल", "noOfMistakes": "0", "que_id": "HI_S3_L_4"}, {"recordingName": "HI_S3_L_5.mp3", "isCorrect": true, "que_text": "थ", "noOfMistakes": "0", "que_id": "HI_S3_L_5"}, {"recordingName": "HI_S3_L_2.mp3", "isCorrect": true, "que_text": "च", "noOfMistakes": "0", "que_id": "HI_S3_L_2"}, {"recordingName": "HI_S3_L_1.mp3", "isCorrect": true, "que_text": "क", "noOfMistakes": "0", "que_id": "HI_S3_L_1"}, {"recordingName": "HI_S3_WD_0.mp3", "isCorrect": true, "que_text": "नाक", "noOfMistakes": "0", "que_id": "HI_S3_WD_0"}, {"recordingName": "HI_S3_WD_1.mp3", "isCorrect": true, "que_text": "तोता", "noOfMistakes": "0", "que_id": "HI_S3_WD_1"}, {"recordingName": "HI_S3_WD_2.mp3", "isCorrect": true, "que_text": "चूहा", "noOfMistakes": "0", "que_id": "HI_S3_WD_2"}, {"recordingName": "HI_S3_WD_4.mp3", "isCorrect": true, "que_text": "मैना", "noOfMistakes": "0", "que_id": "HI_S3_WD_4"}, {"recordingName": "HI_S3_WD_5.mp3", "isCorrect": true, "que_text": "देर", "noOfMistakes": "0", "que_id": "HI_S3_WD_5"}, {"recordingName": "HI_S3_P_0.mp3", "isCorrect": true, "que_text": "नीतू के घर में गाय है। उसका रंग सफ़ेद है। गाय हरी घास खाती है। वह बहुत दूध देती है।", "noOfMistakes": "0", "que_id": "HI_S3_P_0"}, {"recordingName": "HI_S3_SD_0.mp3", "isCorrect": true, "que_text": "1", "noOfMistakes": "0", "que_id": "HI_S3_SD_0"}, {"recordingName": "HI_S3_SD_1.mp3", "isCorrect": true, "que_text": "4", "noOfMistakes": "0", "que_id": "HI_S3_SD_1"}, {"recordingName": "HI_S3_SD_4.mp3", "isCorrect": true, "que_text": "6", "noOfMistakes": "0", "que_id": "HI_S3_SD_4"}, {"recordingName": "HI_S3_SD_3.mp3", "isCorrect": true, "que_text": "3", "noOfMistakes": "0", "que_id": "HI_S3_SD_3"}, {"recordingName": "HI_S3_SD_5.mp3", "isCorrect": true, "que_text": "9", "noOfMistakes": "0", "que_id": "HI_S3_SD_5"}, {"recordingName": "HI_S3_DD_0.mp3", "isCorrect": true, "que_text": "52", "noOfMistakes": "0", "que_id": "HI_S3_DD_0"}, {"recordingName": "HI_S3_DD_4.mp3", "isCorrect": true, "que_text": "55", "noOfMistakes": "0", "que_id": "HI_S3_DD_4"}, {"recordingName": "HI_S3_DD_2.mp3", "isCorrect": true, "que_text": "37", "noOfMistakes": "0", "que_id": "HI_S3_DD_2"}, {"recordingName": "HI_S3_DD_5.mp3", "isCorrect": true, "que_text": "28", "noOfMistakes": "0", "que_id": "HI_S3_DD_5"}, {"recordingName": "HI_S3_DD_7.mp3", "isCorrect": true, "que_text": "65", "noOfMistakes": "0", "que_id": "HI_S3_DD_7"}, {"recordingName": "HI_S3_CL_0.mp3", "isCorrect": true, "que_text": "C", "noOfMistakes": "0", "que_id": "HI_S3_CL_0"}, {"recordingName": "HI_S3_CL_4.mp3", "isCorrect": true, "que_text": "F", "noOfMistakes": "0", "que_id": "HI_S3_CL_4"}, {"recordingName": "HI_S3_CL_5.mp3", "isCorrect": true, "que_text": "W", "noOfMistakes": "0", "que_id": "HI_S3_CL_5"}, {"recordingName": "HI_S3_CL_2.mp3", "isCorrect": true, "que_text": "S", "noOfMistakes": "0", "que_id": "HI_S3_CL_2"}, {"recordingName": "HI_S3_CL_1.mp3", "isCorrect": true, "que_text": "K", "noOfMistakes": "0", "que_id": "HI_S3_CL_1"}, {"recordingName": "HI_S3_SL_0.mp3", "isCorrect": true, "que_text": "n", "noOfMistakes": "0", "que_id": "HI_S3_SL_0"}, {"recordingName": "HI_S3_SL_4.mp3", "isCorrect": true, "que_text": "e", "noOfMistakes": "0", "que_id": "HI_S3_SL_4"}, {"recordingName": "HI_S3_SL_7.mp3", "isCorrect": true, "que_text": "b", "noOfMistakes": "0", "que_id": "HI_S3_SL_7"}, {"recordingName": "HI_S3_SL_1.mp3", "isCorrect": true, "que_text": "p", "noOfMistakes": "0", "que_id": "HI_S3_SL_1"}, {"recordingName": "HI_S3_SL_3.mp3", "isCorrect": true, "que_text": "v", "noOfMistakes": "0", "que_id": "HI_S3_SL_3"}, {"recordingName": "HI_S3_W_0.mp3", "isCorrect": false, "que_text": "hen", "noOfMistakes": "5", "que_id": "HI_S3_W_0"}, {"recordingName": "HI_S3_W_1.mp3", "isCorrect": false, "que_text": "old", "noOfMistakes": "5", "que_id": "HI_S3_W_1"}, {"recordingName": "HI_S3_W_2.mp3", "isCorrect": false, "que_text": "sit", "noOfMistakes": "5", "que_id": "HI_S3_W_2"}, {"recordingName": "HI_S3_W_5.mp3", "isCorrect": false, "que_text": "bag", "noOfMistakes": "5", "que_id": "HI_S3_W_5"}, {"recordingName": "HI_S3_W_4.mp3", "isCorrect": false, "que_text": "fox", "noOfMistakes": "5", "que_id": "HI_S3_W_4"}], "englishProficiency": "Small letter", "studClass": "2", "date": "Wed Aug 28 15:18:32 IST 2019", "mathematicsProficiency": "Double digit", "deviceID": "c66208a6b7100eb2", "ageGroup": "7-10 years", "nativeProficiency": "Paragraph"}