{"sequenceList": [{"recordingName": "HI_S4_L_2.mp3", "isCorrect": false, "que_text": "म", "noOfMistakes": "5", "que_id": "HI_S4_L_2"}, {"recordingName": "HI_S4_L_5.mp3", "isCorrect": false, "que_text": "प", "noOfMistakes": "5", "que_id": "HI_S4_L_5"}, {"recordingName": "HI_S4_L_7.mp3", "isCorrect": false, "que_text": "द", "noOfMistakes": "5", "que_id": "HI_S4_L_7"}, {"recordingName": "HI_S4_L_8.mp3", "isCorrect": false, "que_text": "ल", "noOfMistakes": "5", "que_id": "HI_S4_L_8"}, {"recordingName": "HI_S4_L_4.mp3", "isCorrect": false, "que_text": "स", "noOfMistakes": "5", "que_id": "HI_S4_L_4"}, {"recordingName": "HI_S4_SD_1.mp3", "isCorrect": false, "que_text": "7", "noOfMistakes": "2", "que_id": "HI_S4_SD_1"}, {"recordingName": "HI_S4_SD_5.mp3", "isCorrect": false, "que_text": "9", "noOfMistakes": "2", "que_id": "HI_S4_SD_5"}, {"recordingName": "HI_S4_SD_4.mp3", "isCorrect": true, "que_text": "2", "noOfMistakes": "2", "que_id": "HI_S4_SD_4"}, {"recordingName": "HI_S4_SD_7.mp3", "isCorrect": true, "que_text": "1", "noOfMistakes": "2", "que_id": "HI_S4_SD_7"}, {"recordingName": "HI_S4_CL_0.mp3", "isCorrect": true, "que_text": "D", "noOfMistakes": "3", "que_id": "HI_S4_CL_0"}, {"recordingName": "HI_S4_CL_7.mp3", "isCorrect": false, "que_text": "N", "noOfMistakes": "3", "que_id": "HI_S4_CL_7"}, {"recordingName": "HI_S4_CL_2.mp3", "isCorrect": false, "que_text": "T", "noOfMistakes": "3", "que_id": "HI_S4_CL_2"}, {"recordingName": "HI_S4_CL_5.mp3", "isCorrect": false, "que_text": "X", "noOfMistakes": "3", "que_id": "HI_S4_CL_5"}, {"recordingName": "HI_S4_CL_4.mp3", "isCorrect": true, "que_text": "G", "noOfMistakes": "3", "que_id": "HI_S4_CL_4"}], "englishProficiency": "Beginner", "studClass": "1", "date": "Mon Jul 08 11:47:16 IST 2019", "mathematicsProficiency": "Beginner", "deviceID": "c66208a6b7100eb2", "ageGroup": "5-7 years", "nativeProficiency": "Beginner"}