{"englishProficiency": "Small letter", "sequenceList": [{"que_text": "सोनी के पास एक माला है। उसमें बहुत सारे मोती हैं। मोती पीले रंग के हैं। सोनी उसे पहनती है।", "noOfMistakes": "200", "que_id": "HI_S2_P_0", "isCorrect": false, "recordingName": "HI_S2_P_0.mp3"}, {"que_text": "हीरा", "noOfMistakes": "0", "que_id": "HI_S1_WD_0", "isCorrect": true, "recordingName": "HI_S1_WD_0.mp3"}, {"que_text": "नानी", "noOfMistakes": "0", "que_id": "HI_S1_WD_3", "isCorrect": true, "recordingName": "HI_S1_WD_3.mp3"}, {"que_text": "पीला", "noOfMistakes": "0", "que_id": "HI_S1_WD_6", "isCorrect": true, "recordingName": "HI_S1_WD_6.mp3"}, {"que_text": "कैसा", "noOfMistakes": "0", "que_id": "HI_S1_WD_1", "isCorrect": true, "recordingName": "HI_S1_WD_1.mp3"}, {"que_text": "भालू", "noOfMistakes": "0", "que_id": "HI_S1_WD_4", "isCorrect": true, "recordingName": "HI_S1_WD_4.mp3"}, {"que_text": "R", "noOfMistakes": "0", "que_id": "HI_S2_CL_2", "isCorrect": true, "recordingName": "HI_S2_CL_2.mp3"}, {"que_text": "M", "noOfMistakes": "0", "que_id": "HI_S2_CL_5", "isCorrect": true, "recordingName": "HI_S2_CL_5.mp3"}, {"que_text": "H", "noOfMistakes": "0", "que_id": "HI_S2_CL_1", "isCorrect": true, "recordingName": "HI_S2_CL_1.mp3"}, {"que_text": "B", "noOfMistakes": "0", "que_id": "HI_S2_CL_0", "isCorrect": true, "recordingName": "HI_S2_CL_0.mp3"}, {"que_text": "V", "noOfMistakes": "0", "que_id": "HI_S2_CL_4", "isCorrect": true, "recordingName": "HI_S2_CL_4.mp3"}, {"que_text": "z", "noOfMistakes": "0", "que_id": "HI_S2_SL_0", "isCorrect": true, "recordingName": "HI_S2_SL_0.mp3"}, {"que_text": "o", "noOfMistakes": "0", "que_id": "HI_S2_SL_2", "isCorrect": true, "recordingName": "HI_S2_SL_2.mp3"}, {"que_text": "j", "noOfMistakes": "0", "que_id": "HI_S2_SL_1", "isCorrect": true, "recordingName": "HI_S2_SL_1.mp3"}, {"que_text": "u", "noOfMistakes": "0", "que_id": "HI_S2_SL_5", "isCorrect": true, "recordingName": "HI_S2_SL_5.mp3"}, {"que_text": "g", "noOfMistakes": "0", "que_id": "HI_S2_SL_4", "isCorrect": true, "recordingName": "HI_S2_SL_4.mp3"}, {"que_text": "rat", "noOfMistakes": "3", "que_id": "HI_S2_W_0", "isCorrect": false, "recordingName": "HI_S2_W_0.mp3"}, {"que_text": "cow", "noOfMistakes": "3", "que_id": "HI_S2_W_3", "isCorrect": true, "recordingName": "HI_S2_W_3.mp3"}, {"que_text": "pen", "noOfMistakes": "3", "que_id": "HI_S2_W_5", "isCorrect": true, "recordingName": "HI_S2_W_5.mp3"}, {"que_text": "hot", "noOfMistakes": "3", "que_id": "HI_S2_W_1", "isCorrect": false, "recordingName": "HI_S2_W_1.mp3"}, {"que_text": "big", "noOfMistakes": "3", "que_id": "HI_S2_W_2", "isCorrect": false, "recordingName": "HI_S2_W_2.mp3"}], "deviceID": "c66208a6b7100eb2", "ageGroup": "5-7 years", "studClass": "2", "nativeProficiency": "Word", "date": "Tue Jul 30 17:24:09 IST 2019"}