{"englishProficiency": "Beginner", "sequenceList": [{"que_text": "आज रविवार आहे. शाळेला रजा आहे. सगळे मिळून खेळूया. आज खेळायचा दिवस आहे.", "noOfMistakes": "200", "que_id": "MR_S4_P_1", "isCorrect": false, "recordingName": "MR_S4_P_1.mp3"}, {"que_text": "विमान", "noOfMistakes": "0", "que_id": "MR_S4_WD_4", "isCorrect": true, "recordingName": "MR_S4_WD_4.mp3"}, {"que_text": "केळे", "noOfMistakes": "0", "que_id": "MR_S4_WD_7", "isCorrect": true, "recordingName": "MR_S4_WD_7.mp3"}, {"que_text": "पाऊस", "noOfMistakes": "0", "que_id": "MR_S4_WD_3", "isCorrect": true, "recordingName": "MR_S4_WD_3.mp3"}, {"que_text": "पोरी", "noOfMistakes": "0", "que_id": "MR_S4_WD_6", "isCorrect": true, "recordingName": "MR_S4_WD_6.mp3"}, {"que_text": "लाल", "noOfMistakes": "0", "que_id": "MR_S4_WD_5", "isCorrect": true, "recordingName": "MR_S4_WD_5.mp3"}, {"que_text": "L", "noOfMistakes": "3", "que_id": "MR_S4_CL_1", "isCorrect": false, "recordingName": "MR_S4_CL_1.mp3"}, {"que_text": "G", "noOfMistakes": "3", "que_id": "MR_S4_CL_4", "isCorrect": false, "recordingName": "MR_S4_CL_4.mp3"}, {"que_text": "D", "noOfMistakes": "3", "que_id": "MR_S4_CL_0", "isCorrect": false, "recordingName": "MR_S4_CL_0.mp3"}], "deviceID": "3ebaa9d14abd9a0f", "ageGroup": "7-10 years", "studClass": "3", "nativeProficiency": "Word", "date": "Thu Aug 01 15:23:11 GMT+05:30 2019"}