{"sequenceList": [{"recordingName": "MR_S1_L_3.mp3", "isCorrect": false, "que_text": "ड", "noOfMistakes": "1", "que_id": "MR_S1_L_3"}, {"recordingName": "MR_S1_L_2.mp3", "isCorrect": true, "que_text": "स", "noOfMistakes": "1", "que_id": "MR_S1_L_2"}, {"recordingName": "MR_S1_L_1.mp3", "isCorrect": true, "que_text": "प", "noOfMistakes": "1", "que_id": "MR_S1_L_1"}, {"recordingName": "MR_S1_L_0.mp3", "isCorrect": true, "que_text": "श", "noOfMistakes": "1", "que_id": "MR_S1_L_0"}, {"recordingName": "MR_S1_L_8.mp3", "isCorrect": true, "que_text": "त", "noOfMistakes": "1", "que_id": "MR_S1_L_8"}, {"recordingName": "MR_S1_SD_0.mp3", "isCorrect": true, "que_text": "2", "noOfMistakes": "1", "que_id": "MR_S1_SD_0"}, {"recordingName": "MR_S1_SD_4.mp3", "isCorrect": true, "que_text": "9", "noOfMistakes": "1", "que_id": "MR_S1_SD_4"}, {"recordingName": "MR_S1_SD_7.mp3", "isCorrect": true, "que_text": "1", "noOfMistakes": "1", "que_id": "MR_S1_SD_7"}, {"recordingName": "MR_S1_SD_3.mp3", "isCorrect": true, "que_text": "5", "noOfMistakes": "1", "que_id": "MR_S1_SD_3"}, {"recordingName": "MR_S1_SD_6.mp3", "isCorrect": false, "que_text": "4", "noOfMistakes": "1", "que_id": "MR_S1_SD_6"}, {"recordingName": "MH_S1_CL_1.mp3", "isCorrect": false, "que_text": "J", "noOfMistakes": "2", "que_id": "MH_S1_CL_1"}, {"recordingName": "MR_S1_CL_0.mp3", "isCorrect": true, "que_text": "A", "noOfMistakes": "2", "que_id": "MR_S1_CL_0"}, {"recordingName": "MR_S1_CL_3.mp3", "isCorrect": false, "que_text": "R", "noOfMistakes": "2", "que_id": "MR_S1_CL_3"}], "englishProficiency": "Capital letter", "studClass": "1", "date": "Thu Aug 01 15:42:54 GMT+05:30 2019", "mathematicsProficiency": "Single digit", "deviceID": "3ebaa9d14abd9a0f", "ageGroup": "5-7 years", "nativeProficiency": "Letter"}