{"englishProficiency": "Beginner", "sequenceList": [{"que_text": "अंगणात चिमणी येते. मी तिला दाणे टाकते. चिमणी दाणे खाते. खाऊन उडून जाते.", "noOfMistakes": "200", "que_id": "MR_S3_P_1", "isCorrect": false, "recordingName": "MR_S3_P_1.mp3"}, {"que_text": "लाल", "noOfMistakes": "1", "que_id": "MR_S3_WD_1", "isCorrect": false, "recordingName": "MR_S3_WD_1.mp3"}, {"que_text": "स", "noOfMistakes": "2", "que_id": "MH_S3_L_1", "isCorrect": false, "recordingName": "MH_S3_L_1.mp3"}, {"que_text": "न", "noOfMistakes": "2", "que_id": "MH_S3_L_4", "isCorrect": false, "recordingName": "MH_S3_L_4.mp3"}, {"que_text": "K", "noOfMistakes": "3", "que_id": "MR_S3_CL_1", "isCorrect": false, "recordingName": "MR_S3_CL_1.mp3"}, {"que_text": "Q", "noOfMistakes": "3", "que_id": "MR_S3_CL_3", "isCorrect": false, "recordingName": "MR_S3_CL_3.mp3"}, {"que_text": "F", "noOfMistakes": "3", "que_id": "MR_S3_CL_4", "isCorrect": false, "recordingName": "MR_S3_CL_4.mp3"}], "deviceID": "3ebaa9d14abd9a0f", "ageGroup": "10-12 years", "studClass": "5", "nativeProficiency": "Beginner", "date": "Mon Jul 22 11:42:05 GMT+05:30 2019"}