{"sequenceList": [{"recordingName": "MR_S3_P_1.mp3", "isCorrect": false, "que_text": "अंगणात चिमणी येते. मी तिला दाणे टाकते. चिमणी दाणे खाते. खाऊन उडून जाते.", "noOfMistakes": "200", "que_id": "MR_S3_P_1"}, {"recordingName": "MR_S3_WD_1.mp3", "isCorrect": false, "que_text": "लाल", "noOfMistakes": "1", "que_id": "MR_S3_WD_1"}, {"recordingName": "MH_S3_L_1.mp3", "isCorrect": false, "que_text": "स", "noOfMistakes": "2", "que_id": "MH_S3_L_1"}, {"recordingName": "MH_S3_L_4.mp3", "isCorrect": false, "que_text": "न", "noOfMistakes": "2", "que_id": "MH_S3_L_4"}, {"recordingName": "MR_S3_SD_1.mp3", "isCorrect": false, "que_text": "4", "noOfMistakes": "2", "que_id": "MR_S3_SD_1"}, {"recordingName": "MR_S3_SD_3.mp3", "isCorrect": false, "que_text": "3", "noOfMistakes": "2", "que_id": "MR_S3_SD_3"}, {"recordingName": "MR_S3_CL_1.mp3", "isCorrect": false, "que_text": "K", "noOfMistakes": "3", "que_id": "MR_S3_CL_1"}, {"recordingName": "MR_S3_CL_3.mp3", "isCorrect": false, "que_text": "Q", "noOfMistakes": "3", "que_id": "MR_S3_CL_3"}, {"recordingName": "MR_S3_CL_4.mp3", "isCorrect": false, "que_text": "F", "noOfMistakes": "3", "que_id": "MR_S3_CL_4"}], "englishProficiency": "Beginner", "studClass": "5", "date": "Mon Jul 22 11:42:05 GMT+05:30 2019", "mathematicsProficiency": "Beginner", "deviceID": "3ebaa9d14abd9a0f", "ageGroup": "10-12 years", "nativeProficiency": "Beginner"}