{"englishProficiency": "Capital letter", "sequenceList": [{"que_text": "एकदा मी पडले. सगळे मला हसले. एकदा सोनल पडली. मी तिला हसले.", "noOfMistakes": "2", "que_id": "MR_S2_P_0", "isCorrect": true, "recordingName": "MR_S2_P_0.mp3"}, {"que_text": "B", "noOfMistakes": "0", "que_id": "MR_S2_CL_0", "isCorrect": true, "recordingName": "MR_S2_CL_0.mp3"}, {"que_text": "H", "noOfMistakes": "0", "que_id": "MR_S2_CL_1", "isCorrect": true, "recordingName": "MR_S2_CL_1.mp3"}, {"que_text": "R", "noOfMistakes": "0", "que_id": "MR_S2_CL_2", "isCorrect": true, "recordingName": "MR_S2_CL_2.mp3"}, {"que_text": "V", "noOfMistakes": "0", "que_id": "MR_S2_CL_4", "isCorrect": true, "recordingName": "MR_S2_CL_4.mp3"}, {"que_text": "P", "noOfMistakes": "0", "que_id": "MR_S2_CL_6", "isCorrect": true, "recordingName": "MR_S2_CL_6.mp3"}, {"que_text": "z", "noOfMistakes": "2", "que_id": "MR_S2_SL_0", "isCorrect": true, "recordingName": "MR_S2_SL_0.mp3"}, {"que_text": "j", "noOfMistakes": "2", "que_id": "MR_S2_SL_1", "isCorrect": false, "recordingName": "MR_S2_SL_1.mp3"}, {"que_text": "o", "noOfMistakes": "2", "que_id": "MR_S2_SL_2", "isCorrect": true, "recordingName": "MR_S2_SL_2.mp3"}, {"que_text": "w", "noOfMistakes": "2", "que_id": "MR_S2_SL_3", "isCorrect": true, "recordingName": "MR_S2_SL_3.mp3"}, {"que_text": "g", "noOfMistakes": "2", "que_id": "MR_S2_SL_4", "isCorrect": false, "recordingName": "MR_S2_SL_4.mp3"}], "deviceID": "d0e0fbc20a5d9802", "ageGroup": "5-7 years", "studClass": "2", "date": "Fri Sep 06 18:19:47 IST 2019", "nativeProficiency": "Paragraph"}