{"englishProficiency": "Beginner", "sequenceList": [{"que_text": "न", "noOfMistakes": "3", "que_id": "HI_S4_L_0", "isCorrect": false, "recordingName": "HI_S4_L_0.mp3"}, {"que_text": "च", "noOfMistakes": "3", "que_id": "HI_S4_L_3", "isCorrect": true, "recordingName": "HI_S4_L_3.mp3"}, {"que_text": "ग", "noOfMistakes": "3", "que_id": "HI_S4_L_6", "isCorrect": true, "recordingName": "HI_S4_L_6.mp3"}, {"que_text": "र", "noOfMistakes": "3", "que_id": "HI_S4_L_1", "isCorrect": false, "recordingName": "HI_S4_L_1.mp3"}, {"que_text": "स", "noOfMistakes": "3", "que_id": "HI_S4_L_4", "isCorrect": false, "recordingName": "HI_S4_L_4.mp3"}, {"que_text": "D", "noOfMistakes": "5", "que_id": "HI_S4_CL_0", "isCorrect": false, "recordingName": "HI_S4_CL_0.mp3"}, {"que_text": "L", "noOfMistakes": "5", "que_id": "HI_S4_CL_1", "isCorrect": false, "recordingName": "HI_S4_CL_1.mp3"}, {"que_text": "T", "noOfMistakes": "5", "que_id": "HI_S4_CL_2", "isCorrect": false, "recordingName": "HI_S4_CL_2.mp3"}, {"que_text": "K", "noOfMistakes": "5", "que_id": "HI_S4_CL_3", "isCorrect": false, "recordingName": "HI_S4_CL_3.mp3"}, {"que_text": "G", "noOfMistakes": "5", "que_id": "HI_S4_CL_4", "isCorrect": false, "recordingName": "HI_S4_CL_4.mp3"}], "deviceID": "d24bcdb4ec66566d", "ageGroup": "5-7 years", "studClass": "1", "nativeProficiency": "Beginner", "date": "Sat Sep 14 16:29:40 IST 2019"}