{"englishProficiency": "Beginner", "sequenceList": [{"que_text": "काले बादल छाए हैं। तेज़ बारिश हो रही है। मोर भी नाच रहा है। सब नाच देख रहे हैं।", "noOfMistakes": "200", "que_id": "HI_S3_P_1", "isCorrect": false, "recordingName": "HI_S3_P_1.mp3"}, {"que_text": "नाक", "noOfMistakes": "5", "que_id": "HI_S3_WD_0", "isCorrect": false, "recordingName": "HI_S3_WD_0.mp3"}, {"que_text": "मैना", "noOfMistakes": "5", "que_id": "HI_S3_WD_4", "isCorrect": false, "recordingName": "HI_S3_WD_4.mp3"}, {"que_text": "माला", "noOfMistakes": "5", "que_id": "HI_S3_WD_8", "isCorrect": false, "recordingName": "HI_S3_WD_8.mp3"}, {"que_text": "रोटी", "noOfMistakes": "5", "que_id": "HI_S3_WD_6", "isCorrect": false, "recordingName": "HI_S3_WD_6.mp3"}, {"que_text": "देर", "noOfMistakes": "5", "que_id": "HI_S3_WD_5", "isCorrect": false, "recordingName": "HI_S3_WD_5.mp3"}, {"que_text": "द", "noOfMistakes": "4", "que_id": "HI_S3_L_0", "isCorrect": false, "recordingName": "HI_S3_L_0.mp3"}, {"que_text": "ल", "noOfMistakes": "4", "que_id": "HI_S3_L_4", "isCorrect": false, "recordingName": "HI_S3_L_4.mp3"}, {"que_text": "क", "noOfMistakes": "4", "que_id": "HI_S3_L_1", "isCorrect": true, "recordingName": "HI_S3_L_1.mp3"}, {"que_text": "म", "noOfMistakes": "4", "que_id": "HI_S3_L_8", "isCorrect": false, "recordingName": "HI_S3_L_8.mp3"}, {"que_text": "च", "noOfMistakes": "4", "que_id": "HI_S3_L_2", "isCorrect": false, "recordingName": "HI_S3_L_2.mp3"}, {"que_text": "C", "noOfMistakes": "5", "que_id": "HI_S3_CL_0", "isCorrect": false, "recordingName": "HI_S3_CL_0.mp3"}, {"que_text": "Z", "noOfMistakes": "5", "que_id": "HI_S3_CL_7", "isCorrect": false, "recordingName": "HI_S3_CL_7.mp3"}, {"que_text": "S", "noOfMistakes": "5", "que_id": "HI_S3_CL_2", "isCorrect": false, "recordingName": "HI_S3_CL_2.mp3"}, {"que_text": "F", "noOfMistakes": "5", "que_id": "HI_S3_CL_4", "isCorrect": false, "recordingName": "HI_S3_CL_4.mp3"}, {"que_text": "O", "noOfMistakes": "5", "que_id": "HI_S3_CL_6", "isCorrect": false, "recordingName": "HI_S3_CL_6.mp3"}], "deviceID": "b9fa18efa17065a7", "ageGroup": "5-7 years", "studClass": "1", "nativeProficiency": "Beginner", "date": "Wed Sep 11 18:51:23 IST 2019"}