{"sequenceList": [{"recordingName": "HI_S2_P_1.mp3", "isCorrect": false, "que_text": "मीना पढ़ने जाती है। राजू भी साथ जाता है। दोनों शाम को लौटकर आते हैं। घर आकर खाना खाते हैं।", "noOfMistakes": "200", "que_id": "HI_S2_P_1"}, {"recordingName": "HI_S1_WD_3.mp3", "isCorrect": true, "que_text": "नानी", "noOfMistakes": "0", "que_id": "HI_S1_WD_3"}, {"recordingName": "HI_S1_WD_2.mp3", "isCorrect": true, "que_text": "शेर", "noOfMistakes": "0", "que_id": "HI_S1_WD_2"}, {"recordingName": "HI_S1_WD_8.mp3", "isCorrect": true, "que_text": "दिन", "noOfMistakes": "0", "que_id": "HI_S1_WD_8"}, {"recordingName": "HI_S1_WD_9.mp3", "isCorrect": true, "que_text": "मोर", "noOfMistakes": "0", "que_id": "HI_S1_WD_9"}, {"recordingName": "HI_S1_WD_7.mp3", "isCorrect": true, "que_text": "फूल", "noOfMistakes": "0", "que_id": "HI_S1_WD_7"}, {"recordingName": "HI_S2_DD_8.mp3", "isCorrect": true, "que_text": "25", "noOfMistakes": "0", "que_id": "HI_S2_DD_8"}, {"recordingName": "HI_S2_DD_6.mp3", "isCorrect": true, "que_text": "46", "noOfMistakes": "0", "que_id": "HI_S2_DD_6"}, {"recordingName": "HI_S2_DD_3.mp3", "isCorrect": true, "que_text": "99", "noOfMistakes": "0", "que_id": "HI_S2_DD_3"}, {"recordingName": "HI_S2_DD_7.mp3", "isCorrect": true, "que_text": "84", "noOfMistakes": "0", "que_id": "HI_S2_DD_7"}, {"recordingName": "HI_S2_DD_4.mp3", "isCorrect": true, "que_text": "34", "noOfMistakes": "0", "que_id": "HI_S2_DD_4"}, {"recordingName": "HI_S2_CL_1.mp3", "isCorrect": true, "que_text": "H", "noOfMistakes": "0", "que_id": "HI_S2_CL_1"}, {"recordingName": "HI_S2_CL_3.mp3", "isCorrect": true, "que_text": "L", "noOfMistakes": "0", "que_id": "HI_S2_CL_3"}, {"recordingName": "HI_S2_CL_2.mp3", "isCorrect": true, "que_text": "R", "noOfMistakes": "0", "que_id": "HI_S2_CL_2"}, {"recordingName": "HI_S2_CL_6.mp3", "isCorrect": true, "que_text": "P", "noOfMistakes": "0", "que_id": "HI_S2_CL_6"}, {"recordingName": "HI_S2_CL_5.mp3", "isCorrect": true, "que_text": "M", "noOfMistakes": "0", "que_id": "HI_S2_CL_5"}, {"recordingName": "HI_S2_SL_3.mp3", "isCorrect": true, "que_text": "w", "noOfMistakes": "0", "que_id": "HI_S2_SL_3"}, {"recordingName": "HI_S2_SL_0.mp3", "isCorrect": true, "que_text": "z", "noOfMistakes": "0", "que_id": "HI_S2_SL_0"}, {"recordingName": "HI_S2_SL_6.mp3", "isCorrect": true, "que_text": "s", "noOfMistakes": "0", "que_id": "HI_S2_SL_6"}, {"recordingName": "HI_S2_SL_7.mp3", "isCorrect": true, "que_text": "k", "noOfMistakes": "0", "que_id": "HI_S2_SL_7"}, {"recordingName": "HI_S2_SL_5.mp3", "isCorrect": true, "que_text": "u", "noOfMistakes": "0", "que_id": "HI_S2_SL_5"}, {"recordingName": "HI_S2_W_2.mp3", "isCorrect": false, "que_text": "big", "noOfMistakes": "1", "que_id": "HI_S2_W_2"}], "englishProficiency": "Small letter", "studClass": "7", "date": "Sat Aug 24 15:33:24 GMT+05:30 2019", "mathematicsProficiency": "Double digit", "deviceID": "ebaa26065aba20e5", "ageGroup": "10-12 years", "nativeProficiency": "Word"}