{"sequenceList": [{"recordingName": "HI_S2_P_0.mp3", "isCorrect": false, "que_text": "सोनी के पास एक माला है। उसमें बहुत सारे मोती हैं। मोती पीले रंग के हैं। सोनी उसे पहनती है।", "noOfMistakes": "200", "que_id": "HI_S2_P_0"}, {"recordingName": "HI_S2_L_0.mp3", "isCorrect": true, "que_text": "द", "noOfMistakes": "0", "que_id": "HI_S2_L_0"}, {"recordingName": "HI_S2_L_2.mp3", "isCorrect": true, "que_text": "च", "noOfMistakes": "0", "que_id": "HI_S2_L_2"}, {"recordingName": "HI_S2_L_1.mp3", "isCorrect": true, "que_text": "क", "noOfMistakes": "0", "que_id": "HI_S2_L_1"}, {"recordingName": "HI_S2_L_8.mp3", "isCorrect": true, "que_text": "म", "noOfMistakes": "0", "que_id": "HI_S2_L_8"}, {"recordingName": "HI_S2_L_4.mp3", "isCorrect": true, "que_text": "ल", "noOfMistakes": "0", "que_id": "HI_S2_L_4"}, {"answer": "-", "isCorrect": false, "que_text": "51-35", "noOfMistakes": "2", "que_id": "HI_S1_SB_0"}, {"answer": "-", "isCorrect": false, "que_text": "68-49", "noOfMistakes": "2", "que_id": "HI_S2_SB_7"}, {"recordingName": "HI_S2_SD_1.mp3", "isCorrect": true, "que_text": "7", "noOfMistakes": "1", "que_id": "HI_S2_SD_1"}, {"recordingName": "HI_S2_SD_2.mp3", "isCorrect": true, "que_text": "3", "noOfMistakes": "1", "que_id": "HI_S2_SD_2"}, {"recordingName": "HI_S2_SD_5.mp3", "isCorrect": true, "que_text": "8", "noOfMistakes": "1", "que_id": "HI_S2_SD_5"}, {"recordingName": "HI_S2_SD_4.mp3", "isCorrect": true, "que_text": "9", "noOfMistakes": "1", "que_id": "HI_S2_SD_4"}, {"recordingName": "HI_S2_SD_7.mp3", "isCorrect": false, "que_text": "1", "noOfMistakes": "1", "que_id": "HI_S2_SD_7"}, {"recordingName": "HI_S2_CL_0.mp3", "isCorrect": false, "que_text": "B", "noOfMistakes": "2", "que_id": "HI_S2_CL_0"}, {"recordingName": "HI_S2_CL_6.mp3", "isCorrect": false, "que_text": "P", "noOfMistakes": "2", "que_id": "HI_S2_CL_6"}, {"recordingName": "HI_S2_CL_4.mp3", "isCorrect": true, "que_text": "V", "noOfMistakes": "2", "que_id": "HI_S2_CL_4"}, {"recordingName": "HI_S2_CL_5.mp3", "isCorrect": true, "que_text": "M", "noOfMistakes": "2", "que_id": "HI_S2_CL_5"}, {"recordingName": "HI_S2_CL_2.mp3", "isCorrect": true, "que_text": "R", "noOfMistakes": "2", "que_id": "HI_S2_CL_2"}], "englishProficiency": "Beginner", "studClass": "1", "date": "Mon Aug 05 15:03:27 IST 2019", "mathematicsProficiency": "Single digit", "deviceID": "c66208a6b7100eb2", "ageGroup": "less than 5 years", "nativeProficiency": "Letter"}