{"englishProficiency": "Small letter", "sequenceList": [{"que_text": "नाक", "noOfMistakes": "0", "que_id": "HI_S3_WD_0", "recordingName": "HI_S3_WD_0.mp3", "isCorrect": true}, {"que_text": "तोता", "noOfMistakes": "0", "que_id": "HI_S3_WD_1", "recordingName": "HI_S3_WD_1.mp3", "isCorrect": true}, {"que_text": "पीला", "noOfMistakes": "0", "que_id": "HI_S3_WD_7", "recordingName": "HI_S3_WD_7.mp3", "isCorrect": true}, {"que_text": "रोटी", "noOfMistakes": "0", "que_id": "HI_S3_WD_6", "recordingName": "HI_S3_WD_6.mp3", "isCorrect": true}, {"que_text": "माला", "noOfMistakes": "0", "que_id": "HI_S3_WD_8", "recordingName": "HI_S3_WD_8.mp3", "isCorrect": true}, {"que_text": "C", "noOfMistakes": "0", "que_id": "HI_S3_CL_0", "recordingName": "HI_S3_CL_0.mp3", "isCorrect": true}, {"que_text": "F", "noOfMistakes": "0", "que_id": "HI_S3_CL_4", "recordingName": "HI_S3_CL_4.mp3", "isCorrect": true}, {"que_text": "O", "noOfMistakes": "0", "que_id": "HI_S3_CL_6", "recordingName": "HI_S3_CL_6.mp3", "isCorrect": true}, {"que_text": "W", "noOfMistakes": "0", "que_id": "HI_S3_CL_5", "recordingName": "HI_S3_CL_5.mp3", "isCorrect": true}, {"que_text": "S", "noOfMistakes": "0", "que_id": "HI_S3_CL_2", "recordingName": "HI_S3_CL_2.mp3", "isCorrect": true}, {"que_text": "p", "noOfMistakes": "0", "que_id": "HI_S3_SL_1", "recordingName": "HI_S3_SL_1.mp3", "isCorrect": true}, {"que_text": "v", "noOfMistakes": "0", "que_id": "HI_S3_SL_3", "recordingName": "HI_S3_SL_3.mp3", "isCorrect": true}, {"que_text": "g", "noOfMistakes": "0", "que_id": "HI_S3_SL_2", "recordingName": "HI_S3_SL_2.mp3", "isCorrect": true}, {"que_text": "r", "noOfMistakes": "0", "que_id": "HI_S3_SL_6", "recordingName": "HI_S3_SL_6.mp3", "isCorrect": true}, {"que_text": "b", "noOfMistakes": "0", "que_id": "HI_S3_SL_7", "recordingName": "HI_S3_SL_7.mp3", "isCorrect": true}], "deviceID": "c000bc6529c79e65", "ageGroup": "7-10 years", "studClass": "4", "date": "Mon Sep 09 13:04:05 IST 2019", "nativeProficiency": "Word"}