{"sequenceList": [{"recordingName": "MR_S1_P_1.mp3", "isCorrect": false, "que_text": "आज रविवार आहे. शाळेला रजा आहे. तरी आज सकाळी मला लवकर जाग आली.", "noOfMistakes": "200", "que_id": "MR_S1_P_1"}, {"recordingName": "MR_S1_WD_1.mp3", "isCorrect": true, "que_text": "बस", "noOfMistakes": "2", "que_id": "MR_S1_WD_1"}, {"recordingName": "HI_S1_WD_7.mp3", "isCorrect": false, "que_text": "चिमटा", "noOfMistakes": "2", "que_id": "HI_S1_WD_7"}, {"recordingName": "HI_S1_WD_4.mp3", "isCorrect": false, "que_text": "दिवा", "noOfMistakes": "2", "que_id": "HI_S1_WD_4"}, {"recordingName": "MR_S1_L_1.mp3", "isCorrect": true, "que_text": "प", "noOfMistakes": "3", "que_id": "MR_S1_L_1"}, {"recordingName": "MR_S1_L_4.mp3", "isCorrect": false, "que_text": "य", "noOfMistakes": "3", "que_id": "MR_S1_L_4"}, {"recordingName": "MR_S1_L_7.mp3", "isCorrect": true, "que_text": "ह", "noOfMistakes": "3", "que_id": "MR_S1_L_7"}, {"recordingName": "MR_S1_L_3.mp3", "isCorrect": false, "que_text": "ड", "noOfMistakes": "3", "que_id": "MR_S1_L_3"}, {"recordingName": "MR_S1_L_6.mp3", "isCorrect": false, "que_text": "ज", "noOfMistakes": "3", "que_id": "MR_S1_L_6"}, {"recordingName": "MR_S1_DD_4.mp3", "isCorrect": false, "que_text": "34", "noOfMistakes": "3", "que_id": "MR_S1_DD_4"}, {"recordingName": "MR_S1_DD_3.mp3", "isCorrect": false, "que_text": "99", "noOfMistakes": "3", "que_id": "MR_S1_DD_3"}, {"recordingName": "MR_S1_DD_7.mp3", "isCorrect": false, "que_text": "84", "noOfMistakes": "3", "que_id": "MR_S1_DD_7"}, {"recordingName": "MR_S1_SD_0.mp3", "isCorrect": true, "que_text": "2", "noOfMistakes": "0", "que_id": "MR_S1_SD_0"}, {"recordingName": "MR_S1_SD_7.mp3", "isCorrect": true, "que_text": "1", "noOfMistakes": "0", "que_id": "MR_S1_SD_7"}, {"recordingName": "MR_S1_SD_4.mp3", "isCorrect": true, "que_text": "9", "noOfMistakes": "0", "que_id": "MR_S1_SD_4"}, {"recordingName": "MR_S1_SD_3.mp3", "isCorrect": true, "que_text": "5", "noOfMistakes": "0", "que_id": "MR_S1_SD_3"}, {"recordingName": "MR_S1_SD_6.mp3", "isCorrect": true, "que_text": "4", "noOfMistakes": "0", "que_id": "MR_S1_SD_6"}, {"recordingName": "MR_S1_CL_0.mp3", "isCorrect": true, "que_text": "A", "noOfMistakes": "2", "que_id": "MR_S1_CL_0"}, {"recordingName": "MR_S1_CL_7.mp3", "isCorrect": true, "que_text": "O", "noOfMistakes": "2", "que_id": "MR_S1_CL_7"}, {"recordingName": "MR_S1_Cl_5.mp3", "isCorrect": false, "que_text": "Y", "noOfMistakes": "2", "que_id": "MR_S1_Cl_5"}, {"recordingName": "MR_S1_CL_3.mp3", "isCorrect": true, "que_text": "R", "noOfMistakes": "2", "que_id": "MR_S1_CL_3"}, {"recordingName": "MR_S1_CL_2.mp3", "isCorrect": false, "que_text": "Q", "noOfMistakes": "2", "que_id": "MR_S1_CL_2"}], "englishProficiency": "Beginner", "studClass": "4", "date": "Mon Jul 22 13:05:15 GMT+05:30 2019", "mathematicsProficiency": "Single digit", "deviceID": "3ebaa9d14abd9a0f", "ageGroup": "7-10 years", "nativeProficiency": "Beginner"}