{"sequenceList": [{"recordingName": "HI_S4_P_0.mp3", "isCorrect": false, "que_text": "बग़ीचे में पेड़ हैं। पेड़ पर एक तोता रहता है। तोते का रंग हरा है। वह लाल टमाटर खाता है।", "noOfMistakes": "200", "que_id": "HI_S4_P_0"}, {"recordingName": "HI_S4_WD_0.mp3", "isCorrect": false, "que_text": "आग", "noOfMistakes": "5", "que_id": "HI_S4_WD_0"}, {"recordingName": "HI_S4_WD_2.mp3", "isCorrect": false, "que_text": "ताला", "noOfMistakes": "5", "que_id": "HI_S4_WD_2"}, {"recordingName": "HI_S4_WD_4.mp3", "isCorrect": false, "que_text": "पानी", "noOfMistakes": "5", "que_id": "HI_S4_WD_4"}, {"recordingName": "HI_S4_WD_6.mp3", "isCorrect": false, "que_text": "धुन", "noOfMistakes": "5", "que_id": "HI_S4_WD_6"}, {"recordingName": "HI_S4_WD_8.mp3", "isCorrect": false, "que_text": "पैसा", "noOfMistakes": "5", "que_id": "HI_S4_WD_8"}, {"recordingName": "HI_S4_L_0.mp3", "isCorrect": true, "que_text": "न", "noOfMistakes": "1", "que_id": "HI_S4_L_0"}, {"recordingName": "HI_S4_L_4.mp3", "isCorrect": false, "que_text": "स", "noOfMistakes": "1", "que_id": "HI_S4_L_4"}, {"recordingName": "HI_S4_L_2.mp3", "isCorrect": true, "que_text": "म", "noOfMistakes": "1", "que_id": "HI_S4_L_2"}, {"recordingName": "HI_S4_L_6.mp3", "isCorrect": true, "que_text": "ग", "noOfMistakes": "1", "que_id": "HI_S4_L_6"}, {"recordingName": "HI_S4_L_3.mp3", "isCorrect": true, "que_text": "च", "noOfMistakes": "1", "que_id": "HI_S4_L_3"}, {"answer": "107", "isCorrect": false, "que_text": "63 - 44", "noOfMistakes": "2", "que_id": "HI_S4_SB_0"}, {"answer": "-", "isCorrect": false, "que_text": "34 - 18", "noOfMistakes": "2", "que_id": "HI_S4_SB_5"}, {"recordingName": "HI_S4_DD_1.mp3", "isCorrect": true, "que_text": "24", "noOfMistakes": "1", "que_id": "HI_S4_DD_1"}, {"recordingName": "HI_S4_DD_6.mp3", "isCorrect": true, "que_text": "37", "noOfMistakes": "1", "que_id": "HI_S4_DD_6"}, {"recordingName": "HI_S4_DD_4.mp3", "isCorrect": true, "que_text": "23", "noOfMistakes": "1", "que_id": "HI_S4_DD_4"}, {"recordingName": "HI_S4_DD_7.mp3", "isCorrect": true, "que_text": "61", "noOfMistakes": "1", "que_id": "HI_S4_DD_7"}, {"recordingName": "HI_S4_DD_0.mp3", "isCorrect": false, "que_text": "71", "noOfMistakes": "1", "que_id": "HI_S4_DD_0"}, {"recordingName": "HI_S4_CL_0.mp3", "isCorrect": true, "que_text": "D", "noOfMistakes": "1", "que_id": "HI_S4_CL_0"}, {"recordingName": "HI_S4_CL_2.mp3", "isCorrect": false, "que_text": "T", "noOfMistakes": "1", "que_id": "HI_S4_CL_2"}, {"recordingName": "HI_S4_CL_7.mp3", "isCorrect": true, "que_text": "N", "noOfMistakes": "1", "que_id": "HI_S4_CL_7"}, {"recordingName": "HI_S4_CL_6.mp3", "isCorrect": true, "que_text": "P", "noOfMistakes": "1", "que_id": "HI_S4_CL_6"}, {"recordingName": "HI_S4_CL_1.mp3", "isCorrect": true, "que_text": "L", "noOfMistakes": "1", "que_id": "HI_S4_CL_1"}, {"recordingName": "HI_S4_SL_0.mp3", "isCorrect": false, "que_text": "y", "noOfMistakes": "4", "que_id": "HI_S4_SL_0"}, {"recordingName": "HI_S4_SL_3.mp3", "isCorrect": true, "que_text": "s", "noOfMistakes": "4", "que_id": "HI_S4_SL_3"}, {"recordingName": "HI_S4_SL_6.mp3", "isCorrect": false, "que_text": "a", "noOfMistakes": "4", "que_id": "HI_S4_SL_6"}, {"recordingName": "HI_S4_SL_5.mp3", "isCorrect": false, "que_text": "m", "noOfMistakes": "4", "que_id": "HI_S4_SL_5"}, {"recordingName": "HI_S4_SL_7.mp3", "isCorrect": false, "que_text": "h", "noOfMistakes": "4", "que_id": "HI_S4_SL_7"}], "englishProficiency": "Capital letter", "studClass": "4", "date": "Sat Sep 07 13:58:26 IST 2019", "mathematicsProficiency": "Double digit", "deviceID": "1febb73a4b70883e", "ageGroup": "7-10 years", "nativeProficiency": "Letter"}