{"sequenceList": [{"recordingName": "HI_S1_P_0.mp3", "isCorrect": false, "que_text": " राधा के पास एक तोता है। उसकी चोंच लाल है। वह बहुत बोलता है। सब को हँसाता है।", "noOfMistakes": "200", "que_id": "HI_S1_P_0"}, {"recordingName": "HI_S1_L_0.mp3", "isCorrect": false, "que_text": "म", "noOfMistakes": "5", "que_id": "HI_S1_L_0"}, {"recordingName": "HI_S1_L_7.mp3", "isCorrect": false, "que_text": "न", "noOfMistakes": "5", "que_id": "HI_S1_L_7"}, {"recordingName": "HI_S1_L_6.mp3", "isCorrect": false, "que_text": "ब", "noOfMistakes": "5", "que_id": "HI_S1_L_6"}, {"recordingName": "HI_S1_L_8.mp3", "isCorrect": false, "que_text": "क", "noOfMistakes": "5", "que_id": "HI_S1_L_8"}, {"recordingName": "HI_S1_L_4.mp3", "isCorrect": false, "que_text": "श", "noOfMistakes": "5", "que_id": "HI_S1_L_4"}, {"answer": "-", "isCorrect": false, "que_text": "51 - 35", "noOfMistakes": "2", "que_id": "HI_S1_SB_0"}, {"answer": "-", "isCorrect": false, "que_text": "43 - 24", "noOfMistakes": "2", "que_id": "HI_S1_SB_7"}, {"recordingName": "HI_S1_DD_7.mp3", "isCorrect": false, "que_text": "87", "noOfMistakes": "5", "que_id": "HI_S1_DD_7"}, {"recordingName": "HI_S1_DD_8.mp3", "isCorrect": false, "que_text": "29", "noOfMistakes": "5", "que_id": "HI_S1_DD_8"}, {"recordingName": "HI_S1_DD_4.mp3", "isCorrect": false, "que_text": "47", "noOfMistakes": "5", "que_id": "HI_S1_DD_4"}, {"recordingName": "HI_S1_DD_5.mp3", "isCorrect": false, "que_text": "72", "noOfMistakes": "5", "que_id": "HI_S1_DD_5"}, {"recordingName": "HI_S1_DD_3.mp3", "isCorrect": false, "que_text": "23", "noOfMistakes": "5", "que_id": "HI_S1_DD_3"}, {"recordingName": "HI_S1_SD_4.mp3", "isCorrect": true, "que_text": "8", "noOfMistakes": "0", "que_id": "HI_S1_SD_4"}, {"recordingName": "HI_S1_SD_6.mp3", "isCorrect": true, "que_text": "5", "noOfMistakes": "0", "que_id": "HI_S1_SD_6"}, {"recordingName": "HI_S1_SD_5.mp3", "isCorrect": true, "que_text": "9", "noOfMistakes": "0", "que_id": "HI_S1_SD_5"}, {"recordingName": "HI_S1_SD_2.mp3", "isCorrect": true, "que_text": "1", "noOfMistakes": "0", "que_id": "HI_S1_SD_2"}, {"recordingName": "HI_S1_SD_0.mp3", "isCorrect": true, "que_text": "3", "noOfMistakes": "0", "que_id": "HI_S1_SD_0"}, {"recordingName": "HI_S1_CL_0.mp3", "isCorrect": true, "que_text": "A", "noOfMistakes": "4", "que_id": "HI_S1_CL_0"}, {"recordingName": "HI_S1_CL_1.mp3", "isCorrect": false, "que_text": "J", "noOfMistakes": "4", "que_id": "HI_S1_CL_1"}, {"recordingName": "HI_S1_CL_7.mp3", "isCorrect": false, "que_text": "O", "noOfMistakes": "4", "que_id": "HI_S1_CL_7"}, {"recordingName": "HI_S1_CL_6.mp3", "isCorrect": false, "que_text": "N", "noOfMistakes": "4", "que_id": "HI_S1_CL_6"}, {"recordingName": "HI_S1_CL_3.mp3", "isCorrect": false, "que_text": "R", "noOfMistakes": "4", "que_id": "HI_S1_CL_3"}], "englishProficiency": "Beginner", "studClass": "2", "date": "Sat Sep 14 17:48:17 GMT+05:30 2019", "mathematicsProficiency": "Single digit", "deviceID": "d9731a1c335a3394", "ageGroup": "7-10 years", "nativeProficiency": "Beginner"}