{"englishProficiency": "Beginner", "sequenceList": [{"que_text": " राधा के पास एक तोता है। उसकी चोंच लाल है। वह बहुत बोलता है। सब को हँसाता है।", "noOfMistakes": "200", "que_id": "HI_S1_P_0", "isCorrect": false, "recordingName": "HI_S1_P_0.mp3"}, {"que_text": "म", "noOfMistakes": "5", "que_id": "HI_S1_L_0", "isCorrect": false, "recordingName": "HI_S1_L_0.mp3"}, {"que_text": "न", "noOfMistakes": "5", "que_id": "HI_S1_L_7", "isCorrect": false, "recordingName": "HI_S1_L_7.mp3"}, {"que_text": "ब", "noOfMistakes": "5", "que_id": "HI_S1_L_6", "isCorrect": false, "recordingName": "HI_S1_L_6.mp3"}, {"que_text": "क", "noOfMistakes": "5", "que_id": "HI_S1_L_8", "isCorrect": false, "recordingName": "HI_S1_L_8.mp3"}, {"que_text": "श", "noOfMistakes": "5", "que_id": "HI_S1_L_4", "isCorrect": false, "recordingName": "HI_S1_L_4.mp3"}, {"que_text": "A", "noOfMistakes": "4", "que_id": "HI_S1_CL_0", "isCorrect": true, "recordingName": "HI_S1_CL_0.mp3"}, {"que_text": "J", "noOfMistakes": "4", "que_id": "HI_S1_CL_1", "isCorrect": false, "recordingName": "HI_S1_CL_1.mp3"}, {"que_text": "O", "noOfMistakes": "4", "que_id": "HI_S1_CL_7", "isCorrect": false, "recordingName": "HI_S1_CL_7.mp3"}, {"que_text": "N", "noOfMistakes": "4", "que_id": "HI_S1_CL_6", "isCorrect": false, "recordingName": "HI_S1_CL_6.mp3"}, {"que_text": "R", "noOfMistakes": "4", "que_id": "HI_S1_CL_3", "isCorrect": false, "recordingName": "HI_S1_CL_3.mp3"}], "deviceID": "d9731a1c335a3394", "ageGroup": "7-10 years", "studClass": "2", "nativeProficiency": "Beginner", "date": "Sat Sep 14 17:48:17 GMT+05:30 2019"}