{"englishProficiency": "Capital letter", "sequenceList": [{"que_text": "स", "noOfMistakes": "5", "que_id": "MR_S1_L_2", "isCorrect": false, "recordingName": "MR_S1_L_2.mp3"}, {"que_text": "प", "noOfMistakes": "5", "que_id": "MR_S1_L_1", "isCorrect": false, "recordingName": "MR_S1_L_1.mp3"}, {"que_text": "ड", "noOfMistakes": "5", "que_id": "MR_S1_L_3", "isCorrect": false, "recordingName": "MR_S1_L_3.mp3"}, {"que_text": "ज", "noOfMistakes": "5", "que_id": "MR_S1_L_6", "isCorrect": false, "recordingName": "MR_S1_L_6.mp3"}, {"que_text": "त", "noOfMistakes": "5", "que_id": "MR_S1_L_8", "isCorrect": false, "recordingName": "MR_S1_L_8.mp3"}, {"que_text": "A", "noOfMistakes": "0", "que_id": "MR_S1_CL_0", "isCorrect": true, "recordingName": "MR_S1_CL_0.mp3"}, {"que_text": "E", "noOfMistakes": "0", "que_id": "MR_S1_CL_4", "isCorrect": true, "recordingName": "MR_S1_CL_4.mp3"}, {"que_text": "N", "noOfMistakes": "0", "que_id": "MR_S1_CL_6", "isCorrect": true, "recordingName": "MR_S1_CL_6.mp3"}, {"que_text": "O", "noOfMistakes": "0", "que_id": "MR_S1_CL_7", "isCorrect": true, "recordingName": "MR_S1_CL_7.mp3"}, {"que_text": "R", "noOfMistakes": "0", "que_id": "MR_S1_CL_3", "isCorrect": true, "recordingName": "MR_S1_CL_3.mp3"}], "deviceID": "fa698d33d358ac32", "ageGroup": "5-7 years", "studClass": "1", "date": "Thu Sep 05 09:29:12 IST 2019", "nativeProficiency": "Beginner"}