{"sequenceList": [{"recordingName": "HI_S1_P_0.mp3", "isCorrect": true, "que_text": " राधा के पास एक तोता है। उसकी चोंच लाल है। वह बहुत बोलता है। सब को हँसाता है।", "noOfMistakes": "200", "que_id": "HI_S1_P_0"}, {"recordingName": "HI_S1_L_0.mp3", "isCorrect": true, "que_text": "म", "noOfMistakes": "4", "que_id": "HI_S1_L_0"}, {"recordingName": "HI_S1_L_1.mp3", "isCorrect": false, "que_text": "र", "noOfMistakes": "4", "que_id": "HI_S1_L_1"}, {"recordingName": "HI_S1_L_7.mp3", "isCorrect": false, "que_text": "न", "noOfMistakes": "4", "que_id": "HI_S1_L_7"}, {"recordingName": "HI_S1_L_8.mp3", "isCorrect": false, "que_text": "क", "noOfMistakes": "4", "que_id": "HI_S1_L_8"}, {"recordingName": "HI_S1_L_6.mp3", "isCorrect": false, "que_text": "ब", "noOfMistakes": "4", "que_id": "HI_S1_L_6"}, {"answer": "91", "isCorrect": false, "que_text": "67 - 48", "noOfMistakes": "2", "que_id": "HI_S1_SB_1"}, {"answer": "14", "isCorrect": false, "que_text": "84 - 49", "noOfMistakes": "2", "que_id": "HI_S1_SB_2"}, {"recordingName": "HI_S1_DD_4.mp3", "isCorrect": false, "que_text": "47", "noOfMistakes": "5", "que_id": "HI_S1_DD_4"}, {"recordingName": "HI_S1_DD_7.mp3", "isCorrect": false, "que_text": "87", "noOfMistakes": "5", "que_id": "HI_S1_DD_7"}, {"recordingName": "HI_S1_DD_6.mp3", "isCorrect": false, "que_text": "56", "noOfMistakes": "5", "que_id": "HI_S1_DD_6"}, {"recordingName": "HI_S1_DD_5.mp3", "isCorrect": false, "que_text": "72", "noOfMistakes": "5", "que_id": "HI_S1_DD_5"}, {"recordingName": "HI_S1_DD_8.mp3", "isCorrect": false, "que_text": "29", "noOfMistakes": "5", "que_id": "HI_S1_DD_8"}, {"recordingName": "HI_S1_SD_1.mp3", "isCorrect": true, "que_text": "7", "noOfMistakes": "0", "que_id": "HI_S1_SD_1"}, {"recordingName": "HI_S1_SD_4.mp3", "isCorrect": true, "que_text": "8", "noOfMistakes": "0", "que_id": "HI_S1_SD_4"}, {"recordingName": "HI_S1_SD_6.mp3", "isCorrect": true, "que_text": "5", "noOfMistakes": "0", "que_id": "HI_S1_SD_6"}, {"recordingName": "HI_S1_SD_5.mp3", "isCorrect": true, "que_text": "9", "noOfMistakes": "0", "que_id": "HI_S1_SD_5"}, {"recordingName": "HI_S1_SD_3.mp3", "isCorrect": true, "que_text": "4", "noOfMistakes": "0", "que_id": "HI_S1_SD_3"}, {"recordingName": "HI_S1_CL_0.mp3", "isCorrect": true, "que_text": "A", "noOfMistakes": "0", "que_id": "HI_S1_CL_0"}, {"recordingName": "HI_S1_CL_4.mp3", "isCorrect": true, "que_text": "E", "noOfMistakes": "0", "que_id": "HI_S1_CL_4"}, {"recordingName": "HI_S1_CL_7.mp3", "isCorrect": true, "que_text": "O", "noOfMistakes": "0", "que_id": "HI_S1_CL_7"}, {"recordingName": "HI_S1_CL_6.mp3", "isCorrect": true, "que_text": "N", "noOfMistakes": "0", "que_id": "HI_S1_CL_6"}, {"recordingName": "HI_S1_CL_3.mp3", "isCorrect": true, "que_text": "R", "noOfMistakes": "0", "que_id": "HI_S1_CL_3"}, {"recordingName": "HI_S1_SL_4.mp3", "isCorrect": false, "que_text": "m", "noOfMistakes": "5", "que_id": "HI_S1_SL_4"}, {"recordingName": "HI_S1_SL_6.mp3", "isCorrect": false, "que_text": "g", "noOfMistakes": "5", "que_id": "HI_S1_SL_6"}, {"recordingName": "HI_S1_SL_7.mp3", "isCorrect": false, "que_text": "t", "noOfMistakes": "5", "que_id": "HI_S1_SL_7"}, {"recordingName": "HI_S1_SL_2.mp3", "isCorrect": false, "que_text": "x", "noOfMistakes": "5", "que_id": "HI_S1_SL_2"}, {"recordingName": "HI_S1_SL_1.mp3", "isCorrect": false, "que_text": "p", "noOfMistakes": "5", "que_id": "HI_S1_SL_1"}], "englishProficiency": "Capital letter", "studClass": "1", "date": "Wed Sep 11 17:22:29 IST 2019", "mathematicsProficiency": "Single digit", "deviceID": "e677966f8c45b5ab", "ageGroup": "5-7 years", "nativeProficiency": "Beginner"}