{"englishProficiency": "Sentence", "sequenceList": [{"que_text": "मीना शाळेतून घरी आली. ती घरात एकटीच होती. तिला करमत नव्हते. मग मीनाने वाढदिवशी बाबांनी दिलेली बाहुली कपाटातून काढली. ती बाहुली घेऊन खेळायला लागली. थोड्या वेळाने राधा आली. तिने खाऊ आणला होता. मीनाने वाढदिवशी मिळालेली बाहुली राधाला दाखविली. राधाला बाहुली खूपच आवडली.मीनाने राधाला बाहुली देऊन टाकली. राधाने मीनाला खाऊ दिला. दोघी खूपच खूष झाल्या, त्यांनी एकमेकींना टाळ्या दिल्या. टाळ्या देता देता हसू लागल्या.", "noOfMistakes": "2", "que_id": "MR_S3_ST_0", "isCorrect": true, "recordingName": "MR_S3_ST_0.mp3"}, {"que_text": "I like to sing.", "noOfMistakes": "0", "que_id": "MR_S3_S_2", "isCorrect": true, "recordingName": "MR_S3_S_2.mp3"}, {"que_text": "She has a red dress.", "noOfMistakes": "0", "que_id": "MR_S3_S_3", "isCorrect": true, "recordingName": "MR_S3_S_3.mp3"}, {"que_text": "This is a tall tree.", "noOfMistakes": "0", "que_id": "MR_S3_S_1", "isCorrect": true, "recordingName": "MR_S3_S_1.mp3"}, {"que_text": "Where is your house?", "noOfMistakes": "0", "que_id": "MR_S3_S_0", "isCorrect": true, "recordingName": "MR_S3_S_0.mp3"}], "deviceID": "1486e5dad35b4dc1", "ageGroup": "10-12 years", "studClass": "5", "date": "Fri Sep 13 15:26:50 GMT+05:30 2019", "nativeProficiency": "Story"}