{"sequenceList": [{"recordingName": "MR_S4_WD_4.mp3", "isCorrect": true, "que_text": "विमान", "noOfMistakes": "1", "que_id": "MR_S4_WD_4"}, {"recordingName": "MR_S4_WD_8.mp3", "isCorrect": true, "que_text": "पूर", "noOfMistakes": "1", "que_id": "MR_S4_WD_8"}, {"recordingName": "MR_S4_WD_5.mp3", "isCorrect": true, "que_text": "लाल", "noOfMistakes": "1", "que_id": "MR_S4_WD_5"}, {"recordingName": "MR_S4_WD_3.mp3", "isCorrect": true, "que_text": "पाऊस", "noOfMistakes": "1", "que_id": "MR_S4_WD_3"}, {"recordingName": "MR_S4_WD_6.mp3", "isCorrect": false, "que_text": "पोरी", "noOfMistakes": "1", "que_id": "MR_S4_WD_6"}, {"answer": "-", "isCorrect": false, "que_text": "43 - 26", "noOfMistakes": "1", "que_id": "MR_S4_SB_1"}, {"recordingName": "MR_S4_DD_1.mp3", "isCorrect": false, "que_text": "24", "noOfMistakes": "2", "que_id": "MR_S4_DD_1"}, {"recordingName": "MR_S4_DD_8.mp3", "isCorrect": false, "que_text": "58", "noOfMistakes": "2", "que_id": "MR_S4_DD_8"}, {"recordingName": "MR_S4_SD_4.mp3", "isCorrect": true, "que_text": "2", "noOfMistakes": "0", "que_id": "MR_S4_SD_4"}, {"recordingName": "MR_S4_SD_7.mp3", "isCorrect": true, "que_text": "1", "noOfMistakes": "0", "que_id": "MR_S4_SD_7"}, {"recordingName": "MR_S4_SD_5.mp3", "isCorrect": true, "que_text": "9", "noOfMistakes": "0", "que_id": "MR_S4_SD_5"}, {"recordingName": "MR_S4_SD_3.mp3", "isCorrect": true, "que_text": "4", "noOfMistakes": "0", "que_id": "MR_S4_SD_3"}, {"recordingName": "MR_S4_SD_6.mp3", "isCorrect": true, "que_text": "3", "noOfMistakes": "0", "que_id": "MR_S4_SD_6"}, {"recordingName": "MR_S4_CL_1.mp3", "isCorrect": false, "que_text": "L", "noOfMistakes": "2", "que_id": "MR_S4_CL_1"}, {"recordingName": "MR_S4_CL_7.mp3", "isCorrect": false, "que_text": "N", "noOfMistakes": "2", "que_id": "MR_S4_CL_7"}], "englishProficiency": "Beginner", "studClass": "3", "date": "Thu Aug 29 18:20:06 GMT+05:30 2019", "mathematicsProficiency": "Single digit", "deviceID": "3ebaa9d14abd9a0f", "ageGroup": "7-10 years", "nativeProficiency": "Word"}