{"sequenceList": [{"recordingName": "HI_S2_P_0.mp3", "isCorrect": false, "que_text": "सोनी के पास एक माला है। उसमें बहुत सारे मोती हैं। मोती पीले रंग के हैं। सोनी उसे पहनती है।", "noOfMistakes": "200", "que_id": "HI_S2_P_0"}, {"recordingName": "HI_S1_WD_0.mp3", "isCorrect": true, "que_text": "हीरा", "noOfMistakes": "0", "que_id": "HI_S1_WD_0"}, {"recordingName": "HI_S1_WD_5.mp3", "isCorrect": true, "que_text": "काम", "noOfMistakes": "0", "que_id": "HI_S1_WD_5"}, {"recordingName": "HI_S1_WD_3.mp3", "isCorrect": true, "que_text": "नानी", "noOfMistakes": "0", "que_id": "HI_S1_WD_3"}, {"recordingName": "HI_S1_WD_8.mp3", "isCorrect": true, "que_text": "दिन", "noOfMistakes": "0", "que_id": "HI_S1_WD_8"}, {"recordingName": "HI_S1_WD_2.mp3", "isCorrect": true, "que_text": "शेर", "noOfMistakes": "0", "que_id": "HI_S1_WD_2"}, {"answer": "12", "isCorrect": false, "que_text": "63-34", "noOfMistakes": "2", "que_id": "HI_S2_SB_1"}, {"answer": "13", "isCorrect": false, "que_text": "32-15", "noOfMistakes": "2", "que_id": "HI_S2_SB_5"}, {"recordingName": "HI_S2_DD_5.mp3", "isCorrect": true, "que_text": "61", "noOfMistakes": "2", "que_id": "HI_S2_DD_5"}, {"recordingName": "HI_S2_DD_0.mp3", "isCorrect": false, "que_text": "76", "noOfMistakes": "2", "que_id": "HI_S2_DD_0"}, {"recordingName": "HI_S2_DD_8.mp3", "isCorrect": true, "que_text": "25", "noOfMistakes": "2", "que_id": "HI_S2_DD_8"}, {"recordingName": "HI_S2_DD_3.mp3", "isCorrect": true, "que_text": "99", "noOfMistakes": "2", "que_id": "HI_S2_DD_3"}, {"recordingName": "HI_S2_DD_4.mp3", "isCorrect": false, "que_text": "34", "noOfMistakes": "2", "que_id": "HI_S2_DD_4"}, {"recordingName": "HI_S2_SD_4.mp3", "isCorrect": true, "que_text": "9", "noOfMistakes": "0", "que_id": "HI_S2_SD_4"}, {"recordingName": "HI_S2_SD_2.mp3", "isCorrect": true, "que_text": "3", "noOfMistakes": "0", "que_id": "HI_S2_SD_2"}, {"recordingName": "HI_S2_SD_3.mp3", "isCorrect": true, "que_text": "5", "noOfMistakes": "0", "que_id": "HI_S2_SD_3"}, {"recordingName": "HI_S2_SD_5.mp3", "isCorrect": true, "que_text": "8", "noOfMistakes": "0", "que_id": "HI_S2_SD_5"}, {"recordingName": "HI_S2_SD_0.mp3", "isCorrect": true, "que_text": "2", "noOfMistakes": "0", "que_id": "HI_S2_SD_0"}, {"recordingName": "HI_S2_CL_0.mp3", "isCorrect": true, "que_text": "B", "noOfMistakes": "0", "que_id": "HI_S2_CL_0"}, {"recordingName": "HI_S2_CL_1.mp3", "isCorrect": true, "que_text": "H", "noOfMistakes": "0", "que_id": "HI_S2_CL_1"}, {"recordingName": "HI_S2_CL_4.mp3", "isCorrect": true, "que_text": "V", "noOfMistakes": "0", "que_id": "HI_S2_CL_4"}, {"recordingName": "HI_S2_CL_6.mp3", "isCorrect": true, "que_text": "P", "noOfMistakes": "0", "que_id": "HI_S2_CL_6"}, {"recordingName": "HI_S2_CL_3.mp3", "isCorrect": true, "que_text": "L", "noOfMistakes": "0", "que_id": "HI_S2_CL_3"}, {"recordingName": "HI_S2_SL_0.mp3", "isCorrect": true, "que_text": "z", "noOfMistakes": "2", "que_id": "HI_S2_SL_0"}, {"recordingName": "HI_S2_SL_4.mp3", "isCorrect": false, "que_text": "g", "noOfMistakes": "2", "que_id": "HI_S2_SL_4"}, {"recordingName": "HI_S2_SL_6.mp3", "isCorrect": true, "que_text": "s", "noOfMistakes": "2", "que_id": "HI_S2_SL_6"}, {"recordingName": "HI_S2_SL_3.mp3", "isCorrect": true, "que_text": "w", "noOfMistakes": "2", "que_id": "HI_S2_SL_3"}, {"recordingName": "HI_S2_SL_1.mp3", "isCorrect": false, "que_text": "j", "noOfMistakes": "2", "que_id": "HI_S2_SL_1"}], "englishProficiency": "Capital letter", "studClass": "1", "date": "Thu Sep 05 18:20:10 IST 2019", "mathematicsProficiency": "Single digit", "deviceID": "1febb73a4b70883e", "ageGroup": "5-7 years", "nativeProficiency": "Word"}