{"englishProficiency": "Small letter", "sequenceList": [{"que_text": "मीना पढ़ने जाती है। राजू भी साथ जाता है। दोनों शाम को लौटकर आते हैं। घर आकर खाना खाते हैं।", "noOfMistakes": "200", "que_id": "HI_S2_P_1", "isCorrect": false, "recordingName": "HI_S2_P_1.mp3"}, {"que_text": "कैसा", "noOfMistakes": "4", "que_id": "HI_S1_WD_1", "isCorrect": false, "recordingName": "HI_S1_WD_1.mp3"}, {"que_text": "फूल", "noOfMistakes": "4", "que_id": "HI_S1_WD_7", "isCorrect": false, "recordingName": "HI_S1_WD_7.mp3"}, {"que_text": "दिन", "noOfMistakes": "4", "que_id": "HI_S1_WD_8", "isCorrect": false, "recordingName": "HI_S1_WD_8.mp3"}, {"que_text": "काम", "noOfMistakes": "4", "que_id": "HI_S1_WD_5", "isCorrect": true, "recordingName": "HI_S1_WD_5.mp3"}, {"que_text": "पीला", "noOfMistakes": "4", "que_id": "HI_S1_WD_6", "isCorrect": false, "recordingName": "HI_S1_WD_6.mp3"}, {"que_text": "द", "noOfMistakes": "0", "que_id": "HI_S2_L_0", "isCorrect": true, "recordingName": "HI_S2_L_0.mp3"}, {"que_text": "त", "noOfMistakes": "0", "que_id": "HI_S2_L_7", "isCorrect": true, "recordingName": "HI_S2_L_7.mp3"}, {"que_text": "ख", "noOfMistakes": "0", "que_id": "HI_S2_L_9", "isCorrect": true, "recordingName": "HI_S2_L_9.mp3"}, {"que_text": "म", "noOfMistakes": "0", "que_id": "HI_S2_L_8", "isCorrect": true, "recordingName": "HI_S2_L_8.mp3"}, {"que_text": "ह", "noOfMistakes": "0", "que_id": "HI_S2_L_6", "isCorrect": true, "recordingName": "HI_S2_L_6.mp3"}, {"que_text": "M", "noOfMistakes": "0", "que_id": "HI_S2_CL_5", "isCorrect": true, "recordingName": "HI_S2_CL_5.mp3"}, {"que_text": "F", "noOfMistakes": "0", "que_id": "HI_S2_CL_7", "isCorrect": true, "recordingName": "HI_S2_CL_7.mp3"}, {"que_text": "P", "noOfMistakes": "0", "que_id": "HI_S2_CL_6", "isCorrect": true, "recordingName": "HI_S2_CL_6.mp3"}, {"que_text": "R", "noOfMistakes": "0", "que_id": "HI_S2_CL_2", "isCorrect": true, "recordingName": "HI_S2_CL_2.mp3"}, {"que_text": "L", "noOfMistakes": "0", "que_id": "HI_S2_CL_3", "isCorrect": true, "recordingName": "HI_S2_CL_3.mp3"}, {"que_text": "z", "noOfMistakes": "0", "que_id": "HI_S2_SL_0", "isCorrect": true, "recordingName": "HI_S2_SL_0.mp3"}, {"que_text": "k", "noOfMistakes": "0", "que_id": "HI_S2_SL_7", "isCorrect": true, "recordingName": "HI_S2_SL_7.mp3"}, {"que_text": "u", "noOfMistakes": "0", "que_id": "HI_S2_SL_5", "isCorrect": true, "recordingName": "HI_S2_SL_5.mp3"}, {"que_text": "g", "noOfMistakes": "0", "que_id": "HI_S2_SL_4", "isCorrect": true, "recordingName": "HI_S2_SL_4.mp3"}, {"que_text": "s", "noOfMistakes": "0", "que_id": "HI_S2_SL_6", "isCorrect": true, "recordingName": "HI_S2_SL_6.mp3"}, {"que_text": "hot", "noOfMistakes": "3", "que_id": "HI_S2_W_1", "isCorrect": false, "recordingName": "HI_S2_W_1.mp3"}, {"que_text": "rat", "noOfMistakes": "3", "que_id": "HI_S2_W_0", "isCorrect": false, "recordingName": "HI_S2_W_0.mp3"}, {"que_text": "pen", "noOfMistakes": "3", "que_id": "HI_S2_W_5", "isCorrect": true, "recordingName": "HI_S2_W_5.mp3"}, {"que_text": "man", "noOfMistakes": "3", "que_id": "HI_S2_W_4", "isCorrect": true, "recordingName": "HI_S2_W_4.mp3"}, {"que_text": "cow", "noOfMistakes": "3", "que_id": "HI_S2_W_3", "isCorrect": false, "recordingName": "HI_S2_W_3.mp3"}], "deviceID": "2a4ca791bd63d9c4", "ageGroup": "5-7 years", "studClass": "1", "nativeProficiency": "Letter", "date": "Thu Sep 12 16:25:39 IST 2019"}