{"englishProficiency": "Beginner", "sequenceList": [{"que_text": "पावसाळा सुरु झाला. आईने नवी तुळस लावली. तुळस भरभर वाढली. छान दिसू लागली.", "noOfMistakes": "200", "que_id": "MR_S2_P_1", "isCorrect": false, "recordingName": "MR_S2_P_1.mp3"}, {"que_text": "ण", "noOfMistakes": "2", "que_id": "MH_S2_L_3", "isCorrect": false, "recordingName": "MH_S2_L_3.mp3"}, {"que_text": "क", "noOfMistakes": "2", "que_id": "MH_S2_L_5", "isCorrect": true, "recordingName": "MH_S2_L_5.mp3"}, {"que_text": "ल", "noOfMistakes": "2", "que_id": "MH_S2_L_8", "isCorrect": false, "recordingName": "MH_S2_L_8.mp3"}, {"que_text": "H", "noOfMistakes": "2", "que_id": "MR_S2_CL_1", "isCorrect": false, "recordingName": "MR_S2_CL_1.mp3"}, {"que_text": "M", "noOfMistakes": "2", "que_id": "MR_S2_CL_5", "isCorrect": false, "recordingName": "MR_S2_CL_5.mp3"}], "deviceID": "3ebaa9d14abd9a0f", "ageGroup": "7-10 years", "studClass": "3", "nativeProficiency": "Beginner", "date": "Thu Aug 29 17:51:30 GMT+05:30 2019"}