{"sequenceList": [{"recordingName": "MR_S2_P_1.mp3", "isCorrect": false, "que_text": "पावसाळा सुरु झाला. आईने नवी तुळस लावली. तुळस भरभर वाढली. छान दिसू लागली.", "noOfMistakes": "200", "que_id": "MR_S2_P_1"}, {"recordingName": "MH_S2_L_3.mp3", "isCorrect": false, "que_text": "ण", "noOfMistakes": "2", "que_id": "MH_S2_L_3"}, {"recordingName": "MH_S2_L_5.mp3", "isCorrect": true, "que_text": "क", "noOfMistakes": "2", "que_id": "MH_S2_L_5"}, {"recordingName": "MH_S2_L_8.mp3", "isCorrect": false, "que_text": "ल", "noOfMistakes": "2", "que_id": "MH_S2_L_8"}, {"recordingName": "MR_S2_SD_4.mp3", "isCorrect": false, "que_text": "9", "noOfMistakes": "3", "que_id": "MR_S2_SD_4"}, {"recordingName": "MR_S2_SD_5.mp3", "isCorrect": false, "que_text": "8", "noOfMistakes": "3", "que_id": "MR_S2_SD_5"}, {"recordingName": "MR_S2_SD_3.mp3", "isCorrect": true, "que_text": "5", "noOfMistakes": "3", "que_id": "MR_S2_SD_3"}, {"recordingName": "MR_S2_SD_1.mp3", "isCorrect": false, "que_text": "7", "noOfMistakes": "3", "que_id": "MR_S2_SD_1"}, {"recordingName": "MR_S2_CL_1.mp3", "isCorrect": false, "que_text": "H", "noOfMistakes": "2", "que_id": "MR_S2_CL_1"}, {"recordingName": "MR_S2_CL_5.mp3", "isCorrect": false, "que_text": "M", "noOfMistakes": "2", "que_id": "MR_S2_CL_5"}], "englishProficiency": "Beginner", "studClass": "3", "date": "Thu Aug 29 17:51:30 GMT+05:30 2019", "mathematicsProficiency": "Beginner", "deviceID": "3ebaa9d14abd9a0f", "ageGroup": "7-10 years", "nativeProficiency": "Beginner"}