{"englishProficiency": "Capital letter", "sequenceList": [{"que_text": "म", "noOfMistakes": "1", "que_id": "HI_S1_L_0", "isCorrect": true, "recordingName": "HI_S1_L_0.mp3"}, {"que_text": "र", "noOfMistakes": "1", "que_id": "HI_S1_L_1", "isCorrect": true, "recordingName": "HI_S1_L_1.mp3"}, {"que_text": "थ", "noOfMistakes": "1", "que_id": "HI_S1_L_2", "isCorrect": true, "recordingName": "HI_S1_L_2.mp3"}, {"que_text": "श", "noOfMistakes": "1", "que_id": "HI_S1_L_4", "isCorrect": false, "recordingName": "HI_S1_L_4.mp3"}, {"que_text": "ल", "noOfMistakes": "1", "que_id": "HI_S1_L_5", "isCorrect": true, "recordingName": "HI_S1_L_5.mp3"}, {"que_text": "गाना", "noOfMistakes": "3", "que_id": "HI_S1_WD_0", "isCorrect": true, "recordingName": "HI_S1_WD_0.mp3"}, {"que_text": "खुश", "noOfMistakes": "3", "que_id": "HI_S1_WD_1", "isCorrect": true, "recordingName": "HI_S1_WD_1.mp3"}, {"que_text": "मोती", "noOfMistakes": "3", "que_id": "HI_S1_WD_2", "isCorrect": false, "recordingName": "HI_S1_WD_2.mp3"}, {"que_text": "झोला", "noOfMistakes": "3", "que_id": "HI_S1_WD_4", "isCorrect": false, "recordingName": "HI_S1_WD_4.mp3"}, {"que_text": "पैर", "noOfMistakes": "3", "que_id": "HI_S1_WD_3", "isCorrect": false, "recordingName": "HI_S1_WD_3.mp3"}, {"que_text": "A", "noOfMistakes": "0", "que_id": "HI_S1_CL_0", "isCorrect": true, "recordingName": "HI_S1_CL_0.mp3"}, {"que_text": "J", "noOfMistakes": "0", "que_id": "HI_S1_CL_1", "isCorrect": true, "recordingName": "HI_S1_CL_1.mp3"}, {"que_text": "Y", "noOfMistakes": "0", "que_id": "HI_S1_CL_5", "isCorrect": true, "recordingName": "HI_S1_CL_5.mp3"}, {"que_text": "E", "noOfMistakes": "0", "que_id": "HI_S1_CL_4", "isCorrect": true, "recordingName": "HI_S1_CL_4.mp3"}, {"que_text": "O", "noOfMistakes": "0", "que_id": "HI_S1_CL_7", "isCorrect": true, "recordingName": "HI_S1_CL_7.mp3"}, {"que_text": "h", "noOfMistakes": "4", "que_id": "HI_S1_SL_0", "isCorrect": false, "recordingName": "HI_S1_SL_0.mp3"}, {"que_text": "m", "noOfMistakes": "4", "que_id": "HI_S1_SL_4", "isCorrect": false, "recordingName": "HI_S1_SL_4.mp3"}, {"que_text": "p", "noOfMistakes": "4", "que_id": "HI_S1_SL_1", "isCorrect": true, "recordingName": "HI_S1_SL_1.mp3"}, {"que_text": "d", "noOfMistakes": "4", "que_id": "HI_S1_SL_5", "isCorrect": false, "recordingName": "HI_S1_SL_5.mp3"}, {"que_text": "t", "noOfMistakes": "4", "que_id": "HI_S1_SL_7", "isCorrect": false, "recordingName": "HI_S1_SL_7.mp3"}], "deviceID": "c66208a6b7100eb2", "ageGroup": "7-10 years", "studClass": "2", "nativeProficiency": "Letter", "date": "Thu Aug 29 15:38:44 IST 2019"}