{"sequenceList": [{"recordingName": "MR_S3_WD_1.mp3", "isCorrect": true, "que_text": "लाल", "noOfMistakes": "2", "que_id": "MR_S3_WD_1"}, {"recordingName": "MR_S3_WD_4.mp3", "isCorrect": false, "que_text": "मुळा", "noOfMistakes": "2", "que_id": "MR_S3_WD_4"}, {"recordingName": "MR_S3_WD_8.mp3", "isCorrect": true, "que_text": "विमान", "noOfMistakes": "2", "que_id": "MR_S3_WD_8"}, {"recordingName": "MR_S3_WD_6.mp3", "isCorrect": true, "que_text": "गारा", "noOfMistakes": "2", "que_id": "MR_S3_WD_6"}, {"recordingName": "MR_S3_WD_7.mp3", "isCorrect": false, "que_text": "जोर", "noOfMistakes": "2", "que_id": "MR_S3_WD_7"}, {"recordingName": "MH_S3_L_0.mp3", "isCorrect": true, "que_text": "क", "noOfMistakes": "0", "que_id": "MH_S3_L_0"}, {"recordingName": "MH_S3_L_1.mp3", "isCorrect": true, "que_text": "स", "noOfMistakes": "0", "que_id": "MH_S3_L_1"}, {"recordingName": "MH_S3_L_2.mp3", "isCorrect": true, "que_text": "ग", "noOfMistakes": "0", "que_id": "MH_S3_L_2"}, {"recordingName": "MH_S3_L_4.mp3", "isCorrect": true, "que_text": "न", "noOfMistakes": "0", "que_id": "MH_S3_L_4"}, {"recordingName": "MH_S3_L_7.mp3", "isCorrect": true, "que_text": "र", "noOfMistakes": "0", "que_id": "MH_S3_L_7"}, {"recordingName": "MR_S3_SD_5.mp3", "isCorrect": true, "que_text": "9", "noOfMistakes": "0", "que_id": "MR_S3_SD_5"}, {"recordingName": "MR_S3_SD_4.mp3", "isCorrect": true, "que_text": "6", "noOfMistakes": "0", "que_id": "MR_S3_SD_4"}, {"recordingName": "MR_S3_SD_3.mp3", "isCorrect": true, "que_text": "3", "noOfMistakes": "0", "que_id": "MR_S3_SD_3"}, {"recordingName": "MR_S3_SD_1.mp3", "isCorrect": true, "que_text": "4", "noOfMistakes": "0", "que_id": "MR_S3_SD_1"}, {"recordingName": "MR_S3_SD_2.mp3", "isCorrect": true, "que_text": "7", "noOfMistakes": "0", "que_id": "MR_S3_SD_2"}, {"recordingName": "MR_S3_CL_0.mp3", "isCorrect": true, "que_text": "C", "noOfMistakes": "2", "que_id": "MR_S3_CL_0"}, {"recordingName": "MR_S3_CL_4.mp3", "isCorrect": false, "que_text": "F", "noOfMistakes": "2", "que_id": "MR_S3_CL_4"}, {"recordingName": "MR_S3_CL_5.mp3", "isCorrect": true, "que_text": "W", "noOfMistakes": "2", "que_id": "MR_S3_CL_5"}, {"recordingName": "MR_S3_CL_3.mp3", "isCorrect": false, "que_text": "Q", "noOfMistakes": "2", "que_id": "MR_S3_CL_3"}], "englishProficiency": "Beginner", "studClass": "2", "date": "Fri Aug 02 17:40:50 GMT+05:30 2019", "mathematicsProficiency": "Single digit", "deviceID": "3ebaa9d14abd9a0f", "ageGroup": "7-10 years", "nativeProficiency": "Letter"}