{"englishProficiency": "Sentence", "sequenceList": [{"que_text": "सोनी के पास एक माला है। उसमें बहुत सारे मोती हैं। मोती पीले रंग के हैं। सोनी उसे पहनती है।", "noOfMistakes": "2", "que_id": "HI_S2_P_0", "isCorrect": true, "recordingName": "HI_S2_P_0.mp3"}, {"que_text": "B", "noOfMistakes": "0", "que_id": "HI_S2_CL_0", "isCorrect": true, "recordingName": "HI_S2_CL_0.mp3"}, {"que_text": "H", "noOfMistakes": "0", "que_id": "HI_S2_CL_1", "isCorrect": true, "recordingName": "HI_S2_CL_1.mp3"}, {"que_text": "R", "noOfMistakes": "0", "que_id": "HI_S2_CL_2", "isCorrect": true, "recordingName": "HI_S2_CL_2.mp3"}, {"que_text": "L", "noOfMistakes": "0", "que_id": "HI_S2_CL_3", "isCorrect": true, "recordingName": "HI_S2_CL_3.mp3"}, {"que_text": "V", "noOfMistakes": "0", "que_id": "HI_S2_CL_4", "isCorrect": true, "recordingName": "HI_S2_CL_4.mp3"}, {"que_text": "z", "noOfMistakes": "0", "que_id": "HI_S2_SL_0", "isCorrect": true, "recordingName": "HI_S2_SL_0.mp3"}, {"que_text": "j", "noOfMistakes": "0", "que_id": "HI_S2_SL_1", "isCorrect": true, "recordingName": "HI_S2_SL_1.mp3"}, {"que_text": "o", "noOfMistakes": "0", "que_id": "HI_S2_SL_2", "isCorrect": true, "recordingName": "HI_S2_SL_2.mp3"}, {"que_text": "w", "noOfMistakes": "0", "que_id": "HI_S2_SL_3", "isCorrect": true, "recordingName": "HI_S2_SL_3.mp3"}, {"que_text": "g", "noOfMistakes": "0", "que_id": "HI_S2_SL_4", "isCorrect": true, "recordingName": "HI_S2_SL_4.mp3"}, {"que_text": "rat", "noOfMistakes": "0", "que_id": "HI_S2_W_0", "isCorrect": true, "recordingName": "HI_S2_W_0.mp3"}, {"que_text": "hot", "noOfMistakes": "0", "que_id": "HI_S2_W_1", "isCorrect": true, "recordingName": "HI_S2_W_1.mp3"}, {"que_text": "big", "noOfMistakes": "0", "que_id": "HI_S2_W_2", "isCorrect": true, "recordingName": "HI_S2_W_2.mp3"}, {"que_text": "cow", "noOfMistakes": "0", "que_id": "HI_S2_W_3", "isCorrect": true, "recordingName": "HI_S2_W_3.mp3"}, {"que_text": "man", "noOfMistakes": "0", "que_id": "HI_S2_W_4", "isCorrect": true, "recordingName": "HI_S2_W_4.mp3"}, {"que_text": "What is the time?", "noOfMistakes": "0", "que_id": "HI_S2_S_0", "isCorrect": true, "recordingName": "HI_S2_S_0.mp3"}, {"que_text": "This is a red ball.", "noOfMistakes": "2", "que_id": "HI_S2_S_1", "isCorrect": true, "recordingName": "HI_S2_S_1.mp3"}, {"que_text": "I like to play.", "noOfMistakes": "0", "que_id": "HI_S2_S_2", "isCorrect": true, "recordingName": "HI_S2_S_2.mp3"}, {"que_text": "I have a small house.", "noOfMistakes": "200", "que_id": "HI_S2_S_3", "isCorrect": false, "recordingName": "HI_S2_S_3.mp3"}], "deviceID": "3f4f2e087203bd32", "ageGroup": "12-15 years", "studClass": "8", "nativeProficiency": "Paragraph", "date": "Tue Sep 10 15:11:36 IST 2019"}