{"sequenceList": [{"recordingName": "HI_S2_P_0.mp3", "isCorrect": true, "que_text": "सोनी के पास एक माला है। उसमें बहुत सारे मोती हैं। मोती पीले रंग के हैं। सोनी उसे पहनती है।", "noOfMistakes": "2", "que_id": "HI_S2_P_0"}, {"answer": "49", "isCorrect": true, "que_text": "84-35", "noOfMistakes": "0", "que_id": "HI_S2_SB_3"}, {"answer": "17", "isCorrect": true, "que_text": "32-15", "noOfMistakes": "0", "que_id": "HI_S2_SB_5"}, {"noOfMistakes": "0", "que_id": "HI_S2_D_0", "answer": "1", "remainder": "124", "isCorrect": true, "que_text": "993/8"}, {"recordingName": "HI_S2_CL_0.mp3", "isCorrect": true, "que_text": "B", "noOfMistakes": "0", "que_id": "HI_S2_CL_0"}, {"recordingName": "HI_S2_CL_1.mp3", "isCorrect": true, "que_text": "H", "noOfMistakes": "0", "que_id": "HI_S2_CL_1"}, {"recordingName": "HI_S2_CL_2.mp3", "isCorrect": true, "que_text": "R", "noOfMistakes": "0", "que_id": "HI_S2_CL_2"}, {"recordingName": "HI_S2_CL_3.mp3", "isCorrect": true, "que_text": "L", "noOfMistakes": "0", "que_id": "HI_S2_CL_3"}, {"recordingName": "HI_S2_CL_4.mp3", "isCorrect": true, "que_text": "V", "noOfMistakes": "0", "que_id": "HI_S2_CL_4"}, {"recordingName": "HI_S2_SL_0.mp3", "isCorrect": true, "que_text": "z", "noOfMistakes": "0", "que_id": "HI_S2_SL_0"}, {"recordingName": "HI_S2_SL_1.mp3", "isCorrect": true, "que_text": "j", "noOfMistakes": "0", "que_id": "HI_S2_SL_1"}, {"recordingName": "HI_S2_SL_2.mp3", "isCorrect": true, "que_text": "o", "noOfMistakes": "0", "que_id": "HI_S2_SL_2"}, {"recordingName": "HI_S2_SL_3.mp3", "isCorrect": true, "que_text": "w", "noOfMistakes": "0", "que_id": "HI_S2_SL_3"}, {"recordingName": "HI_S2_SL_4.mp3", "isCorrect": true, "que_text": "g", "noOfMistakes": "0", "que_id": "HI_S2_SL_4"}, {"recordingName": "HI_S2_W_0.mp3", "isCorrect": true, "que_text": "rat", "noOfMistakes": "0", "que_id": "HI_S2_W_0"}, {"recordingName": "HI_S2_W_1.mp3", "isCorrect": true, "que_text": "hot", "noOfMistakes": "0", "que_id": "HI_S2_W_1"}, {"recordingName": "HI_S2_W_2.mp3", "isCorrect": true, "que_text": "big", "noOfMistakes": "0", "que_id": "HI_S2_W_2"}, {"recordingName": "HI_S2_W_3.mp3", "isCorrect": true, "que_text": "cow", "noOfMistakes": "0", "que_id": "HI_S2_W_3"}, {"recordingName": "HI_S2_W_4.mp3", "isCorrect": true, "que_text": "man", "noOfMistakes": "0", "que_id": "HI_S2_W_4"}, {"recordingName": "HI_S2_S_0.mp3", "isCorrect": true, "que_text": "What is the time?", "noOfMistakes": "0", "que_id": "HI_S2_S_0"}, {"recordingName": "HI_S2_S_1.mp3", "isCorrect": true, "que_text": "This is a red ball.", "noOfMistakes": "2", "que_id": "HI_S2_S_1"}, {"recordingName": "HI_S2_S_2.mp3", "isCorrect": true, "que_text": "I like to play.", "noOfMistakes": "0", "que_id": "HI_S2_S_2"}, {"recordingName": "HI_S2_S_3.mp3", "isCorrect": false, "que_text": "I have a small house.", "noOfMistakes": "200", "que_id": "HI_S2_S_3"}], "englishProficiency": "Sentence", "studClass": "8", "date": "Tue Sep 10 15:11:36 IST 2019", "mathematicsProficiency": "Division", "deviceID": "3f4f2e087203bd32", "ageGroup": "12-15 years", "nativeProficiency": "Paragraph"}