{"englishProficiency": "Beginner", "sequenceList": [{"que_text": "रूपा बाहर खेल रही थी। खेलते-खेलते रात हो गई। वह अपने घर चली गई। रूपा खाना खाकर सो गई।", "noOfMistakes": "200", "que_id": "HI_S4_P_1", "isCorrect": false, "recordingName": "HI_S4_P_1.mp3"}, {"que_text": "ल", "noOfMistakes": "3", "que_id": "HI_S4_L_8", "isCorrect": true, "recordingName": "HI_S4_L_8.mp3"}, {"que_text": "म", "noOfMistakes": "3", "que_id": "HI_S4_L_2", "isCorrect": false, "recordingName": "HI_S4_L_2.mp3"}, {"que_text": "स", "noOfMistakes": "3", "que_id": "HI_S4_L_4", "isCorrect": false, "recordingName": "HI_S4_L_4.mp3"}, {"que_text": "न", "noOfMistakes": "3", "que_id": "HI_S4_L_0", "isCorrect": false, "recordingName": "HI_S4_L_0.mp3"}, {"que_text": "च", "noOfMistakes": "3", "que_id": "HI_S4_L_3", "isCorrect": true, "recordingName": "HI_S4_L_3.mp3"}, {"que_text": "D", "noOfMistakes": "4", "que_id": "HI_S4_CL_0", "isCorrect": true, "recordingName": "HI_S4_CL_0.mp3"}, {"que_text": "N", "noOfMistakes": "4", "que_id": "HI_S4_CL_7", "isCorrect": false, "recordingName": "HI_S4_CL_7.mp3"}, {"que_text": "T", "noOfMistakes": "4", "que_id": "HI_S4_CL_2", "isCorrect": false, "recordingName": "HI_S4_CL_2.mp3"}, {"que_text": "X", "noOfMistakes": "4", "que_id": "HI_S4_CL_5", "isCorrect": false, "recordingName": "HI_S4_CL_5.mp3"}, {"que_text": "L", "noOfMistakes": "4", "que_id": "HI_S4_CL_1", "isCorrect": false, "recordingName": "HI_S4_CL_1.mp3"}], "deviceID": "c66208a6b7100eb2", "ageGroup": "5-7 years", "studClass": "1", "nativeProficiency": "Beginner", "date": "Sat Aug 24 13:53:44 IST 2019"}