{"sequenceList": [{"recordingName": "HI_S3_P_0.mp3", "isCorrect": true, "que_text": "नीतू के घर में गाय है। उसका रंग सफ़ेद है। गाय हरी घास खाती है। वह बहुत दूध देती है।", "noOfMistakes": "0", "que_id": "HI_S3_P_0"}, {"recordingName": "HI_S3_ST_0.mp3", "isCorrect": true, "que_text": "विमला और अजय मेला देखने गये। उन्हें मेले में तरह-तरह की दुकाने दिखीं। मेले में बहुत झूले थे। वहाँ गरम-गरम हलवा और जलेबियाँ भी बिक रहीं थीं। जलेबी देखकर दोनों के मुँह में पानी आने लगा। उन्हें जलेबी खाने का मन हुआ। विमला ने जलेबी खरीदी। दोनों दोस्तों ने मिलकर जलेबी खाई। शाम को दोनों घर लौट आये।", "noOfMistakes": "0", "que_id": "HI_S3_ST_0"}, {"answer": "-", "isCorrect": false, "que_text": "43 - 28", "noOfMistakes": "2", "que_id": "HI_S3_SB_2"}, {"answer": "-", "isCorrect": false, "que_text": "52 - 15", "noOfMistakes": "2", "que_id": "HI_S3_SB_6"}, {"recordingName": "HI_S3_DD_6.mp3", "isCorrect": true, "que_text": "91", "noOfMistakes": "0", "que_id": "HI_S3_DD_6"}, {"recordingName": "HI_S3_DD_9.mp3", "isCorrect": true, "que_text": "43", "noOfMistakes": "0", "que_id": "HI_S3_DD_9"}, {"recordingName": "HI_S3_DD_7.mp3", "isCorrect": true, "que_text": "65", "noOfMistakes": "0", "que_id": "HI_S3_DD_7"}, {"recordingName": "HI_S3_DD_1.mp3", "isCorrect": true, "que_text": "83", "noOfMistakes": "0", "que_id": "HI_S3_DD_1"}, {"recordingName": "HI_S3_DD_2.mp3", "isCorrect": true, "que_text": "37", "noOfMistakes": "0", "que_id": "HI_S3_DD_2"}, {"recordingName": "HI_S3_CL_1.mp3", "isCorrect": true, "que_text": "K", "noOfMistakes": "0", "que_id": "HI_S3_CL_1"}, {"recordingName": "HI_S3_CL_5.mp3", "isCorrect": true, "que_text": "W", "noOfMistakes": "0", "que_id": "HI_S3_CL_5"}, {"recordingName": "HI_S3_CL_2.mp3", "isCorrect": true, "que_text": "S", "noOfMistakes": "0", "que_id": "HI_S3_CL_2"}, {"recordingName": "HI_S3_CL_4.mp3", "isCorrect": true, "que_text": "F", "noOfMistakes": "0", "que_id": "HI_S3_CL_4"}, {"recordingName": "HI_S3_CL_6.mp3", "isCorrect": true, "que_text": "O", "noOfMistakes": "0", "que_id": "HI_S3_CL_6"}, {"recordingName": "HI_S3_SL_1.mp3", "isCorrect": true, "que_text": "p", "noOfMistakes": "0", "que_id": "HI_S3_SL_1"}, {"recordingName": "HI_S3_SL_7.mp3", "isCorrect": true, "que_text": "b", "noOfMistakes": "0", "que_id": "HI_S3_SL_7"}, {"recordingName": "HI_S3_SL_2.mp3", "isCorrect": true, "que_text": "g", "noOfMistakes": "0", "que_id": "HI_S3_SL_2"}, {"recordingName": "HI_S3_SL_5.mp3", "isCorrect": true, "que_text": "j", "noOfMistakes": "0", "que_id": "HI_S3_SL_5"}, {"recordingName": "HI_S3_SL_4.mp3", "isCorrect": true, "que_text": "e", "noOfMistakes": "0", "que_id": "HI_S3_SL_4"}, {"recordingName": "HI_S3_W_1.mp3", "isCorrect": true, "que_text": "old", "noOfMistakes": "0", "que_id": "HI_S3_W_1"}, {"recordingName": "HI_S3_W_2.mp3", "isCorrect": true, "que_text": "sit", "noOfMistakes": "0", "que_id": "HI_S3_W_2"}, {"recordingName": "HI_S3_W_5.mp3", "isCorrect": true, "que_text": "bag", "noOfMistakes": "0", "que_id": "HI_S3_W_5"}, {"recordingName": "HI_S3_W_4.mp3", "isCorrect": true, "que_text": "fox", "noOfMistakes": "0", "que_id": "HI_S3_W_4"}, {"recordingName": "HI_S3_W_3.mp3", "isCorrect": true, "que_text": "run", "noOfMistakes": "0", "que_id": "HI_S3_W_3"}, {"recordingName": "HI_S3_W_3.mp3", "isCorrect": false, "que_text": "run", "que_id": "HI_S3_W_3"}, {"recordingName": "HI_S3_S_0.mp3", "isCorrect": false, "que_text": "Where is your house?", "noOfMistakes": "1", "que_id": "HI_S3_S_0"}, {"recordingName": "HI_S3_S_1.mp3", "isCorrect": true, "que_text": "This is a big bus.", "noOfMistakes": "0", "que_id": "HI_S3_S_1"}, {"recordingName": "HI_S3_S_2.mp3", "isCorrect": true, "que_text": "I like to sing.", "noOfMistakes": "0", "que_id": "HI_S3_S_2"}, {"recordingName": "HI_S3_S_3.mp3", "isCorrect": true, "que_text": "I have a fat cat.", "noOfMistakes": "0", "que_id": "HI_S3_S_3"}], "englishProficiency": "Sentence", "studClass": "2", "date": "Mon Aug 05 15:32:14 IST 2019", "mathematicsProficiency": "Double digit", "deviceID": "c66208a6b7100eb2", "ageGroup": "7-10 years", "nativeProficiency": "Story"}