{"englishProficiency": "Small letter", "sequenceList": [{"que_text": "म", "noOfMistakes": "0", "que_id": "HI_S1_L_0", "isCorrect": true, "recordingName": "HI_S1_L_0.mp3"}, {"que_text": "र", "noOfMistakes": "0", "que_id": "HI_S1_L_1", "isCorrect": true, "recordingName": "HI_S1_L_1.mp3"}, {"que_text": "थ", "noOfMistakes": "0", "que_id": "HI_S1_L_2", "isCorrect": true, "recordingName": "HI_S1_L_2.mp3"}, {"que_text": "ह", "noOfMistakes": "0", "que_id": "HI_S1_L_3", "isCorrect": true, "recordingName": "HI_S1_L_3.mp3"}, {"que_text": "श", "noOfMistakes": "0", "que_id": "HI_S1_L_4", "isCorrect": true, "recordingName": "HI_S1_L_4.mp3"}, {"que_text": "A", "noOfMistakes": "0", "que_id": "HI_S1_CL_0", "isCorrect": true, "recordingName": "HI_S1_CL_0.mp3"}, {"que_text": "J", "noOfMistakes": "0", "que_id": "HI_S1_CL_1", "isCorrect": true, "recordingName": "HI_S1_CL_1.mp3"}, {"que_text": "R", "noOfMistakes": "0", "que_id": "HI_S1_CL_3", "isCorrect": true, "recordingName": "HI_S1_CL_3.mp3"}, {"que_text": "E", "noOfMistakes": "0", "que_id": "HI_S1_CL_4", "isCorrect": true, "recordingName": "HI_S1_CL_4.mp3"}, {"que_text": "N", "noOfMistakes": "0", "que_id": "HI_S1_CL_6", "isCorrect": true, "recordingName": "HI_S1_CL_6.mp3"}, {"que_text": "h", "noOfMistakes": "0", "que_id": "HI_S1_SL_0", "isCorrect": true, "recordingName": "HI_S1_SL_0.mp3"}, {"que_text": "p", "noOfMistakes": "0", "que_id": "HI_S1_SL_1", "isCorrect": true, "recordingName": "HI_S1_SL_1.mp3"}, {"que_text": "x", "noOfMistakes": "0", "que_id": "HI_S1_SL_2", "isCorrect": true, "recordingName": "HI_S1_SL_2.mp3"}, {"que_text": "u", "noOfMistakes": "0", "que_id": "HI_S1_SL_3", "isCorrect": true, "recordingName": "HI_S1_SL_3.mp3"}, {"que_text": "m", "noOfMistakes": "0", "que_id": "HI_S1_SL_4", "isCorrect": true, "recordingName": "HI_S1_SL_4.mp3"}], "deviceID": "7da2b5a2d7a60f13", "ageGroup": "5-7 years", "studClass": "2", "nativeProficiency": "Letter", "date": "Tue Sep 17 13:08:37 IST 2019"}