{"englishProficiency": "Beginner", "sequenceList": [{"que_text": "क", "noOfMistakes": "0", "que_id": "MR_S3_L_0", "isCorrect": true, "recordingName": "MR_S3_L_0.mp3"}, {"que_text": "स", "noOfMistakes": "0", "que_id": "MR_S3_L_1", "isCorrect": true, "recordingName": "MR_S3_L_1.mp3"}, {"que_text": "ग", "noOfMistakes": "0", "que_id": "MR_S3_L_2", "isCorrect": true, "recordingName": "MR_S3_L_2.mp3"}, {"que_text": "ल", "noOfMistakes": "0", "que_id": "MR_S3_L_3", "isCorrect": true, "recordingName": "MR_S3_L_3.mp3"}, {"que_text": "न", "noOfMistakes": "0", "que_id": "MR_S3_L_4", "isCorrect": true, "recordingName": "MR_S3_L_4.mp3"}, {"que_text": "लाल", "noOfMistakes": "3", "que_id": "MR_S3_WD_1", "isCorrect": false, "recordingName": "MR_S3_WD_1.mp3"}, {"que_text": "पूर", "noOfMistakes": "3", "que_id": "MR_S3_WD_2", "isCorrect": false, "recordingName": "MR_S3_WD_2.mp3"}, {"que_text": "दिवस", "noOfMistakes": "3", "que_id": "MR_S3_WD_5", "isCorrect": true, "recordingName": "MR_S3_WD_5.mp3"}, {"que_text": "मुळा", "noOfMistakes": "3", "que_id": "MR_S3_WD_4", "isCorrect": false, "recordingName": "MR_S3_WD_4.mp3"}, {"que_text": "गारा", "noOfMistakes": "3", "que_id": "MR_S3_WD_6", "isCorrect": true, "recordingName": "MR_S3_WD_6.mp3"}], "deviceID": "2006312ab434318f", "ageGroup": "7-10 years", "studClass": "2", "date": "Sun Sep 08 16:09:58 IST 2019", "nativeProficiency": "Paragraph"}