{"sequenceList": [{"recordingName": "MR_S4_P_0.mp3", "isCorrect": false, "que_text": "गीता बागेत आली. तिकडे तिला मंजू भेटली. दोघींनी जोरात झोका घेतला. आज खूपच मजा आली.", "noOfMistakes": "3", "que_id": "MR_S4_P_0"}, {"recordingName": "MR_S4_WD_1.mp3", "isCorrect": true, "que_text": "फेटा", "noOfMistakes": "1", "que_id": "MR_S4_WD_1"}, {"recordingName": "MR_S4_WD_4.mp3", "isCorrect": true, "que_text": "विमान", "noOfMistakes": "1", "que_id": "MR_S4_WD_4"}, {"recordingName": "MR_S4_WD_5.mp3", "isCorrect": true, "que_text": "लाल", "noOfMistakes": "1", "que_id": "MR_S4_WD_5"}, {"recordingName": "MR_S4_WD_2.mp3", "isCorrect": true, "que_text": "झाडू", "noOfMistakes": "1", "que_id": "MR_S4_WD_2"}, {"recordingName": "MR_S4_WD_0.mp3", "isCorrect": false, "que_text": "सैल", "noOfMistakes": "1", "que_id": "MR_S4_WD_0"}, {"answer": "-", "isCorrect": false, "que_text": "96 - 48", "noOfMistakes": "1", "que_id": "MR_S4_SB_4"}, {"recordingName": "MR_S4_DD_1.mp3", "isCorrect": true, "que_text": "24", "noOfMistakes": "3", "que_id": "MR_S4_DD_1"}, {"recordingName": "MR_S4_DD_4.mp3", "isCorrect": false, "que_text": "23", "noOfMistakes": "3", "que_id": "MR_S4_DD_4"}, {"recordingName": "MR_S4_DD_2.mp3", "isCorrect": false, "que_text": "92", "noOfMistakes": "3", "que_id": "MR_S4_DD_2"}, {"recordingName": "MR_S4_DD_5.mp3", "isCorrect": false, "que_text": "79", "noOfMistakes": "3", "que_id": "MR_S4_DD_5"}, {"recordingName": "MR_S4_SD_0.mp3", "isCorrect": true, "que_text": "5", "noOfMistakes": "0", "que_id": "MR_S4_SD_0"}, {"recordingName": "MR_S4_SD_2.mp3", "isCorrect": true, "que_text": "8", "noOfMistakes": "0", "que_id": "MR_S4_SD_2"}, {"recordingName": "MR_S4_SD_1.mp3", "isCorrect": true, "que_text": "7", "noOfMistakes": "0", "que_id": "MR_S4_SD_1"}, {"recordingName": "MR_S4_SD_4.mp3", "isCorrect": true, "que_text": "2", "noOfMistakes": "0", "que_id": "MR_S4_SD_4"}, {"recordingName": "MR_S4_SD_5.mp3", "isCorrect": true, "que_text": "9", "noOfMistakes": "0", "que_id": "MR_S4_SD_5"}, {"recordingName": "MR_S4_CL_1.mp3", "isCorrect": true, "que_text": "L", "noOfMistakes": "0", "que_id": "MR_S4_CL_1"}, {"recordingName": "MR_S4_CL_4.mp3", "isCorrect": true, "que_text": "G", "noOfMistakes": "0", "que_id": "MR_S4_CL_4"}, {"recordingName": "MR_S4_CL_5.mp3", "isCorrect": true, "que_text": "X", "noOfMistakes": "0", "que_id": "MR_S4_CL_5"}, {"recordingName": "MR_S4_CL_2.mp3", "isCorrect": true, "que_text": "T", "noOfMistakes": "0", "que_id": "MR_S4_CL_2"}, {"recordingName": "MR_S4_CL_6.mp3", "isCorrect": true, "que_text": "P", "noOfMistakes": "0", "que_id": "MR_S4_CL_6"}, {"recordingName": "MR_S4_SL_1.mp3", "isCorrect": true, "que_text": "f", "noOfMistakes": "0", "que_id": "MR_S4_SL_1"}, {"recordingName": "MR_S4_SL_3.mp3", "isCorrect": true, "que_text": "s", "noOfMistakes": "0", "que_id": "MR_S4_SL_3"}, {"recordingName": "MR_S4_SL_4.mp3", "isCorrect": true, "que_text": "v", "noOfMistakes": "0", "que_id": "MR_S4_SL_4"}, {"recordingName": "MR_S4_SL_5.mp3", "isCorrect": true, "que_text": "m", "noOfMistakes": "0", "que_id": "MR_S4_SL_5"}, {"recordingName": "MR_S4_SL_6.mp3", "isCorrect": true, "que_text": "a", "noOfMistakes": "0", "que_id": "MR_S4_SL_6"}, {"recordingName": "MR_S4_W_1.mp3", "isCorrect": false, "que_text": "fat", "noOfMistakes": "3", "que_id": "MR_S4_W_1"}, {"recordingName": "MR_S4_W_4.mp3", "isCorrect": false, "que_text": "out", "noOfMistakes": "3", "que_id": "MR_S4_W_4"}, {"recordingName": "MR_S4_W_5.mp3", "isCorrect": false, "que_text": "box", "noOfMistakes": "3", "que_id": "MR_S4_W_5"}], "englishProficiency": "Small letter", "studClass": "8", "date": "Wed Jul 17 17:03:13 GMT+05:30 2019", "mathematicsProficiency": "Single digit", "deviceID": "3ebaa9d14abd9a0f", "ageGroup": "12-15 years", "nativeProficiency": "Word"}