{"englishProficiency": "Sentence", "sequenceList": [{"que_text": "dog", "noOfMistakes": "2", "que_id": "HI_S4_W_0", "isCorrect": true, "recordingName": "HI_S4_W_0.mp3"}, {"que_text": "fat", "noOfMistakes": "2", "que_id": "HI_S4_W_1", "isCorrect": false, "recordingName": "HI_S4_W_1.mp3"}, {"que_text": "cup", "noOfMistakes": "2", "que_id": "HI_S4_W_2", "isCorrect": false, "recordingName": "HI_S4_W_2.mp3"}, {"que_text": "boy", "noOfMistakes": "2", "que_id": "HI_S4_W_3", "isCorrect": true, "recordingName": "HI_S4_W_3.mp3"}, {"que_text": "man", "noOfMistakes": "2", "que_id": "HI_S4_W_4", "isCorrect": true, "recordingName": "HI_S4_W_4.mp3"}, {"que_text": "What is the time?", "noOfMistakes": "0", "que_id": "HI_S4_S_0", "isCorrect": true, "recordingName": "HI_S4_S_0.mp3"}, {"que_text": "This is a blue shirt.", "noOfMistakes": "0", "que_id": "HI_S4_S_1", "isCorrect": true, "recordingName": "HI_S4_S_1.mp3"}, {"que_text": "I like to sleep.", "noOfMistakes": "1", "que_id": "HI_S4_S_2", "isCorrect": true, "recordingName": "HI_S4_S_2.mp3"}, {"que_text": "I have a big house.", "noOfMistakes": "2", "que_id": "HI_S4_S_3", "isCorrect": true, "recordingName": "HI_S4_S_3.mp3"}], "deviceID": "17b1282ff4cdac0a", "ageGroup": "10-12 years", "studClass": "6", "date": "Fri Sep 06 16:10:36 IST 2019", "nativeProficiency": "Test was not complete"}