{"sequenceList": [{"recordingName": "HI_S3_P_0.mp3", "isCorrect": true, "que_text": "नीतू के घर में गाय है। उसका रंग सफ़ेद है। गाय हरी घास खाती है। वह बहुत दूध देती है।", "noOfMistakes": "200", "que_id": "HI_S3_P_0"}, {"recordingName": "HI_S3_WD_7.mp3", "isCorrect": false, "que_text": "पीला", "noOfMistakes": "5", "que_id": "HI_S3_WD_7"}, {"recordingName": "HI_S3_WD_1.mp3", "isCorrect": false, "que_text": "तोता", "noOfMistakes": "5", "que_id": "HI_S3_WD_1"}, {"recordingName": "HI_S3_WD_2.mp3", "isCorrect": false, "que_text": "चूहा", "noOfMistakes": "5", "que_id": "HI_S3_WD_2"}, {"recordingName": "HI_S3_WD_8.mp3", "isCorrect": false, "que_text": "माला", "noOfMistakes": "5", "que_id": "HI_S3_WD_8"}, {"recordingName": "HI_S3_WD_0.mp3", "isCorrect": false, "que_text": "नाक", "noOfMistakes": "5", "que_id": "HI_S3_WD_0"}, {"recordingName": "HI_S3_L_1.mp3", "isCorrect": true, "que_text": "क", "noOfMistakes": "0", "que_id": "HI_S3_L_1"}, {"recordingName": "HI_S3_L_7.mp3", "isCorrect": true, "que_text": "त", "noOfMistakes": "0", "que_id": "HI_S3_L_7"}, {"recordingName": "HI_S3_L_6.mp3", "isCorrect": true, "que_text": "ह", "noOfMistakes": "0", "que_id": "HI_S3_L_6"}, {"recordingName": "HI_S3_L_3.mp3", "isCorrect": true, "que_text": "ब", "noOfMistakes": "0", "que_id": "HI_S3_L_3"}, {"recordingName": "HI_S3_L_8.mp3", "isCorrect": true, "que_text": "म", "noOfMistakes": "0", "que_id": "HI_S3_L_8"}, {"answer": "713", "isCorrect": false, "que_text": "93 - 76", "noOfMistakes": "2", "que_id": "HI_S3_SB_4"}, {"answer": "45", "isCorrect": false, "que_text": "75 - 57", "noOfMistakes": "2", "que_id": "HI_S3_SB_5"}, {"recordingName": "HI_S3_DD_4.mp3", "isCorrect": true, "que_text": "55", "noOfMistakes": "2", "que_id": "HI_S3_DD_4"}, {"recordingName": "HI_S3_DD_6.mp3", "isCorrect": false, "que_text": "91", "noOfMistakes": "2", "que_id": "HI_S3_DD_6"}, {"recordingName": "HI_S3_DD_7.mp3", "isCorrect": true, "que_text": "65", "noOfMistakes": "2", "que_id": "HI_S3_DD_7"}, {"recordingName": "HI_S3_DD_8.mp3", "isCorrect": false, "que_text": "36", "noOfMistakes": "2", "que_id": "HI_S3_DD_8"}, {"recordingName": "HI_S3_DD_5.mp3", "isCorrect": true, "que_text": "28", "noOfMistakes": "2", "que_id": "HI_S3_DD_5"}, {"recordingName": "HI_S3_CL_3.mp3", "isCorrect": true, "que_text": "Q", "noOfMistakes": "1", "que_id": "HI_S3_CL_3"}, {"recordingName": "HI_S3_CL_6.mp3", "isCorrect": true, "que_text": "O", "noOfMistakes": "1", "que_id": "HI_S3_CL_6"}, {"recordingName": "HI_S3_CL_7.mp3", "isCorrect": true, "que_text": "Z", "noOfMistakes": "1", "que_id": "HI_S3_CL_7"}, {"recordingName": "HI_S3_CL_2.mp3", "isCorrect": true, "que_text": "S", "noOfMistakes": "1", "que_id": "HI_S3_CL_2"}, {"recordingName": "HI_S3_CL_1.mp3", "isCorrect": false, "que_text": "K", "noOfMistakes": "1", "que_id": "HI_S3_CL_1"}, {"recordingName": "HI_S3_SL_4.mp3", "isCorrect": false, "que_text": "e", "noOfMistakes": "5", "que_id": "HI_S3_SL_4"}, {"recordingName": "HI_S3_SL_7.mp3", "isCorrect": false, "que_text": "b", "noOfMistakes": "5", "que_id": "HI_S3_SL_7"}, {"recordingName": "HI_S3_SL_6.mp3", "isCorrect": false, "que_text": "r", "noOfMistakes": "5", "que_id": "HI_S3_SL_6"}, {"recordingName": "HI_S3_SL_5.mp3", "isCorrect": false, "que_text": "j", "noOfMistakes": "5", "que_id": "HI_S3_SL_5"}, {"recordingName": "HI_S3_SL_0.mp3", "isCorrect": false, "que_text": "n", "noOfMistakes": "5", "que_id": "HI_S3_SL_0"}], "englishProficiency": "Capital letter", "studClass": "6", "date": "Mon Sep 23 14:54:12 IST 2019", "mathematicsProficiency": "Single digit", "deviceID": "c7fa8aadf993e5b6", "ageGroup": "10-12 years", "nativeProficiency": "Letter"}