{"sequenceList": [{"recordingName": "MR_S3_P_0.mp3", "isCorrect": false, "que_text": "फुगेवाला आला. लाल, निळे, फुगे आणले. मुलांनी फुगे घेतले. हातातून ते सुटून गेले.", "noOfMistakes": "200", "que_id": "MR_S3_P_0"}, {"recordingName": "MR_S3_WD_1.mp3", "isCorrect": true, "que_text": "लाल", "noOfMistakes": "1", "que_id": "MR_S3_WD_1"}, {"recordingName": "MR_S3_WD_7.mp3", "isCorrect": true, "que_text": "जोर", "noOfMistakes": "1", "que_id": "MR_S3_WD_7"}, {"recordingName": "MR_S3_WD_5.mp3", "isCorrect": true, "que_text": "दिवस", "noOfMistakes": "1", "que_id": "MR_S3_WD_5"}, {"recordingName": "MR_S3_WD_4.mp3", "isCorrect": true, "que_text": "मुळा", "noOfMistakes": "1", "que_id": "MR_S3_WD_4"}, {"recordingName": "MR_S3_WD_3.mp3", "isCorrect": false, "que_text": "फेटा", "noOfMistakes": "1", "que_id": "MR_S3_WD_3"}, {"answer": "-", "isCorrect": false, "que_text": "64 - 39", "noOfMistakes": "1", "que_id": "MR_S3_SB_1"}, {"recordingName": "MR_S3_DD_1.mp3", "isCorrect": false, "que_text": "83", "noOfMistakes": "2", "que_id": "MR_S3_DD_1"}, {"recordingName": "MR_S3_DD_4.mp3", "isCorrect": false, "que_text": "55", "noOfMistakes": "2", "que_id": "MR_S3_DD_4"}, {"recordingName": "MR_S3_SD_0.mp3", "isCorrect": true, "que_text": "1", "noOfMistakes": "0", "que_id": "MR_S3_SD_0"}, {"recordingName": "MR_S3_SD_4.mp3", "isCorrect": true, "que_text": "6", "noOfMistakes": "0", "que_id": "MR_S3_SD_4"}, {"recordingName": "MR_S3_SD_3.mp3", "isCorrect": true, "que_text": "3", "noOfMistakes": "0", "que_id": "MR_S3_SD_3"}, {"recordingName": "MR_S3_SD_5.mp3", "isCorrect": true, "que_text": "9", "noOfMistakes": "0", "que_id": "MR_S3_SD_5"}, {"recordingName": "MR_S3_SD_7.mp3", "isCorrect": true, "que_text": "2", "noOfMistakes": "0", "que_id": "MR_S3_SD_7"}, {"recordingName": "MR_S3_CL_0.mp3", "isCorrect": true, "que_text": "C", "noOfMistakes": "1", "que_id": "MR_S3_CL_0"}, {"recordingName": "MR_S3_CL_4.mp3", "isCorrect": true, "que_text": "F", "noOfMistakes": "1", "que_id": "MR_S3_CL_4"}, {"recordingName": "MR_S3_CL_1.mp3", "isCorrect": true, "que_text": "K", "noOfMistakes": "1", "que_id": "MR_S3_CL_1"}, {"recordingName": "MR_S3_CL_5.mp3", "isCorrect": false, "que_text": "W", "noOfMistakes": "1", "que_id": "MR_S3_CL_5"}, {"recordingName": "MR_S3_CL_3.mp3", "isCorrect": true, "que_text": "Q", "noOfMistakes": "1", "que_id": "MR_S3_CL_3"}, {"recordingName": "MR_S3_SL_1.mp3", "isCorrect": true, "que_text": "p", "noOfMistakes": "0", "que_id": "MR_S3_SL_1"}, {"recordingName": "MR_S3_SL_4.mp3", "isCorrect": true, "que_text": "e", "noOfMistakes": "0", "que_id": "MR_S3_SL_4"}, {"recordingName": "MR_S3_SL_5.mp3", "isCorrect": true, "que_text": "j", "noOfMistakes": "0", "que_id": "MR_S3_SL_5"}, {"recordingName": "MR_S3_SL_3.mp3", "isCorrect": true, "que_text": "v", "noOfMistakes": "0", "que_id": "MR_S3_SL_3"}, {"recordingName": "MR_S3_SL_7.mp3", "isCorrect": true, "que_text": "b", "noOfMistakes": "0", "que_id": "MR_S3_SL_7"}, {"recordingName": "MR_S3_W_1.mp3", "isCorrect": false, "que_text": "old", "noOfMistakes": "1", "que_id": "MR_S3_W_1"}], "englishProficiency": "Small letter", "studClass": "5", "date": "Tue Jul 23 15:40:18 GMT+05:30 2019", "mathematicsProficiency": "Single digit", "deviceID": "3ebaa9d14abd9a0f", "ageGroup": "10-12 years", "nativeProficiency": "Word"}