{"date": "Thu Sep 05 14:54:42 IST 2019", "sequenceList": [{"answer": "16", "isCorrect": true, "que_text": "51 - 35", "noOfMistakes": "0", "que_id": "HI_S1_SB_0"}, {"answer": "19", "isCorrect": true, "que_text": "67 - 48", "noOfMistakes": "0", "que_id": "HI_S1_SB_1"}, {"noOfMistakes": "0", "que_id": "HI_S1_D_0", "answer": "131", "remainder": "8", "isCorrect": true, "que_text": "918 / 7"}], "nativeProficiency": "Test was not complete", "studClass": "8", "deviceID": "17b1282ff4cdac0a", "ageGroup": "12-15 years", "mathematicsProficiency": "Test was not complete"}