{"sequenceList": [{"recordingName": "MR_S2_L_0.mp3", "isCorrect": true, "que_text": "ड", "noOfMistakes": "0", "que_id": "MR_S2_L_0"}, {"recordingName": "MR_S2_L_1.mp3", "isCorrect": true, "que_text": "त", "noOfMistakes": "0", "que_id": "MR_S2_L_1"}, {"recordingName": "MR_S2_L_2.mp3", "isCorrect": true, "que_text": "म", "noOfMistakes": "0", "que_id": "MR_S2_L_2"}, {"recordingName": "MR_S2_L_4.mp3", "isCorrect": true, "que_text": "स", "noOfMistakes": "0", "que_id": "MR_S2_L_4"}, {"recordingName": "MR_S2_L_5.mp3", "isCorrect": true, "que_text": "क", "noOfMistakes": "0", "que_id": "MR_S2_L_5"}, {"recordingName": "MR_S2_SD_0.mp3", "isCorrect": true, "que_text": "2", "noOfMistakes": "0", "que_id": "MR_S2_SD_0"}, {"recordingName": "MR_S2_SD_1.mp3", "isCorrect": true, "que_text": "7", "noOfMistakes": "0", "que_id": "MR_S2_SD_1"}, {"recordingName": "MR_S2_SD_2.mp3", "isCorrect": true, "que_text": "3", "noOfMistakes": "0", "que_id": "MR_S2_SD_2"}, {"recordingName": "MR_S2_SD_3.mp3", "isCorrect": true, "que_text": "5", "noOfMistakes": "0", "que_id": "MR_S2_SD_3"}, {"recordingName": "MR_S2_SD_4.mp3", "isCorrect": true, "que_text": "9", "noOfMistakes": "0", "que_id": "MR_S2_SD_4"}, {"recordingName": "MR_S2_CL_0.mp3", "isCorrect": true, "que_text": "B", "noOfMistakes": "0", "que_id": "MR_S2_CL_0"}, {"recordingName": "MR_S2_CL_1.mp3", "isCorrect": true, "que_text": "H", "noOfMistakes": "0", "que_id": "MR_S2_CL_1"}, {"recordingName": "MR_S2_CL_2.mp3", "isCorrect": true, "que_text": "R", "noOfMistakes": "0", "que_id": "MR_S2_CL_2"}, {"recordingName": "MR_S2_CL_3.mp3", "isCorrect": true, "que_text": "L", "noOfMistakes": "0", "que_id": "MR_S2_CL_3"}, {"recordingName": "MR_S2_CL_5.mp3", "isCorrect": true, "que_text": "M", "noOfMistakes": "0", "que_id": "MR_S2_CL_5"}, {"recordingName": "MR_S2_SL_0.mp3", "isCorrect": true, "que_text": "z", "noOfMistakes": "0", "que_id": "MR_S2_SL_0"}, {"recordingName": "MR_S2_SL_1.mp3", "isCorrect": true, "que_text": "j", "noOfMistakes": "0", "que_id": "MR_S2_SL_1"}, {"recordingName": "MR_S2_SL_2.mp3", "isCorrect": true, "que_text": "o", "noOfMistakes": "0", "que_id": "MR_S2_SL_2"}, {"recordingName": "MR_S2_SL_3.mp3", "isCorrect": true, "que_text": "w", "noOfMistakes": "0", "que_id": "MR_S2_SL_3"}, {"recordingName": "MR_S2_SL_5.mp3", "isCorrect": true, "que_text": "u", "noOfMistakes": "0", "que_id": "MR_S2_SL_5"}], "englishProficiency": "Small letter", "studClass": "1", "date": "Sat Sep 14 16:30:34 GMT+05:30 2019", "mathematicsProficiency": "Single digit", "deviceID": "1ed21de3dcb4d468", "ageGroup": "less than 5 years", "nativeProficiency": "Letter"}