{"englishProficiency": "Small letter", "sequenceList": [{"que_text": "ड", "noOfMistakes": "0", "que_id": "MR_S2_L_0", "isCorrect": true, "recordingName": "MR_S2_L_0.mp3"}, {"que_text": "त", "noOfMistakes": "0", "que_id": "MR_S2_L_1", "isCorrect": true, "recordingName": "MR_S2_L_1.mp3"}, {"que_text": "म", "noOfMistakes": "0", "que_id": "MR_S2_L_2", "isCorrect": true, "recordingName": "MR_S2_L_2.mp3"}, {"que_text": "स", "noOfMistakes": "0", "que_id": "MR_S2_L_4", "isCorrect": true, "recordingName": "MR_S2_L_4.mp3"}, {"que_text": "क", "noOfMistakes": "0", "que_id": "MR_S2_L_5", "isCorrect": true, "recordingName": "MR_S2_L_5.mp3"}, {"que_text": "B", "noOfMistakes": "0", "que_id": "MR_S2_CL_0", "isCorrect": true, "recordingName": "MR_S2_CL_0.mp3"}, {"que_text": "H", "noOfMistakes": "0", "que_id": "MR_S2_CL_1", "isCorrect": true, "recordingName": "MR_S2_CL_1.mp3"}, {"que_text": "R", "noOfMistakes": "0", "que_id": "MR_S2_CL_2", "isCorrect": true, "recordingName": "MR_S2_CL_2.mp3"}, {"que_text": "L", "noOfMistakes": "0", "que_id": "MR_S2_CL_3", "isCorrect": true, "recordingName": "MR_S2_CL_3.mp3"}, {"que_text": "M", "noOfMistakes": "0", "que_id": "MR_S2_CL_5", "isCorrect": true, "recordingName": "MR_S2_CL_5.mp3"}, {"que_text": "z", "noOfMistakes": "0", "que_id": "MR_S2_SL_0", "isCorrect": true, "recordingName": "MR_S2_SL_0.mp3"}, {"que_text": "j", "noOfMistakes": "0", "que_id": "MR_S2_SL_1", "isCorrect": true, "recordingName": "MR_S2_SL_1.mp3"}, {"que_text": "o", "noOfMistakes": "0", "que_id": "MR_S2_SL_2", "isCorrect": true, "recordingName": "MR_S2_SL_2.mp3"}, {"que_text": "w", "noOfMistakes": "0", "que_id": "MR_S2_SL_3", "isCorrect": true, "recordingName": "MR_S2_SL_3.mp3"}, {"que_text": "u", "noOfMistakes": "0", "que_id": "MR_S2_SL_5", "isCorrect": true, "recordingName": "MR_S2_SL_5.mp3"}], "deviceID": "1ed21de3dcb4d468", "ageGroup": "less than 5 years", "studClass": "1", "nativeProficiency": "Letter", "date": "Sat Sep 14 16:30:34 GMT+05:30 2019"}