{"sequenceList": [{"recordingName": "HI_S3_WD_0.mp3", "isCorrect": false, "que_text": "नाक", "noOfMistakes": "1", "que_id": "HI_S3_WD_0"}, {"recordingName": "HI_S3_L_2.mp3", "isCorrect": true, "que_text": "च", "noOfMistakes": "2", "que_id": "HI_S3_L_2"}, {"recordingName": "HI_S3_L_3.mp3", "isCorrect": true, "que_text": "ब", "noOfMistakes": "2", "que_id": "HI_S3_L_3"}, {"recordingName": "HI_S3_L_8.mp3", "isCorrect": true, "que_text": "म", "noOfMistakes": "2", "que_id": "HI_S3_L_8"}, {"recordingName": "HI_S3_L_6.mp3", "isCorrect": false, "que_text": "ह", "noOfMistakes": "2", "que_id": "HI_S3_L_6"}, {"recordingName": "HI_S3_L_7.mp3", "isCorrect": false, "que_text": "त", "noOfMistakes": "2", "que_id": "HI_S3_L_7"}, {"recordingName": "HI_S3_DD_7.mp3", "isCorrect": false, "que_text": "65", "noOfMistakes": "1", "que_id": "HI_S3_DD_7"}, {"recordingName": "HI_S3_SD_2.mp3", "isCorrect": true, "que_text": "7", "noOfMistakes": "0", "que_id": "HI_S3_SD_2"}, {"recordingName": "HI_S3_SD_5.mp3", "isCorrect": true, "que_text": "9", "noOfMistakes": "0", "que_id": "HI_S3_SD_5"}, {"recordingName": "HI_S3_SD_4.mp3", "isCorrect": true, "que_text": "6", "noOfMistakes": "0", "que_id": "HI_S3_SD_4"}, {"recordingName": "HI_S3_SD_6.mp3", "isCorrect": true, "que_text": "5", "noOfMistakes": "0", "que_id": "HI_S3_SD_6"}, {"recordingName": "HI_S3_SD_1.mp3", "isCorrect": true, "que_text": "4", "noOfMistakes": "0", "que_id": "HI_S3_SD_1"}, {"recordingName": "HI_S3_CL_0.mp3", "isCorrect": true, "que_text": "C", "noOfMistakes": "1", "que_id": "HI_S3_CL_0"}, {"recordingName": "HI_S3_CL_7.mp3", "isCorrect": true, "que_text": "Z", "noOfMistakes": "1", "que_id": "HI_S3_CL_7"}, {"recordingName": "HI_S3_CL_5.mp3", "isCorrect": true, "que_text": "W", "noOfMistakes": "1", "que_id": "HI_S3_CL_5"}, {"recordingName": "HI_S3_CL_3.mp3", "isCorrect": false, "que_text": "Q", "noOfMistakes": "1", "que_id": "HI_S3_CL_3"}, {"recordingName": "HI_S3_CL_1.mp3", "isCorrect": true, "que_text": "K", "noOfMistakes": "1", "que_id": "HI_S3_CL_1"}, {"recordingName": "HI_S3_SL_2.mp3", "isCorrect": false, "que_text": "g", "noOfMistakes": "2", "que_id": "HI_S3_SL_2"}, {"recordingName": "HI_S3_SL_1.mp3", "isCorrect": false, "que_text": "p", "noOfMistakes": "2", "que_id": "HI_S3_SL_1"}], "englishProficiency": "Capital letter", "studClass": "3", "date": "Fri Jul 12 15:53:36 GMT+05:30 2019", "mathematicsProficiency": "Single digit", "deviceID": "ebaa26065aba20e5", "ageGroup": "10-12 years", "nativeProficiency": "Letter"}