{"englishProficiency": "Beginner", "sequenceList": [{"que_text": "एकदा मी पडले. सगळे मला हसले. एकदा सोनल पडली. मी तिला हसले.", "noOfMistakes": "200", "que_id": "MR_S2_P_0", "isCorrect": false, "recordingName": "MR_S2_P_0.mp3"}, {"que_text": "रवी", "noOfMistakes": "3", "que_id": "MR_S2_WD_4", "isCorrect": false, "recordingName": "MR_S2_WD_4.mp3"}, {"que_text": "भाजी", "noOfMistakes": "3", "que_id": "MR_S2_WD_5", "isCorrect": false, "recordingName": "MR_S2_WD_5.mp3"}, {"que_text": "कळी", "noOfMistakes": "3", "que_id": "MR_S2_WD_8", "isCorrect": false, "recordingName": "MR_S2_WD_8.mp3"}, {"que_text": "त", "noOfMistakes": "3", "que_id": "MR_S2_L_1", "isCorrect": false, "recordingName": "MR_S2_L_1.mp3"}, {"que_text": "क", "noOfMistakes": "3", "que_id": "MR_S2_L_5", "isCorrect": false, "recordingName": "MR_S2_L_5.mp3"}, {"que_text": "ल", "noOfMistakes": "3", "que_id": "MR_S2_L_8", "isCorrect": false, "recordingName": "MR_S2_L_8.mp3"}, {"que_text": "B", "noOfMistakes": "2", "que_id": "MR_S2_CL_0", "isCorrect": false, "recordingName": "MR_S2_CL_0.mp3"}, {"que_text": "M", "noOfMistakes": "2", "que_id": "MR_S2_CL_5", "isCorrect": false, "recordingName": "MR_S2_CL_5.mp3"}], "deviceID": "2a595d8d0d2c5a1b", "ageGroup": "5-7 years", "studClass": "1", "date": "Sun Sep 08 12:14:22 IST 2019", "nativeProficiency": "Beginner"}