{"englishProficiency": "Small letter", "sequenceList": [{"que_text": "नाक", "noOfMistakes": "0", "que_id": "HI_S3_WD_0", "isCorrect": true, "recordingName": "HI_S3_WD_0.mp3"}, {"que_text": "तोता", "noOfMistakes": "0", "que_id": "HI_S3_WD_1", "isCorrect": true, "recordingName": "HI_S3_WD_1.mp3"}, {"que_text": "चूहा", "noOfMistakes": "0", "que_id": "HI_S3_WD_2", "isCorrect": true, "recordingName": "HI_S3_WD_2.mp3"}, {"que_text": "मैना", "noOfMistakes": "0", "que_id": "HI_S3_WD_4", "isCorrect": true, "recordingName": "HI_S3_WD_4.mp3"}, {"que_text": "रोटी", "noOfMistakes": "0", "que_id": "HI_S3_WD_6", "isCorrect": true, "recordingName": "HI_S3_WD_6.mp3"}, {"que_text": "C", "noOfMistakes": "0", "que_id": "HI_S3_CL_0", "isCorrect": true, "recordingName": "HI_S3_CL_0.mp3"}, {"que_text": "K", "noOfMistakes": "0", "que_id": "HI_S3_CL_1", "isCorrect": true, "recordingName": "HI_S3_CL_1.mp3"}, {"que_text": "S", "noOfMistakes": "0", "que_id": "HI_S3_CL_2", "isCorrect": true, "recordingName": "HI_S3_CL_2.mp3"}, {"que_text": "Q", "noOfMistakes": "0", "que_id": "HI_S3_CL_3", "isCorrect": true, "recordingName": "HI_S3_CL_3.mp3"}, {"que_text": "F", "noOfMistakes": "0", "que_id": "HI_S3_CL_4", "isCorrect": true, "recordingName": "HI_S3_CL_4.mp3"}, {"que_text": "n", "noOfMistakes": "0", "que_id": "HI_S3_SL_0", "isCorrect": true, "recordingName": "HI_S3_SL_0.mp3"}, {"que_text": "p", "noOfMistakes": "0", "que_id": "HI_S3_SL_1", "isCorrect": true, "recordingName": "HI_S3_SL_1.mp3"}, {"que_text": "g", "noOfMistakes": "0", "que_id": "HI_S3_SL_2", "isCorrect": true, "recordingName": "HI_S3_SL_2.mp3"}, {"que_text": "v", "noOfMistakes": "0", "que_id": "HI_S3_SL_3", "isCorrect": true, "recordingName": "HI_S3_SL_3.mp3"}], "deviceID": "3b17b1027ef2b989", "ageGroup": "7-10 years", "studClass": "3", "nativeProficiency": "Word", "date": "Fri Sep 20 17:16:08 GMT+05:30 2019"}