{"sequenceList": [{"recordingName": "HI_S2_P_0.mp3", "isCorrect": false, "que_text": "सोनी के पास एक माला है। उसमें बहुत सारे मोती हैं। मोती पीले रंग के हैं। सोनी उसे पहनती है।", "noOfMistakes": "200", "que_id": "HI_S2_P_0"}, {"recordingName": "HI_S2_L_1.mp3", "isCorrect": true, "que_text": "क", "noOfMistakes": "4", "que_id": "HI_S2_L_1"}, {"recordingName": "HI_S2_L_2.mp3", "isCorrect": false, "que_text": "च", "noOfMistakes": "4", "que_id": "HI_S2_L_2"}, {"recordingName": "HI_S2_L_5.mp3", "isCorrect": false, "que_text": "थ", "noOfMistakes": "4", "que_id": "HI_S2_L_5"}, {"recordingName": "HI_S2_L_4.mp3", "isCorrect": false, "que_text": "ल", "noOfMistakes": "4", "que_id": "HI_S2_L_4"}, {"recordingName": "HI_S2_L_7.mp3", "isCorrect": false, "que_text": "त", "noOfMistakes": "4", "que_id": "HI_S2_L_7"}, {"recordingName": "HI_S2_SD_0.mp3", "isCorrect": false, "que_text": "2", "noOfMistakes": "5", "que_id": "HI_S2_SD_0"}, {"recordingName": "HI_S2_SD_7.mp3", "isCorrect": false, "que_text": "1", "noOfMistakes": "5", "que_id": "HI_S2_SD_7"}, {"recordingName": "HI_S2_SD_2.mp3", "isCorrect": false, "que_text": "3", "noOfMistakes": "5", "que_id": "HI_S2_SD_2"}, {"recordingName": "HI_S2_SD_1.mp3", "isCorrect": false, "que_text": "7", "noOfMistakes": "5", "que_id": "HI_S2_SD_1"}, {"recordingName": "HI_S2_SD_4.mp3", "isCorrect": false, "que_text": "9", "noOfMistakes": "5", "que_id": "HI_S2_SD_4"}, {"recordingName": "HI_S2_CL_2.mp3", "isCorrect": false, "que_text": "R", "noOfMistakes": "5", "que_id": "HI_S2_CL_2"}, {"recordingName": "HI_S2_CL_0.mp3", "isCorrect": false, "que_text": "B", "noOfMistakes": "5", "que_id": "HI_S2_CL_0"}, {"recordingName": "HI_S2_CL_4.mp3", "isCorrect": false, "que_text": "V", "noOfMistakes": "5", "que_id": "HI_S2_CL_4"}, {"recordingName": "HI_S2_CL_1.mp3", "isCorrect": false, "que_text": "H", "noOfMistakes": "5", "que_id": "HI_S2_CL_1"}, {"recordingName": "HI_S2_CL_5.mp3", "isCorrect": false, "que_text": "M", "noOfMistakes": "5", "que_id": "HI_S2_CL_5"}], "englishProficiency": "Beginner", "studClass": "2", "date": "Sun Jul 07 14:28:35 IST 2019", "mathematicsProficiency": "Beginner", "deviceID": "c66208a6b7100eb2", "ageGroup": "7-10 years", "nativeProficiency": "Beginner"}