{"englishProficiency": "word", "sequenceList": [{"que_text": "काले बादल छाए हैं। तेज़ बारिश हो रही है। मोर भी नाच रहा है। सब नाच देख रहे हैं।", "noOfMistakes": "200", "que_id": "HI_S3_P_1", "isCorrect": false, "recordingName": "HI_S3_P_1.mp3"}, {"que_text": "माला", "noOfMistakes": "0", "que_id": "HI_S3_WD_8", "isCorrect": true, "recordingName": "HI_S3_WD_8.mp3"}, {"que_text": "नाक", "noOfMistakes": "0", "que_id": "HI_S3_WD_0", "isCorrect": true, "recordingName": "HI_S3_WD_0.mp3"}, {"que_text": "तोता", "noOfMistakes": "0", "que_id": "HI_S3_WD_1", "isCorrect": true, "recordingName": "HI_S3_WD_1.mp3"}, {"que_text": "पीला", "noOfMistakes": "0", "que_id": "HI_S3_WD_7", "isCorrect": true, "recordingName": "HI_S3_WD_7.mp3"}, {"que_text": "दिन", "noOfMistakes": "0", "que_id": "HI_S3_WD_9", "isCorrect": true, "recordingName": "HI_S3_WD_9.mp3"}, {"que_text": "S", "noOfMistakes": "0", "que_id": "HI_S3_CL_2", "isCorrect": true, "recordingName": "HI_S3_CL_2.mp3"}, {"que_text": "F", "noOfMistakes": "0", "que_id": "HI_S3_CL_4", "isCorrect": true, "recordingName": "HI_S3_CL_4.mp3"}, {"que_text": "W", "noOfMistakes": "0", "que_id": "HI_S3_CL_5", "isCorrect": true, "recordingName": "HI_S3_CL_5.mp3"}, {"que_text": "Q", "noOfMistakes": "0", "que_id": "HI_S3_CL_3", "isCorrect": true, "recordingName": "HI_S3_CL_3.mp3"}, {"que_text": "Z", "noOfMistakes": "0", "que_id": "HI_S3_CL_7", "isCorrect": true, "recordingName": "HI_S3_CL_7.mp3"}, {"que_text": "e", "noOfMistakes": "1", "que_id": "HI_S3_SL_4", "isCorrect": true, "recordingName": "HI_S3_SL_4.mp3"}, {"que_text": "p", "noOfMistakes": "1", "que_id": "HI_S3_SL_1", "isCorrect": true, "recordingName": "HI_S3_SL_1.mp3"}, {"que_text": "j", "noOfMistakes": "1", "que_id": "HI_S3_SL_5", "isCorrect": false, "recordingName": "HI_S3_SL_5.mp3"}, {"que_text": "g", "noOfMistakes": "1", "que_id": "HI_S3_SL_2", "isCorrect": true, "recordingName": "HI_S3_SL_2.mp3"}, {"que_text": "v", "noOfMistakes": "1", "que_id": "HI_S3_SL_3", "isCorrect": true, "recordingName": "HI_S3_SL_3.mp3"}, {"que_text": "old", "noOfMistakes": "2", "que_id": "HI_S3_W_1", "isCorrect": false, "recordingName": "HI_S3_W_1.mp3"}, {"que_text": "run", "noOfMistakes": "2", "que_id": "HI_S3_W_3", "isCorrect": true, "recordingName": "HI_S3_W_3.mp3"}, {"que_text": "hen", "noOfMistakes": "2", "que_id": "HI_S3_W_0", "isCorrect": true, "recordingName": "HI_S3_W_0.mp3"}, {"que_text": "fox", "noOfMistakes": "2", "que_id": "HI_S3_W_4", "isCorrect": true, "recordingName": "HI_S3_W_4.mp3"}, {"que_text": "bag", "noOfMistakes": "2", "que_id": "HI_S3_W_5", "isCorrect": false, "recordingName": "HI_S3_W_5.mp3"}, {"que_text": "Where is your house?", "noOfMistakes": "200", "que_id": "HI_S3_S_0", "isCorrect": false, "recordingName": "HI_S3_S_0.mp3"}, {"que_text": "This is a big bus.", "noOfMistakes": "200", "que_id": "HI_S3_S_1", "isCorrect": false, "recordingName": "HI_S3_S_1.mp3"}, {"que_text": "I like to sing.", "noOfMistakes": "0", "que_id": "HI_S3_S_2", "isCorrect": false, "recordingName": "HI_S3_S_2.mp3"}, {"que_text": "I have a fat cat.", "noOfMistakes": "200", "que_id": "HI_S3_S_3", "isCorrect": false, "recordingName": "HI_S3_S_3.mp3"}], "deviceID": "c66208a6b7100eb2", "ageGroup": "7-10 years", "studClass": "5", "nativeProficiency": "Word", "date": "Tue Jul 02 16:36:50 IST 2019"}