{"englishProficiency": "Small letter", "sequenceList": [{"que_text": "बग़ीचे में पेड़ हैं। पेड़ पर एक तोता रहता है। तोते का रंग हरा है। वह लाल टमाटर खाता है।", "noOfMistakes": "200", "que_id": "HI_S4_P_0", "isCorrect": false, "recordingName": "HI_S4_P_0.mp3"}, {"que_text": "पानी", "noOfMistakes": "5", "que_id": "HI_S4_WD_4", "isCorrect": false, "recordingName": "HI_S4_WD_4.mp3"}, {"que_text": "गिर", "noOfMistakes": "5", "que_id": "HI_S4_WD_3", "isCorrect": false, "recordingName": "HI_S4_WD_3.mp3"}, {"que_text": "धुन", "noOfMistakes": "5", "que_id": "HI_S4_WD_6", "isCorrect": false, "recordingName": "HI_S4_WD_6.mp3"}, {"que_text": "देश", "noOfMistakes": "5", "que_id": "HI_S4_WD_7", "isCorrect": false, "recordingName": "HI_S4_WD_7.mp3"}, {"que_text": "आग", "noOfMistakes": "5", "que_id": "HI_S4_WD_0", "isCorrect": false, "recordingName": "HI_S4_WD_0.mp3"}, {"que_text": "र", "noOfMistakes": "0", "que_id": "HI_S4_L_1", "isCorrect": true, "recordingName": "HI_S4_L_1.mp3"}, {"que_text": "द", "noOfMistakes": "0", "que_id": "HI_S4_L_7", "isCorrect": true, "recordingName": "HI_S4_L_7.mp3"}, {"que_text": "प", "noOfMistakes": "0", "que_id": "HI_S4_L_5", "isCorrect": true, "recordingName": "HI_S4_L_5.mp3"}, {"que_text": "च", "noOfMistakes": "0", "que_id": "HI_S4_L_3", "isCorrect": true, "recordingName": "HI_S4_L_3.mp3"}, {"que_text": "स", "noOfMistakes": "0", "que_id": "HI_S4_L_4", "isCorrect": true, "recordingName": "HI_S4_L_4.mp3"}, {"que_text": "K", "noOfMistakes": "1", "que_id": "HI_S4_CL_3", "isCorrect": true, "recordingName": "HI_S4_CL_3.mp3"}, {"que_text": "G", "noOfMistakes": "1", "que_id": "HI_S4_CL_4", "isCorrect": false, "recordingName": "HI_S4_CL_4.mp3"}, {"que_text": "X", "noOfMistakes": "1", "que_id": "HI_S4_CL_5", "isCorrect": true, "recordingName": "HI_S4_CL_5.mp3"}, {"que_text": "N", "noOfMistakes": "1", "que_id": "HI_S4_CL_7", "isCorrect": true, "recordingName": "HI_S4_CL_7.mp3"}, {"que_text": "L", "noOfMistakes": "1", "que_id": "HI_S4_CL_1", "isCorrect": true, "recordingName": "HI_S4_CL_1.mp3"}, {"que_text": "i", "noOfMistakes": "1", "que_id": "HI_S4_SL_2", "isCorrect": true, "recordingName": "HI_S4_SL_2.mp3"}, {"que_text": "v", "noOfMistakes": "1", "que_id": "HI_S4_SL_4", "isCorrect": false, "recordingName": "HI_S4_SL_4.mp3"}, {"que_text": "h", "noOfMistakes": "1", "que_id": "HI_S4_SL_7", "isCorrect": true, "recordingName": "HI_S4_SL_7.mp3"}, {"que_text": "s", "noOfMistakes": "1", "que_id": "HI_S4_SL_3", "isCorrect": true, "recordingName": "HI_S4_SL_3.mp3"}, {"que_text": "m", "noOfMistakes": "1", "que_id": "HI_S4_SL_5", "isCorrect": true, "recordingName": "HI_S4_SL_5.mp3"}, {"que_text": "man", "noOfMistakes": "5", "que_id": "HI_S4_W_4", "isCorrect": false, "recordingName": "HI_S4_W_4.mp3"}, {"que_text": "boy", "noOfMistakes": "5", "que_id": "HI_S4_W_3", "isCorrect": false, "recordingName": "HI_S4_W_3.mp3"}, {"que_text": "dog", "noOfMistakes": "5", "que_id": "HI_S4_W_0", "isCorrect": false, "recordingName": "HI_S4_W_0.mp3"}, {"que_text": "box", "noOfMistakes": "5", "que_id": "HI_S4_W_5", "isCorrect": false, "recordingName": "HI_S4_W_5.mp3"}, {"que_text": "cup", "noOfMistakes": "5", "que_id": "HI_S4_W_2", "isCorrect": false, "recordingName": "HI_S4_W_2.mp3"}], "deviceID": "41b1ac846939d400", "ageGroup": "5-7 years", "studClass": "1", "nativeProficiency": "Letter", "date": "Tue Sep 17 16:52:24 GMT+05:30 2019"}