{"sequenceList": [{"recordingName": "HI_S4_P_0.mp3", "isCorrect": false, "que_text": "बग़ीचे में पेड़ हैं। पेड़ पर एक तोता रहता है। तोते का रंग हरा है। वह लाल टमाटर खाता है।", "noOfMistakes": "200", "que_id": "HI_S4_P_0"}, {"recordingName": "HI_S4_WD_4.mp3", "isCorrect": false, "que_text": "पानी", "noOfMistakes": "5", "que_id": "HI_S4_WD_4"}, {"recordingName": "HI_S4_WD_3.mp3", "isCorrect": false, "que_text": "गिर", "noOfMistakes": "5", "que_id": "HI_S4_WD_3"}, {"recordingName": "HI_S4_WD_6.mp3", "isCorrect": false, "que_text": "धुन", "noOfMistakes": "5", "que_id": "HI_S4_WD_6"}, {"recordingName": "HI_S4_WD_7.mp3", "isCorrect": false, "que_text": "देश", "noOfMistakes": "5", "que_id": "HI_S4_WD_7"}, {"recordingName": "HI_S4_WD_0.mp3", "isCorrect": false, "que_text": "आग", "noOfMistakes": "5", "que_id": "HI_S4_WD_0"}, {"recordingName": "HI_S4_L_1.mp3", "isCorrect": true, "que_text": "र", "noOfMistakes": "0", "que_id": "HI_S4_L_1"}, {"recordingName": "HI_S4_L_7.mp3", "isCorrect": true, "que_text": "द", "noOfMistakes": "0", "que_id": "HI_S4_L_7"}, {"recordingName": "HI_S4_L_5.mp3", "isCorrect": true, "que_text": "प", "noOfMistakes": "0", "que_id": "HI_S4_L_5"}, {"recordingName": "HI_S4_L_3.mp3", "isCorrect": true, "que_text": "च", "noOfMistakes": "0", "que_id": "HI_S4_L_3"}, {"recordingName": "HI_S4_L_4.mp3", "isCorrect": true, "que_text": "स", "noOfMistakes": "0", "que_id": "HI_S4_L_4"}, {"answer": "14", "isCorrect": false, "que_text": "45 - 26", "noOfMistakes": "2", "que_id": "HI_S4_SB_4"}, {"answer": "14", "isCorrect": false, "que_text": "41 - 13", "noOfMistakes": "2", "que_id": "HI_S4_SB_1"}, {"recordingName": "HI_S4_DD_9.mp3", "isCorrect": true, "que_text": "14", "noOfMistakes": "2", "que_id": "HI_S4_DD_9"}, {"recordingName": "HI_S4_DD_4.mp3", "isCorrect": true, "que_text": "23", "noOfMistakes": "2", "que_id": "HI_S4_DD_4"}, {"recordingName": "HI_S4_DD_1.mp3", "isCorrect": true, "que_text": "24", "noOfMistakes": "2", "que_id": "HI_S4_DD_1"}, {"recordingName": "HI_S4_DD_6.mp3", "isCorrect": false, "que_text": "37", "noOfMistakes": "2", "que_id": "HI_S4_DD_6"}, {"recordingName": "HI_S4_DD_7.mp3", "isCorrect": false, "que_text": "61", "noOfMistakes": "2", "que_id": "HI_S4_DD_7"}, {"recordingName": "HI_S4_SD_7.mp3", "isCorrect": true, "que_text": "1", "noOfMistakes": "0", "que_id": "HI_S4_SD_7"}, {"recordingName": "HI_S4_SD_1.mp3", "isCorrect": true, "que_text": "7", "noOfMistakes": "0", "que_id": "HI_S4_SD_1"}, {"recordingName": "HI_S4_SD_3.mp3", "isCorrect": true, "que_text": "4", "noOfMistakes": "0", "que_id": "HI_S4_SD_3"}, {"recordingName": "HI_S4_SD_5.mp3", "isCorrect": true, "que_text": "9", "noOfMistakes": "0", "que_id": "HI_S4_SD_5"}, {"recordingName": "HI_S4_SD_4.mp3", "isCorrect": true, "que_text": "2", "noOfMistakes": "0", "que_id": "HI_S4_SD_4"}, {"recordingName": "HI_S4_CL_3.mp3", "isCorrect": true, "que_text": "K", "noOfMistakes": "1", "que_id": "HI_S4_CL_3"}, {"recordingName": "HI_S4_CL_4.mp3", "isCorrect": false, "que_text": "G", "noOfMistakes": "1", "que_id": "HI_S4_CL_4"}, {"recordingName": "HI_S4_CL_5.mp3", "isCorrect": true, "que_text": "X", "noOfMistakes": "1", "que_id": "HI_S4_CL_5"}, {"recordingName": "HI_S4_CL_7.mp3", "isCorrect": true, "que_text": "N", "noOfMistakes": "1", "que_id": "HI_S4_CL_7"}, {"recordingName": "HI_S4_CL_1.mp3", "isCorrect": true, "que_text": "L", "noOfMistakes": "1", "que_id": "HI_S4_CL_1"}, {"recordingName": "HI_S4_SL_2.mp3", "isCorrect": true, "que_text": "i", "noOfMistakes": "1", "que_id": "HI_S4_SL_2"}, {"recordingName": "HI_S4_SL_4.mp3", "isCorrect": false, "que_text": "v", "noOfMistakes": "1", "que_id": "HI_S4_SL_4"}, {"recordingName": "HI_S4_SL_7.mp3", "isCorrect": true, "que_text": "h", "noOfMistakes": "1", "que_id": "HI_S4_SL_7"}, {"recordingName": "HI_S4_SL_3.mp3", "isCorrect": true, "que_text": "s", "noOfMistakes": "1", "que_id": "HI_S4_SL_3"}, {"recordingName": "HI_S4_SL_5.mp3", "isCorrect": true, "que_text": "m", "noOfMistakes": "1", "que_id": "HI_S4_SL_5"}, {"recordingName": "HI_S4_W_4.mp3", "isCorrect": false, "que_text": "man", "noOfMistakes": "5", "que_id": "HI_S4_W_4"}, {"recordingName": "HI_S4_W_3.mp3", "isCorrect": false, "que_text": "boy", "noOfMistakes": "5", "que_id": "HI_S4_W_3"}, {"recordingName": "HI_S4_W_0.mp3", "isCorrect": false, "que_text": "dog", "noOfMistakes": "5", "que_id": "HI_S4_W_0"}, {"recordingName": "HI_S4_W_5.mp3", "isCorrect": false, "que_text": "box", "noOfMistakes": "5", "que_id": "HI_S4_W_5"}, {"recordingName": "HI_S4_W_2.mp3", "isCorrect": false, "que_text": "cup", "noOfMistakes": "5", "que_id": "HI_S4_W_2"}], "englishProficiency": "Small letter", "studClass": "1", "date": "Tue Sep 17 16:52:24 GMT+05:30 2019", "mathematicsProficiency": "Single digit", "deviceID": "41b1ac846939d400", "ageGroup": "5-7 years", "nativeProficiency": "Letter"}