{"date": "Tue Sep 03 12:40:29 IST 2019", "sequenceList": [{"recordingName": "MR_S2_L_0.mp3", "isCorrect": true, "que_text": "ड", "noOfMistakes": "0", "que_id": "MR_S2_L_0"}, {"recordingName": "MR_S2_L_1.mp3", "isCorrect": true, "que_text": "त", "noOfMistakes": "0", "que_id": "MR_S2_L_1"}, {"recordingName": "MR_S2_L_2.mp3", "isCorrect": true, "que_text": "म", "noOfMistakes": "0", "que_id": "MR_S2_L_2"}, {"recordingName": "MR_S2_L_3.mp3", "isCorrect": true, "que_text": "ण", "noOfMistakes": "0", "que_id": "MR_S2_L_3"}, {"recordingName": "MR_S2_L_4.mp3", "isCorrect": true, "que_text": "स", "noOfMistakes": "0", "que_id": "MR_S2_L_4"}, {"recordingName": "MR_S2_WD_0.mp3", "isCorrect": true, "que_text": "खडू", "noOfMistakes": "2", "que_id": "MR_S2_WD_0"}, {"recordingName": "MR_S2_WD_1.mp3", "isCorrect": true, "que_text": "पतंग", "noOfMistakes": "2", "que_id": "MR_S2_WD_1"}, {"recordingName": "MR_S2_WD_4.mp3", "isCorrect": true, "que_text": "रवी", "noOfMistakes": "2", "que_id": "MR_S2_WD_4"}, {"recordingName": "MR_S2_WD_9.mp3", "isCorrect": false, "que_text": "गाव", "noOfMistakes": "2", "que_id": "MR_S2_WD_9"}, {"recordingName": "MR_S2_WD_5.mp3", "isCorrect": false, "que_text": "भाजी", "noOfMistakes": "2", "que_id": "MR_S2_WD_5"}, {"recordingName": "MR_S2_CL_0.mp3", "isCorrect": true, "que_text": "B", "noOfMistakes": "0", "que_id": "MR_S2_CL_0"}, {"recordingName": "MR_S2_CL_1.mp3", "isCorrect": true, "que_text": "H", "noOfMistakes": "0", "que_id": "MR_S2_CL_1"}, {"recordingName": "MR_S2_CL_2.mp3", "isCorrect": true, "que_text": "R", "noOfMistakes": "0", "que_id": "MR_S2_CL_2"}, {"recordingName": "MR_S2_CL_3.mp3", "isCorrect": true, "que_text": "L", "noOfMistakes": "0", "que_id": "MR_S2_CL_3"}, {"recordingName": "MR_S2_CL_4.mp3", "isCorrect": true, "que_text": "V", "noOfMistakes": "0", "que_id": "MR_S2_CL_4"}, {"recordingName": "MR_S2_SL_0.mp3", "isCorrect": true, "que_text": "z", "noOfMistakes": "0", "que_id": "MR_S2_SL_0"}, {"recordingName": "MR_S2_SL_1.mp3", "isCorrect": true, "que_text": "j", "noOfMistakes": "0", "que_id": "MR_S2_SL_1"}, {"recordingName": "MR_S2_SL_2.mp3", "isCorrect": true, "que_text": "o", "noOfMistakes": "0", "que_id": "MR_S2_SL_2"}, {"recordingName": "MR_S2_SL_3.mp3", "isCorrect": true, "que_text": "w", "noOfMistakes": "0", "que_id": "MR_S2_SL_3"}, {"recordingName": "MR_S2_SL_4.mp3", "isCorrect": true, "que_text": "g", "noOfMistakes": "0", "que_id": "MR_S2_SL_4"}], "englishProficiency": "Small letter", "studClass": "2", "deviceID": "2fad3c789f80115e", "ageGroup": "7-10 years", "nativeProficiency": "Word"}