{"sequenceList": [{"recordingName": "HI_S3_WD_0.mp3", "isCorrect": true, "que_text": "नाक", "noOfMistakes": "0", "que_id": "HI_S3_WD_0"}, {"recordingName": "HI_S3_WD_1.mp3", "isCorrect": true, "que_text": "तोता", "noOfMistakes": "0", "que_id": "HI_S3_WD_1"}, {"recordingName": "HI_S3_L_0.mp3", "isCorrect": true, "que_text": "द", "noOfMistakes": "0", "que_id": "HI_S3_L_0"}, {"recordingName": "HI_S3_L_1.mp3", "isCorrect": true, "que_text": "क", "noOfMistakes": "0", "que_id": "HI_S3_L_1"}, {"recordingName": "HI_S3_L_4.mp3", "isCorrect": true, "que_text": "ल", "noOfMistakes": "0", "que_id": "HI_S3_L_4"}, {"recordingName": "HI_S3_L_3.mp3", "isCorrect": true, "que_text": "ब", "noOfMistakes": "0", "que_id": "HI_S3_L_3"}, {"recordingName": "HI_S3_L_5.mp3", "isCorrect": true, "que_text": "थ", "noOfMistakes": "0", "que_id": "HI_S3_L_5"}, {"answer": "37", "isCorrect": true, "que_text": "52 - 15", "noOfMistakes": "0", "que_id": "HI_S3_SB_6"}, {"answer": "18", "isCorrect": true, "que_text": "75 - 57", "noOfMistakes": "0", "que_id": "HI_S3_SB_5"}, {"recordingName": "HI_S3_CL_0.mp3", "isCorrect": true, "que_text": "C", "noOfMistakes": "1", "que_id": "HI_S3_CL_0"}, {"recordingName": "HI_S3_CL_3.mp3", "isCorrect": false, "que_text": "Q", "noOfMistakes": "1", "que_id": "HI_S3_CL_3"}], "englishProficiency": "Beginner", "studClass": "5", "date": "Fri Sep 13 15:55:19 GMT+05:30 2019", "mathematicsProficiency": "Subtraction", "deviceID": "d9731a1c335a3394", "ageGroup": "10-12 years", "nativeProficiency": "Letter"}