{"englishProficiency": "Beginner", "sequenceList": [{"que_text": "सोनी के पास एक माला है। उसमें बहुत सारे मोती हैं। मोती पीले रंग के हैं। सोनी उसे पहनती है।", "noOfMistakes": "200", "que_id": "HI_S2_P_0", "isCorrect": false, "recordingName": "HI_S2_P_0.mp3"}, {"que_text": "क", "noOfMistakes": "4", "que_id": "HI_S2_L_1", "isCorrect": true, "recordingName": "HI_S2_L_1.mp3"}, {"que_text": "त", "noOfMistakes": "4", "que_id": "HI_S2_L_7", "isCorrect": false, "recordingName": "HI_S2_L_7.mp3"}, {"que_text": "च", "noOfMistakes": "4", "que_id": "HI_S2_L_2", "isCorrect": false, "recordingName": "HI_S2_L_2.mp3"}, {"que_text": "ख", "noOfMistakes": "4", "que_id": "HI_S2_L_9", "isCorrect": false, "recordingName": "HI_S2_L_9.mp3"}, {"que_text": "म", "noOfMistakes": "4", "que_id": "HI_S2_L_8", "isCorrect": false, "recordingName": "HI_S2_L_8.mp3"}, {"que_text": "B", "noOfMistakes": "5", "que_id": "HI_S2_CL_0", "isCorrect": false, "recordingName": "HI_S2_CL_0.mp3"}, {"que_text": "F", "noOfMistakes": "5", "que_id": "HI_S2_CL_7", "isCorrect": false, "recordingName": "HI_S2_CL_7.mp3"}, {"que_text": "P", "noOfMistakes": "5", "que_id": "HI_S2_CL_6", "isCorrect": false, "recordingName": "HI_S2_CL_6.mp3"}, {"que_text": "V", "noOfMistakes": "5", "que_id": "HI_S2_CL_4", "isCorrect": false, "recordingName": "HI_S2_CL_4.mp3"}, {"que_text": "M", "noOfMistakes": "5", "que_id": "HI_S2_CL_5", "isCorrect": false, "recordingName": "HI_S2_CL_5.mp3"}], "deviceID": "c66208a6b7100eb2", "ageGroup": "7-10 years", "studClass": "1", "nativeProficiency": "Beginner", "date": "Wed Jul 10 17:09:55 IST 2019"}