{"sequenceList": [{"recordingName": "HI_S4_P_1.mp3", "isCorrect": false, "que_text": "रूपा बाहर खेल रही थी। खेलते-खेलते रात हो गई। वह अपने घर चली गई। रूपा खाना खाकर सो गई।", "noOfMistakes": "200", "que_id": "HI_S4_P_1"}, {"recordingName": "HI_S4_WD_1.mp3", "isCorrect": false, "que_text": "सोच", "noOfMistakes": "5", "que_id": "HI_S4_WD_1"}, {"recordingName": "HI_S4_WD_4.mp3", "isCorrect": false, "que_text": "पानी", "noOfMistakes": "5", "que_id": "HI_S4_WD_4"}, {"recordingName": "HI_S4_WD_6.mp3", "isCorrect": false, "que_text": "धुन", "noOfMistakes": "5", "que_id": "HI_S4_WD_6"}, {"recordingName": "HI_S4_WD_2.mp3", "isCorrect": false, "que_text": "ताला", "noOfMistakes": "5", "que_id": "HI_S4_WD_2"}, {"recordingName": "HI_S4_WD_5.mp3", "isCorrect": false, "que_text": "चौकी", "noOfMistakes": "5", "que_id": "HI_S4_WD_5"}, {"recordingName": "HI_S4_L_4.mp3", "isCorrect": false, "que_text": "स", "noOfMistakes": "3", "que_id": "HI_S4_L_4"}, {"recordingName": "HI_S4_L_3.mp3", "isCorrect": true, "que_text": "च", "noOfMistakes": "3", "que_id": "HI_S4_L_3"}, {"recordingName": "HI_S4_L_5.mp3", "isCorrect": false, "que_text": "प", "noOfMistakes": "3", "que_id": "HI_S4_L_5"}, {"recordingName": "HI_S4_L_6.mp3", "isCorrect": false, "que_text": "ग", "noOfMistakes": "3", "que_id": "HI_S4_L_6"}, {"recordingName": "HI_S4_L_7.mp3", "isCorrect": true, "que_text": "द", "noOfMistakes": "3", "que_id": "HI_S4_L_7"}, {"recordingName": "HI_S4_SD_0.mp3", "isCorrect": true, "que_text": "5", "noOfMistakes": "0", "que_id": "HI_S4_SD_0"}, {"recordingName": "HI_S4_SD_7.mp3", "isCorrect": true, "que_text": "1", "noOfMistakes": "0", "que_id": "HI_S4_SD_7"}, {"recordingName": "HI_S4_SD_4.mp3", "isCorrect": true, "que_text": "2", "noOfMistakes": "0", "que_id": "HI_S4_SD_4"}, {"recordingName": "HI_S4_SD_6.mp3", "isCorrect": true, "que_text": "3", "noOfMistakes": "0", "que_id": "HI_S4_SD_6"}, {"recordingName": "HI_S4_SD_3.mp3", "isCorrect": true, "que_text": "4", "noOfMistakes": "0", "que_id": "HI_S4_SD_3"}, {"recordingName": "HI_S4_CL_0.mp3", "isCorrect": false, "que_text": "D", "noOfMistakes": "2", "que_id": "HI_S4_CL_0"}, {"recordingName": "HI_S4_CL_6.mp3", "isCorrect": true, "que_text": "P", "noOfMistakes": "2", "que_id": "HI_S4_CL_6"}, {"recordingName": "HI_S4_CL_7.mp3", "isCorrect": false, "que_text": "N", "noOfMistakes": "2", "que_id": "HI_S4_CL_7"}, {"recordingName": "HI_S4_CL_5.mp3", "isCorrect": true, "que_text": "X", "noOfMistakes": "2", "que_id": "HI_S4_CL_5"}, {"recordingName": "HI_S4_CL_2.mp3", "isCorrect": true, "que_text": "T", "noOfMistakes": "2", "que_id": "HI_S4_CL_2"}], "englishProficiency": "Capital letter", "studClass": "1", "date": "Tue Jul 02 17:14:14 IST 2019", "mathematicsProficiency": "Single digit", "deviceID": "c66208a6b7100eb2", "ageGroup": "5-7 years", "nativeProficiency": "Beginner"}