{"englishProficiency": "Beginner", "sequenceList": [{"que_text": "आज रविवार आहे. शाळेला रजा आहे. तरी आज सकाळी मला लवकर जाग आली.", "noOfMistakes": "200", "que_id": "MR_S1_P_1", "isCorrect": false, "recordingName": "MR_S1_P_1.mp3"}, {"que_text": "समई", "noOfMistakes": "3", "que_id": "MR_S1_WD_0", "isCorrect": false, "recordingName": "MR_S1_WD_0.mp3"}, {"que_text": "बस", "noOfMistakes": "3", "que_id": "MR_S1_WD_1", "isCorrect": true, "recordingName": "MR_S1_WD_1.mp3"}, {"que_text": "गरम", "noOfMistakes": "3", "que_id": "MR_S1_WD_2", "isCorrect": true, "recordingName": "MR_S1_WD_2.mp3"}, {"que_text": "कैरी", "noOfMistakes": "3", "que_id": "MR_S1_WD_3", "isCorrect": false, "recordingName": "MR_S1_WD_3.mp3"}, {"que_text": "दिवा", "noOfMistakes": "3", "que_id": "MR_S1_WD_4", "isCorrect": false, "recordingName": "MR_S1_WD_4.mp3"}, {"que_text": "श", "noOfMistakes": "1", "que_id": "MR_S1_L_0", "isCorrect": true, "recordingName": "MR_S1_L_0.mp3"}, {"que_text": "प", "noOfMistakes": "1", "que_id": "MR_S1_L_1", "isCorrect": true, "recordingName": "MR_S1_L_1.mp3"}, {"que_text": "स", "noOfMistakes": "1", "que_id": "MR_S1_L_2", "isCorrect": true, "recordingName": "MR_S1_L_2.mp3"}, {"que_text": "ड", "noOfMistakes": "1", "que_id": "MR_S1_L_3", "isCorrect": true, "recordingName": "MR_S1_L_3.mp3"}, {"que_text": "य", "noOfMistakes": "1", "que_id": "MR_S1_L_4", "isCorrect": false, "recordingName": "MR_S1_L_4.mp3"}, {"que_text": "A", "noOfMistakes": "5", "que_id": "MR_S1_CL_0", "isCorrect": false, "recordingName": "MR_S1_CL_0.mp3"}, {"que_text": "J", "noOfMistakes": "5", "que_id": "MR_S1_CL_1", "isCorrect": false, "recordingName": "MR_S1_CL_1.mp3"}, {"que_text": "Q", "noOfMistakes": "5", "que_id": "MR_S1_CL_2", "isCorrect": false, "recordingName": "MR_S1_CL_2.mp3"}, {"que_text": "R", "noOfMistakes": "5", "que_id": "MR_S1_CL_3", "isCorrect": false, "recordingName": "MR_S1_CL_3.mp3"}, {"que_text": "E", "noOfMistakes": "5", "que_id": "MR_S1_CL_4", "isCorrect": false, "recordingName": "MR_S1_CL_4.mp3"}], "deviceID": "7679c9355fd3bb61", "ageGroup": "12-15 years", "studClass": "7", "date": "Sun Sep 08 11:56:32 IST 2019", "nativeProficiency": "Letter"}