{"englishProficiency": "Beginner", "sequenceList": [{"que_text": "बग़ीचे में पेड़ हैं। पेड़ पर एक तोता रहता है। तोते का रंग हरा है। वह लाल टमाटर खाता है।", "noOfMistakes": "200", "que_id": "HI_S4_P_0", "isCorrect": false, "recordingName": "HI_S4_P_0.mp3"}, {"que_text": "पानी", "noOfMistakes": "5", "que_id": "HI_S4_WD_4", "isCorrect": false, "recordingName": "HI_S4_WD_4.mp3"}, {"que_text": "देश", "noOfMistakes": "5", "que_id": "HI_S4_WD_7", "isCorrect": false, "recordingName": "HI_S4_WD_7.mp3"}, {"que_text": "चौकी", "noOfMistakes": "5", "que_id": "HI_S4_WD_5", "isCorrect": false, "recordingName": "HI_S4_WD_5.mp3"}, {"que_text": "पैसा", "noOfMistakes": "5", "que_id": "HI_S4_WD_8", "isCorrect": false, "recordingName": "HI_S4_WD_8.mp3"}, {"que_text": "धुन", "noOfMistakes": "5", "que_id": "HI_S4_WD_6", "isCorrect": false, "recordingName": "HI_S4_WD_6.mp3"}, {"que_text": "स", "noOfMistakes": "0", "que_id": "HI_S4_L_4", "isCorrect": true, "recordingName": "HI_S4_L_4.mp3"}, {"que_text": "प", "noOfMistakes": "0", "que_id": "HI_S4_L_5", "isCorrect": true, "recordingName": "HI_S4_L_5.mp3"}, {"que_text": "म", "noOfMistakes": "0", "que_id": "HI_S4_L_2", "isCorrect": true, "recordingName": "HI_S4_L_2.mp3"}, {"que_text": "र", "noOfMistakes": "0", "que_id": "HI_S4_L_1", "isCorrect": true, "recordingName": "HI_S4_L_1.mp3"}, {"que_text": "च", "noOfMistakes": "0", "que_id": "HI_S4_L_3", "isCorrect": true, "recordingName": "HI_S4_L_3.mp3"}, {"que_text": "L", "noOfMistakes": "4", "que_id": "HI_S4_CL_1", "isCorrect": false, "recordingName": "HI_S4_CL_1.mp3"}, {"que_text": "T", "noOfMistakes": "4", "que_id": "HI_S4_CL_2", "isCorrect": false, "recordingName": "HI_S4_CL_2.mp3"}, {"que_text": "G", "noOfMistakes": "4", "que_id": "HI_S4_CL_4", "isCorrect": false, "recordingName": "HI_S4_CL_4.mp3"}, {"que_text": "X", "noOfMistakes": "4", "que_id": "HI_S4_CL_5", "isCorrect": false, "recordingName": "HI_S4_CL_5.mp3"}, {"que_text": "N", "noOfMistakes": "4", "que_id": "HI_S4_CL_7", "isCorrect": true, "recordingName": "HI_S4_CL_7.mp3"}], "deviceID": "c66208a6b7100eb2", "ageGroup": "7-10 years", "studClass": "3", "nativeProficiency": "Letter", "date": "Wed Jul 03 16:51:06 IST 2019"}