{"sequenceList": [{"recordingName": "HI_S4_L_0.mp3", "isCorrect": false, "que_text": "न", "noOfMistakes": "5", "que_id": "HI_S4_L_0"}, {"recordingName": "HI_S4_L_1.mp3", "isCorrect": false, "que_text": "र", "noOfMistakes": "5", "que_id": "HI_S4_L_1"}, {"recordingName": "HI_S4_L_2.mp3", "isCorrect": false, "que_text": "म", "noOfMistakes": "5", "que_id": "HI_S4_L_2"}, {"recordingName": "HI_S4_L_3.mp3", "isCorrect": false, "que_text": "च", "noOfMistakes": "5", "que_id": "HI_S4_L_3"}, {"recordingName": "HI_S4_L_5.mp3", "isCorrect": false, "que_text": "प", "noOfMistakes": "5", "que_id": "HI_S4_L_5"}, {"recordingName": "HI_S4_SD_7.mp3", "isCorrect": true, "que_text": "1", "noOfMistakes": "4", "que_id": "HI_S4_SD_7"}, {"recordingName": "HI_S4_SD_4.mp3", "isCorrect": false, "que_text": "2", "noOfMistakes": "4", "que_id": "HI_S4_SD_4"}, {"recordingName": "HI_S4_SD_3.mp3", "isCorrect": false, "que_text": "4", "noOfMistakes": "4", "que_id": "HI_S4_SD_3"}, {"recordingName": "HI_S4_SD_6.mp3", "isCorrect": false, "que_text": "3", "noOfMistakes": "4", "que_id": "HI_S4_SD_6"}, {"recordingName": "HI_S4_SD_2.mp3", "isCorrect": false, "que_text": "8", "noOfMistakes": "4", "que_id": "HI_S4_SD_2"}, {"recordingName": "HI_S4_CL_0.mp3", "isCorrect": false, "que_text": "D", "noOfMistakes": "5", "que_id": "HI_S4_CL_0"}, {"recordingName": "HI_S4_CL_4.mp3", "isCorrect": false, "que_text": "G", "noOfMistakes": "5", "que_id": "HI_S4_CL_4"}, {"recordingName": "HI_S4_CL_7.mp3", "isCorrect": false, "que_text": "N", "noOfMistakes": "5", "que_id": "HI_S4_CL_7"}, {"recordingName": "HI_S4_CL_6.mp3", "isCorrect": false, "que_text": "P", "noOfMistakes": "5", "que_id": "HI_S4_CL_6"}, {"recordingName": "HI_S4_CL_2.mp3", "isCorrect": false, "que_text": "T", "noOfMistakes": "5", "que_id": "HI_S4_CL_2"}], "englishProficiency": "Beginner", "studClass": "1", "date": "Wed Sep 11 16:35:39 GMT+09:00 2019", "mathematicsProficiency": "Beginner", "deviceID": "29bc36d984d054e0", "ageGroup": "5-7 years", "nativeProficiency": "Beginner"}