{"nativeProficiency": "Story", "sequenceList": [{"que_text": "सावन का महीना था। आसमान में बहुत से काले बादल छाये थे। ठंडी- ठंडी हवा चल रही थी। मैंने सोचा, आज झूला झूलते हैं। बड़े भैया एक मोटी सी रस्सी लेकर आए। हमने उसे पेड़ से लटका कर झूला बनाया। सब ने मिलकर खूब झूला झूला। बहुत सारे बच्चे आकर मज़े से खेलने लगे। खेलते-खेलते रात हो गई।", "noOfMistakes": "0", "que_id": "HI_S2_ST_0", "isCorrect": true, "recordingName": "HI_S2_ST_0.mp3"}], "deviceID": "462367b9674abb0a", "ageGroup": "12-15 years", "studClass": "7", "date": "Thu Sep 19 16:02:46 GMT+05:30 2019"}