{"englishProficiency": "Beginner", "sequenceList": [{"que_text": "च", "noOfMistakes": "3", "que_id": "HI_S4_L_3", "isCorrect": true, "recordingName": "HI_S4_L_3.mp3"}, {"que_text": "ग", "noOfMistakes": "3", "que_id": "HI_S4_L_6", "isCorrect": false, "recordingName": "HI_S4_L_6.mp3"}, {"que_text": "ल", "noOfMistakes": "3", "que_id": "HI_S4_L_8", "isCorrect": false, "recordingName": "HI_S4_L_8.mp3"}, {"que_text": "न", "noOfMistakes": "3", "que_id": "HI_S4_L_0", "isCorrect": true, "recordingName": "HI_S4_L_0.mp3"}, {"que_text": "म", "noOfMistakes": "3", "que_id": "HI_S4_L_2", "isCorrect": false, "recordingName": "HI_S4_L_2.mp3"}, {"que_text": "D", "noOfMistakes": "4", "que_id": "HI_S4_CL_0", "isCorrect": true, "recordingName": "HI_S4_CL_0.mp3"}, {"que_text": "P", "noOfMistakes": "4", "que_id": "HI_S4_CL_6", "isCorrect": false, "recordingName": "HI_S4_CL_6.mp3"}, {"que_text": "T", "noOfMistakes": "4", "que_id": "HI_S4_CL_2", "isCorrect": false, "recordingName": "HI_S4_CL_2.mp3"}, {"que_text": "X", "noOfMistakes": "4", "que_id": "HI_S4_CL_5", "isCorrect": false, "recordingName": "HI_S4_CL_5.mp3"}, {"que_text": "G", "noOfMistakes": "4", "que_id": "HI_S4_CL_4", "isCorrect": false, "recordingName": "HI_S4_CL_4.mp3"}], "deviceID": "ebaa26065aba20e5", "ageGroup": "10-12 years", "studClass": "4", "nativeProficiency": "Beginner", "date": "Mon Jul 15 17:38:56 GMT+05:30 2019"}