{"sequenceList": [{"recordingName": "HI_S4_L_3.mp3", "isCorrect": true, "que_text": "च", "noOfMistakes": "3", "que_id": "HI_S4_L_3"}, {"recordingName": "HI_S4_L_6.mp3", "isCorrect": false, "que_text": "ग", "noOfMistakes": "3", "que_id": "HI_S4_L_6"}, {"recordingName": "HI_S4_L_8.mp3", "isCorrect": false, "que_text": "ल", "noOfMistakes": "3", "que_id": "HI_S4_L_8"}, {"recordingName": "HI_S4_L_0.mp3", "isCorrect": true, "que_text": "न", "noOfMistakes": "3", "que_id": "HI_S4_L_0"}, {"recordingName": "HI_S4_L_2.mp3", "isCorrect": false, "que_text": "म", "noOfMistakes": "3", "que_id": "HI_S4_L_2"}, {"recordingName": "HI_S4_SD_7.mp3", "isCorrect": true, "que_text": "1", "noOfMistakes": "0", "que_id": "HI_S4_SD_7"}, {"recordingName": "HI_S4_SD_4.mp3", "isCorrect": true, "que_text": "2", "noOfMistakes": "0", "que_id": "HI_S4_SD_4"}, {"recordingName": "HI_S4_SD_2.mp3", "isCorrect": true, "que_text": "8", "noOfMistakes": "0", "que_id": "HI_S4_SD_2"}, {"recordingName": "HI_S4_SD_5.mp3", "isCorrect": true, "que_text": "9", "noOfMistakes": "0", "que_id": "HI_S4_SD_5"}, {"recordingName": "HI_S4_SD_1.mp3", "isCorrect": true, "que_text": "7", "noOfMistakes": "0", "que_id": "HI_S4_SD_1"}, {"recordingName": "HI_S4_CL_0.mp3", "isCorrect": true, "que_text": "D", "noOfMistakes": "4", "que_id": "HI_S4_CL_0"}, {"recordingName": "HI_S4_CL_6.mp3", "isCorrect": false, "que_text": "P", "noOfMistakes": "4", "que_id": "HI_S4_CL_6"}, {"recordingName": "HI_S4_CL_2.mp3", "isCorrect": false, "que_text": "T", "noOfMistakes": "4", "que_id": "HI_S4_CL_2"}, {"recordingName": "HI_S4_CL_5.mp3", "isCorrect": false, "que_text": "X", "noOfMistakes": "4", "que_id": "HI_S4_CL_5"}, {"recordingName": "HI_S4_CL_4.mp3", "isCorrect": false, "que_text": "G", "noOfMistakes": "4", "que_id": "HI_S4_CL_4"}], "englishProficiency": "Beginner", "studClass": "4", "date": "Mon Jul 15 17:38:56 GMT+05:30 2019", "mathematicsProficiency": "Single digit", "deviceID": "ebaa26065aba20e5", "ageGroup": "10-12 years", "nativeProficiency": "Beginner"}