{"englishProficiency": "Capital letter", "sequenceList": [{"que_text": "क", "noOfMistakes": "0", "que_id": "HI_S3_L_1", "isCorrect": true, "recordingName": "HI_S3_L_1.mp3"}, {"que_text": "ख", "noOfMistakes": "0", "que_id": "HI_S3_L_9", "isCorrect": true, "recordingName": "HI_S3_L_9.mp3"}, {"que_text": "च", "noOfMistakes": "0", "que_id": "HI_S3_L_2", "isCorrect": true, "recordingName": "HI_S3_L_2.mp3"}, {"que_text": "त", "noOfMistakes": "0", "que_id": "HI_S3_L_7", "isCorrect": true, "recordingName": "HI_S3_L_7.mp3"}, {"que_text": "ल", "noOfMistakes": "0", "que_id": "HI_S3_L_4", "isCorrect": true, "recordingName": "HI_S3_L_4.mp3"}, {"que_text": "C", "noOfMistakes": "0", "que_id": "HI_S3_CL_0", "isCorrect": true, "recordingName": "HI_S3_CL_0.mp3"}, {"que_text": "O", "noOfMistakes": "0", "que_id": "HI_S3_CL_6", "isCorrect": true, "recordingName": "HI_S3_CL_6.mp3"}, {"que_text": "S", "noOfMistakes": "0", "que_id": "HI_S3_CL_2", "isCorrect": true, "recordingName": "HI_S3_CL_2.mp3"}, {"que_text": "K", "noOfMistakes": "0", "que_id": "HI_S3_CL_1", "isCorrect": true, "recordingName": "HI_S3_CL_1.mp3"}, {"que_text": "Z", "noOfMistakes": "0", "que_id": "HI_S3_CL_7", "isCorrect": true, "recordingName": "HI_S3_CL_7.mp3"}, {"que_text": "p", "noOfMistakes": "2", "que_id": "HI_S3_SL_1", "isCorrect": true, "recordingName": "HI_S3_SL_1.mp3"}, {"que_text": "v", "noOfMistakes": "2", "que_id": "HI_S3_SL_3", "isCorrect": true, "recordingName": "HI_S3_SL_3.mp3"}, {"que_text": "n", "noOfMistakes": "2", "que_id": "HI_S3_SL_0", "isCorrect": true, "recordingName": "HI_S3_SL_0.mp3"}, {"que_text": "g", "noOfMistakes": "2", "que_id": "HI_S3_SL_2", "isCorrect": false, "recordingName": "HI_S3_SL_2.mp3"}, {"que_text": "j", "noOfMistakes": "2", "que_id": "HI_S3_SL_5", "isCorrect": false, "recordingName": "HI_S3_SL_5.mp3"}], "deviceID": "ebaa26065aba20e5", "ageGroup": "5-7 years", "studClass": "2", "nativeProficiency": "Letter", "date": "Sat Jul 13 17:46:19 GMT+05:30 2019"}