{"sequenceList": [{"recordingName": "HI_S3_P_1.mp3", "isCorrect": false, "que_text": "काले बादल छाए हैं। तेज़ बारिश हो रही है। मोर भी नाच रहा है। सब नाच देख रहे हैं।", "noOfMistakes": "200", "que_id": "HI_S3_P_1"}, {"recordingName": "HI_S3_L_1.mp3", "isCorrect": true, "que_text": "क", "noOfMistakes": "0", "que_id": "HI_S3_L_1"}, {"recordingName": "HI_S3_L_2.mp3", "isCorrect": true, "que_text": "च", "noOfMistakes": "0", "que_id": "HI_S3_L_2"}, {"recordingName": "HI_S3_L_4.mp3", "isCorrect": true, "que_text": "ल", "noOfMistakes": "0", "que_id": "HI_S3_L_4"}, {"recordingName": "HI_S3_L_8.mp3", "isCorrect": true, "que_text": "म", "noOfMistakes": "0", "que_id": "HI_S3_L_8"}, {"recordingName": "HI_S3_L_3.mp3", "isCorrect": true, "que_text": "ब", "noOfMistakes": "0", "que_id": "HI_S3_L_3"}, {"answer": "-", "isCorrect": false, "que_text": "52 - 15", "noOfMistakes": "2", "que_id": "HI_S3_SB_6"}, {"answer": "-", "isCorrect": false, "que_text": "43 - 28", "noOfMistakes": "2", "que_id": "HI_S3_SB_2"}, {"recordingName": "HI_S3_SD_5.mp3", "isCorrect": true, "que_text": "9", "noOfMistakes": "0", "que_id": "HI_S3_SD_5"}, {"recordingName": "HI_S3_SD_2.mp3", "isCorrect": true, "que_text": "7", "noOfMistakes": "0", "que_id": "HI_S3_SD_2"}, {"recordingName": "HI_S3_SD_0.mp3", "isCorrect": true, "que_text": "1", "noOfMistakes": "0", "que_id": "HI_S3_SD_0"}, {"recordingName": "HI_S3_SD_3.mp3", "isCorrect": true, "que_text": "3", "noOfMistakes": "0", "que_id": "HI_S3_SD_3"}, {"recordingName": "HI_S3_SD_6.mp3", "isCorrect": true, "que_text": "5", "noOfMistakes": "0", "que_id": "HI_S3_SD_6"}, {"recordingName": "HI_S3_CL_0.mp3", "isCorrect": true, "que_text": "C", "noOfMistakes": "0", "que_id": "HI_S3_CL_0"}, {"recordingName": "HI_S3_CL_2.mp3", "isCorrect": true, "que_text": "S", "noOfMistakes": "0", "que_id": "HI_S3_CL_2"}, {"recordingName": "HI_S3_CL_5.mp3", "isCorrect": true, "que_text": "W", "noOfMistakes": "0", "que_id": "HI_S3_CL_5"}, {"recordingName": "HI_S3_CL_6.mp3", "isCorrect": true, "que_text": "O", "noOfMistakes": "0", "que_id": "HI_S3_CL_6"}, {"recordingName": "HI_S3_CL_1.mp3", "isCorrect": true, "que_text": "K", "noOfMistakes": "0", "que_id": "HI_S3_CL_1"}, {"recordingName": "HI_S3_SL_1.mp3", "isCorrect": true, "que_text": "p", "noOfMistakes": "1", "que_id": "HI_S3_SL_1"}, {"recordingName": "HI_S3_SL_7.mp3", "isCorrect": true, "que_text": "b", "noOfMistakes": "1", "que_id": "HI_S3_SL_7"}, {"recordingName": "HI_S3_SL_3.mp3", "isCorrect": true, "que_text": "v", "noOfMistakes": "1", "que_id": "HI_S3_SL_3"}, {"recordingName": "HI_S3_SL_5.mp3", "isCorrect": true, "que_text": "j", "noOfMistakes": "1", "que_id": "HI_S3_SL_5"}, {"recordingName": "HI_S3_SL_4.mp3", "isCorrect": false, "que_text": "e", "noOfMistakes": "1", "que_id": "HI_S3_SL_4"}], "englishProficiency": "Small letter", "studClass": "1", "date": "Fri Aug 23 16:32:03 IST 2019", "mathematicsProficiency": "Single digit", "deviceID": "c66208a6b7100eb2", "ageGroup": "less than 5 years", "nativeProficiency": "Letter"}