{"englishProficiency": "Small letter", "sequenceList": [{"que_text": "म", "noOfMistakes": "1", "que_id": "HI_S1_L_0", "isCorrect": true, "recordingName": "HI_S1_L_0.mp3"}, {"que_text": "र", "noOfMistakes": "1", "que_id": "HI_S1_L_1", "isCorrect": true, "recordingName": "HI_S1_L_1.mp3"}, {"que_text": "थ", "noOfMistakes": "1", "que_id": "HI_S1_L_2", "isCorrect": true, "recordingName": "HI_S1_L_2.mp3"}, {"que_text": "ह", "noOfMistakes": "1", "que_id": "HI_S1_L_3", "isCorrect": false, "recordingName": "HI_S1_L_3.mp3"}, {"que_text": "श", "noOfMistakes": "1", "que_id": "HI_S1_L_4", "isCorrect": true, "recordingName": "HI_S1_L_4.mp3"}, {"que_text": "गाना", "noOfMistakes": "2", "que_id": "HI_S1_WD_0", "isCorrect": true, "recordingName": "HI_S1_WD_0.mp3"}, {"que_text": "खुश", "noOfMistakes": "2", "que_id": "HI_S1_WD_1", "isCorrect": true, "recordingName": "HI_S1_WD_1.mp3"}, {"que_text": "मोर", "noOfMistakes": "2", "que_id": "HI_S1_WD_9", "isCorrect": true, "recordingName": "HI_S1_WD_9.mp3"}, {"que_text": "मोती", "noOfMistakes": "2", "que_id": "HI_S1_WD_2", "isCorrect": false, "recordingName": "HI_S1_WD_2.mp3"}, {"que_text": "झोला", "noOfMistakes": "2", "que_id": "HI_S1_WD_4", "isCorrect": false, "recordingName": "HI_S1_WD_4.mp3"}, {"que_text": "A", "noOfMistakes": "0", "que_id": "HI_S1_CL_0", "isCorrect": true, "recordingName": "HI_S1_CL_0.mp3"}, {"que_text": "J", "noOfMistakes": "0", "que_id": "HI_S1_CL_1", "isCorrect": true, "recordingName": "HI_S1_CL_1.mp3"}, {"que_text": "Q", "noOfMistakes": "0", "que_id": "HI_S1_CL_2", "isCorrect": true, "recordingName": "HI_S1_CL_2.mp3"}, {"que_text": "R", "noOfMistakes": "0", "que_id": "HI_S1_CL_3", "isCorrect": true, "recordingName": "HI_S1_CL_3.mp3"}, {"que_text": "O", "noOfMistakes": "0", "que_id": "HI_S1_CL_7", "isCorrect": true, "recordingName": "HI_S1_CL_7.mp3"}, {"que_text": "h", "noOfMistakes": "2", "que_id": "HI_S1_SL_0", "isCorrect": true, "recordingName": "HI_S1_SL_0.mp3"}, {"que_text": "p", "noOfMistakes": "2", "que_id": "HI_S1_SL_1", "isCorrect": true, "recordingName": "HI_S1_SL_1.mp3"}, {"que_text": "d", "noOfMistakes": "2", "que_id": "HI_S1_SL_5", "isCorrect": false, "recordingName": "HI_S1_SL_5.mp3"}, {"que_text": "u", "noOfMistakes": "2", "que_id": "HI_S1_SL_3", "isCorrect": true, "recordingName": "HI_S1_SL_3.mp3"}, {"que_text": "m", "noOfMistakes": "2", "que_id": "HI_S1_SL_4", "isCorrect": false, "recordingName": "HI_S1_SL_4.mp3"}], "deviceID": "d24bcdb4ec66566d", "ageGroup": "7-10 years", "studClass": "3", "nativeProficiency": "Word", "date": "Tue Sep 17 17:37:22 IST 2019"}