{"sequenceList": [{"recordingName": "MR_S2_P_1.mp3", "isCorrect": false, "que_text": "पावसाळा सुरु झाला. आईने नवी तुळस लावली. तुळस भरभर वाढली. छान दिसू लागली.", "noOfMistakes": "200", "que_id": "MR_S2_P_1"}, {"recordingName": "MR_S2_WD_1.mp3", "isCorrect": false, "que_text": "पतंग", "noOfMistakes": "4", "que_id": "MR_S2_WD_1"}, {"recordingName": "MR_S2_WD_4.mp3", "isCorrect": false, "que_text": "रवी", "noOfMistakes": "4", "que_id": "MR_S2_WD_4"}, {"recordingName": "MR_S2_WD_7.mp3", "isCorrect": false, "que_text": "चौक", "noOfMistakes": "4", "que_id": "MR_S2_WD_7"}, {"recordingName": "MR_S2_WD_5.mp3", "isCorrect": false, "que_text": "भाजी", "noOfMistakes": "4", "que_id": "MR_S2_WD_5"}, {"recordingName": "MH_S2_L_0.mp3", "isCorrect": false, "que_text": "ड", "noOfMistakes": "2", "que_id": "MH_S2_L_0"}, {"recordingName": "MH_S2_L_4.mp3", "isCorrect": true, "que_text": "स", "noOfMistakes": "2", "que_id": "MH_S2_L_4"}, {"recordingName": "MH_S2_L_5.mp3", "isCorrect": true, "que_text": "क", "noOfMistakes": "2", "que_id": "MH_S2_L_5"}, {"recordingName": "MH_S2_L_7.mp3", "isCorrect": false, "que_text": "छ", "noOfMistakes": "2", "que_id": "MH_S2_L_7"}, {"recordingName": "MH_S2_L_3.mp3", "isCorrect": true, "que_text": "ण", "noOfMistakes": "2", "que_id": "MH_S2_L_3"}, {"answer": "-", "isCorrect": false, "que_text": "83 - 34", "noOfMistakes": "1", "que_id": "MR_S2_SB_1"}, {"recordingName": "MR_S2_DD_1.mp3", "isCorrect": false, "que_text": "58", "noOfMistakes": "2", "que_id": "MR_S2_DD_1"}, {"recordingName": "MR_S2_DD_7.mp3", "isCorrect": false, "que_text": "84", "noOfMistakes": "2", "que_id": "MR_S2_DD_7"}, {"recordingName": "MR_S2_SD_0.mp3", "isCorrect": true, "que_text": "2", "noOfMistakes": "0", "que_id": "MR_S2_SD_0"}, {"recordingName": "MR_S2_SD_4.mp3", "isCorrect": true, "que_text": "9", "noOfMistakes": "0", "que_id": "MR_S2_SD_4"}, {"recordingName": "MR_S2_SD_6.mp3", "isCorrect": true, "que_text": "4", "noOfMistakes": "0", "que_id": "MR_S2_SD_6"}, {"recordingName": "MR_S2_SD_7.mp3", "isCorrect": true, "que_text": "1", "noOfMistakes": "0", "que_id": "MR_S2_SD_7"}, {"recordingName": "MR_S2_SD_3.mp3", "isCorrect": true, "que_text": "5", "noOfMistakes": "0", "que_id": "MR_S2_SD_3"}, {"recordingName": "MR_S2_CL_4.mp3", "isCorrect": false, "que_text": "V", "noOfMistakes": "3", "que_id": "MR_S2_CL_4"}, {"recordingName": "MR_S2_CL_7.mp3", "isCorrect": false, "que_text": "F", "noOfMistakes": "3", "que_id": "MR_S2_CL_7"}, {"recordingName": "MR_S2_CL_3.mp3", "isCorrect": false, "que_text": "L", "noOfMistakes": "3", "que_id": "MR_S2_CL_3"}], "englishProficiency": "Beginner", "studClass": "2", "date": "Wed Jul 10 11:46:35 GMT+05:30 2019", "mathematicsProficiency": "Single digit", "deviceID": "3ebaa9d14abd9a0f", "ageGroup": "7-10 years", "nativeProficiency": "Beginner"}