{"date": "Fri Aug 30 16:37:48 IST 2019", "sequenceList": [{"recordingName": "HI_S3_P_0.mp3", "isCorrect": false, "que_text": "नीतू के घर में गाय है। उसका रंग सफ़ेद है। गाय हरी घास खाती है। वह बहुत दूध देती है।", "noOfMistakes": "200", "que_id": "HI_S3_P_0"}, {"recordingName": "HI_S3_WD_0.mp3", "isCorrect": true, "que_text": "नाक", "noOfMistakes": "0", "que_id": "HI_S3_WD_0"}, {"recordingName": "HI_S3_WD_1.mp3", "isCorrect": true, "que_text": "तोता", "noOfMistakes": "0", "que_id": "HI_S3_WD_1"}, {"recordingName": "HI_S3_WD_2.mp3", "isCorrect": true, "que_text": "चूहा", "noOfMistakes": "0", "que_id": "HI_S3_WD_2"}, {"recordingName": "HI_S3_WD_4.mp3", "isCorrect": true, "que_text": "मैना", "noOfMistakes": "0", "que_id": "HI_S3_WD_4"}, {"recordingName": "HI_S3_WD_5.mp3", "isCorrect": true, "que_text": "देर", "noOfMistakes": "0", "que_id": "HI_S3_WD_5"}, {"recordingName": "HI_S3_CL_0.mp3", "isCorrect": true, "que_text": "C", "noOfMistakes": "1", "que_id": "HI_S3_CL_0"}, {"recordingName": "HI_S3_CL_4.mp3", "isCorrect": true, "que_text": "F", "noOfMistakes": "1", "que_id": "HI_S3_CL_4"}, {"recordingName": "HI_S3_CL_2.mp3", "isCorrect": true, "que_text": "S", "noOfMistakes": "1", "que_id": "HI_S3_CL_2"}, {"recordingName": "HI_S3_CL_5.mp3", "isCorrect": false, "que_text": "W", "noOfMistakes": "1", "que_id": "HI_S3_CL_5"}, {"recordingName": "HI_S3_CL_1.mp3", "isCorrect": true, "que_text": "K", "noOfMistakes": "1", "que_id": "HI_S3_CL_1"}, {"recordingName": "HI_S3_SL_3.mp3", "isCorrect": false, "que_text": "v", "noOfMistakes": "2", "que_id": "HI_S3_SL_3"}, {"recordingName": "HI_S3_SL_1.mp3", "isCorrect": true, "que_text": "p", "noOfMistakes": "2", "que_id": "HI_S3_SL_1"}, {"recordingName": "HI_S3_SL_2.mp3", "isCorrect": true, "que_text": "g", "noOfMistakes": "2", "que_id": "HI_S3_SL_2"}, {"recordingName": "HI_S3_SL_4.mp3", "isCorrect": true, "que_text": "e", "noOfMistakes": "2", "que_id": "HI_S3_SL_4"}, {"recordingName": "HI_S3_SL_7.mp3", "isCorrect": false, "que_text": "b", "noOfMistakes": "2", "que_id": "HI_S3_SL_7"}], "englishProficiency": "Capital letter", "studClass": "2", "deviceID": "c66208a6b7100eb2", "ageGroup": "7-10 years", "nativeProficiency": "Word"}