{"sequenceList": [{"recordingName": "HI_S3_P_1.mp3", "isCorrect": false, "que_text": "काले बादल छाए हैं। तेज़ बारिश हो रही है। मोर भी नाच रहा है। सब नाच देख रहे हैं।", "noOfMistakes": "200", "que_id": "HI_S3_P_1"}, {"recordingName": "HI_S3_WD_6.mp3", "isCorrect": true, "que_text": "रोटी", "noOfMistakes": "0", "que_id": "HI_S3_WD_6"}, {"recordingName": "HI_S3_WD_2.mp3", "isCorrect": true, "que_text": "चूहा", "noOfMistakes": "0", "que_id": "HI_S3_WD_2"}, {"recordingName": "HI_S3_WD_5.mp3", "isCorrect": true, "que_text": "देर", "noOfMistakes": "0", "que_id": "HI_S3_WD_5"}, {"recordingName": "HI_S3_WD_4.mp3", "isCorrect": true, "que_text": "मैना", "noOfMistakes": "0", "que_id": "HI_S3_WD_4"}, {"recordingName": "HI_S3_WD_1.mp3", "isCorrect": true, "que_text": "तोता", "noOfMistakes": "0", "que_id": "HI_S3_WD_1"}, {"answer": "-", "isCorrect": false, "que_text": "66 - 49", "noOfMistakes": "2", "que_id": "HI_S3_SB_7"}, {"answer": "-", "isCorrect": false, "que_text": "64 - 39", "noOfMistakes": "2", "que_id": "HI_S3_SB_1"}, {"recordingName": "HI_S3_DD_1.mp3", "isCorrect": true, "que_text": "83", "noOfMistakes": "0", "que_id": "HI_S3_DD_1"}, {"recordingName": "HI_S3_DD_4.mp3", "isCorrect": true, "que_text": "55", "noOfMistakes": "0", "que_id": "HI_S3_DD_4"}, {"recordingName": "HI_S3_DD_6.mp3", "isCorrect": true, "que_text": "91", "noOfMistakes": "0", "que_id": "HI_S3_DD_6"}, {"recordingName": "HI_S3_DD_9.mp3", "isCorrect": true, "que_text": "43", "noOfMistakes": "0", "que_id": "HI_S3_DD_9"}, {"recordingName": "HI_S3_DD_8.mp3", "isCorrect": true, "que_text": "36", "noOfMistakes": "0", "que_id": "HI_S3_DD_8"}, {"recordingName": "HI_S3_CL_2.mp3", "isCorrect": true, "que_text": "S", "noOfMistakes": "0", "que_id": "HI_S3_CL_2"}, {"recordingName": "HI_S3_CL_5.mp3", "isCorrect": true, "que_text": "W", "noOfMistakes": "0", "que_id": "HI_S3_CL_5"}, {"recordingName": "HI_S3_CL_4.mp3", "isCorrect": true, "que_text": "F", "noOfMistakes": "0", "que_id": "HI_S3_CL_4"}, {"recordingName": "HI_S3_CL_1.mp3", "isCorrect": true, "que_text": "K", "noOfMistakes": "0", "que_id": "HI_S3_CL_1"}, {"recordingName": "HI_S3_CL_7.mp3", "isCorrect": true, "que_text": "Z", "noOfMistakes": "0", "que_id": "HI_S3_CL_7"}, {"recordingName": "HI_S3_SL_1.mp3", "isCorrect": true, "que_text": "p", "noOfMistakes": "0", "que_id": "HI_S3_SL_1"}, {"recordingName": "HI_S3_SL_2.mp3", "isCorrect": true, "que_text": "g", "noOfMistakes": "0", "que_id": "HI_S3_SL_2"}, {"recordingName": "HI_S3_SL_5.mp3", "isCorrect": true, "que_text": "j", "noOfMistakes": "0", "que_id": "HI_S3_SL_5"}, {"recordingName": "HI_S3_SL_4.mp3", "isCorrect": true, "que_text": "e", "noOfMistakes": "0", "que_id": "HI_S3_SL_4"}, {"recordingName": "HI_S3_SL_7.mp3", "isCorrect": true, "que_text": "b", "noOfMistakes": "0", "que_id": "HI_S3_SL_7"}, {"recordingName": "HI_S3_W_1.mp3", "isCorrect": true, "que_text": "old", "noOfMistakes": "2", "que_id": "HI_S3_W_1"}, {"recordingName": "HI_S3_W_2.mp3", "isCorrect": false, "que_text": "sit", "noOfMistakes": "2", "que_id": "HI_S3_W_2"}, {"recordingName": "HI_S3_W_5.mp3", "isCorrect": false, "que_text": "bag", "noOfMistakes": "2", "que_id": "HI_S3_W_5"}, {"recordingName": "HI_S3_W_4.mp3", "isCorrect": true, "que_text": "fox", "noOfMistakes": "2", "que_id": "HI_S3_W_4"}, {"recordingName": "HI_S3_W_3.mp3", "isCorrect": true, "que_text": "run", "noOfMistakes": "2", "que_id": "HI_S3_W_3"}], "englishProficiency": "Small letter", "studClass": "1", "date": "Tue Jul 23 18:19:10 IST 2019", "mathematicsProficiency": "Double digit", "deviceID": "c66208a6b7100eb2", "ageGroup": "5-7 years", "nativeProficiency": "Word"}