{"englishProficiency": "Beginner", "sequenceList": [{"que_text": "ह", "noOfMistakes": "4", "que_id": "HI_S2_L_6", "isCorrect": true, "recordingName": "HI_S2_L_6.mp3"}, {"que_text": "म", "noOfMistakes": "4", "que_id": "HI_S2_L_8", "isCorrect": false, "recordingName": "HI_S2_L_8.mp3"}, {"que_text": "ब", "noOfMistakes": "4", "que_id": "HI_S2_L_3", "isCorrect": false, "recordingName": "HI_S2_L_3.mp3"}, {"que_text": "थ", "noOfMistakes": "4", "que_id": "HI_S2_L_5", "isCorrect": false, "recordingName": "HI_S2_L_5.mp3"}, {"que_text": "ल", "noOfMistakes": "4", "que_id": "HI_S2_L_4", "isCorrect": false, "recordingName": "HI_S2_L_4.mp3"}, {"que_text": "B", "noOfMistakes": "4", "que_id": "HI_S2_CL_0", "isCorrect": true, "recordingName": "HI_S2_CL_0.mp3"}, {"que_text": "P", "noOfMistakes": "4", "que_id": "HI_S2_CL_6", "isCorrect": false, "recordingName": "HI_S2_CL_6.mp3"}, {"que_text": "M", "noOfMistakes": "4", "que_id": "HI_S2_CL_5", "isCorrect": false, "recordingName": "HI_S2_CL_5.mp3"}, {"que_text": "R", "noOfMistakes": "4", "que_id": "HI_S2_CL_2", "isCorrect": false, "recordingName": "HI_S2_CL_2.mp3"}, {"que_text": "H", "noOfMistakes": "4", "que_id": "HI_S2_CL_1", "isCorrect": false, "recordingName": "HI_S2_CL_1.mp3"}], "deviceID": "2a9f2255e7bf28d9", "ageGroup": "7-10 years", "studClass": "2", "nativeProficiency": "Beginner", "date": "Thu Sep 19 17:58:20 GMT+05:30 2019"}