{"sequenceList": [{"recordingName": "HI_S2_L_6.mp3", "isCorrect": true, "que_text": "ह", "noOfMistakes": "4", "que_id": "HI_S2_L_6"}, {"recordingName": "HI_S2_L_8.mp3", "isCorrect": false, "que_text": "म", "noOfMistakes": "4", "que_id": "HI_S2_L_8"}, {"recordingName": "HI_S2_L_3.mp3", "isCorrect": false, "que_text": "ब", "noOfMistakes": "4", "que_id": "HI_S2_L_3"}, {"recordingName": "HI_S2_L_5.mp3", "isCorrect": false, "que_text": "थ", "noOfMistakes": "4", "que_id": "HI_S2_L_5"}, {"recordingName": "HI_S2_L_4.mp3", "isCorrect": false, "que_text": "ल", "noOfMistakes": "4", "que_id": "HI_S2_L_4"}, {"recordingName": "HI_S2_SD_0.mp3", "isCorrect": true, "que_text": "2", "noOfMistakes": "0", "que_id": "HI_S2_SD_0"}, {"recordingName": "HI_S2_SD_3.mp3", "isCorrect": true, "que_text": "5", "noOfMistakes": "0", "que_id": "HI_S2_SD_3"}, {"recordingName": "HI_S2_SD_7.mp3", "isCorrect": true, "que_text": "1", "noOfMistakes": "0", "que_id": "HI_S2_SD_7"}, {"recordingName": "HI_S2_SD_5.mp3", "isCorrect": true, "que_text": "8", "noOfMistakes": "0", "que_id": "HI_S2_SD_5"}, {"recordingName": "HI_S2_SD_2.mp3", "isCorrect": true, "que_text": "3", "noOfMistakes": "0", "que_id": "HI_S2_SD_2"}, {"recordingName": "HI_S2_CL_0.mp3", "isCorrect": true, "que_text": "B", "noOfMistakes": "4", "que_id": "HI_S2_CL_0"}, {"recordingName": "HI_S2_CL_6.mp3", "isCorrect": false, "que_text": "P", "noOfMistakes": "4", "que_id": "HI_S2_CL_6"}, {"recordingName": "HI_S2_CL_5.mp3", "isCorrect": false, "que_text": "M", "noOfMistakes": "4", "que_id": "HI_S2_CL_5"}, {"recordingName": "HI_S2_CL_2.mp3", "isCorrect": false, "que_text": "R", "noOfMistakes": "4", "que_id": "HI_S2_CL_2"}, {"recordingName": "HI_S2_CL_1.mp3", "isCorrect": false, "que_text": "H", "noOfMistakes": "4", "que_id": "HI_S2_CL_1"}], "englishProficiency": "Beginner", "studClass": "2", "date": "Thu Sep 19 17:58:20 GMT+05:30 2019", "mathematicsProficiency": "Single digit", "deviceID": "2a9f2255e7bf28d9", "ageGroup": "7-10 years", "nativeProficiency": "Beginner"}