{"englishProficiency": "Capital letter", "sequenceList": [{"que_text": "गाना", "noOfMistakes": "0", "que_id": "HI_S1_WD_0", "isCorrect": true, "recordingName": "HI_S1_WD_0.mp3"}, {"que_text": "खुश", "noOfMistakes": "0", "que_id": "HI_S1_WD_1", "isCorrect": true, "recordingName": "HI_S1_WD_1.mp3"}, {"que_text": "पैर", "noOfMistakes": "0", "que_id": "HI_S1_WD_3", "isCorrect": true, "recordingName": "HI_S1_WD_3.mp3"}, {"que_text": "धूप", "noOfMistakes": "0", "que_id": "HI_S1_WD_6", "isCorrect": true, "recordingName": "HI_S1_WD_6.mp3"}, {"que_text": "किला", "noOfMistakes": "0", "que_id": "HI_S1_WD_7", "isCorrect": true, "recordingName": "HI_S1_WD_7.mp3"}, {"que_text": "A", "noOfMistakes": "0", "que_id": "HI_S1_CL_0", "isCorrect": true, "recordingName": "HI_S1_CL_0.mp3"}, {"que_text": "E", "noOfMistakes": "0", "que_id": "HI_S1_CL_4", "isCorrect": true, "recordingName": "HI_S1_CL_4.mp3"}, {"que_text": "R", "noOfMistakes": "0", "que_id": "HI_S1_CL_3", "isCorrect": true, "recordingName": "HI_S1_CL_3.mp3"}, {"que_text": "J", "noOfMistakes": "0", "que_id": "HI_S1_CL_1", "isCorrect": true, "recordingName": "HI_S1_CL_1.mp3"}, {"que_text": "O", "noOfMistakes": "0", "que_id": "HI_S1_CL_7", "isCorrect": true, "recordingName": "HI_S1_CL_7.mp3"}, {"que_text": "h", "noOfMistakes": "5", "que_id": "HI_S1_SL_0", "isCorrect": false, "recordingName": "HI_S1_SL_0.mp3"}, {"que_text": "m", "noOfMistakes": "5", "que_id": "HI_S1_SL_4", "isCorrect": false, "recordingName": "HI_S1_SL_4.mp3"}, {"que_text": "t", "noOfMistakes": "5", "que_id": "HI_S1_SL_7", "isCorrect": false, "recordingName": "HI_S1_SL_7.mp3"}, {"que_text": "g", "noOfMistakes": "5", "que_id": "HI_S1_SL_6", "isCorrect": false, "recordingName": "HI_S1_SL_6.mp3"}, {"que_text": "u", "noOfMistakes": "5", "que_id": "HI_S1_SL_3", "isCorrect": false, "recordingName": "HI_S1_SL_3.mp3"}], "deviceID": "c66208a6b7100eb2", "ageGroup": "7-10 years", "studClass": "2", "nativeProficiency": "Word", "date": "Wed Aug 28 16:32:06 IST 2019"}