{"englishProficiency": "Beginner", "sequenceList": [{"que_text": "आज रविवार आहे. शाळेला रजा आहे. तरी आज सकाळी मला लवकर जाग आली.", "noOfMistakes": "200", "que_id": "MR_S1_P_1", "isCorrect": false, "recordingName": "MR_S1_P_1.mp3"}, {"que_text": "बस", "noOfMistakes": "1", "que_id": "MR_S1_WD_1", "isCorrect": true, "recordingName": "MR_S1_WD_1.mp3"}, {"que_text": "दिवा", "noOfMistakes": "1", "que_id": "HI_S1_WD_4", "isCorrect": true, "recordingName": "HI_S1_WD_4.mp3"}, {"que_text": "गरम", "noOfMistakes": "1", "que_id": "HI_S1_WD_2", "isCorrect": true, "recordingName": "HI_S1_WD_2.mp3"}, {"que_text": "समई", "noOfMistakes": "1", "que_id": "MR_S1_WD_0", "isCorrect": true, "recordingName": "MR_S1_WD_0.mp3"}, {"que_text": "मोती", "noOfMistakes": "1", "que_id": "HI_S1_WD_5", "isCorrect": false, "recordingName": "HI_S1_WD_5.mp3"}, {"que_text": "A", "noOfMistakes": "3", "que_id": "MR_S1_CL_0", "isCorrect": false, "recordingName": "MR_S1_CL_0.mp3"}, {"que_text": "R", "noOfMistakes": "3", "que_id": "MR_S1_CL_3", "isCorrect": false, "recordingName": "MR_S1_CL_3.mp3"}, {"que_text": "N", "noOfMistakes": "3", "que_id": "MR_S1_CL_6", "isCorrect": false, "recordingName": "MR_S1_CL_6.mp3"}], "deviceID": "3ebaa9d14abd9a0f", "ageGroup": "7-10 years", "studClass": "4", "nativeProficiency": "Word", "date": "Tue Jul 16 15:27:53 GMT+05:30 2019"}