{"sequenceList": [{"recordingName": "HI_S1_P_1.mp3", "isCorrect": false, "que_text": " माँ ने हलवा बनाया। वह बहुत मीठा था। उसे सोनी ने खाया। खाने के बाद वह सो गई।", "noOfMistakes": "200", "que_id": "HI_S1_P_1"}, {"recordingName": "HI_S1_L_8.mp3", "isCorrect": true, "que_text": "क", "noOfMistakes": "0", "que_id": "HI_S1_L_8"}, {"recordingName": "HI_S1_L_5.mp3", "isCorrect": true, "que_text": "ल", "noOfMistakes": "0", "que_id": "HI_S1_L_5"}, {"recordingName": "HI_S1_L_7.mp3", "isCorrect": true, "que_text": "न", "noOfMistakes": "0", "que_id": "HI_S1_L_7"}, {"recordingName": "HI_S1_L_0.mp3", "isCorrect": true, "que_text": "म", "noOfMistakes": "0", "que_id": "HI_S1_L_0"}, {"recordingName": "HI_S1_L_6.mp3", "isCorrect": true, "que_text": "ब", "noOfMistakes": "0", "que_id": "HI_S1_L_6"}, {"answer": "-", "isCorrect": false, "que_text": "67 - 48", "noOfMistakes": "2", "que_id": "HI_S1_SB_1"}, {"answer": "-", "isCorrect": false, "que_text": "31 - 13", "noOfMistakes": "2", "que_id": "HI_S1_SB_5"}, {"recordingName": "HI_S1_SD_1.mp3", "isCorrect": true, "que_text": "7", "noOfMistakes": "0", "que_id": "HI_S1_SD_1"}, {"recordingName": "HI_S1_SD_5.mp3", "isCorrect": true, "que_text": "9", "noOfMistakes": "0", "que_id": "HI_S1_SD_5"}, {"recordingName": "HI_S1_SD_4.mp3", "isCorrect": true, "que_text": "8", "noOfMistakes": "0", "que_id": "HI_S1_SD_4"}, {"recordingName": "HI_S1_SD_6.mp3", "isCorrect": true, "que_text": "5", "noOfMistakes": "0", "que_id": "HI_S1_SD_6"}, {"recordingName": "HI_S1_SD_3.mp3", "isCorrect": true, "que_text": "4", "noOfMistakes": "0", "que_id": "HI_S1_SD_3"}, {"recordingName": "HI_S1_CL_1.mp3", "isCorrect": true, "que_text": "J", "noOfMistakes": "0", "que_id": "HI_S1_CL_1"}, {"recordingName": "HI_S1_CL_2.mp3", "isCorrect": true, "que_text": "Q", "noOfMistakes": "0", "que_id": "HI_S1_CL_2"}, {"recordingName": "HI_S1_CL_5.mp3", "isCorrect": true, "que_text": "Y", "noOfMistakes": "0", "que_id": "HI_S1_CL_5"}, {"recordingName": "HI_S1_CL_4.mp3", "isCorrect": true, "que_text": "E", "noOfMistakes": "0", "que_id": "HI_S1_CL_4"}, {"recordingName": "HI_S1_CL_7.mp3", "isCorrect": true, "que_text": "O", "noOfMistakes": "0", "que_id": "HI_S1_CL_7"}, {"recordingName": "HI_S1_SL_1.mp3", "isCorrect": false, "que_text": "p", "noOfMistakes": "4", "que_id": "HI_S1_SL_1"}, {"recordingName": "HI_S1_SL_5.mp3", "isCorrect": false, "que_text": "d", "noOfMistakes": "4", "que_id": "HI_S1_SL_5"}, {"recordingName": "HI_S1_SL_2.mp3", "isCorrect": true, "que_text": "x", "noOfMistakes": "4", "que_id": "HI_S1_SL_2"}, {"recordingName": "HI_S1_SL_4.mp3", "isCorrect": false, "que_text": "m", "noOfMistakes": "4", "que_id": "HI_S1_SL_4"}, {"recordingName": "HI_S1_SL_7.mp3", "isCorrect": false, "que_text": "t", "noOfMistakes": "4", "que_id": "HI_S1_SL_7"}], "englishProficiency": "Capital letter", "studClass": "1", "date": "Thu Aug 22 15:48:32 IST 2019", "mathematicsProficiency": "Single digit", "deviceID": "c66208a6b7100eb2", "ageGroup": "less than 5 years", "nativeProficiency": "Letter"}