{"englishProficiency": "word", "sequenceList": [{"que_text": "सोनी के पास एक माला है। उसमें बहुत सारे मोती हैं। मोती पीले रंग के हैं। सोनी उसे पहनती है।", "noOfMistakes": "200", "que_id": "HI_S2_P_0", "recordingName": "HI_S2_P_0.mp3", "isCorrect": false}, {"que_text": "हीरा", "noOfMistakes": "3", "que_id": "HI_S1_WD_0", "recordingName": "HI_S1_WD_0.mp3", "isCorrect": false}, {"que_text": "कैसा", "noOfMistakes": "3", "que_id": "HI_S1_WD_1", "recordingName": "HI_S1_WD_1.mp3", "isCorrect": true}, {"que_text": "शेर", "noOfMistakes": "3", "que_id": "HI_S1_WD_2", "recordingName": "HI_S1_WD_2.mp3", "isCorrect": false}, {"que_text": "नानी", "noOfMistakes": "3", "que_id": "HI_S1_WD_3", "recordingName": "HI_S1_WD_3.mp3", "isCorrect": true}, {"que_text": "भालू", "noOfMistakes": "3", "que_id": "HI_S1_WD_4", "recordingName": "HI_S1_WD_4.mp3", "isCorrect": false}, {"que_text": "द", "noOfMistakes": "0", "que_id": "HI_S2_L_0", "recordingName": "HI_S2_L_0.mp3", "isCorrect": true}, {"que_text": "क", "noOfMistakes": "0", "que_id": "HI_S2_L_1", "recordingName": "HI_S2_L_1.mp3", "isCorrect": true}, {"que_text": "थ", "noOfMistakes": "0", "que_id": "HI_S2_L_5", "recordingName": "HI_S2_L_5.mp3", "isCorrect": true}, {"que_text": "च", "noOfMistakes": "0", "que_id": "HI_S2_L_2", "recordingName": "HI_S2_L_2.mp3", "isCorrect": true}, {"que_text": "ल", "noOfMistakes": "0", "que_id": "HI_S2_L_4", "recordingName": "HI_S2_L_4.mp3", "isCorrect": true}, {"que_text": "B", "noOfMistakes": "1", "que_id": "HI_S2_CL_0", "recordingName": "HI_S2_CL_0.mp3", "isCorrect": true}, {"que_text": "H", "noOfMistakes": "1", "que_id": "HI_S2_CL_1", "recordingName": "HI_S2_CL_1.mp3", "isCorrect": true}, {"que_text": "R", "noOfMistakes": "1", "que_id": "HI_S2_CL_2", "recordingName": "HI_S2_CL_2.mp3", "isCorrect": true}, {"que_text": "L", "noOfMistakes": "1", "que_id": "HI_S2_CL_3", "recordingName": "HI_S2_CL_3.mp3", "isCorrect": true}, {"que_text": "V", "noOfMistakes": "1", "que_id": "HI_S2_CL_4", "recordingName": "HI_S2_CL_4.mp3", "isCorrect": false}, {"que_text": "z", "noOfMistakes": "0", "que_id": "HI_S2_SL_0", "recordingName": "HI_S2_SL_0.mp3", "isCorrect": true}, {"que_text": "j", "noOfMistakes": "0", "que_id": "HI_S2_SL_1", "recordingName": "HI_S2_SL_1.mp3", "isCorrect": true}, {"que_text": "o", "noOfMistakes": "0", "que_id": "HI_S2_SL_2", "recordingName": "HI_S2_SL_2.mp3", "isCorrect": true}, {"que_text": "w", "noOfMistakes": "0", "que_id": "HI_S2_SL_3", "recordingName": "HI_S2_SL_3.mp3", "isCorrect": true}, {"que_text": "g", "noOfMistakes": "0", "que_id": "HI_S2_SL_4", "recordingName": "HI_S2_SL_4.mp3", "isCorrect": true}, {"que_text": "rat", "noOfMistakes": "0", "que_id": "HI_S2_W_0", "recordingName": "HI_S2_W_0.mp3", "isCorrect": true}, {"que_text": "hot", "noOfMistakes": "0", "que_id": "HI_S2_W_1", "recordingName": "HI_S2_W_1.mp3", "isCorrect": true}, {"que_text": "big", "noOfMistakes": "0", "que_id": "HI_S2_W_2", "recordingName": "HI_S2_W_2.mp3", "isCorrect": true}, {"que_text": "cow", "noOfMistakes": "0", "que_id": "HI_S2_W_3", "recordingName": "HI_S2_W_3.mp3", "isCorrect": true}, {"que_text": "man", "noOfMistakes": "0", "que_id": "HI_S2_W_4", "recordingName": "HI_S2_W_4.mp3", "isCorrect": true}, {"que_text": "What is the time?", "noOfMistakes": "200", "que_id": "HI_S2_S_0", "recordingName": "HI_S2_S_0.mp3", "isCorrect": false}, {"que_text": "This is a red ball.", "noOfMistakes": "200", "que_id": "HI_S2_S_1", "recordingName": "HI_S2_S_1.mp3", "isCorrect": false}, {"que_text": "I like to play.", "noOfMistakes": "200", "que_id": "HI_S2_S_2", "recordingName": "HI_S2_S_2.mp3", "isCorrect": false}, {"que_text": "I have a small house.", "noOfMistakes": "200", "que_id": "HI_S2_S_3", "recordingName": "HI_S2_S_3.mp3", "isCorrect": false}], "deviceID": "6229de39a5586c00", "ageGroup": "5-7 years", "studClass": "1", "date": "Tue Sep 10 17:44:28 IST 2019", "nativeProficiency": "Letter"}