{"sequenceList": [{"recordingName": "MH_S2_L_4.mp3", "isCorrect": false, "que_text": "स", "noOfMistakes": "2", "que_id": "MH_S2_L_4"}, {"recordingName": "MH_S2_L_5.mp3", "isCorrect": true, "que_text": "क", "noOfMistakes": "2", "que_id": "MH_S2_L_5"}, {"recordingName": "MH_S2_L_7.mp3", "isCorrect": false, "que_text": "छ", "noOfMistakes": "2", "que_id": "MH_S2_L_7"}, {"recordingName": "MR_S2_DD_4.mp3", "isCorrect": false, "que_text": "34", "noOfMistakes": "1", "que_id": "MR_S2_DD_4"}, {"recordingName": "MR_S2_SD_0.mp3", "isCorrect": true, "que_text": "2", "noOfMistakes": "1", "que_id": "MR_S2_SD_0"}, {"recordingName": "MR_S2_SD_7.mp3", "isCorrect": true, "que_text": "1", "noOfMistakes": "1", "que_id": "MR_S2_SD_7"}, {"recordingName": "MR_S2_SD_3.mp3", "isCorrect": true, "que_text": "5", "noOfMistakes": "1", "que_id": "MR_S2_SD_3"}, {"recordingName": "MR_S2_SD_4.mp3", "isCorrect": false, "que_text": "9", "noOfMistakes": "1", "que_id": "MR_S2_SD_4"}, {"recordingName": "MR_S2_SD_5.mp3", "isCorrect": true, "que_text": "8", "noOfMistakes": "1", "que_id": "MR_S2_SD_5"}, {"recordingName": "MR_S2_CL_1.mp3", "isCorrect": false, "que_text": "H", "noOfMistakes": "3", "que_id": "MR_S2_CL_1"}, {"recordingName": "MR_S2_CL_4.mp3", "isCorrect": false, "que_text": "V", "noOfMistakes": "3", "que_id": "MR_S2_CL_4"}, {"recordingName": "MR_S2_CL_7.mp3", "isCorrect": true, "que_text": "F", "noOfMistakes": "3", "que_id": "MR_S2_CL_7"}, {"recordingName": "MR_S2_CL_5.mp3", "isCorrect": false, "que_text": "M", "noOfMistakes": "3", "que_id": "MR_S2_CL_5"}], "englishProficiency": "Beginner", "studClass": "2", "date": "Thu Aug 22 15:52:36 GMT+05:30 2019", "mathematicsProficiency": "Single digit", "deviceID": "3ebaa9d14abd9a0f", "ageGroup": "7-10 years", "nativeProficiency": "Beginner"}