{"sequenceList": [{"recordingName": "MR_S1_WD_1.mp3", "isCorrect": false, "que_text": "बस", "noOfMistakes": "2", "que_id": "MR_S1_WD_1"}, {"recordingName": "MR_S1_WD_0.mp3", "isCorrect": false, "que_text": "समई", "noOfMistakes": "2", "que_id": "MR_S1_WD_0"}, {"recordingName": "MR_S1_L_1.mp3", "isCorrect": false, "que_text": "प", "noOfMistakes": "2", "que_id": "MR_S1_L_1"}, {"recordingName": "MR_S1_L_4.mp3", "isCorrect": false, "que_text": "य", "noOfMistakes": "2", "que_id": "MR_S1_L_4"}, {"recordingName": "MR_S1_SD_7.mp3", "isCorrect": false, "que_text": "1", "noOfMistakes": "2", "que_id": "MR_S1_SD_7"}, {"recordingName": "MR_S1_SD_1.mp3", "isCorrect": false, "que_text": "7", "noOfMistakes": "2", "que_id": "MR_S1_SD_1"}, {"recordingName": "MH_S1_CL_1.mp3", "isCorrect": false, "que_text": "J", "noOfMistakes": "2", "que_id": "MH_S1_CL_1"}, {"recordingName": "MR_S1_CL_7.mp3", "isCorrect": false, "que_text": "O", "noOfMistakes": "2", "que_id": "MR_S1_CL_7"}], "englishProficiency": "Beginner", "studClass": "2", "date": "Thu Aug 29 18:04:45 GMT+05:30 2019", "mathematicsProficiency": "Beginner", "deviceID": "3ebaa9d14abd9a0f", "ageGroup": "7-10 years", "nativeProficiency": "Beginner"}