{"sequenceList": [{"recordingName": "HI_S3_WD_0.mp3", "isCorrect": true, "que_text": "नाक", "noOfMistakes": "4", "que_id": "HI_S3_WD_0"}, {"recordingName": "HI_S3_WD_4.mp3", "isCorrect": false, "que_text": "मैना", "noOfMistakes": "4", "que_id": "HI_S3_WD_4"}, {"recordingName": "HI_S3_WD_3.mp3", "isCorrect": false, "que_text": "धुन", "noOfMistakes": "4", "que_id": "HI_S3_WD_3"}, {"recordingName": "HI_S3_WD_7.mp3", "isCorrect": false, "que_text": "पीला", "noOfMistakes": "4", "que_id": "HI_S3_WD_7"}, {"recordingName": "HI_S3_WD_6.mp3", "isCorrect": false, "que_text": "रोटी", "noOfMistakes": "4", "que_id": "HI_S3_WD_6"}, {"recordingName": "HI_S3_L_0.mp3", "isCorrect": true, "que_text": "द", "noOfMistakes": "0", "que_id": "HI_S3_L_0"}, {"recordingName": "HI_S3_L_4.mp3", "isCorrect": true, "que_text": "ल", "noOfMistakes": "0", "que_id": "HI_S3_L_4"}, {"recordingName": "HI_S3_L_3.mp3", "isCorrect": true, "que_text": "ब", "noOfMistakes": "0", "que_id": "HI_S3_L_3"}, {"recordingName": "HI_S3_L_7.mp3", "isCorrect": true, "que_text": "त", "noOfMistakes": "0", "que_id": "HI_S3_L_7"}, {"recordingName": "HI_S3_L_1.mp3", "isCorrect": true, "que_text": "क", "noOfMistakes": "0", "que_id": "HI_S3_L_1"}, {"recordingName": "HI_S3_SD_0.mp3", "isCorrect": true, "que_text": "1", "noOfMistakes": "0", "que_id": "HI_S3_SD_0"}, {"recordingName": "HI_S3_SD_1.mp3", "isCorrect": true, "que_text": "4", "noOfMistakes": "0", "que_id": "HI_S3_SD_1"}, {"recordingName": "HI_S3_SD_3.mp3", "isCorrect": true, "que_text": "3", "noOfMistakes": "0", "que_id": "HI_S3_SD_3"}, {"recordingName": "HI_S3_SD_4.mp3", "isCorrect": true, "que_text": "6", "noOfMistakes": "0", "que_id": "HI_S3_SD_4"}, {"recordingName": "HI_S3_SD_7.mp3", "isCorrect": true, "que_text": "2", "noOfMistakes": "0", "que_id": "HI_S3_SD_7"}, {"recordingName": "HI_S3_DD_0.mp3", "isCorrect": false, "que_text": "52", "noOfMistakes": "5", "que_id": "HI_S3_DD_0"}, {"recordingName": "HI_S3_DD_1.mp3", "isCorrect": false, "que_text": "83", "noOfMistakes": "5", "que_id": "HI_S3_DD_1"}, {"recordingName": "HI_S3_DD_4.mp3", "isCorrect": false, "que_text": "55", "noOfMistakes": "5", "que_id": "HI_S3_DD_4"}, {"recordingName": "HI_S3_DD_3.mp3", "isCorrect": false, "que_text": "27", "noOfMistakes": "5", "que_id": "HI_S3_DD_3"}, {"recordingName": "HI_S3_DD_7.mp3", "isCorrect": false, "que_text": "65", "noOfMistakes": "5", "que_id": "HI_S3_DD_7"}, {"recordingName": "HI_S3_CL_0.mp3", "isCorrect": true, "que_text": "C", "noOfMistakes": "4", "que_id": "HI_S3_CL_0"}, {"recordingName": "HI_S3_CL_4.mp3", "isCorrect": false, "que_text": "F", "noOfMistakes": "4", "que_id": "HI_S3_CL_4"}, {"recordingName": "HI_S3_CL_6.mp3", "isCorrect": false, "que_text": "O", "noOfMistakes": "4", "que_id": "HI_S3_CL_6"}, {"recordingName": "HI_S3_CL_3.mp3", "isCorrect": false, "que_text": "Q", "noOfMistakes": "4", "que_id": "HI_S3_CL_3"}, {"recordingName": "HI_S3_CL_7.mp3", "isCorrect": false, "que_text": "Z", "noOfMistakes": "4", "que_id": "HI_S3_CL_7"}], "englishProficiency": "Beginner", "studClass": "2", "date": "Tue Aug 27 17:02:50 IST 2019", "mathematicsProficiency": "Single digit", "deviceID": "c66208a6b7100eb2", "ageGroup": "7-10 years", "nativeProficiency": "Letter"}