{"englishProficiency": "Test was not complete", "sequenceList": [{"que_text": "Where is your house?", "noOfMistakes": "0", "que_id": "HI_S1_S_0", "isCorrect": true, "recordingName": "HI_S1_S_0.mp3"}, {"que_text": "This is a small bag.", "noOfMistakes": "0", "que_id": "HI_S1_S_1", "isCorrect": true, "recordingName": "HI_S1_S_1.mp3"}, {"que_text": "I like to read.", "noOfMistakes": "0", "que_id": "HI_S1_S_2", "isCorrect": true, "recordingName": "HI_S1_S_2.mp3"}], "deviceID": "17b1282ff4cdac0a", "ageGroup": "12-15 years", "studClass": "8", "date": "Thu Sep 05 15:00:27 IST 2019", "nativeProficiency": "Test was not complete"}