{"date": "Thu Sep 05 15:00:27 IST 2019", "sequenceList": [{"recordingName": "HI_S1_S_0.mp3", "isCorrect": true, "que_text": "Where is your house?", "noOfMistakes": "0", "que_id": "HI_S1_S_0"}, {"recordingName": "HI_S1_S_1.mp3", "isCorrect": true, "que_text": "This is a small bag.", "noOfMistakes": "0", "que_id": "HI_S1_S_1"}, {"recordingName": "HI_S1_S_2.mp3", "isCorrect": true, "que_text": "I like to read.", "noOfMistakes": "0", "que_id": "HI_S1_S_2"}], "englishProficiency": "Test was not complete", "studClass": "8", "deviceID": "17b1282ff4cdac0a", "ageGroup": "12-15 years", "nativeProficiency": "Test was not complete"}