{"englishProficiency": "Sentence", "sequenceList": [{"que_text": "आज रविवार आहे. शाळेला रजा आहे. तरी आज सकाळी मला लवकर जाग आली.", "noOfMistakes": "0", "que_id": "MR_S1_P_1", "isCorrect": true, "recordingName": "MR_S1_P_1.mp3"}, {"que_text": "cat", "noOfMistakes": "2", "que_id": "MR_S1_W_0", "isCorrect": false, "recordingName": "MR_S1_W_0.mp3"}, {"que_text": "red", "noOfMistakes": "2", "que_id": "MR_S1_W_1", "isCorrect": true, "recordingName": "MR_S1_W_1.mp3"}, {"que_text": "new", "noOfMistakes": "2", "que_id": "MR_S1_W_3", "isCorrect": false, "recordingName": "MR_S1_W_3.mp3"}, {"que_text": "bus", "noOfMistakes": "2", "que_id": "MR_S1_W_5", "isCorrect": true, "recordingName": "MR_S1_W_5.mp3"}, {"que_text": "What is the time?", "noOfMistakes": "0", "que_id": "MR_S1_S_0", "isCorrect": true, "recordingName": "MR_S1_S_0.mp3"}, {"que_text": "This is a large house.", "noOfMistakes": "2", "que_id": "MR_S1_S_1", "isCorrect": false, "recordingName": "MR_S1_S_1.mp3"}, {"que_text": "I like to read.", "noOfMistakes": "0", "que_id": "MR_S1_S_2", "isCorrect": true, "recordingName": "MR_S1_S_2.mp3"}, {"que_text": "She has many books.", "noOfMistakes": "200", "que_id": "MR_S1_S_3", "isCorrect": false, "recordingName": "MR_S1_S_3.mp3"}], "deviceID": "47f79a194bb31395", "ageGroup": "10-12 years", "studClass": "5", "date": "Fri Sep 06 10:13:20 GMT+05:30 2019", "nativeProficiency": "Paragraph"}