{"englishProficiency": "Beginner", "sequenceList": [{"que_text": " राधा के पास एक तोता है। उसकी चोंच लाल है। वह बहुत बोलता है। सब को हँसाता है।", "noOfMistakes": "200", "que_id": "HI_S1_P_0", "recordingName": "HI_S1_P_0.mp3", "isCorrect": false}, {"que_text": "र", "noOfMistakes": "0", "que_id": "HI_S1_L_1", "recordingName": "HI_S1_L_1.mp3", "isCorrect": true}, {"que_text": "ल", "noOfMistakes": "0", "que_id": "HI_S1_L_5", "recordingName": "HI_S1_L_5.mp3", "isCorrect": true}, {"que_text": "ब", "noOfMistakes": "0", "que_id": "HI_S1_L_6", "recordingName": "HI_S1_L_6.mp3", "isCorrect": true}, {"que_text": "न", "noOfMistakes": "0", "que_id": "HI_S1_L_7", "recordingName": "HI_S1_L_7.mp3", "isCorrect": true}, {"que_text": "क", "noOfMistakes": "0", "que_id": "HI_S1_L_8", "recordingName": "HI_S1_L_8.mp3", "isCorrect": true}, {"que_text": "J", "noOfMistakes": "3", "que_id": "HI_S1_CL_1", "recordingName": "HI_S1_CL_1.mp3", "isCorrect": false}, {"que_text": "O", "noOfMistakes": "3", "que_id": "HI_S1_CL_7", "recordingName": "HI_S1_CL_7.mp3", "isCorrect": true}, {"que_text": "E", "noOfMistakes": "3", "que_id": "HI_S1_CL_4", "recordingName": "HI_S1_CL_4.mp3", "isCorrect": false}, {"que_text": "Y", "noOfMistakes": "3", "que_id": "HI_S1_CL_5", "recordingName": "HI_S1_CL_5.mp3", "isCorrect": true}, {"que_text": "Q", "noOfMistakes": "3", "que_id": "HI_S1_CL_2", "recordingName": "HI_S1_CL_2.mp3", "isCorrect": false}], "deviceID": "c66208a6b7100eb2", "ageGroup": "5-7 years", "studClass": "2", "date": "Fri Aug 09 16:31:32 IST 2019", "nativeProficiency": "Letter"}