{"sequenceList": [{"recordingName": "HI_S4_WD_0.mp3", "isCorrect": true, "que_text": "आग", "noOfMistakes": "0", "que_id": "HI_S4_WD_0"}, {"recordingName": "HI_S4_WD_1.mp3", "isCorrect": true, "que_text": "सोच", "noOfMistakes": "0", "que_id": "HI_S4_WD_1"}, {"recordingName": "HI_S4_WD_2.mp3", "isCorrect": true, "que_text": "ताला", "noOfMistakes": "0", "que_id": "HI_S4_WD_2"}, {"recordingName": "HI_S4_WD_3.mp3", "isCorrect": true, "que_text": "गिर", "noOfMistakes": "0", "que_id": "HI_S4_WD_3"}, {"recordingName": "HI_S4_WD_4.mp3", "isCorrect": true, "que_text": "पानी", "noOfMistakes": "0", "que_id": "HI_S4_WD_4"}, {"recordingName": "HI_S4_DD_0.mp3", "isCorrect": true, "que_text": "71", "noOfMistakes": "0", "que_id": "HI_S4_DD_0"}, {"recordingName": "HI_S4_DD_1.mp3", "isCorrect": true, "que_text": "24", "noOfMistakes": "0", "que_id": "HI_S4_DD_1"}, {"recordingName": "HI_S4_DD_2.mp3", "isCorrect": true, "que_text": "92", "noOfMistakes": "0", "que_id": "HI_S4_DD_2"}, {"recordingName": "HI_S4_DD_7.mp3", "isCorrect": true, "que_text": "61", "noOfMistakes": "0", "que_id": "HI_S4_DD_7"}, {"recordingName": "HI_S4_DD_4.mp3", "isCorrect": true, "que_text": "23", "noOfMistakes": "0", "que_id": "HI_S4_DD_4"}, {"recordingName": "HI_S4_CL_0.mp3", "isCorrect": true, "que_text": "D", "noOfMistakes": "0", "que_id": "HI_S4_CL_0"}, {"recordingName": "HI_S4_CL_1.mp3", "isCorrect": true, "que_text": "L", "noOfMistakes": "0", "que_id": "HI_S4_CL_1"}, {"recordingName": "HI_S4_CL_2.mp3", "isCorrect": true, "que_text": "T", "noOfMistakes": "0", "que_id": "HI_S4_CL_2"}, {"recordingName": "HI_S4_CL_3.mp3", "isCorrect": true, "que_text": "K", "noOfMistakes": "0", "que_id": "HI_S4_CL_3"}, {"recordingName": "HI_S4_CL_4.mp3", "isCorrect": true, "que_text": "G", "noOfMistakes": "0", "que_id": "HI_S4_CL_4"}, {"recordingName": "HI_S4_SL_0.mp3", "isCorrect": true, "que_text": "y", "noOfMistakes": "1", "que_id": "HI_S4_SL_0"}, {"recordingName": "HI_S4_SL_1.mp3", "isCorrect": false, "que_text": "f", "noOfMistakes": "1", "que_id": "HI_S4_SL_1"}, {"recordingName": "HI_S4_SL_3.mp3", "isCorrect": true, "que_text": "s", "noOfMistakes": "1", "que_id": "HI_S4_SL_3"}, {"recordingName": "HI_S4_SL_4.mp3", "isCorrect": true, "que_text": "v", "noOfMistakes": "1", "que_id": "HI_S4_SL_4"}, {"recordingName": "HI_S4_SL_5.mp3", "isCorrect": true, "que_text": "m", "noOfMistakes": "1", "que_id": "HI_S4_SL_5"}], "englishProficiency": "Small letter", "studClass": "4", "date": "Fri Sep 20 12:50:11 IST 2019", "mathematicsProficiency": "Double digit", "deviceID": "220cd12b34bb1b28", "ageGroup": "10-12 years", "nativeProficiency": "Word"}