{"englishProficiency": "Beginner", "sequenceList": [{"que_text": "खुश", "noOfMistakes": "1", "que_id": "HI_S1_WD_1", "isCorrect": false, "recordingName": "HI_S1_WD_1.mp3"}, {"que_text": "ब", "noOfMistakes": "5", "que_id": "HI_S1_L_6", "isCorrect": false, "recordingName": "HI_S1_L_6.mp3"}, {"que_text": "ल", "noOfMistakes": "5", "que_id": "HI_S1_L_5", "isCorrect": false, "recordingName": "HI_S1_L_5.mp3"}, {"que_text": "र", "noOfMistakes": "5", "que_id": "HI_S1_L_1", "isCorrect": false, "recordingName": "HI_S1_L_1.mp3"}, {"que_text": "थ", "noOfMistakes": "5", "que_id": "HI_S1_L_2", "isCorrect": false, "recordingName": "HI_S1_L_2.mp3"}, {"que_text": "न", "noOfMistakes": "5", "que_id": "HI_S1_L_7", "isCorrect": false, "recordingName": "HI_S1_L_7.mp3"}, {"que_text": "A", "noOfMistakes": "5", "que_id": "HI_S1_CL_0", "isCorrect": false, "recordingName": "HI_S1_CL_0.mp3"}, {"que_text": "E", "noOfMistakes": "5", "que_id": "HI_S1_CL_4", "isCorrect": false, "recordingName": "HI_S1_CL_4.mp3"}, {"que_text": "O", "noOfMistakes": "5", "que_id": "HI_S1_CL_7", "isCorrect": false, "recordingName": "HI_S1_CL_7.mp3"}, {"que_text": "N", "noOfMistakes": "5", "que_id": "HI_S1_CL_6", "isCorrect": false, "recordingName": "HI_S1_CL_6.mp3"}, {"que_text": "J", "noOfMistakes": "5", "que_id": "HI_S1_CL_1", "isCorrect": false, "recordingName": "HI_S1_CL_1.mp3"}], "deviceID": "c7fa8aadf993e5b6", "ageGroup": "5-7 years", "studClass": "1", "nativeProficiency": "Beginner", "date": "Thu Sep 19 16:10:00 IST 2019"}