{"sequenceList": [{"recordingName": "HI_S1_WD_1.mp3", "isCorrect": false, "que_text": "खुश", "noOfMistakes": "1", "que_id": "HI_S1_WD_1"}, {"recordingName": "HI_S1_L_6.mp3", "isCorrect": false, "que_text": "ब", "noOfMistakes": "5", "que_id": "HI_S1_L_6"}, {"recordingName": "HI_S1_L_5.mp3", "isCorrect": false, "que_text": "ल", "noOfMistakes": "5", "que_id": "HI_S1_L_5"}, {"recordingName": "HI_S1_L_1.mp3", "isCorrect": false, "que_text": "र", "noOfMistakes": "5", "que_id": "HI_S1_L_1"}, {"recordingName": "HI_S1_L_2.mp3", "isCorrect": false, "que_text": "थ", "noOfMistakes": "5", "que_id": "HI_S1_L_2"}, {"recordingName": "HI_S1_L_7.mp3", "isCorrect": false, "que_text": "न", "noOfMistakes": "5", "que_id": "HI_S1_L_7"}, {"answer": "25", "isCorrect": false, "que_text": "56 - 37", "noOfMistakes": "2", "que_id": "HI_S1_SB_4"}, {"answer": "52", "isCorrect": false, "que_text": "31 - 13", "noOfMistakes": "2", "que_id": "HI_S1_SB_5"}, {"recordingName": "HI_S1_DD_9.mp3", "isCorrect": false, "que_text": "11", "noOfMistakes": "5", "que_id": "HI_S1_DD_9"}, {"recordingName": "HI_S1_DD_7.mp3", "isCorrect": false, "que_text": "87", "noOfMistakes": "5", "que_id": "HI_S1_DD_7"}, {"recordingName": "HI_S1_DD_5.mp3", "isCorrect": false, "que_text": "72", "noOfMistakes": "5", "que_id": "HI_S1_DD_5"}, {"recordingName": "HI_S1_DD_8.mp3", "isCorrect": false, "que_text": "29", "noOfMistakes": "5", "que_id": "HI_S1_DD_8"}, {"recordingName": "HI_S1_DD_4.mp3", "isCorrect": false, "que_text": "47", "noOfMistakes": "5", "que_id": "HI_S1_DD_4"}, {"recordingName": "HI_S1_SD_2.mp3", "isCorrect": false, "que_text": "1", "noOfMistakes": "5", "que_id": "HI_S1_SD_2"}, {"recordingName": "HI_S1_SD_4.mp3", "isCorrect": false, "que_text": "8", "noOfMistakes": "5", "que_id": "HI_S1_SD_4"}, {"recordingName": "HI_S1_SD_1.mp3", "isCorrect": false, "que_text": "7", "noOfMistakes": "5", "que_id": "HI_S1_SD_1"}, {"recordingName": "HI_S1_SD_7.mp3", "isCorrect": false, "que_text": "2", "noOfMistakes": "5", "que_id": "HI_S1_SD_7"}, {"recordingName": "HI_S1_SD_6.mp3", "isCorrect": false, "que_text": "5", "noOfMistakes": "5", "que_id": "HI_S1_SD_6"}, {"recordingName": "HI_S1_CL_0.mp3", "isCorrect": false, "que_text": "A", "noOfMistakes": "5", "que_id": "HI_S1_CL_0"}, {"recordingName": "HI_S1_CL_4.mp3", "isCorrect": false, "que_text": "E", "noOfMistakes": "5", "que_id": "HI_S1_CL_4"}, {"recordingName": "HI_S1_CL_7.mp3", "isCorrect": false, "que_text": "O", "noOfMistakes": "5", "que_id": "HI_S1_CL_7"}, {"recordingName": "HI_S1_CL_6.mp3", "isCorrect": false, "que_text": "N", "noOfMistakes": "5", "que_id": "HI_S1_CL_6"}, {"recordingName": "HI_S1_CL_1.mp3", "isCorrect": false, "que_text": "J", "noOfMistakes": "5", "que_id": "HI_S1_CL_1"}], "englishProficiency": "Beginner", "studClass": "1", "date": "Thu Sep 19 16:10:00 IST 2019", "mathematicsProficiency": "Beginner", "deviceID": "c7fa8aadf993e5b6", "ageGroup": "5-7 years", "nativeProficiency": "Beginner"}