{"englishProficiency": "Small letter", "sequenceList": [{"que_text": "बग़ीचे में पेड़ हैं। पेड़ पर एक तोता रहता है। तोते का रंग हरा है। वह लाल टमाटर खाता है।", "noOfMistakes": "200", "que_id": "HI_S4_P_0", "isCorrect": true, "recordingName": "HI_S4_P_0.mp3"}, {"que_text": "आग", "noOfMistakes": "2", "que_id": "HI_S4_WD_0", "isCorrect": false, "recordingName": "HI_S4_WD_0.mp3"}, {"que_text": "सोच", "noOfMistakes": "2", "que_id": "HI_S4_WD_1", "isCorrect": true, "recordingName": "HI_S4_WD_1.mp3"}, {"que_text": "ताला", "noOfMistakes": "2", "que_id": "HI_S4_WD_2", "isCorrect": false, "recordingName": "HI_S4_WD_2.mp3"}, {"que_text": "गिर", "noOfMistakes": "2", "que_id": "HI_S4_WD_3", "isCorrect": true, "recordingName": "HI_S4_WD_3.mp3"}, {"que_text": "पानी", "noOfMistakes": "2", "que_id": "HI_S4_WD_4", "isCorrect": true, "recordingName": "HI_S4_WD_4.mp3"}, {"que_text": "D", "noOfMistakes": "0", "que_id": "HI_S4_CL_0", "isCorrect": true, "recordingName": "HI_S4_CL_0.mp3"}, {"que_text": "L", "noOfMistakes": "0", "que_id": "HI_S4_CL_1", "isCorrect": true, "recordingName": "HI_S4_CL_1.mp3"}, {"que_text": "T", "noOfMistakes": "0", "que_id": "HI_S4_CL_2", "isCorrect": true, "recordingName": "HI_S4_CL_2.mp3"}, {"que_text": "K", "noOfMistakes": "0", "que_id": "HI_S4_CL_3", "isCorrect": true, "recordingName": "HI_S4_CL_3.mp3"}, {"que_text": "G", "noOfMistakes": "0", "que_id": "HI_S4_CL_4", "isCorrect": true, "recordingName": "HI_S4_CL_4.mp3"}, {"que_text": "y", "noOfMistakes": "3", "que_id": "HI_S4_SL_0", "isCorrect": true, "recordingName": "HI_S4_SL_0.mp3"}, {"que_text": "f", "noOfMistakes": "3", "que_id": "HI_S4_SL_1", "isCorrect": false, "recordingName": "HI_S4_SL_1.mp3"}, {"que_text": "s", "noOfMistakes": "3", "que_id": "HI_S4_SL_3", "isCorrect": false, "recordingName": "HI_S4_SL_3.mp3"}, {"que_text": "m", "noOfMistakes": "3", "que_id": "HI_S4_SL_5", "isCorrect": true, "recordingName": "HI_S4_SL_5.mp3"}, {"que_text": "a", "noOfMistakes": "3", "que_id": "HI_S4_SL_6", "isCorrect": false, "recordingName": "HI_S4_SL_6.mp3"}], "deviceID": "232c9fe1ebdcd1fa", "ageGroup": "10-12 years", "studClass": "4", "nativeProficiency": "Word", "date": "Mon Sep 23 18:16:42 IST 2019"}