{"sequenceList": [{"recordingName": "HI_S3_P_0.mp3", "isCorrect": true, "que_text": "नीतू के घर में गाय है। उसका रंग सफ़ेद है। गाय हरी घास खाती है। वह बहुत दूध देती है।", "noOfMistakes": "200", "que_id": "HI_S3_P_0"}, {"recordingName": "HI_S3_WD_0.mp3", "isCorrect": true, "que_text": "नाक", "noOfMistakes": "4", "que_id": "HI_S3_WD_0"}, {"recordingName": "HI_S3_WD_1.mp3", "isCorrect": false, "que_text": "तोता", "noOfMistakes": "4", "que_id": "HI_S3_WD_1"}, {"recordingName": "HI_S3_WD_2.mp3", "isCorrect": false, "que_text": "चूहा", "noOfMistakes": "4", "que_id": "HI_S3_WD_2"}, {"recordingName": "HI_S3_WD_5.mp3", "isCorrect": false, "que_text": "देर", "noOfMistakes": "4", "que_id": "HI_S3_WD_5"}, {"recordingName": "HI_S3_WD_4.mp3", "isCorrect": false, "que_text": "मैना", "noOfMistakes": "4", "que_id": "HI_S3_WD_4"}, {"recordingName": "HI_S3_L_0.mp3", "isCorrect": true, "que_text": "द", "noOfMistakes": "0", "que_id": "HI_S3_L_0"}, {"recordingName": "HI_S3_L_1.mp3", "isCorrect": true, "que_text": "क", "noOfMistakes": "0", "que_id": "HI_S3_L_1"}, {"recordingName": "HI_S3_L_2.mp3", "isCorrect": true, "que_text": "च", "noOfMistakes": "0", "que_id": "HI_S3_L_2"}, {"recordingName": "HI_S3_L_3.mp3", "isCorrect": true, "que_text": "ब", "noOfMistakes": "0", "que_id": "HI_S3_L_3"}, {"recordingName": "HI_S3_L_4.mp3", "isCorrect": true, "que_text": "ल", "noOfMistakes": "0", "que_id": "HI_S3_L_4"}, {"answer": "100", "isCorrect": false, "que_text": "56 - 29", "noOfMistakes": "2", "que_id": "HI_S3_SB_0"}, {"answer": "122", "isCorrect": false, "que_text": "64 - 39", "noOfMistakes": "2", "que_id": "HI_S3_SB_1"}, {"recordingName": "HI_S3_DD_0.mp3", "isCorrect": false, "que_text": "52", "noOfMistakes": "5", "que_id": "HI_S3_DD_0"}, {"recordingName": "HI_S3_DD_1.mp3", "isCorrect": false, "que_text": "83", "noOfMistakes": "5", "que_id": "HI_S3_DD_1"}, {"recordingName": "HI_S3_DD_2.mp3", "isCorrect": false, "que_text": "37", "noOfMistakes": "5", "que_id": "HI_S3_DD_2"}, {"recordingName": "HI_S3_DD_3.mp3", "isCorrect": false, "que_text": "27", "noOfMistakes": "5", "que_id": "HI_S3_DD_3"}, {"recordingName": "HI_S3_DD_4.mp3", "isCorrect": false, "que_text": "55", "noOfMistakes": "5", "que_id": "HI_S3_DD_4"}, {"recordingName": "HI_S3_SD_0.mp3", "isCorrect": true, "que_text": "1", "noOfMistakes": "0", "que_id": "HI_S3_SD_0"}, {"recordingName": "HI_S3_SD_1.mp3", "isCorrect": true, "que_text": "4", "noOfMistakes": "0", "que_id": "HI_S3_SD_1"}, {"recordingName": "HI_S3_SD_2.mp3", "isCorrect": true, "que_text": "7", "noOfMistakes": "0", "que_id": "HI_S3_SD_2"}, {"recordingName": "HI_S3_SD_3.mp3", "isCorrect": true, "que_text": "3", "noOfMistakes": "0", "que_id": "HI_S3_SD_3"}, {"recordingName": "HI_S3_SD_4.mp3", "isCorrect": true, "que_text": "6", "noOfMistakes": "0", "que_id": "HI_S3_SD_4"}, {"recordingName": "HI_S3_CL_0.mp3", "isCorrect": true, "que_text": "C", "noOfMistakes": "0", "que_id": "HI_S3_CL_0"}, {"recordingName": "HI_S3_CL_1.mp3", "isCorrect": true, "que_text": "K", "noOfMistakes": "0", "que_id": "HI_S3_CL_1"}, {"recordingName": "HI_S3_CL_2.mp3", "isCorrect": true, "que_text": "S", "noOfMistakes": "0", "que_id": "HI_S3_CL_2"}, {"recordingName": "HI_S3_CL_3.mp3", "isCorrect": true, "que_text": "Q", "noOfMistakes": "0", "que_id": "HI_S3_CL_3"}, {"recordingName": "HI_S3_CL_4.mp3", "isCorrect": true, "que_text": "F", "noOfMistakes": "0", "que_id": "HI_S3_CL_4"}], "englishProficiency": "Capital letter", "studClass": "3", "date": "Fri Sep 20 15:15:26 IST 2019", "mathematicsProficiency": "Single digit", "deviceID": "cda063803ea489fb", "ageGroup": "7-10 years", "nativeProficiency": "Letter"}