{"date": "Fri Sep 06 17:37:12 IST 2019", "sequenceList": [{"recordingName": "MR_S3_W_0.mp3", "isCorrect": false, "que_text": "day", "noOfMistakes": "2", "que_id": "MR_S3_W_0"}, {"recordingName": "MR_S3_W_1.mp3", "isCorrect": true, "que_text": "old", "noOfMistakes": "2", "que_id": "MR_S3_W_1"}, {"recordingName": "MR_S3_W_2.mp3", "isCorrect": false, "que_text": "sit", "noOfMistakes": "2", "que_id": "MR_S3_W_2"}, {"recordingName": "MR_S3_W_4.mp3", "isCorrect": true, "que_text": "rat", "noOfMistakes": "2", "que_id": "MR_S3_W_4"}, {"recordingName": "MR_S3_W_5.mp3", "isCorrect": true, "que_text": "bag", "noOfMistakes": "2", "que_id": "MR_S3_W_5"}, {"recordingName": "MR_S3_SL_0.mp3", "isCorrect": true, "que_text": "n", "noOfMistakes": "0", "que_id": "MR_S3_SL_0"}, {"recordingName": "MR_S3_SL_3.mp3", "isCorrect": true, "que_text": "v", "noOfMistakes": "0", "que_id": "MR_S3_SL_3"}, {"recordingName": "MR_S3_SL_6.mp3", "isCorrect": true, "que_text": "r", "noOfMistakes": "0", "que_id": "MR_S3_SL_6"}, {"recordingName": "MR_S3_SL_7.mp3", "isCorrect": true, "que_text": "b", "noOfMistakes": "0", "que_id": "MR_S3_SL_7"}, {"recordingName": "MR_S3_SL_1.mp3", "isCorrect": true, "que_text": "p", "noOfMistakes": "0", "que_id": "MR_S3_SL_1"}], "englishProficiency": "Small letter", "studClass": "7", "deviceID": "4ef210ea40deb34c", "ageGroup": "12-15 years", "nativeProficiency": "Paragraph"}