{"englishProficiency": "Small letter", "sequenceList": [{"que_text": "day", "noOfMistakes": "2", "que_id": "MR_S3_W_0", "isCorrect": false, "recordingName": "MR_S3_W_0.mp3"}, {"que_text": "old", "noOfMistakes": "2", "que_id": "MR_S3_W_1", "isCorrect": true, "recordingName": "MR_S3_W_1.mp3"}, {"que_text": "sit", "noOfMistakes": "2", "que_id": "MR_S3_W_2", "isCorrect": false, "recordingName": "MR_S3_W_2.mp3"}, {"que_text": "rat", "noOfMistakes": "2", "que_id": "MR_S3_W_4", "isCorrect": true, "recordingName": "MR_S3_W_4.mp3"}, {"que_text": "bag", "noOfMistakes": "2", "que_id": "MR_S3_W_5", "isCorrect": true, "recordingName": "MR_S3_W_5.mp3"}, {"que_text": "n", "noOfMistakes": "0", "que_id": "MR_S3_SL_0", "isCorrect": true, "recordingName": "MR_S3_SL_0.mp3"}, {"que_text": "v", "noOfMistakes": "0", "que_id": "MR_S3_SL_3", "isCorrect": true, "recordingName": "MR_S3_SL_3.mp3"}, {"que_text": "r", "noOfMistakes": "0", "que_id": "MR_S3_SL_6", "isCorrect": true, "recordingName": "MR_S3_SL_6.mp3"}, {"que_text": "b", "noOfMistakes": "0", "que_id": "MR_S3_SL_7", "isCorrect": true, "recordingName": "MR_S3_SL_7.mp3"}, {"que_text": "p", "noOfMistakes": "0", "que_id": "MR_S3_SL_1", "isCorrect": true, "recordingName": "MR_S3_SL_1.mp3"}], "deviceID": "4ef210ea40deb34c", "ageGroup": "12-15 years", "studClass": "7", "date": "Fri Sep 06 17:37:12 IST 2019", "nativeProficiency": "Paragraph"}