{"sequenceList": [{"recordingName": "HI_S1_WD_3.mp3", "isCorrect": false, "que_text": "नानी", "noOfMistakes": "1", "que_id": "HI_S1_WD_3"}, {"recordingName": "HI_S2_L_0.mp3", "isCorrect": true, "que_text": "द", "noOfMistakes": "0", "que_id": "HI_S2_L_0"}, {"recordingName": "HI_S2_L_3.mp3", "isCorrect": true, "que_text": "ब", "noOfMistakes": "0", "que_id": "HI_S2_L_3"}, {"recordingName": "HI_S2_L_6.mp3", "isCorrect": true, "que_text": "ह", "noOfMistakes": "0", "que_id": "HI_S2_L_6"}, {"recordingName": "HI_S2_L_7.mp3", "isCorrect": true, "que_text": "त", "noOfMistakes": "0", "que_id": "HI_S2_L_7"}, {"recordingName": "HI_S2_L_2.mp3", "isCorrect": true, "que_text": "च", "noOfMistakes": "0", "que_id": "HI_S2_L_2"}, {"recordingName": "HI_S2_SD_0.mp3", "isCorrect": true, "que_text": "2", "noOfMistakes": "0", "que_id": "HI_S2_SD_0"}, {"recordingName": "HI_S2_SD_5.mp3", "isCorrect": true, "que_text": "8", "noOfMistakes": "0", "que_id": "HI_S2_SD_5"}, {"recordingName": "HI_S2_SD_4.mp3", "isCorrect": true, "que_text": "9", "noOfMistakes": "0", "que_id": "HI_S2_SD_4"}, {"recordingName": "HI_S2_SD_1.mp3", "isCorrect": true, "que_text": "7", "noOfMistakes": "0", "que_id": "HI_S2_SD_1"}, {"recordingName": "HI_S2_SD_6.mp3", "isCorrect": true, "que_text": "4", "noOfMistakes": "0", "que_id": "HI_S2_SD_6"}, {"recordingName": "HI_S2_DD_0.mp3", "isCorrect": false, "que_text": "76", "noOfMistakes": "1", "que_id": "HI_S2_DD_0"}, {"recordingName": "HI_S2_CL_0.mp3", "isCorrect": true, "que_text": "B", "noOfMistakes": "0", "que_id": "HI_S2_CL_0"}, {"recordingName": "HI_S2_CL_2.mp3", "isCorrect": true, "que_text": "R", "noOfMistakes": "0", "que_id": "HI_S2_CL_2"}, {"recordingName": "HI_S2_CL_5.mp3", "isCorrect": true, "que_text": "M", "noOfMistakes": "0", "que_id": "HI_S2_CL_5"}, {"recordingName": "HI_S2_CL_7.mp3", "isCorrect": true, "que_text": "F", "noOfMistakes": "0", "que_id": "HI_S2_CL_7"}, {"recordingName": "HI_S2_CL_1.mp3", "isCorrect": true, "que_text": "H", "noOfMistakes": "0", "que_id": "HI_S2_CL_1"}, {"recordingName": "HI_S2_SL_0.mp3", "isCorrect": true, "que_text": "z", "noOfMistakes": "0", "que_id": "HI_S2_SL_0"}, {"recordingName": "HI_S2_SL_6.mp3", "isCorrect": true, "que_text": "s", "noOfMistakes": "0", "que_id": "HI_S2_SL_6"}, {"recordingName": "HI_S2_SL_5.mp3", "isCorrect": true, "que_text": "u", "noOfMistakes": "0", "que_id": "HI_S2_SL_5"}, {"recordingName": "HI_S2_SL_4.mp3", "isCorrect": true, "que_text": "g", "noOfMistakes": "0", "que_id": "HI_S2_SL_4"}, {"recordingName": "HI_S2_SL_7.mp3", "isCorrect": true, "que_text": "k", "noOfMistakes": "0", "que_id": "HI_S2_SL_7"}], "englishProficiency": "Small letter", "studClass": "2", "date": "Sat Jul 06 18:21:25 GMT+05:30 2019", "mathematicsProficiency": "Single digit", "deviceID": "ebaa26065aba20e5", "ageGroup": "7-10 years", "nativeProficiency": "Letter"}