{"englishProficiency": "Small letter", "sequenceList": [{"que_text": "नानी", "noOfMistakes": "1", "que_id": "HI_S1_WD_3", "isCorrect": false, "recordingName": "HI_S1_WD_3.mp3"}, {"que_text": "द", "noOfMistakes": "0", "que_id": "HI_S2_L_0", "isCorrect": true, "recordingName": "HI_S2_L_0.mp3"}, {"que_text": "ब", "noOfMistakes": "0", "que_id": "HI_S2_L_3", "isCorrect": true, "recordingName": "HI_S2_L_3.mp3"}, {"que_text": "ह", "noOfMistakes": "0", "que_id": "HI_S2_L_6", "isCorrect": true, "recordingName": "HI_S2_L_6.mp3"}, {"que_text": "त", "noOfMistakes": "0", "que_id": "HI_S2_L_7", "isCorrect": true, "recordingName": "HI_S2_L_7.mp3"}, {"que_text": "च", "noOfMistakes": "0", "que_id": "HI_S2_L_2", "isCorrect": true, "recordingName": "HI_S2_L_2.mp3"}, {"que_text": "B", "noOfMistakes": "0", "que_id": "HI_S2_CL_0", "isCorrect": true, "recordingName": "HI_S2_CL_0.mp3"}, {"que_text": "R", "noOfMistakes": "0", "que_id": "HI_S2_CL_2", "isCorrect": true, "recordingName": "HI_S2_CL_2.mp3"}, {"que_text": "M", "noOfMistakes": "0", "que_id": "HI_S2_CL_5", "isCorrect": true, "recordingName": "HI_S2_CL_5.mp3"}, {"que_text": "F", "noOfMistakes": "0", "que_id": "HI_S2_CL_7", "isCorrect": true, "recordingName": "HI_S2_CL_7.mp3"}, {"que_text": "H", "noOfMistakes": "0", "que_id": "HI_S2_CL_1", "isCorrect": true, "recordingName": "HI_S2_CL_1.mp3"}, {"que_text": "z", "noOfMistakes": "0", "que_id": "HI_S2_SL_0", "isCorrect": true, "recordingName": "HI_S2_SL_0.mp3"}, {"que_text": "s", "noOfMistakes": "0", "que_id": "HI_S2_SL_6", "isCorrect": true, "recordingName": "HI_S2_SL_6.mp3"}, {"que_text": "u", "noOfMistakes": "0", "que_id": "HI_S2_SL_5", "isCorrect": true, "recordingName": "HI_S2_SL_5.mp3"}, {"que_text": "g", "noOfMistakes": "0", "que_id": "HI_S2_SL_4", "isCorrect": true, "recordingName": "HI_S2_SL_4.mp3"}, {"que_text": "k", "noOfMistakes": "0", "que_id": "HI_S2_SL_7", "isCorrect": true, "recordingName": "HI_S2_SL_7.mp3"}], "deviceID": "ebaa26065aba20e5", "ageGroup": "7-10 years", "studClass": "2", "nativeProficiency": "Letter", "date": "Sat Jul 06 18:21:25 GMT+05:30 2019"}