{"date": "Sat Sep 07 14:15:42 IST 2019", "sequenceList": [{"recordingName": "MR_S3_P_0.mp3", "isCorrect": true, "que_text": "फुगेवाला आला. लाल, निळे, फुगे आणले. मुलांनी फुगे घेतले. हातातून ते सुटून गेले.", "noOfMistakes": "1", "que_id": "MR_S3_P_0"}, {"recordingName": "MR_S3_W_0.mp3", "isCorrect": false, "que_text": "day", "noOfMistakes": "2", "que_id": "MR_S3_W_0"}, {"recordingName": "MR_S3_W_1.mp3", "isCorrect": true, "que_text": "old", "noOfMistakes": "2", "que_id": "MR_S3_W_1"}, {"recordingName": "MR_S3_W_2.mp3", "isCorrect": true, "que_text": "sit", "noOfMistakes": "2", "que_id": "MR_S3_W_2"}, {"recordingName": "MR_S3_W_4.mp3", "isCorrect": false, "que_text": "rat", "noOfMistakes": "2", "que_id": "MR_S3_W_4"}, {"recordingName": "MR_S3_W_3.mp3", "isCorrect": true, "que_text": "run", "noOfMistakes": "2", "que_id": "MR_S3_W_3"}], "englishProficiency": "word", "studClass": "7", "deviceID": "5b150edd580a5183", "ageGroup": "12-15 years", "nativeProficiency": "Paragraph"}