{"englishProficiency": "Beginner", "sequenceList": [{"que_text": "अंगणात चिमणी येते. मी तिला दाणे टाकते. चिमणी दाणे खाते. खाऊन उडून जाते.", "noOfMistakes": "200", "que_id": "MR_S3_P_1", "isCorrect": false, "recordingName": "MR_S3_P_1.mp3"}, {"que_text": "लाल", "noOfMistakes": "2", "que_id": "MR_S3_WD_1", "isCorrect": false, "recordingName": "MR_S3_WD_1.mp3"}, {"que_text": "पूर", "noOfMistakes": "2", "que_id": "MR_S3_WD_2", "isCorrect": false, "recordingName": "MR_S3_WD_2.mp3"}, {"que_text": "स", "noOfMistakes": "0", "que_id": "MH_S3_L_1", "isCorrect": true, "recordingName": "MH_S3_L_1.mp3"}, {"que_text": "न", "noOfMistakes": "0", "que_id": "MH_S3_L_4", "isCorrect": true, "recordingName": "MH_S3_L_4.mp3"}, {"que_text": "क", "noOfMistakes": "0", "que_id": "MH_S3_L_0", "isCorrect": true, "recordingName": "MH_S3_L_0.mp3"}, {"que_text": "ब", "noOfMistakes": "0", "que_id": "MH_S3_L_6", "isCorrect": true, "recordingName": "MH_S3_L_6.mp3"}, {"que_text": "म", "noOfMistakes": "0", "que_id": "MH_S3_L_8", "isCorrect": true, "recordingName": "MH_S3_L_8.mp3"}, {"que_text": "K", "noOfMistakes": "2", "que_id": "MR_S3_CL_1", "isCorrect": true, "recordingName": "MR_S3_CL_1.mp3"}, {"que_text": "F", "noOfMistakes": "2", "que_id": "MR_S3_CL_4", "isCorrect": false, "recordingName": "MR_S3_CL_4.mp3"}, {"que_text": "Q", "noOfMistakes": "2", "que_id": "MR_S3_CL_3", "isCorrect": false, "recordingName": "MR_S3_CL_3.mp3"}], "deviceID": "3ebaa9d14abd9a0f", "ageGroup": "12-15 years", "studClass": "8", "nativeProficiency": "Letter", "date": "Sat Jul 06 15:36:21 GMT+05:30 2019"}