{"sequenceList": [{"recordingName": "MR_S3_P_1.mp3", "isCorrect": false, "que_text": "अंगणात चिमणी येते. मी तिला दाणे टाकते. चिमणी दाणे खाते. खाऊन उडून जाते.", "noOfMistakes": "200", "que_id": "MR_S3_P_1"}, {"recordingName": "MR_S3_WD_1.mp3", "isCorrect": false, "que_text": "लाल", "noOfMistakes": "2", "que_id": "MR_S3_WD_1"}, {"recordingName": "MR_S3_WD_2.mp3", "isCorrect": false, "que_text": "पूर", "noOfMistakes": "2", "que_id": "MR_S3_WD_2"}, {"recordingName": "MH_S3_L_1.mp3", "isCorrect": true, "que_text": "स", "noOfMistakes": "0", "que_id": "MH_S3_L_1"}, {"recordingName": "MH_S3_L_4.mp3", "isCorrect": true, "que_text": "न", "noOfMistakes": "0", "que_id": "MH_S3_L_4"}, {"recordingName": "MH_S3_L_0.mp3", "isCorrect": true, "que_text": "क", "noOfMistakes": "0", "que_id": "MH_S3_L_0"}, {"recordingName": "MH_S3_L_6.mp3", "isCorrect": true, "que_text": "ब", "noOfMistakes": "0", "que_id": "MH_S3_L_6"}, {"recordingName": "MH_S3_L_8.mp3", "isCorrect": true, "que_text": "म", "noOfMistakes": "0", "que_id": "MH_S3_L_8"}, {"answer": "27", "isCorrect": false, "que_text": "93 - 76", "noOfMistakes": "1", "que_id": "MR_S3_SB_4"}, {"recordingName": "MR_S3_DD_1.mp3", "isCorrect": true, "que_text": "83", "noOfMistakes": "2", "que_id": "MR_S3_DD_1"}, {"recordingName": "MR_S3_DD_7.mp3", "isCorrect": true, "que_text": "65", "noOfMistakes": "2", "que_id": "MR_S3_DD_7"}, {"recordingName": "MR_S3_DD_4.mp3", "isCorrect": false, "que_text": "55", "noOfMistakes": "2", "que_id": "MR_S3_DD_4"}, {"recordingName": "MR_S3_DD_8.mp3", "isCorrect": true, "que_text": "36", "noOfMistakes": "2", "que_id": "MR_S3_DD_8"}, {"recordingName": "MR_S3_DD_5.mp3", "isCorrect": false, "que_text": "28", "noOfMistakes": "2", "que_id": "MR_S3_DD_5"}, {"recordingName": "MR_S3_SD_1.mp3", "isCorrect": true, "que_text": "4", "noOfMistakes": "0", "que_id": "MR_S3_SD_1"}, {"recordingName": "MR_S3_SD_7.mp3", "isCorrect": true, "que_text": "2", "noOfMistakes": "0", "que_id": "MR_S3_SD_7"}, {"recordingName": "MR_S3_SD_4.mp3", "isCorrect": true, "que_text": "6", "noOfMistakes": "0", "que_id": "MR_S3_SD_4"}, {"recordingName": "MR_S3_SD_5.mp3", "isCorrect": true, "que_text": "9", "noOfMistakes": "0", "que_id": "MR_S3_SD_5"}, {"recordingName": "MR_S3_SD_3.mp3", "isCorrect": true, "que_text": "3", "noOfMistakes": "0", "que_id": "MR_S3_SD_3"}, {"recordingName": "MR_S3_CL_1.mp3", "isCorrect": true, "que_text": "K", "noOfMistakes": "2", "que_id": "MR_S3_CL_1"}, {"recordingName": "MR_S3_CL_4.mp3", "isCorrect": false, "que_text": "F", "noOfMistakes": "2", "que_id": "MR_S3_CL_4"}, {"recordingName": "MR_S3_CL_3.mp3", "isCorrect": false, "que_text": "Q", "noOfMistakes": "2", "que_id": "MR_S3_CL_3"}], "englishProficiency": "Beginner", "studClass": "8", "date": "Sat Jul 06 15:36:21 GMT+05:30 2019", "mathematicsProficiency": "Single digit", "deviceID": "3ebaa9d14abd9a0f", "ageGroup": "12-15 years", "nativeProficiency": "Letter"}