{"englishProficiency": "Sentence", "sequenceList": [{"que_text": "अंगणात चिमणी येते. मी तिला दाणे टाकते. चिमणी दाणे खाते. खाऊन उडून जाते.", "noOfMistakes": "200", "que_id": "MR_S3_P_1", "isCorrect": false, "recordingName": "MR_S3_P_1.mp3"}, {"que_text": "लाल", "noOfMistakes": "2", "que_id": "MR_S3_WD_1", "isCorrect": true, "recordingName": "MR_S3_WD_1.mp3"}, {"que_text": "मुळा", "noOfMistakes": "2", "que_id": "MR_S3_WD_4", "isCorrect": false, "recordingName": "MR_S3_WD_4.mp3"}, {"que_text": "विमान", "noOfMistakes": "2", "que_id": "MR_S3_WD_8", "isCorrect": false, "recordingName": "MR_S3_WD_8.mp3"}, {"que_text": "क", "noOfMistakes": "0", "que_id": "MH_S3_L_0", "isCorrect": true, "recordingName": "MH_S3_L_0.mp3"}, {"que_text": "न", "noOfMistakes": "0", "que_id": "MH_S3_L_4", "isCorrect": true, "recordingName": "MH_S3_L_4.mp3"}, {"que_text": "म", "noOfMistakes": "0", "que_id": "MH_S3_L_8", "isCorrect": true, "recordingName": "MH_S3_L_8.mp3"}, {"que_text": "ल", "noOfMistakes": "0", "que_id": "MH_S3_L_3", "isCorrect": true, "recordingName": "MH_S3_L_3.mp3"}, {"que_text": "र", "noOfMistakes": "0", "que_id": "MH_S3_L_7", "isCorrect": true, "recordingName": "MH_S3_L_7.mp3"}, {"que_text": "C", "noOfMistakes": "0", "que_id": "MR_S3_CL_0", "isCorrect": true, "recordingName": "MR_S3_CL_0.mp3"}, {"que_text": "F", "noOfMistakes": "0", "que_id": "MR_S3_CL_4", "isCorrect": true, "recordingName": "MR_S3_CL_4.mp3"}, {"que_text": "P", "noOfMistakes": "0", "que_id": "MR_S3_CL_7", "isCorrect": true, "recordingName": "MR_S3_CL_7.mp3"}, {"que_text": "O", "noOfMistakes": "0", "que_id": "MR_S3_CL_6", "isCorrect": true, "recordingName": "MR_S3_CL_6.mp3"}, {"que_text": "Q", "noOfMistakes": "0", "que_id": "MR_S3_CL_3", "isCorrect": true, "recordingName": "MR_S3_CL_3.mp3"}, {"que_text": "n", "noOfMistakes": "0", "que_id": "MR_S3_SL_0", "isCorrect": true, "recordingName": "MR_S3_SL_0.mp3"}, {"que_text": "e", "noOfMistakes": "0", "que_id": "MR_S3_SL_4", "isCorrect": true, "recordingName": "MR_S3_SL_4.mp3"}, {"que_text": "b", "noOfMistakes": "0", "que_id": "MR_S3_SL_7", "isCorrect": true, "recordingName": "MR_S3_SL_7.mp3"}, {"que_text": "v", "noOfMistakes": "0", "que_id": "MR_S3_SL_3", "isCorrect": true, "recordingName": "MR_S3_SL_3.mp3"}, {"que_text": "r", "noOfMistakes": "0", "que_id": "MR_S3_SL_6", "isCorrect": true, "recordingName": "MR_S3_SL_6.mp3"}, {"que_text": "day", "noOfMistakes": "0", "que_id": "MR_S3_W_0", "isCorrect": true, "recordingName": "MR_S3_W_0.mp3"}, {"que_text": "rat", "noOfMistakes": "0", "que_id": "MR_S3_W_4", "isCorrect": true, "recordingName": "MR_S3_W_4.mp3"}, {"que_text": "bag", "noOfMistakes": "0", "que_id": "MR_S3_W_5", "isCorrect": true, "recordingName": "MR_S3_W_5.mp3"}, {"que_text": "run", "noOfMistakes": "0", "que_id": "MR_S3_W_3", "isCorrect": true, "recordingName": "MR_S3_W_3.mp3"}, {"que_text": "old", "noOfMistakes": "0", "que_id": "MR_S3_W_1", "isCorrect": true, "recordingName": "MR_S3_W_1.mp3"}, {"que_text": "Where is your house?", "noOfMistakes": "0", "que_id": "MR_S3_S_0", "isCorrect": true, "recordingName": "MR_S3_S_0.mp3"}, {"que_text": "This is a tall tree.", "noOfMistakes": "0", "que_id": "MR_S3_S_1", "isCorrect": true, "recordingName": "MR_S3_S_1.mp3"}, {"que_text": "I like to sing.", "noOfMistakes": "1", "que_id": "MR_S3_S_2", "isCorrect": false, "recordingName": "MR_S3_S_2.mp3"}, {"que_text": "She has a red dress.", "noOfMistakes": "0", "que_id": "MR_S3_S_3", "isCorrect": true, "recordingName": "MR_S3_S_3.mp3"}], "deviceID": "3ebaa9d14abd9a0f", "ageGroup": "5-7 years", "studClass": "2", "nativeProficiency": "Letter", "date": "Tue Jul 09 17:20:49 GMT+05:30 2019"}