{"englishProficiency": "Beginner", "sequenceList": [{"que_text": "आज रविवार आहे. शाळेला रजा आहे. तरी आज सकाळी मला लवकर जाग आली.", "noOfMistakes": "200", "que_id": "MR_S1_P_1", "isCorrect": false, "recordingName": "MR_S1_P_1.mp3"}, {"que_text": "बस", "noOfMistakes": "1", "que_id": "MR_S1_WD_1", "isCorrect": false, "recordingName": "MR_S1_WD_1.mp3"}, {"que_text": "प", "noOfMistakes": "3", "que_id": "MR_S1_L_1", "isCorrect": false, "recordingName": "MR_S1_L_1.mp3"}, {"que_text": "ह", "noOfMistakes": "3", "que_id": "MR_S1_L_7", "isCorrect": true, "recordingName": "MR_S1_L_7.mp3"}, {"que_text": "य", "noOfMistakes": "3", "que_id": "MR_S1_L_4", "isCorrect": false, "recordingName": "MR_S1_L_4.mp3"}, {"que_text": "त", "noOfMistakes": "3", "que_id": "MR_S1_L_8", "isCorrect": true, "recordingName": "MR_S1_L_8.mp3"}, {"que_text": "श", "noOfMistakes": "3", "que_id": "MR_S1_L_0", "isCorrect": false, "recordingName": "MR_S1_L_0.mp3"}, {"que_text": "A", "noOfMistakes": "3", "que_id": "MR_S1_CL_0", "isCorrect": true, "recordingName": "MR_S1_CL_0.mp3"}, {"que_text": "E", "noOfMistakes": "3", "que_id": "MR_S1_CL_4", "isCorrect": true, "recordingName": "MR_S1_CL_4.mp3"}, {"que_text": "R", "noOfMistakes": "3", "que_id": "MR_S1_CL_3", "isCorrect": false, "recordingName": "MR_S1_CL_3.mp3"}, {"que_text": "N", "noOfMistakes": "3", "que_id": "MR_S1_CL_6", "isCorrect": false, "recordingName": "MR_S1_CL_6.mp3"}, {"que_text": "J", "noOfMistakes": "3", "que_id": "MH_S1_CL_1", "isCorrect": false, "recordingName": "MH_S1_CL_1.mp3"}], "deviceID": "3ebaa9d14abd9a0f", "ageGroup": "5-7 years", "studClass": "1", "nativeProficiency": "Beginner", "date": "Mon Jul 22 12:24:59 GMT+05:30 2019"}