{"sequenceList": [{"recordingName": "HI_S3_L_4.mp3", "isCorrect": true, "que_text": "ल", "noOfMistakes": "0", "que_id": "HI_S3_L_4"}, {"recordingName": "HI_S3_L_1.mp3", "isCorrect": true, "que_text": "क", "noOfMistakes": "0", "que_id": "HI_S3_L_1"}, {"recordingName": "HI_S3_L_2.mp3", "isCorrect": true, "que_text": "च", "noOfMistakes": "0", "que_id": "HI_S3_L_2"}, {"recordingName": "HI_S3_L_7.mp3", "isCorrect": true, "que_text": "त", "noOfMistakes": "0", "que_id": "HI_S3_L_7"}, {"recordingName": "HI_S3_L_8.mp3", "isCorrect": true, "que_text": "म", "noOfMistakes": "0", "que_id": "HI_S3_L_8"}, {"recordingName": "HI_S3_DD_4.mp3", "isCorrect": true, "que_text": "55", "noOfMistakes": "0", "que_id": "HI_S3_DD_4"}, {"recordingName": "HI_S3_DD_3.mp3", "isCorrect": true, "que_text": "27", "noOfMistakes": "0", "que_id": "HI_S3_DD_3"}, {"recordingName": "HI_S3_DD_0.mp3", "isCorrect": true, "que_text": "52", "noOfMistakes": "0", "que_id": "HI_S3_DD_0"}, {"recordingName": "HI_S3_DD_9.mp3", "isCorrect": true, "que_text": "43", "noOfMistakes": "0", "que_id": "HI_S3_DD_9"}, {"recordingName": "HI_S3_DD_5.mp3", "isCorrect": true, "que_text": "28", "noOfMistakes": "0", "que_id": "HI_S3_DD_5"}], "englishProficiency": "Beginner", "studClass": "4", "date": "Fri Sep 06 13:49:08 IST 2019", "mathematicsProficiency": "Double digit", "deviceID": "c000bc6529c79e65", "ageGroup": "7-10 years", "nativeProficiency": "Letter"}