{"englishProficiency": "Test was not complete", "sequenceList": [{"que_text": "पावसाळा सुरु झाला. आईने नवी तुळस लावली. तुळस भरभर वाढली. छान दिसू लागली.", "noOfMistakes": "0", "que_id": "MR_S2_P_1", "isCorrect": false, "recordingName": "MR_S2_P_1.mp3"}, {"que_text": "एका गावात एक आजीबाई राहत होती. आजीचे घर छोटे होते. घरासमोर मोठी फुलबाग होती. बागेत गुलाब, जाई-जुई, अबोली, झेंडूची फुलझाडे होती. मोठीमोठी आंब्याची, फणसाची झाडे होती. झाडांवर पक्ष्यांची घरटी होती. हिरवे-कोवळे गवत होते. आजीची बाग सुंदर होती. संध्याकाळ होताच गावातील मुले बागेमध्ये खेळायला येत असत. ती भरपूर मजा करत. मुलांना खेळताना बघून आजीला आनंद होई. आजीबाई संध्याकाळी मुलांना गोष्टी सांगत असे. त्यामुळे मुलांनादेखील आजीबाई खूप आवडे.", "noOfMistakes": "0", "que_id": "MR_S2_ST_0", "isCorrect": false, "recordingName": "MR_S2_ST_0.mp3"}, {"que_text": "cow", "noOfMistakes": "0", "que_id": "MR_S2_W_0", "isCorrect": true, "recordingName": "MR_S2_W_0.mp3"}, {"que_text": "wet", "noOfMistakes": "0", "que_id": "MR_S2_W_1", "isCorrect": true, "recordingName": "MR_S2_W_1.mp3"}, {"que_text": "big", "noOfMistakes": "0", "que_id": "MR_S2_W_2", "isCorrect": true, "recordingName": "MR_S2_W_2.mp3"}, {"que_text": "hat", "noOfMistakes": "0", "que_id": "MR_S2_W_3", "isCorrect": true, "recordingName": "MR_S2_W_3.mp3"}, {"que_text": "man", "noOfMistakes": "0", "que_id": "MR_S2_W_4", "isCorrect": true, "recordingName": "MR_S2_W_4.mp3"}, {"que_text": "Where is your house?", "noOfMistakes": "0", "que_id": "MR_S2_S_0", "isCorrect": false, "recordingName": "MR_S2_S_0.mp3"}, {"que_text": "This is a long road.", "noOfMistakes": "0", "que_id": "MR_S2_S_1", "isCorrect": false, "recordingName": "MR_S2_S_1.mp3"}, {"que_text": "I like to play.", "noOfMistakes": "0", "que_id": "MR_S2_S_2", "isCorrect": false, "recordingName": "MR_S2_S_2.mp3"}, {"que_text": "She has a green kite.", "noOfMistakes": "0", "que_id": "MR_S2_S_3", "isCorrect": false, "recordingName": "MR_S2_S_3.mp3"}], "deviceID": "ca512e3b0fc2c4f9", "ageGroup": "12-15 years", "studClass": "8", "date": "Thu Sep 12 13:22:27 GMT+05:30 2019", "nativeProficiency": "Paragraph"}