{"englishProficiency": "Beginner", "sequenceList": [{"que_text": "घ", "noOfMistakes": "3", "que_id": "HI_S1_L_9", "isCorrect": false, "recordingName": "HI_S1_L_9.mp3"}, {"que_text": "क", "noOfMistakes": "3", "que_id": "HI_S1_L_8", "isCorrect": true, "recordingName": "HI_S1_L_8.mp3"}, {"que_text": "म", "noOfMistakes": "3", "que_id": "HI_S1_L_0", "isCorrect": false, "recordingName": "HI_S1_L_0.mp3"}, {"que_text": "ब", "noOfMistakes": "3", "que_id": "HI_S1_L_6", "isCorrect": true, "recordingName": "HI_S1_L_6.mp3"}, {"que_text": "ल", "noOfMistakes": "3", "que_id": "HI_S1_L_5", "isCorrect": false, "recordingName": "HI_S1_L_5.mp3"}, {"que_text": "A", "noOfMistakes": "3", "que_id": "HI_S1_CL_0", "isCorrect": true, "recordingName": "HI_S1_CL_0.mp3"}, {"que_text": "O", "noOfMistakes": "3", "que_id": "HI_S1_CL_7", "isCorrect": false, "recordingName": "HI_S1_CL_7.mp3"}, {"que_text": "Y", "noOfMistakes": "3", "que_id": "HI_S1_CL_5", "isCorrect": false, "recordingName": "HI_S1_CL_5.mp3"}, {"que_text": "Q", "noOfMistakes": "3", "que_id": "HI_S1_CL_2", "isCorrect": true, "recordingName": "HI_S1_CL_2.mp3"}, {"que_text": "R", "noOfMistakes": "3", "que_id": "HI_S1_CL_3", "isCorrect": false, "recordingName": "HI_S1_CL_3.mp3"}], "deviceID": "ebaa26065aba20e5", "ageGroup": "5-7 years", "studClass": "1", "nativeProficiency": "Beginner", "date": "Mon Jul 08 16:16:11 GMT+05:30 2019"}