{"sequenceList": [{"recordingName": "HI_S4_P_0.mp3", "isCorrect": false, "que_text": "बग़ीचे में पेड़ हैं। पेड़ पर एक तोता रहता है। तोते का रंग हरा है। वह लाल टमाटर खाता है।", "noOfMistakes": "200", "que_id": "HI_S4_P_0"}, {"recordingName": "HI_S4_L_8.mp3", "isCorrect": false, "que_text": "ल", "noOfMistakes": "5", "que_id": "HI_S4_L_8"}, {"recordingName": "HI_S4_L_5.mp3", "isCorrect": false, "que_text": "प", "noOfMistakes": "5", "que_id": "HI_S4_L_5"}, {"recordingName": "HI_S4_L_2.mp3", "isCorrect": false, "que_text": "म", "noOfMistakes": "5", "que_id": "HI_S4_L_2"}, {"recordingName": "HI_S4_L_4.mp3", "isCorrect": false, "que_text": "स", "noOfMistakes": "5", "que_id": "HI_S4_L_4"}, {"recordingName": "HI_S4_L_7.mp3", "isCorrect": false, "que_text": "द", "noOfMistakes": "5", "que_id": "HI_S4_L_7"}, {"answer": "-", "isCorrect": false, "que_text": "92 - 48", "noOfMistakes": "2", "que_id": "HI_S4_SB_2"}, {"answer": "-", "isCorrect": false, "que_text": "45 - 26", "noOfMistakes": "2", "que_id": "HI_S4_SB_4"}, {"recordingName": "HI_S4_SD_7.mp3", "isCorrect": true, "que_text": "1", "noOfMistakes": "3", "que_id": "HI_S4_SD_7"}, {"recordingName": "HI_S4_SD_4.mp3", "isCorrect": true, "que_text": "2", "noOfMistakes": "3", "que_id": "HI_S4_SD_4"}, {"recordingName": "HI_S4_SD_6.mp3", "isCorrect": false, "que_text": "3", "noOfMistakes": "3", "que_id": "HI_S4_SD_6"}, {"recordingName": "HI_S4_SD_5.mp3", "isCorrect": false, "que_text": "9", "noOfMistakes": "3", "que_id": "HI_S4_SD_5"}, {"recordingName": "HI_S4_SD_2.mp3", "isCorrect": false, "que_text": "8", "noOfMistakes": "3", "que_id": "HI_S4_SD_2"}, {"recordingName": "HI_S4_CL_0.mp3", "isCorrect": false, "que_text": "D", "noOfMistakes": "5", "que_id": "HI_S4_CL_0"}, {"recordingName": "HI_S4_CL_5.mp3", "isCorrect": false, "que_text": "X", "noOfMistakes": "5", "que_id": "HI_S4_CL_5"}, {"recordingName": "HI_S4_CL_4.mp3", "isCorrect": false, "que_text": "G", "noOfMistakes": "5", "que_id": "HI_S4_CL_4"}, {"recordingName": "HI_S4_CL_2.mp3", "isCorrect": false, "que_text": "T", "noOfMistakes": "5", "que_id": "HI_S4_CL_2"}, {"recordingName": "HI_S4_CL_1.mp3", "isCorrect": false, "que_text": "L", "noOfMistakes": "5", "que_id": "HI_S4_CL_1"}], "englishProficiency": "Beginner", "studClass": "1", "date": "Wed Aug 21 16:35:51 IST 2019", "mathematicsProficiency": "Beginner", "deviceID": "c66208a6b7100eb2", "ageGroup": "less than 5 years", "nativeProficiency": "Beginner"}