{"sequenceList": [{"recordingName": "HI_S4_WD_1.mp3", "isCorrect": false, "que_text": "सोच", "noOfMistakes": "1", "que_id": "HI_S4_WD_1"}, {"recordingName": "HI_S4_L_0.mp3", "isCorrect": true, "que_text": "न", "noOfMistakes": "0", "que_id": "HI_S4_L_0"}, {"recordingName": "HI_S4_L_4.mp3", "isCorrect": true, "que_text": "स", "noOfMistakes": "0", "que_id": "HI_S4_L_4"}, {"recordingName": "HI_S4_L_5.mp3", "isCorrect": true, "que_text": "प", "noOfMistakes": "0", "que_id": "HI_S4_L_5"}, {"recordingName": "HI_S4_L_7.mp3", "isCorrect": true, "que_text": "द", "noOfMistakes": "0", "que_id": "HI_S4_L_7"}, {"recordingName": "HI_S4_L_2.mp3", "isCorrect": true, "que_text": "म", "noOfMistakes": "0", "que_id": "HI_S4_L_2"}, {"recordingName": "HI_S4_DD_2.mp3", "isCorrect": false, "que_text": "92", "noOfMistakes": "1", "que_id": "HI_S4_DD_2"}, {"recordingName": "HI_S4_SD_0.mp3", "isCorrect": true, "que_text": "5", "noOfMistakes": "0", "que_id": "HI_S4_SD_0"}, {"recordingName": "HI_S4_SD_5.mp3", "isCorrect": true, "que_text": "9", "noOfMistakes": "0", "que_id": "HI_S4_SD_5"}, {"recordingName": "HI_S4_SD_2.mp3", "isCorrect": true, "que_text": "8", "noOfMistakes": "0", "que_id": "HI_S4_SD_2"}, {"recordingName": "HI_S4_SD_1.mp3", "isCorrect": true, "que_text": "7", "noOfMistakes": "0", "que_id": "HI_S4_SD_1"}, {"recordingName": "HI_S4_SD_3.mp3", "isCorrect": true, "que_text": "4", "noOfMistakes": "0", "que_id": "HI_S4_SD_3"}, {"recordingName": "HI_S4_CL_3.mp3", "isCorrect": false, "que_text": "K", "noOfMistakes": "1", "que_id": "HI_S4_CL_3"}], "englishProficiency": "Beginner", "studClass": "3", "date": "Sat Aug 24 16:55:02 GMT+05:30 2019", "mathematicsProficiency": "Single digit", "deviceID": "ebaa26065aba20e5", "ageGroup": "7-10 years", "nativeProficiency": "Letter"}